주문ID,저장구역,발생시각(s),작업시작(배정)시각(s),입고장 도착(s),RFID 통과(s),저장구역 적치완료(s),출고 작업 배정(s),피킹 완료(s),출고완료(s),총처리시간(s),주문 대응시간(s),입고 배정 AMR,출고 배정 AMR,출고 연속 수행,배정 당시 AMR-입고장 거리(m),배정 당시 AMR-피킹위치 거리(m),입고 배차비용(s),입고 최소 가능비용(s),입고 최소비용 AMR,출고 배차비용(s),출고 최소 가능비용(s),출고 최소비용 AMR,배차 비효율,추가 이동거리(m),추가 예상시간(s),수동 배차 확인 개입,경로충돌,정면충돌,병목 횟수,병목 대기(s),장시간정체 개입,장시간정체 개입시간(s),이동거리(m),이동시간(s),작업시간(s),대기시간(s),입고 토트,적치 슬롯,출고 토트,피킹 슬롯
O0001,B,0.0,0.0,9.8,21.1,46.3,46.4,58.3,91.4,91.4,0.0,AMR2,AMR2,1,14,1,43.8,43.8,AMR2,44.6,44.6,AMR2,0,0,0.0,0,0,0,0,0.0,0,0.0,49,47.0,44.3,0.0,T-0151,B-01-01,T-0016,B-01-05
O0002,D,22.4,22.4,32.9,43.4,65.2,65.3,76.8,110.6,88.2,0.0,AMR1,AMR1,1,15,1,41.9,41.9,AMR1,41.5,41.5,AMR1,0,0,0.0,0,0,0,1,2.0,0,0.0,46,44.3,41.8,2.0,T-0152,D-01-01,T-0046,D-04-03
O0003,B,38.8,61.2,86.9,99.9,123.4,123.5,138.9,169.6,130.8,22.4,AMR3,AMR3,1,31,1,59.7,50.3,AMR1,45.8,45.8,AMR3,1,19,9.4,0,0,0,0,0.0,0,0.0,66,62.8,45.5,0.0,T-0153,B-02-01,T-0017,B-05-03
O0004,I,61.2,110.7,139.2,152.7,177.4,202.5,229.7,257.9,196.7,49.5,AMR1,AMR2,1,25,14,59.9,59.9,AMR1,52.6,52.6,AMR2,0,0,0.0,0,0,0,0,0.0,0,0.0,69,71.0,46.1,5.0,T-0155,I-01-01,T-0121,I-04-03
O0005,A,82.1,96.5,115.0,127.7,155.2,155.3,163.6,202.4,120.3,14.4,AMR2,AMR2,1,20,1,55.7,55.7,AMR2,47.7,47.7,AMR2,0,0,0.0,0,0,0,0,0.0,0,0.0,68,65.3,40.5,0.0,T-0154,A-02-01,T-0001,A-02-03
O0006,D,98.1,177.5,207.5,223.2,246.3,246.4,256.6,298.1,200.0,79.4,AMR1,AMR1,1,14,0,51.3,51.3,AMR1,39.2,39.2,AMR1,0,0,0.0,0,0,0,1,12.2,2,18.2,43,46.4,45.9,28.2,T-0157,D-03-01,T-0047,D-01-02
O0007,I,119.1,258.0,281.5,296.0,318.3,318.4,331.7,360.2,241.1,138.9,AMR2,AMR2,1,25,1,58.5,58.5,AMR2,40.5,40.5,AMR2,0,0,0.0,0,0,0,0,0.0,0,0.0,54,57.2,44.9,0.0,T-0158,I-02-01,T-0122,I-03-02
O0008,I,141.2,371.2,398.8,412.4,439.9,440.0,450.6,481.6,340.4,230.0,AMR1,AMR1,1,14,1,52.3,52.3,AMR1,38.2,38.2,AMR1,0,0,0.0,0,0,0,1,3.0,1,8.0,45,49.0,45.3,16.0,T-0162,I-04-01,T-0123,I-03-01
O0009,J,158.4,169.7,193.2,207.1,235.8,235.9,247.3,280.3,121.9,11.3,AMR3,AMR3,1,25,1,64.3,63.8,AMR1,42.6,42.6,AMR3,1,11,0.5,0,0,0,0,0.0,0,0.0,68,68.3,42.2,0.0,T-0156,J-01-01,T-0136,J-04-02
O0010,A,181.5,280.4,305.9,317.0,346.4,346.5,360.8,397.1,215.6,98.9,AMR3,AMR3,1,25,0,61.3,61.3,AMR3,51.3,51.3,AMR3,0,0,0.0,0,0,0,0,0.0,0,0.0,70,68.7,45.9,2.0,T-0159,A-03-01,T-0002,A-05-03
O0011,F,203.5,481.7,509.2,525.4,557.9,558.0,568.1,599.9,396.4,278.2,AMR1,AMR1,1,25,0,69.6,69.6,AMR1,40.1,40.1,AMR1,0,0,0.0,0,0,0,0,0.0,0,0.0,72,71.6,42.5,4.0,T-0165,F-03-01,T-0077,F-01-01
O0012,F,220.1,397.2,422.7,434.0,468.5,468.6,479.6,511.3,291.2,177.1,AMR3,AMR3,1,25,1,65.9,65.9,AMR3,43.4,43.4,AMR3,0,0,0.0,0,0,0,0,0.0,0,0.0,72,70.6,41.4,2.0,T-0163,F-02-01,T-0076,F-05-05
O0013,B,236.0,360.3,383.8,394.2,420.4,420.5,434.3,461.7,225.7,124.3,AMR2,AMR2,1,25,1,58.2,58.2,AMR2,42.4,42.4,AMR2,0,0,0.0,0,0,0,0,0.0,0,0.0,56,57.5,43.8,0.0,T-0161,B-04-01,T-0018,B-05-04
O0014,J,259.5,511.4,534.9,550.7,582.5,582.6,595.6,630.1,370.6,251.9,AMR3,AMR3,1,25,1,69.3,69.3,AMR3,44.2,44.2,AMR3,0,0,0.0,0,0,0,0,0.0,0,0.0,70,69.8,48.8,0.0,T-0166,J-02-01,T-0137,J-06-03
O0015,H,282.6,298.2,329.7,344.3,371.1,600.0,629.1,668.3,385.7,15.6,AMR1,AMR1,1,25,14,63.1,63.1,AMR1,51.3,51.3,AMR1,0,0,0.0,0,0,0,2,3.2,1,3.0,71,78.0,48.5,14.7,T-0160,H-04-01,T-0106,H-02-04
O0016,G,298.8,630.2,653.7,665.3,695.0,695.1,707.1,734.9,436.1,331.4,AMR3,AMR3,1,25,0,62.2,62.2,AMR3,39.5,39.5,AMR3,0,0,0.0,0,0,0,0,0.0,0,0.0,58,59.5,45.1,0.0,T-0168,G-03-01,T-0091,G-05-02
O0017,J,319.3,715.8,733.3,747.2,780.8,780.9,792.5,822.3,503.0,396.5,AMR2,AMR2,1,19,1,63.4,63.4,AMR2,42.0,42.0,AMR2,0,0,0.0,0,0,0,0,0.0,0,0.0,62,61.5,44.9,0.0,T-0171,J-04-01,T-0138,J-03-03
O0018,B,340.1,461.8,485.3,500.7,525.7,583.3,599.4,654.5,314.4,121.7,AMR2,AMR2,1,25,1,62.0,62.0,AMR2,45.6,45.6,AMR2,0,0,0.0,0,0,0,1,22.2,1,17.2,58,62.1,50.8,22.2,T-0164,B-05-01,T-0019,B-04-02
O0019,E,361.7,654.6,678.1,689.6,715.7,910.7,923.3,958.2,596.5,292.9,AMR2,AMR3,1,25,1,58.4,58.4,AMR2,48.2,48.2,AMR3,0,0,0.0,0,0,0,0,0.0,0,0.0,67,66.2,42.4,0.0,T-0169,E-03-01,T-0061,E-01-04
O0020,B,385.3,525.8,549.8,560.6,583.2,794.1,807.7,842.2,456.9,140.5,AMR2,AMR3,1,14,1,44.5,44.5,AMR2,42.8,42.8,AMR3,0,0,0.0,0,0,0,1,5.0,1,5.0,49,51.1,39.4,15.0,T-0167,B-01-02,T-0020,B-04-05
O0021,F,403.0,774.1,797.6,813.2,848.6,848.7,860.1,892.7,489.7,371.1,AMR1,AMR1,1,25,1,71.1,71.1,AMR1,44.6,44.6,AMR1,0,0,0.0,0,0,0,0,0.0,0,0.0,72,70.7,47.8,0.0,T-0173,F-01-01,T-0078,F-01-04
O0022,D,421.7,668.4,701.9,713.2,734.0,734.1,746.2,774.0,352.3,246.7,AMR1,AMR1,1,25,1,52.1,52.1,AMR1,39.1,39.1,AMR1,0,0,0.0,0,0,0,0,0.0,1,5.0,56,57.9,37.6,10.0,T-0170,D-04-01,T-0048,D-05-05
O0023,B,439.4,735.0,758.5,771.5,794.0,958.0,973.9,1002.5,563.1,295.6,AMR3,AMR1,1,25,5,55.5,55.5,AMR3,44.1,44.1,AMR1,0,0,0.0,0,0,0,0,0.0,0,0.0,64,64.7,38.8,0.0,T-0172,B-02-02,T-0021,B-03-04
O0024,I,460.8,822.4,845.9,859.8,886.5,886.6,897.4,922.8,462.0,361.6,AMR2,AMR2,1,25,0,61.5,61.5,AMR2,32.9,32.9,AMR2,0,0,0.0,0,0,0,0,0.0,0,0.0,56,59.3,41.0,0.0,T-0174,I-03-01,T-0124,I-05-03
O0025,H,478.2,958.3,981.8,993.8,1019.4,1019.5,1029.5,1056.6,578.4,480.1,AMR3,AMR3,1,25,1,59.3,59.3,AMR3,36.2,36.2,AMR3,0,0,0.0,0,0,0,0,0.0,0,0.0,54,56.3,41.9,0.0,T-0178,H-05-01,T-0107,H-03-04
O0026,I,495.9,1002.6,1026.1,1040.9,1067.1,1067.2,1081.3,1105.1,609.2,506.7,AMR1,AMR1,1,25,1,61.1,61.1,AMR1,37.6,37.6,AMR1,0,0,0.0,0,0,0,0,0.0,0,0.0,56,57.8,44.6,0.0,T-0179,I-05-01,T-0125,I-01-05
O0027,A,517.8,892.8,916.3,929.6,957.9,1282.4,1298.9,1333.2,815.4,375.0,AMR1,AMR1,1,25,1,63.2,63.2,AMR1,51.6,51.6,AMR1,0,0,0.0,0,0,0,0,0.0,0,0.0,70,68.5,47.4,0.0,T-0176,A-05-01,T-0003,A-06-03
O0028,F,541.0,1032.3,1055.8,1069.9,1102.3,1102.4,1115.8,1150.3,609.3,491.3,AMR2,AMR2,1,25,1,68.2,68.2,AMR2,46.1,46.1,AMR2,0,0,0.0,0,0,0,0,0.0,0,0.0,72,71.5,46.4,0.0,T-0180,F-05-01,T-0079,F-01-05
O0029,D,558.6,922.9,946.4,960.6,988.7,1170.2,1185.8,1212.6,654.0,364.3,AMR2,AMR1,1,25,4,59.9,59.9,AMR2,41.0,41.0,AMR1,0,0,0.0,0,0,0,0,0.0,0,0.0,62,64.0,44.2,0.0,T-0177,D-06-01,T-0049,D-05-01
O0030,F,582.4,1119.1,1146.5,1161.1,1193.8,1193.9,1210.3,1242.7,660.3,536.7,AMR3,AMR3,1,18,2,64.3,64.3,AMR3,47.0,47.0,AMR3,0,0,0.0,0,0,0,0,0.0,1,5.0,65,65.3,48.2,10.0,T-0183,F-06-01,T-0080,F-02-04
O0031,G,604.0,1150.4,1173.9,1188.7,1215.9,1216.0,1227.1,1260.7,656.7,546.4,AMR2,AMR2,1,25,0,62.9,62.9,AMR2,37.4,37.4,AMR2,0,0,0.0,0,0,0,1,7.0,1,2.0,58,59.5,43.7,7.0,T-0184,G-03-02,T-0092,G-04-01
O0032,E,623.5,842.3,869.8,882.3,910.6,988.8,1002.0,1032.2,408.7,218.8,AMR3,AMR2,1,25,4,60.8,60.8,AMR3,45.7,45.7,AMR2,0,0,0.0,0,0,0,0,0.0,0,0.0,69,68.7,39.0,4.0,T-0175,E-04-01,T-0062,E-02-05
O0033,I,641.0,1105.2,1128.7,1141.3,1170.1,1242.8,1268.2,1298.5,657.5,464.2,AMR1,AMR3,1,25,14,60.7,60.7,AMR1,51.3,51.3,AMR3,0,0,0.0,0,0,0,2,3.0,0,0.0,70,72.0,45.6,3.0,T-0182,I-06-01,T-0126,I-02-04
O0034,J,658.6,1353.8,1380.3,1392.1,1423.8,1423.9,1436.4,1470.1,811.5,695.2,AMR3,AMR3,1,25,2,62.8,62.8,AMR3,46.8,46.8,AMR3,0,0,0.0,0,0,0,0,0.0,0,0.0,70,69.0,44.2,3.0,T-0189,J-06-01,T-0139,J-03-01
O0035,G,682.6,1056.7,1080.2,1093.8,1119.0,1298.6,1323.0,1353.7,671.1,374.1,AMR3,AMR3,1,25,16,58.9,58.9,AMR3,53.8,53.8,AMR3,0,0,0.0,0,0,0,0,0.0,0,0.0,75,75.7,41.7,0.0,T-0181,G-01-02,T-0093,G-03-05
O0036,C,699.8,1317.9,1329.9,1341.4,1366.2,1571.1,1584.9,1616.3,916.5,618.1,AMR2,AMR2,1,12,3,47.0,47.0,AMR2,43.9,43.9,AMR2,0,0,0.0,0,0,0,1,2.0,0,0.0,41,45.2,46.3,2.0,T-0187,C-05-01,T-0032,C-05-03
O0037,A,719.8,1212.7,1236.2,1249.6,1282.3,1553.2,1563.9,1596.0,876.2,492.9,AMR1,AMR1,1,25,0,66.1,63.2,AMR2,43.5,43.5,AMR1,1,8,2.9,0,0,0,0,0.0,0,0.0,71,69.5,42.9,0.0,T-0185,A-01-02,T-0004,A-05-04
O0038,C,736.3,1260.8,1284.3,1297.8,1317.8,1366.3,1379.2,1406.2,669.9,524.5,AMR2,AMR2,1,25,1,55.1,55.1,AMR2,40.6,40.6,AMR2,0,0,0.0,0,0,0,0,0.0,0,0.0,52,54.3,42.6,0.0,T-0186,C-01-01,T-0031,C-04-01
O0039,B,755.5,1333.3,1356.8,1368.1,1393.9,1394.0,1405.0,1435.6,680.1,577.8,AMR1,AMR1,1,25,0,57.9,57.9,AMR1,39.8,39.8,AMR1,0,0,0.0,0,0,0,0,0.0,0,0.0,60,60.6,41.6,0.0,T-0188,B-03-02,T-0022,B-01-03
O0040,H,774.3,1406.3,1429.8,1443.0,1468.6,1468.7,1479.6,1505.8,731.5,632.0,AMR2,AMR2,1,25,1,60.5,60.5,AMR2,36.3,36.3,AMR2,0,0,0.0,0,0,0,0,0.0,0,0.0,54,56.2,43.2,0.0,T-0190,H-02-02,T-0108,H-04-02
O0041,I,791.8,1435.7,1459.2,1471.3,1497.0,1582.1,1593.6,1632.1,840.3,643.9,AMR1,AMR3,1,25,1,59.5,59.5,AMR1,37.5,37.5,AMR3,0,0,0.0,0,0,0,1,9.7,1,4.7,56,58.7,42.9,9.7,T-0191,I-01-02,T-0127,I-05-02
O0042,B,813.6,1596.1,1619.6,1632.9,1659.4,1659.5,1671.0,1699.8,886.2,782.5,AMR1,AMR1,1,25,1,61.4,61.4,AMR1,38.5,38.5,AMR1,0,0,0.0,0,0,0,0,0.0,0,0.0,60,60.5,43.1,0.0,T-0196,B-04-02,T-0023,B-01-04
O0043,E,837.5,1807.5,1831.0,1846.7,1877.3,1877.4,1886.4,1921.7,1084.2,970.0,AMR1,AMR1,1,25,1,66.3,66.3,AMR1,44.9,44.9,AMR1,0,0,0.0,0,0,0,0,0.0,0,0.0,68,67.1,47.0,0.0,T-0202,E-04-02,T-0064,E-05-01
O0044,E,855.9,1699.9,1723.4,1736.3,1760.7,1760.8,1774.6,1807.4,951.5,844.0,AMR1,AMR1,1,25,1,58.9,58.9,AMR1,44.3,44.3,AMR1,0,0,0.0,0,0,0,0,0.0,0,0.0,70,68.4,39.0,0.0,T-0199,E-01-02,T-0063,E-06-03
O0045,A,872.5,1497.1,1511.1,1525.2,1553.1,1843.8,1861.1,1892.8,1020.3,624.6,AMR1,AMR2,1,14,3,54.5,54.5,AMR1,48.8,48.8,AMR2,0,0,0.0,0,0,0,0,0.0,0,0.0,62,63.2,41.8,0.0,T-0193,A-03-02,T-0005,A-04-01
O0046,C,897.2,1632.2,1655.7,1666.5,1690.1,1790.9,1803.5,1832.5,935.3,735.0,AMR3,AMR3,1,25,0,56.8,56.8,AMR3,41.8,41.8,AMR3,0,0,0.0,0,0,0,0,0.0,0,0.0,52,53.3,46.2,0.0,T-0197,C-06-01,T-0034,C-01-04
O0047,E,921.3,1892.9,1916.4,1928.5,1957.7,1957.8,1972.8,2005.6,1084.3,971.6,AMR2,AMR2,1,25,1,61.3,61.3,AMR2,48.5,48.5,AMR2,0,0,0.0,0,0,0,0,0.0,0,0.0,68,67.0,45.6,0.0,T-0204,E-05-01,T-0065,E-02-02
O0048,D,941.4,1667.4,1690.9,1703.8,1730.9,1731.0,1745.7,1775.5,834.1,726.0,AMR2,AMR2,1,25,1,57.5,57.5,AMR2,43.3,43.3,AMR2,0,0,0.0,0,0,0,0,0.0,0,0.0,56,58.8,47.2,2.0,T-0198,D-05-01,T-0050,D-03-02
O0049,C,960.1,1470.2,1493.7,1505.3,1527.1,1690.2,1704.5,1732.4,772.3,510.1,AMR3,AMR3,1,25,2,55.0,55.0,AMR3,42.3,42.3,AMR3,0,0,0.0,0,0,0,0,0.0,0,0.0,55,55.6,43.5,0.0,T-0192,C-04-01,T-0033,C-03-01
O0050,I,984.7,1527.2,1548.8,1560.1,1582.0,2004.0,2017.8,2055.8,1071.1,542.5,AMR3,AMR3,1,12,0,44.0,44.0,AMR3,39.5,39.5,AMR3,0,0,0.0,0,0,0,1,8.0,2,7.0,44,48.6,41.0,17.0,T-0195,I-02-02,T-0128,I-06-03
O0051,H,1005.7,1505.9,1535.4,1548.6,1571.0,1616.4,1642.8,1667.3,661.6,500.2,AMR2,AMR2,1,25,14,57.3,57.3,AMR2,49.2,49.2,AMR2,0,0,0.0,0,0,0,0,0.0,1,1.0,67,69.4,40.6,6.0,T-0194,H-04-02,T-0109,H-05-05
O0052,F,1021.8,1775.6,1799.1,1812.6,1843.7,1983.5,2003.1,2033.4,1011.6,753.8,AMR2,AMR1,1,25,7,64.7,64.7,AMR2,50.6,50.6,AMR1,0,0,0.0,0,0,0,0,0.0,0,0.0,78,77.0,41.0,0.0,T-0201,F-02-02,T-0081,F-03-04
O0053,D,1039.2,1832.6,1856.1,1867.0,1886.3,1886.4,1899.5,1938.4,899.2,793.4,AMR3,AMR3,1,25,1,51.8,51.8,AMR3,37.7,37.7,AMR3,0,0,0.0,0,0,0,1,11.0,1,6.0,58,58.8,35.9,11.0,T-0203,D-01-02,T-0051,D-06-04
O0054,B,1063.6,1921.8,1945.3,1959.8,1983.4,2070.1,2085.0,2125.3,1061.7,858.2,AMR1,AMR2,1,25,1,58.1,58.1,AMR1,43.0,43.0,AMR2,0,0,0.0,0,0,0,1,12.0,1,7.0,60,60.5,44.3,12.0,T-0205,B-01-03,T-0024,B-06-04
O0055,B,1083.5,2005.7,2029.2,2045.5,2070.0,2192.4,2207.3,2235.0,1151.5,922.2,AMR2,AMR2,1,25,0,60.8,60.8,AMR2,42.3,42.3,AMR2,0,0,0.0,0,0,0,0,0.0,0,0.0,59,59.9,47.0,0.0,T-0207,B-02-03,T-0025,B-05-02
O0056,C,1106.2,1732.5,1756.0,1766.5,1790.8,2055.9,2080.7,2108.2,1002.0,626.3,AMR3,AMR3,1,25,16,55.6,55.6,AMR3,52.8,52.8,AMR3,0,0,0.0,0,0,0,0,0.0,0,0.0,68,70.2,40.4,0.0,T-0200,C-03-01,T-0035,C-06-05
O0057,I,1125.9,2033.5,2057.0,2068.9,2097.9,2098.0,2109.4,2145.2,1019.3,907.6,AMR1,AMR1,1,25,1,61.0,61.0,AMR1,36.0,36.0,AMR1,0,0,0.0,0,0,0,2,7.6,0,0.0,60,61.1,42.9,7.6,T-0208,I-05-02,T-0129,I-06-05
O0058,J,1143.6,2235.1,2258.6,2272.9,2302.0,2302.1,2313.3,2344.6,1201.0,1091.5,AMR2,AMR2,1,25,0,64.3,64.3,AMR2,40.7,40.7,AMR2,0,0,0.0,0,0,0,0,0.0,0,0.0,68,68.4,41.0,0.0,T-0213,J-03-01,T-0140,J-05-02
O0059,I,1168.2,1938.5,1969.0,1980.7,2003.9,2220.1,2231.7,2258.8,1090.6,770.3,AMR3,AMR1,1,25,2,55.8,55.8,AMR3,38.2,38.2,AMR1,0,0,0.0,0,0,0,0,0.0,1,2.0,56,57.9,39.2,7.0,T-0206,I-03-02,T-0130,I-04-05
O0060,E,1190.1,2360.9,2392.4,2404.9,2434.7,2434.8,2449.5,2483.7,1293.6,1170.8,AMR3,AMR3,1,25,1,63.9,63.9,AMR3,48.1,48.1,AMR3,0,0,0.0,0,0,0,0,0.0,1,3.0,68,66.9,47.8,8.0,T-0216,E-02-02,T-0066,E-04-03
O0061,F,1215.0,2585.1,2608.6,2623.0,2656.2,2656.3,2668.2,2699.7,1484.7,1370.1,AMR3,AMR3,1,25,0,68.5,68.5,AMR3,44.2,44.2,AMR3,0,0,0.0,0,0,0,0,0.0,0,0.0,70,69.0,45.5,0.0,T-0222,F-03-02,T-0082,F-06-03
O0062,H,1239.0,2108.3,2131.8,2143.9,2170.4,2170.5,2183.8,2209.8,970.8,869.3,AMR3,AMR3,1,25,1,60.3,60.3,AMR3,38.4,38.4,AMR3,0,0,0.0,0,0,0,0,0.0,0,0.0,54,56.3,45.1,0.0,T-0209,H-05-02,T-0110,H-03-01
O0063,B,1256.5,2125.4,2155.9,2169.2,2192.3,2407.5,2422.1,2451.9,1195.4,868.9,AMR2,AMR2,1,25,1,57.2,57.2,AMR2,45.6,45.6,AMR2,0,0,0.0,0,0,0,0,0.0,1,2.0,57,58.3,46.0,7.0,T-0210,B-03-03,T-0026,B-06-02
O0064,I,1271.7,2145.3,2179.8,2195.8,2220.0,2306.0,2333.2,2360.8,1089.1,873.6,AMR1,AMR3,1,25,14,59.5,59.5,AMR1,50.0,50.0,AMR3,0,0,0.0,0,0,0,1,2.0,1,6.0,72,73.4,43.1,13.0,T-0211,I-06-02,T-0131,I-04-02
O0065,A,1292.6,2258.9,2282.4,2296.5,2324.0,2324.1,2336.8,2382.4,1089.8,966.3,AMR1,AMR1,1,25,1,63.2,61.2,AMR3,47.8,47.8,AMR1,1,12,2.0,0,0,0,1,12.7,1,7.7,68,67.1,43.6,12.7,T-0214,A-04-01,T-0006,A-06-01
O0066,A,1314.7,2551.9,2575.4,2587.4,2616.0,2616.1,2629.4,2664.3,1349.6,1237.2,AMR2,AMR2,1,25,2,63.0,63.0,AMR2,47.4,47.4,AMR2,0,0,0.0,0,0,0,0,0.0,0,0.0,72,70.0,42.3,0.0,T-0221,A-06-01,T-0007,A-01-03
O0067,A,1330.4,2889.3,2912.8,2929.1,2959.9,2960.0,2969.7,3007.1,1676.7,1558.9,AMR1,AMR1,1,25,1,68.7,68.7,AMR1,46.3,46.3,AMR1,0,0,0.0,0,0,0,0,0.0,0,0.0,72,70.1,47.6,0.0,T-0231,A-05-02,T-0008,A-02-02
O0068,D,1346.1,2452.0,2475.5,2488.6,2513.8,2513.9,2523.3,2551.8,1205.7,1105.9,AMR2,AMR2,1,25,1,58.4,53.4,AMR1,39.6,39.6,AMR2,1,9,5.0,0,0,0,0,0.0,0,0.0,52,53.8,44.4,1.5,T-0218,D-02-02,T-0053,D-02-01
O0069,D,1367.8,2209.9,2233.4,2245.4,2266.4,2266.5,2278.7,2305.9,938.1,842.1,AMR3,AMR3,1,25,0,53.8,53.8,AMR3,39.1,39.1,AMR3,0,0,0.0,0,0,0,0,0.0,0,0.0,54,55.9,40.0,0.0,T-0212,D-03-02,T-0052,D-02-02
O0070,J,1384.1,2863.5,2887.0,2899.7,2929.5,2929.6,2943.4,2972.8,1588.7,1479.4,AMR2,AMR2,1,25,1,64.2,64.2,AMR2,42.9,42.9,AMR2,0,0,0.0,0,0,0,0,0.0,0,0.0,66,66.8,42.4,0.0,T-0230,J-01-02,T-0141,J-03-02
O0071,H,1403.8,2483.8,2507.3,2523.6,2548.3,2548.4,2559.0,2585.0,1181.2,1080.0,AMR3,AMR3,1,25,0,61.9,61.9,AMR3,35.8,35.8,AMR3,0,0,0.0,0,0,0,0,0.0,0,0.0,54,56.3,44.8,0.0,T-0219,H-03-01,T-0111,H-03-02
O0072,B,1420.7,2344.7,2368.2,2382.1,2407.4,2453.9,2466.8,2504.2,1083.5,924.0,AMR2,AMR1,1,25,3,60.8,60.8,AMR2,42.0,42.0,AMR1,0,0,0.0,0,0,0,1,7.0,1,2.0,60,62.4,43.6,7.0,T-0215,B-05-02,T-0027,B-03-01
O0073,G,1440.0,2504.3,2531.8,2544.6,2571.7,2571.8,2584.8,2615.2,1175.2,1064.3,AMR1,AMR1,1,25,1,61.6,60.9,AMR2,40.6,40.6,AMR1,1,13,0.7,0,0,0,0,0.0,0,0.0,60,61.9,44.9,4.0,T-0220,G-04-02,T-0094,G-02-02
O0074,A,1459.7,3007.2,3032.7,3047.9,3080.8,3080.9,3097.0,3129.7,1670.0,1547.5,AMR1,AMR1,1,25,1,68.1,68.1,AMR1,49.5,49.5,AMR1,0,0,0.0,0,0,0,0,0.0,0,0.0,72,70.2,50.2,2.0,T-0235,A-02-02,T-0009,A-04-02
O0075,F,1475.3,2803.8,2838.3,2848.8,2881.8,3279.0,3297.8,3331.3,1856.0,1328.5,AMR3,AMR2,1,25,3,65.2,65.2,AMR3,52.7,52.7,AMR2,0,0,0.0,0,0,0,0,0.0,1,6.0,72,71.7,47.6,11.0,T-0229,F-05-02,T-0083,F-06-04
O0076,D,1492.8,2615.3,2638.8,2654.2,2676.1,2850.6,2862.3,2889.2,1396.4,1122.5,AMR1,AMR1,1,25,1,58.9,55.5,AMR2,40.3,40.3,AMR1,1,6,3.4,0,0,0,0,0.0,0,0.0,52,53.8,45.6,0.0,T-0223,D-02-01,T-0055,D-02-03
O0077,G,1512.3,2382.5,2416.0,2427.9,2453.8,2881.9,2898.3,2925.9,1413.6,870.2,AMR1,AMR3,1,25,5,59.5,59.5,AMR1,43.5,43.5,AMR3,0,0,0.0,0,0,0,0,0.0,1,5.0,62,63.6,41.7,10.0,T-0217,G-04-01,T-0095,G-02-04
O0078,D,1530.1,2676.2,2701.8,2714.1,2737.8,2737.9,2746.3,2782.9,1252.8,1146.1,AMR1,AMR1,1,12,1,45.7,45.7,AMR1,36.6,36.6,AMR1,0,0,0.0,0,0,0,1,8.0,2,10.0,43,46.0,39.0,21.6,T-0225,D-04-02,T-0054,D-05-04
O0079,I,1549.5,2766.9,2790.4,2802.8,2826.8,2826.9,2835.0,2863.4,1313.9,1217.4,AMR2,AMR2,1,25,1,58.1,58.1,AMR2,38.2,38.2,AMR2,0,0,0.0,0,0,0,0,0.0,0,0.0,52,54.2,42.2,0.0,T-0227,I-02-03,T-0133,I-02-05
O0080,I,1565.0,2664.4,2687.9,2701.8,2725.3,2725.4,2736.7,2766.8,1201.8,1099.4,AMR2,AMR2,1,25,1,57.5,57.5,AMR2,41.0,41.0,AMR2,0,0,0.0,0,0,0,0,0.0,0,0.0,56,57.9,44.4,0.0,T-0224,I-04-02,T-0132,I-04-04
O0081,D,1589.7,2783.0,2814.5,2829.9,2850.5,3034.9,3047.7,3074.7,1485.0,1193.3,AMR1,AMR2,1,25,2,57.6,57.6,AMR1,36.0,36.0,AMR2,0,0,0.0,0,0,0,0,0.0,1,3.0,57,60.0,39.3,8.0,T-0228,D-01-03,T-0056,D-04-04
O0082,H,1608.8,2699.8,2725.3,2738.3,2762.9,2763.0,2778.5,2803.7,1194.9,1091.0,AMR3,AMR3,1,25,0,58.5,58.5,AMR3,38.3,38.3,AMR3,0,0,0.0,0,0,0,1,1.6,0,0.0,54,56.3,43.9,3.6,T-0226,H-03-02,T-0112,H-02-05
O0083,A,1632.4,3129.8,3153.3,3166.4,3196.7,3196.8,3208.1,3246.6,1614.2,1497.4,AMR1,AMR1,1,25,1,65.0,65.0,AMR1,49.0,49.0,AMR1,0,0,0.0,0,0,0,0,0.0,0,0.0,72,70.1,46.6,0.0,T-0237,A-04-02,T-0010,A-01-01
O0084,G,1651.2,3091.6,3115.1,3130.5,3159.4,3159.5,3175.0,3200.8,1549.6,1440.4,AMR3,AMR3,1,25,1,64.4,64.4,AMR3,41.0,41.0,AMR3,0,0,0.0,0,0,0,0,0.0,0,0.0,60,61.0,48.1,0.0,T-0236,G-02-02,T-0096,G-05-04
O0085,H,1675.5,2986.6,3008.6,3021.6,3044.4,3044.5,3060.3,3091.5,1416.0,1311.1,AMR3,AMR3,1,12,2,47.4,47.4,AMR3,39.2,39.2,AMR3,0,0,0.0,0,0,0,1,7.0,2,7.0,41,44.6,43.2,17.0,T-0234,H-06-02,T-0113,H-01-01
O0086,I,1694.7,2972.9,2996.4,3007.3,3034.8,3074.8,3099.7,3142.5,1447.8,1278.2,AMR2,AMR2,1,25,14,59.3,59.3,AMR2,48.4,48.4,AMR2,0,0,0.0,0,0,0,1,20.0,1,15.0,66,68.3,41.3,20.0,T-0233,I-03-03,T-0134,I-01-03
O0087,C,1716.9,2926.0,2949.5,2962.5,2986.5,3377.9,3391.3,3431.7,1714.8,1209.1,AMR3,AMR1,1,25,1,58.6,58.6,AMR3,42.9,42.9,AMR1,0,0,0.0,0,0,0,1,11.0,1,6.0,54,54.9,48.4,11.0,T-0232,C-01-02,T-0036,C-03-02
O0088,A,1734.8,3211.1,3238.7,3249.6,3278.9,3503.4,3515.8,3549.1,1814.3,1476.3,AMR2,AMR1,1,12,1,49.9,49.9,AMR2,46.3,46.3,AMR1,0,0,0.0,0,0,0,0,0.0,1,9.0,59,58.8,39.1,15.6,T-0240,A-01-01,T-0012,A-02-05
O0089,A,1757.3,3302.8,3326.3,3338.7,3365.4,3365.5,3377.7,3411.1,1653.8,1545.5,AMR3,AMR3,1,25,2,61.5,61.5,AMR3,46.3,46.3,AMR3,0,0,0.0,0,0,0,0,0.0,0,0.0,70,68.5,39.7,0.0,T-0242,A-06-02,T-0011,A-03-05
O0090,I,1778.2,3513.7,3537.2,3552.3,3580.6,3580.7,3593.5,3620.9,1842.7,1735.5,AMR3,AMR3,1,25,1,63.5,63.5,AMR3,39.9,39.9,AMR3,0,0,0.0,0,0,0,0,0.0,0,0.0,56,57.8,49.3,0.0,T-0248,I-04-03,T-0155,I-01-01
O0091,I,1794.7,3200.9,3224.4,3238.6,3263.0,3263.1,3273.5,3302.7,1508.0,1406.2,AMR3,AMR3,1,25,1,60.3,60.0,AMR2,38.3,38.3,AMR3,1,13,0.3,0,0,0,0,0.0,0,0.0,54,57.2,44.5,0.0,T-0239,I-01-03,T-0135,I-03-05
O0092,B,1818.3,3411.2,3434.7,3447.4,3472.3,3472.4,3486.4,3513.6,1695.3,1592.9,AMR3,AMR3,1,25,0,58.4,58.4,AMR3,41.0,41.0,AMR3,0,0,0.0,0,0,0,0,0.0,0,0.0,58,59.0,43.3,0.0,T-0245,B-03-01,T-0028,B-06-05
O0093,D,1833.9,3142.6,3177.1,3189.8,3211.0,3658.4,3671.6,3714.5,1880.6,1308.7,AMR2,AMR1,1,25,1,55.5,55.5,AMR2,45.1,45.1,AMR1,0,0,0.0,0,0,0,2,10.6,2,7.0,54,55.9,47.0,21.6,T-0238,D-02-03,T-0057,D-05-02
O0094,J,1850.1,3451.8,3482.3,3495.9,3526.8,3526.9,3539.2,3575.0,1724.9,1601.7,AMR2,AMR2,1,25,1,64.6,64.6,AMR2,44.2,44.2,AMR2,0,0,0.0,0,0,0,1,2.0,1,2.0,70,70.0,44.1,9.0,T-0247,J-05-01,T-0143,J-06-04
O0095,A,1870.9,3431.8,3458.3,3472.8,3503.3,3740.9,3752.9,3788.6,1917.7,1560.9,AMR1,AMR3,1,25,3,65.0,65.0,AMR1,47.4,47.4,AMR3,0,0,0.0,0,0,0,0,0.0,0,0.0,74,73.6,42.6,3.0,T-0246,A-01-03,T-0013,A-03-04
O0096,J,1890.1,3331.4,3358.6,3372.1,3400.9,3401.0,3412.6,3451.7,1561.6,1441.3,AMR2,AMR2,1,25,1,64.0,64.0,AMR2,41.9,41.9,AMR2,0,0,0.0,0,0,0,1,7.0,1,2.0,68,68.3,41.2,10.7,T-0244,J-02-02,T-0142,J-05-01
O0097,E,1910.3,3246.7,3270.2,3284.3,3313.0,3877.7,3886.8,3919.0,2008.7,1336.4,AMR1,AMR2,1,25,1,62.8,62.8,AMR1,42.0,42.0,AMR2,0,0,0.0,0,0,0,0,0.0,0,0.0,68,67.0,40.6,0.0,T-0241,E-05-02,T-0067,E-03-03
O0098,F,1932.0,3575.1,3598.6,3609.6,3644.3,3644.4,3656.6,3689.1,1757.1,1643.1,AMR2,AMR2,1,25,1,65.8,64.5,AMR3,45.4,45.4,AMR2,1,9,1.3,0,0,0,0,0.0,0,0.0,72,70.6,43.3,0.0,T-0249,F-02-03,T-0084,F-04-02
O0099,C,1949.7,3313.1,3345.3,3358.4,3377.8,3549.2,3574.6,3600.4,1650.7,1363.4,AMR1,AMR1,1,20,16,50.6,50.6,AMR1,49.7,49.7,AMR1,0,0,0.0,0,0,0,0,0.0,1,9.0,64,66.1,35.8,14.0,T-0243,C-02-02,T-0037,C-05-02
O0100,H,1971.2,3689.2,3721.7,3737.9,3763.7,3763.8,3773.1,3804.1,1832.9,1718.0,AMR2,AMR2,1,25,1,63.7,63.7,AMR2,36.5,36.5,AMR2,0,0,0.0,0,0,0,1,5.0,1,4.0,52,54.2,46.6,14.0,T-0253,H-01-01,T-0114,H-02-03
O0101,B,1995.4,3621.0,3647.5,3660.4,3685.2,3779.6,3789.4,3824.2,1828.8,1625.6,AMR3,AMR1,1,25,1,60.1,60.1,AMR3,37.2,37.2,AMR1,0,0,0.0,0,0,0,2,7.1,0,0.0,57,58.2,40.5,10.1,T-0251,B-06-02,T-0029,B-03-05
O0102,J,2015.0,4126.7,4150.2,4164.2,4197.3,4197.4,4208.2,4239.2,2224.2,2111.7,AMR3,AMR3,1,25,0,68.0,68.0,AMR3,40.0,40.0,AMR3,0,0,0.0,0,0,0,0,0.0,0,0.0,68,68.4,44.0,0.0,T-0265,J-03-02,T-0144,J-04-04
O0103,D,2030.8,3600.5,3624.0,3637.4,3658.3,4077.1,4093.5,4126.6,2095.8,1569.7,AMR1,AMR3,1,25,5,54.3,54.3,AMR1,49.0,49.0,AMR3,0,0,0.0,0,0,0,0,0.0,0,0.0,60,61.6,45.7,0.0,T-0250,D-04-03,T-0058,D-06-02
O0104,F,2048.4,3890.4,3913.9,3926.6,3959.7,4214.6,4226.7,4264.3,2215.9,1842.0,AMR3,AMR2,1,25,2,66.7,66.4,AMR1,47.9,47.9,AMR2,1,11,0.3,0,0,0,1,3.0,0,0.0,70,70.0,46.0,3.0,T-0258,F-03-03,T-0086,F-04-05
O0105,F,2072.2,3685.3,3698.0,3709.1,3740.8,3959.8,3970.5,4000.7,1928.5,1613.1,AMR3,AMR3,1,13,0,54.9,54.9,AMR3,41.7,41.7,AMR3,0,0,0.0,0,0,0,0,0.0,0,0.0,57,57.4,39.0,0.0,T-0252,F-04-02,T-0085,F-06-02
O0106,I,2088.8,3788.7,3812.2,3825.0,3851.7,3851.8,3863.3,3890.3,1801.5,1699.9,AMR3,AMR3,1,25,1,61.2,61.2,AMR3,40.2,40.2,AMR3,0,0,0.0,0,0,0,0,0.0,0,0.0,52,54.2,47.3,0.0,T-0255,I-01-01,T-0158,I-02-01
O0107,I,2106.8,3997.7,4010.0,4024.8,4052.9,4053.0,4064.9,4088.9,1982.1,1890.9,AMR1,AMR1,1,13,1,52.8,52.8,AMR1,35.5,35.5,AMR1,0,0,0.0,0,0,0,0,0.0,0,0.0,44,46.7,44.4,0.0,T-0261,I-04-01,T-0174,I-03-01
O0108,I,2128.5,3919.1,3942.6,3953.7,3980.0,3980.1,3990.7,4022.0,1893.5,1790.6,AMR2,AMR2,1,25,1,59.1,59.1,AMR2,32.5,32.5,AMR2,0,0,0.0,0,0,0,1,6.6,1,1.6,56,58.7,37.5,6.6,T-0259,I-02-01,T-0162,I-04-01
O0109,B,2152.8,3824.3,3860.8,3875.9,3898.9,4333.3,4351.7,4386.1,2233.3,1671.5,AMR1,AMR2,1,25,7,59.7,59.7,AMR1,49.7,49.7,AMR2,0,0,0.0,0,0,0,1,2.6,1,8.0,64,64.6,47.2,15.6,T-0257,B-05-03,T-0151,B-01-01
O0110,B,2170.4,3714.6,3746.1,3756.9,3779.5,3899.0,3913.3,3939.7,1769.3,1544.2,AMR1,AMR1,1,25,1,55.0,55.0,AMR1,41.9,41.9,AMR1,0,0,0.0,0,0,0,0,0.0,1,3.0,56,57.5,40.1,8.0,T-0254,B-04-03,T-0030,B-06-01
O0111,E,2191.0,4000.8,4034.3,4050.4,4077.0,4775.0,4792.0,4826.1,2635.1,1809.8,AMR3,AMR1,1,25,4,63.3,63.3,AMR3,53.8,53.8,AMR1,0,0,0.0,0,0,0,0,0.0,1,5.0,67,67.7,49.6,10.0,T-0262,E-02-03,T-0070,E-02-04
O0112,F,2212.0,4140.6,4174.1,4185.2,4214.5,4661.7,4675.5,4712.3,2500.3,1928.6,AMR2,AMR1,1,25,1,62.9,62.9,AMR2,48.8,48.8,AMR1,0,0,0.0,0,0,0,0,0.0,1,5.0,71,70.7,43.8,10.0,T-0266,F-06-02,T-0087,F-01-02
O0113,E,2233.9,3804.2,3836.7,3850.6,3877.6,4151.2,4159.9,4193.1,1959.2,1570.3,AMR2,AMR1,1,25,0,62.5,62.5,AMR2,41.1,41.1,AMR1,0,0,0.0,0,0,0,0,0.0,1,4.0,67,66.2,40.1,9.0,T-0256,E-01-03,T-0068,E-04-04
O0114,A,2253.8,4264.4,4289.5,4304.2,4333.2,4439.0,4453.5,4492.1,2238.3,2010.6,AMR2,AMR1,1,25,0,63.7,63.7,AMR2,52.3,52.3,AMR1,0,0,0.0,0,0,0,0,0.0,0,0.0,73,71.0,49.3,1.6,T-0270,A-02-03,T-0014,A-01-04
O0115,E,2275.1,4089.0,4112.5,4124.2,4151.1,4411.6,4426.5,4461.4,2186.3,1813.9,AMR1,AMR3,1,25,3,59.4,53.9,AMR2,47.9,47.9,AMR3,1,13,5.5,0,0,0,0,0.0,0,0.0,71,71.2,40.7,0.0,T-0264,E-03-03,T-0069,E-06-02
O0116,C,2290.2,3939.8,3966.3,3976.8,3997.6,4094.4,4106.3,4140.5,1850.3,1649.6,AMR1,AMR2,1,25,1,52.1,52.1,AMR1,39.3,39.3,AMR2,0,0,0.0,0,0,0,1,7.0,1,2.0,55,55.6,38.3,10.0,T-0260,C-03-02,T-0038,C-02-05
O0117,C,2315.0,4022.1,4058.6,4071.3,4094.3,4311.3,4321.7,4361.8,2046.8,1707.1,AMR2,AMR1,1,25,1,57.3,57.3,AMR2,38.6,38.6,AMR1,0,0,0.0,0,0,0,1,12.0,2,15.0,54,54.9,42.8,25.0,T-0263,C-05-02,T-0039,C-03-04
O0118,G,2334.4,4239.3,4262.8,4273.3,4300.9,4301.0,4314.8,4346.4,2012.0,1904.9,AMR3,AMR3,1,25,1,59.8,59.8,AMR3,42.6,42.6,AMR3,0,0,0.0,0,0,0,0,0.0,0,0.0,60,61.9,45.1,0.0,T-0268,G-05-02,T-0097,G-02-01
O0119,B,2349.5,4193.2,4216.7,4228.9,4254.8,4581.6,4591.6,4623.2,2273.7,1843.7,AMR1,AMR2,1,25,1,60.5,60.5,AMR1,41.2,41.2,AMR2,0,0,0.0,0,0,0,0,0.0,0,0.0,57,58.3,44.9,0.0,T-0267,B-06-01,T-0153,B-02-01
O0120,I,2373.5,4461.5,4485.0,4500.0,4524.4,4524.5,4534.6,4562.8,2189.3,2088.0,AMR3,AMR3,1,25,0,60.3,60.3,AMR3,35.5,35.5,AMR3,0,0,0.0,0,0,0,0,0.0,0,0.0,56,58.8,42.4,0.0,T-0274,I-03-01,T-0179,I-05-01
O0121,J,2396.9,4346.5,4370.0,4381.3,4411.5,5000.2,5013.2,5048.4,2651.5,1949.6,AMR3,AMR3,1,25,4,61.6,61.6,AMR3,47.8,47.8,AMR3,0,0,0.0,0,0,0,0,0.0,0,0.0,71,71.6,41.6,0.0,T-0271,J-04-02,T-0145,J-05-04
O0122,C,2413.3,4254.9,4275.6,4290.1,4311.2,4452.5,4462.2,4503.5,2090.2,1841.6,AMR1,AMR2,1,13,0,47.6,47.6,AMR1,33.2,33.2,AMR2,0,0,0.0,0,0,0,1,17.0,2,15.0,41,44.3,38.0,25.0,T-0269,C-02-03,T-0040,C-04-02
O0123,A,2431.4,4361.9,4394.4,4408.0,4438.9,5884.2,5904.5,5942.6,3511.2,1930.5,AMR1,AMR2,1,25,7,65.3,65.3,AMR1,57.6,57.6,AMR2,0,0,0.0,0,0,0,0,0.0,1,4.0,79,76.3,50.1,9.0,T-0272,A-03-03,T-0015,A-01-05
O0124,D,2448.5,4826.2,4849.7,4865.8,4892.2,4892.3,4905.7,4948.2,2499.7,2377.7,AMR1,AMR1,1,25,1,62.5,62.5,AMR1,42.2,42.2,AMR1,0,0,0.0,0,0,0,1,12.0,1,7.0,56,58.8,51.1,12.0,T-0284,D-05-03,T-0060,D-03-03
O0125,I,2464.6,4658.7,4682.2,4695.8,4722.5,4722.6,4738.0,4765.6,2301.0,2194.1,AMR3,AMR3,1,25,1,60.4,60.4,AMR3,39.6,39.6,AMR3,0,0,0.0,0,0,0,0,0.0,0,0.0,58,60.9,45.9,0.0,T-0280,I-05-01,T-0182,I-06-01
O0126,C,2489.3,4623.3,4646.8,4660.3,4683.1,4797.8,4813.5,4837.3,2348.0,2134.0,AMR2,AMR2,1,25,3,57.9,57.9,AMR2,38.4,38.4,AMR2,0,0,0.0,0,0,0,0,0.0,0,0.0,56,58.5,40.8,0.0,T-0279,C-04-02,T-0042,C-06-02
O0127,C,2512.9,4386.2,4418.7,4431.7,4452.4,4683.2,4693.0,4723.5,2210.6,1873.3,AMR2,AMR2,1,25,1,54.5,54.5,AMR2,34.5,34.5,AMR2,0,0,0.0,0,0,0,1,6.0,2,5.0,55,55.6,35.9,15.0,T-0273,C-03-03,T-0041,C-02-01
O0128,F,2528.2,4589.8,4613.3,4628.5,4661.6,5048.1,5056.2,5090.5,2562.3,2061.6,AMR1,AMR2,1,25,1,70.0,70.0,AMR1,43.0,43.0,AMR2,0,0,0.0,0,0,0,0,0.0,0,0.0,70,69.1,45.1,0.0,T-0278,F-04-03,T-0088,F-01-03
O0129,D,2551.2,4492.2,4515.7,4527.2,4551.1,4551.2,4561.7,4589.7,2038.5,1941.0,AMR1,AMR1,1,25,1,55.4,55.4,AMR1,36.6,36.6,AMR1,0,0,0.0,0,0,0,0,0.0,0,0.0,58,59.0,38.4,0.0,T-0275,D-05-02,T-0059,D-06-05
O0130,B,2567.8,4503.6,4540.1,4553.8,4581.5,4823.9,4837.4,4877.2,2309.4,1935.8,AMR2,AMR3,1,25,1,61.4,61.4,AMR2,40.0,40.0,AMR3,0,0,0.0,0,0,0,1,13.0,2,16.0,60,60.6,44.6,26.0,T-0276,B-01-01,T-0161,B-04-01
O0131,H,2591.5,4562.9,4586.4,4599.1,4621.4,4621.5,4634.4,4658.6,2067.1,1971.4,AMR3,AMR3,1,25,1,56.7,56.7,AMR3,38.3,38.3,AMR3,0,0,0.0,0,0,0,0,0.0,0,0.0,52,54.2,41.4,0.0,T-0277,H-01-03,T-0115,H-01-05
O0132,H,2608.5,4723.6,4760.1,4772.2,4797.7,4877.3,4903.4,4930.7,2322.2,2115.1,AMR2,AMR3,1,25,14,59.3,59.3,AMR2,53.7,53.7,AMR3,0,0,0.0,0,0,0,0,0.0,1,8.0,65,67.4,47.1,13.0,T-0282,H-02-03,T-0116,H-06-01
O0133,D,2626.6,4712.4,4735.9,4751.2,4774.9,4912.8,4926.9,4967.5,2340.9,2085.8,AMR1,AMR2,1,25,4,58.2,58.2,AMR1,39.8,39.8,AMR2,0,0,0.0,0,0,0,1,14.2,1,9.2,60,61.7,41.3,14.2,T-0281,D-06-02,T-0152,D-01-01
O0134,D,2641.8,5126.3,5138.3,5154.6,5179.7,5179.8,5191.1,5219.7,2577.9,2484.5,AMR1,AMR1,1,12,0,51.9,51.9,AMR1,39.6,39.6,AMR1,0,0,0.0,0,0,0,0,0.0,0,0.0,41,44.4,48.9,0.0,T-0292,D-03-03,T-0157,D-03-01
O0135,B,2660.1,5090.6,5120.1,5132.5,5158.2,5220.1,5229.6,5268.0,2607.9,2430.5,AMR2,AMR2,1,25,2,59.7,59.7,AMR2,39.1,39.1,AMR2,0,0,0.0,0,0,0,1,10.0,2,6.0,57,58.2,41.3,16.0,T-0291,B-04-01,T-0164,B-05-01
O0136,I,2678.6,4948.3,4978.8,4992.4,5017.7,5281.6,5294.3,5323.9,2645.3,2269.7,AMR1,AMR1,1,25,1,59.0,59.0,AMR1,42.0,42.0,AMR1,0,0,0.0,0,0,0,0,0.0,1,2.0,56,57.8,46.9,7.0,T-0287,I-05-03,T-0206,I-03-02
O0137,I,2700.4,4837.4,4873.9,4885.1,4912.7,5017.8,5033.1,5062.1,2361.7,2137.0,AMR2,AMR1,1,25,1,58.0,58.0,AMR2,39.1,39.1,AMR1,0,0,0.0,0,0,0,2,3.6,1,8.0,57,60.0,43.0,16.6,T-0285,I-06-01,T-0191,I-01-02
O0138,B,2724.8,4765.7,4789.2,4800.1,4823.8,5465.5,5480.8,5515.7,2790.9,2040.9,AMR3,AMR3,1,25,3,54.6,54.6,AMR3,46.8,46.8,AMR3,0,0,0.0,0,0,0,1,3.0,0,0.0,62,63.1,42.2,3.0,T-0283,B-02-01,T-0167,B-01-02
O0139,E,2741.6,4930.8,4954.3,4970.0,5000.1,5491.2,5504.4,5538.7,2797.1,2189.2,AMR3,AMR1,1,25,1,64.0,64.0,AMR3,48.2,48.2,AMR1,0,0,0.0,0,0,0,0,0.0,0,0.0,69,68.8,48.0,0.0,T-0286,E-06-02,T-0071,E-02-01
O0140,G,2757.7,5250.6,5274.1,5289.5,5313.5,5313.6,5326.1,5349.9,2592.2,2492.9,AMR3,AMR3,1,25,2,61.9,61.9,AMR3,39.5,39.5,AMR3,0,0,0.0,0,0,0,0,0.0,0,0.0,54,55.8,43.4,0.0,T-0296,G-06-02,T-0099,G-06-04
O0141,F,2779.9,4967.6,5003.1,5016.6,5048.0,5342.3,5353.1,5382.1,2602.2,2187.7,AMR2,AMR2,1,25,1,65.0,65.0,AMR2,40.5,40.5,AMR2,0,0,0.0,0,0,0,0,0.0,1,7.0,72,70.6,37.6,12.0,T-0288,F-01-02,T-0089,F-04-01
O0142,I,2801.0,5048.5,5072.0,5084.5,5110.8,5110.9,5122.9,5148.1,2347.1,2247.5,AMR3,AMR3,1,25,1,60.5,60.5,AMR3,38.9,38.9,AMR3,0,0,0.0,0,0,0,0,0.0,0,0.0,52,54.2,45.3,0.0,T-0289,I-01-02,T-0195,I-02-02
O0143,J,2819.9,5737.3,5768.8,5784.3,5816.1,5816.2,5827.4,5859.7,3039.8,2917.4,AMR3,AMR3,1,25,1,67.4,67.4,AMR3,41.5,41.5,AMR3,0,0,0.0,0,0,0,2,2.6,1,3.0,68,67.5,44.2,10.6,T-0309,J-05-02,T-0146,J-03-05
O0144,G,2837.4,5148.2,5171.7,5184.0,5211.5,5211.6,5220.9,5250.5,2413.1,2310.8,AMR3,AMR3,1,25,1,59.9,59.9,AMR3,38.5,38.5,AMR3,0,0,0.0,0,0,0,0,0.0,0,0.0,60,61.1,41.1,0.0,T-0293,G-02-01,T-0098,G-02-03
O0145,I,2857.6,5324.0,5347.5,5363.2,5390.7,5495.8,5524.7,5554.2,2696.6,2466.4,AMR1,AMR2,1,25,14,64.1,64.1,AMR1,53.1,53.1,AMR2,0,0,0.0,0,0,0,1,1.0,0,0.0,72,73.3,50.8,1.0,T-0298,I-03-02,T-0211,I-06-02
O0146,D,2879.8,5062.2,5095.7,5106.4,5126.2,5597.4,5610.0,5648.5,2768.7,2182.4,AMR1,AMR1,1,25,0,52.1,52.1,AMR1,41.7,41.7,AMR1,0,0,0.0,0,0,0,2,7.6,1,5.0,55,56.6,40.9,17.6,T-0290,D-01-01,T-0170,D-04-01
O0147,F,2899.1,5382.2,5405.7,5420.5,5451.3,5451.4,5461.1,5495.7,2596.6,2483.1,AMR2,AMR2,1,25,1,67.3,67.3,AMR2,44.0,44.0,AMR2,0,0,0.0,0,0,0,0,0.0,0,0.0,70,70.0,43.4,0.0,T-0300,F-04-01,T-0090,F-03-05
O0148,B,2917.3,5158.3,5186.3,5199.2,5220.0,5704.4,5735.6,5765.4,2848.1,2241.0,AMR2,AMR1,1,14,18,47.2,47.2,AMR2,58.4,58.4,AMR1,0,0,0.0,0,0,0,0,0.0,1,9.0,65,67.3,41.4,14.0,T-0294,B-06-03,T-0172,B-02-02
O0149,I,2941.3,5219.8,5243.3,5256.0,5281.5,5390.8,5403.5,5431.1,2489.8,2278.5,AMR1,AMR1,1,25,0,59.8,50.5,AMR2,37.5,37.5,AMR1,1,12,9.3,0,0,0,0,0.0,0,0.0,55,58.1,43.9,0.0,T-0295,I-02-02,T-0208,I-05-02
O0150,F,2962.9,5268.1,5298.6,5309.5,5342.2,6063.4,6076.9,6108.0,3145.1,2305.2,AMR2,AMR3,1,25,1,63.7,63.7,AMR2,42.8,42.8,AMR3,0,0,0.0,0,0,0,0,0.0,1,2.0,74,73.1,38.6,7.0,T-0297,F-01-03,T-0163,F-02-01
O0151,I,2984.9,6129.7,6155.2,6177.6,6202.5,6202.6,6213.5,6239.1,3254.2,3144.8,AMR1,AMR1,1,25,2,66.5,66.5,AMR1,36.1,36.1,AMR1,0,0,0.0,0,0,0,0,0.0,0,0.0,58,59.5,47.8,2.0,T-0319,I-06-02,T-0233,I-03-03
O0152,G,3001.8,5410.6,5422.6,5436.0,5465.4,5648.6,5675.3,5704.3,2702.5,2408.8,AMR3,AMR1,1,12,16,52.0,52.0,AMR3,55.9,55.9,AMR1,0,0,0.0,0,0,0,0,0.0,0,0.0,60,62.7,47.8,0.0,T-0301,G-01-03,T-0101,G-04-03
O0153,C,3024.3,5350.0,5373.5,5386.9,5410.5,5667.8,5682.3,5721.5,2697.2,2325.7,AMR3,AMR2,1,25,2,58.6,58.6,AMR3,43.9,43.9,AMR2,0,0,0.0,0,0,0,1,10.0,1,5.0,55,55.5,48.7,10.0,T-0299,C-02-01,T-0043,C-01-03
O0154,G,3045.0,5515.8,5539.3,5554.3,5583.0,5583.1,5594.6,5622.6,2577.6,2470.8,AMR3,AMR3,1,25,1,63.8,63.8,AMR3,39.1,39.1,AMR3,0,0,0.0,0,0,0,0,0.0,0,0.0,60,61.1,45.6,0.0,T-0303,G-02-03,T-0100,G-02-05
O0155,E,3068.3,5431.2,5454.7,5465.1,5491.1,6308.2,6318.9,6355.6,3287.3,2362.9,AMR1,AMR1,1,25,2,56.4,56.4,AMR1,47.1,47.1,AMR1,0,0,0.0,0,0,0,0,0.0,0,0.0,69,68.7,38.6,0.0,T-0302,E-04-03,T-0072,E-03-02
O0156,J,3085.4,5841.1,5870.6,5883.8,5914.3,5914.4,5929.1,5959.8,2874.4,2755.7,AMR1,AMR1,1,25,1,65.4,65.4,AMR1,42.6,42.6,AMR1,0,0,0.0,0,0,0,1,1.0,1,1.0,68,68.3,43.3,7.0,T-0311,J-02-03,T-0147,J-04-05
O0157,H,3107.0,5554.3,5586.8,5597.7,5620.2,5765.5,5793.4,5841.0,2734.0,2447.3,AMR2,AMR1,1,25,14,55.9,55.9,AMR2,53.8,53.8,AMR1,0,0,0.0,0,0,0,1,20.0,2,19.0,66,68.6,43.8,29.0,T-0305,H-06-01,T-0117,H-05-03
O0158,D,3126.4,5538.8,5563.3,5575.9,5597.3,5782.6,5793.2,5823.0,2696.6,2412.4,AMR1,AMR2,1,25,1,54.8,54.8,AMR1,38.5,38.5,AMR2,0,0,0.0,0,0,0,0,0.0,0,0.0,57,58.2,39.7,1.0,T-0304,D-03-01,T-0177,D-06-01
O0159,C,3146.1,5620.3,5633.6,5645.2,5667.7,5927.8,5938.3,5983.5,2837.4,2474.2,AMR2,AMR3,1,13,1,46.9,46.9,AMR2,40.7,40.7,AMR3,0,0,0.0,0,0,0,1,15.2,1,10.2,41,43.8,44.1,15.2,T-0306,C-06-02,T-0044,C-05-04
O0160,I,3162.0,5622.7,5657.2,5672.1,5697.4,5697.5,5705.7,5737.2,2575.2,2460.7,AMR3,AMR3,1,25,1,60.3,60.3,AMR3,36.3,36.3,AMR3,0,0,0.0,0,0,0,1,3.0,1,6.0,56,57.9,42.5,14.0,T-0307,I-05-02,T-0224,I-04-02
O0161,F,3183.3,5983.6,6014.1,6030.4,6063.3,6629.1,6639.9,6669.8,3486.5,2800.3,AMR3,AMR1,1,25,1,70.9,70.9,AMR3,41.3,41.3,AMR1,0,0,0.0,0,0,0,0,0.0,1,2.0,70,69.1,44.3,7.0,T-0315,F-05-03,T-0165,F-03-01
O0162,D,3206.5,5959.9,5990.4,6005.0,6029.5,6078.6,6090.1,6129.6,2923.1,2753.4,AMR1,AMR1,1,25,2,58.3,58.3,AMR1,40.5,40.5,AMR1,0,0,0.0,0,0,0,1,10.0,2,7.0,58,59.1,44.5,17.0,T-0314,D-06-01,T-0198,D-05-01
O0163,D,3224.6,5721.6,5745.1,5758.3,5782.5,6320.9,6333.6,6371.7,3147.1,2497.0,AMR2,AMR2,1,25,1,57.4,57.4,AMR2,42.5,42.5,AMR2,0,0,0.0,0,0,0,1,8.0,1,3.0,56,57.4,46.3,8.0,T-0308,D-04-01,T-0212,D-03-02
O0164,D,3239.8,6108.1,6131.6,6146.5,6172.8,6172.9,6187.5,6216.2,2976.4,2868.3,AMR3,AMR3,1,25,1,61.2,61.2,AMR3,41.5,41.5,AMR3,0,0,0.0,0,0,0,1,1.5,0,0.0,56,57.4,49.1,1.5,T-0318,D-05-01,T-0203,D-01-02
O0165,B,3260.9,5823.1,5846.6,5860.0,5884.1,6217.5,6230.4,6259.8,2998.9,2562.2,AMR2,AMR2,1,25,1,59.1,59.1,AMR2,41.9,41.9,AMR2,0,0,0.0,0,0,0,0,0.0,0,0.0,58,59.1,44.2,0.0,T-0310,B-05-01,T-0188,B-03-02
O0166,J,3280.1,6239.2,6263.7,6276.0,6308.1,6756.9,6769.3,6808.5,3528.4,2959.1,AMR1,AMR2,1,25,1,65.3,65.3,AMR1,45.3,45.3,AMR2,0,0,0.0,0,0,0,1,7.0,1,2.0,67,66.6,45.9,8.0,T-0322,J-03-03,T-0148,J-01-03
O0167,G,3302.3,5942.7,5966.2,5977.2,6006.2,6006.3,6021.0,6045.0,2742.7,2640.4,AMR2,AMR2,1,25,0,60.9,60.9,AMR2,38.4,38.4,AMR2,0,0,0.0,0,0,0,0,0.0,0,0.0,58,59.5,42.7,0.0,T-0313,G-03-03,T-0102,G-05-05
O0168,C,3321.3,5859.8,5894.3,5906.8,5927.7,6538.0,6546.0,6579.5,3258.2,2538.5,AMR3,AMR2,1,25,1,55.0,55.0,AMR3,39.2,39.2,AMR2,0,0,0.0,0,0,0,1,3.0,1,6.0,52,54.3,41.1,14.0,T-0312,C-01-03,T-0045,C-04-03
O0169,B,3343.2,6145.4,6178.9,6190.4,6217.4,6848.5,6860.5,6898.6,3555.4,2802.2,AMR2,AMR1,1,25,3,58.5,58.5,AMR2,43.3,43.3,AMR1,0,0,0.0,0,0,0,1,8.0,2,8.0,60,61.5,42.6,18.0,T-0320,B-01-02,T-0196,B-04-02
O0170,I,3360.3,6045.1,6068.6,6082.8,6107.2,6107.3,6119.4,6145.3,2785.0,2684.8,AMR2,AMR2,1,25,1,58.6,58.6,AMR2,36.2,36.2,AMR2,0,0,0.0,0,0,0,1,1.5,0,0.0,56,57.9,40.7,1.5,T-0317,I-04-02,T-0227,I-02-03
O0171,D,3375.8,6029.6,6044.3,6056.2,6078.5,6734.9,6759.2,6786.8,3411.0,2653.8,AMR1,AMR1,1,15,8,45.2,45.2,AMR1,47.8,47.8,AMR1,0,0,0.0,0,0,0,0,0.0,0,0.0,56,59.3,41.5,0.0,T-0316,D-06-03,T-0218,D-02-02
O0172,H,3395.4,6275.7,6301.7,6318.1,6341.1,6341.2,6350.9,6396.0,3000.6,2880.3,AMR3,AMR3,1,14,0,52.0,52.0,AMR3,36.8,36.8,AMR3,0,0,0.0,0,0,0,1,17.2,2,19.2,43,46.8,44.2,29.2,T-0324,H-03-03,T-0118,H-01-02
O0173,I,3415.7,6216.3,6239.8,6252.6,6275.6,6827.0,6853.8,6881.9,3466.2,2800.6,AMR3,AMR3,1,25,14,57.5,51.2,AMR2,55.6,55.6,AMR3,1,9,6.3,0,0,0,0,0.0,0,0.0,65,67.5,46.7,0.0,T-0321,I-02-03,T-0259,I-02-01
O0174,H,3433.9,6457.8,6481.3,6494.0,6520.2,6520.3,6533.5,6559.2,3125.3,3023.9,AMR1,AMR1,1,25,1,60.6,60.6,AMR1,38.0,38.0,AMR1,0,0,0.0,0,0,0,0,0.0,0,0.0,54,56.3,45.0,0.0,T-0328,H-02-01,T-0120,H-03-05
O0175,I,3457.0,6355.7,6379.2,6393.6,6418.0,6418.1,6432.1,6457.7,3000.7,2898.7,AMR1,AMR1,1,25,0,59.7,59.7,AMR1,39.3,39.3,AMR1,0,0,0.0,0,0,0,0,0.0,0,0.0,54,56.3,45.6,0.0,T-0325,I-03-03,T-0239,I-01-03
O0176,I,3480.3,6516.7,6540.2,6551.0,6576.7,6576.8,6588.7,6618.6,3138.3,3036.4,AMR3,AMR3,1,25,1,58.2,52.9,AMR1,38.5,38.5,AMR3,1,11,5.3,0,0,0,0,0.0,0,0.0,56,59.2,42.6,0.0,T-0330,I-01-03,T-0248,I-04-03
O0177,H,3504.3,6371.8,6403.3,6415.9,6439.3,6439.4,6449.6,6475.6,2971.3,2867.5,AMR2,AMR2,1,25,1,57.7,57.7,AMR2,37.4,37.4,AMR2,0,0,0.0,0,0,0,0,0.0,1,3.0,52,54.2,41.5,8.0,T-0326,H-01-02,T-0119,H-02-01
O0178,D,3521.9,6259.9,6287.4,6300.4,6320.8,6999.2,7026.6,7054.7,3532.8,2738.0,AMR2,AMR1,1,25,16,55.0,55.0,AMR2,56.4,56.4,AMR1,0,0,0.0,0,0,0,0,0.0,0,0.0,67,69.5,42.9,4.0,T-0323,D-01-02,T-0223,D-02-01
O0179,I,3539.7,6723.9,6747.4,6762.2,6786.6,6786.7,6800.7,6826.9,3287.2,3184.2,AMR3,AMR3,1,25,1,59.3,59.3,AMR3,39.9,39.9,AMR3,0,0,0.0,0,0,0,0,0.0,0,0.0,56,57.8,45.1,0.0,T-0336,I-04-03,T-0255,I-01-01
O0180,E,3560.9,6396.1,6427.6,6438.3,6463.5,6463.6,6475.5,6516.6,2955.7,2835.2,AMR3,AMR3,1,25,1,57.5,57.5,AMR3,43.7,43.7,AMR3,0,0,0.0,0,0,0,1,7.0,2,5.0,70,68.4,37.0,15.0,T-0327,E-02-01,T-0073,E-06-01
O0181,E,3576.7,6669.9,6693.4,6707.3,6734.8,7317.1,7331.2,7363.6,3786.9,3093.2,AMR1,AMR2,1,25,0,60.6,60.6,AMR1,47.2,47.2,AMR2,0,0,0.0,0,0,0,0,0.0,0,0.0,68,67.1,44.3,0.0,T-0334,E-06-01,T-0074,E-01-01
O0182,F,3594.4,6559.3,6582.8,6595.9,6629.0,7182.6,7193.0,7228.1,3633.7,2964.9,AMR1,AMR1,1,25,0,66.3,66.3,AMR1,43.7,43.7,AMR1,0,0,0.0,0,0,0,0,0.0,0,0.0,73,72.4,42.8,0.0,T-0331,F-02-01,T-0173,F-01-01
O0183,C,3610.2,6475.7,6505.2,6518.1,6537.9,6872.2,6883.2,6918.9,3308.7,2865.5,AMR2,AMR2,1,25,1,54.3,54.3,AMR2,37.8,37.8,AMR2,0,0,0.0,0,0,0,2,9.1,2,1.1,54,54.8,39.0,15.1,T-0329,C-05-03,T-0186,C-01-01
O0184,C,3629.1,6808.6,6834.1,6849.4,6872.1,7333.8,7347.6,7379.9,3750.8,3179.5,AMR2,AMR3,1,25,1,59.6,59.6,AMR2,41.3,41.3,AMR3,0,0,0.0,0,0,0,1,5.0,0,0.0,54,54.8,47.8,7.0,T-0338,C-04-03,T-0187,C-05-01
O0185,G,3646.2,6618.7,6642.2,6657.9,6682.3,6682.4,6690.6,6723.8,3077.6,2972.5,AMR3,AMR3,1,25,1,61.8,61.8,AMR3,39.6,39.6,AMR3,0,0,0.0,0,0,0,1,3.0,0,0.0,56,57.9,44.1,3.0,T-0333,G-04-03,T-0103,G-05-01
O0186,H,3664.5,6579.6,6607.1,6620.2,6644.5,6644.6,6655.6,6688.6,3024.1,2915.1,AMR2,AMR2,1,25,1,59.1,59.1,AMR2,38.7,38.7,AMR2,0,0,0.0,0,0,0,1,6.0,1,1.0,52,54.7,44.2,10.0,T-0332,H-04-03,T-0160,H-04-01
O0187,G,3680.1,7150.7,7172.7,7188.4,7214.1,7214.2,7230.4,7263.0,3582.9,3470.6,AMR3,AMR3,1,12,2,53.6,53.6,AMR3,40.4,40.4,AMR3,0,0,0.0,0,0,0,2,5.6,1,5.0,47,50.3,46.3,15.6,T-0348,G-06-01,T-0105,G-01-01
O0188,J,3704.2,6983.5,7007.0,7020.8,7049.6,7556.3,7568.3,7601.1,3896.9,3279.3,AMR3,AMR3,1,25,2,64.3,64.3,AMR3,45.5,45.5,AMR3,0,0,0.0,0,0,0,0,0.0,0,0.0,67,66.5,44.4,0.0,T-0342,J-01-03,T-0150,J-01-04
O0189,J,3719.4,6688.7,6717.2,6728.6,6756.8,7049.7,7061.3,7096.2,3376.8,2969.3,AMR2,AMR3,1,25,1,59.7,59.7,AMR2,43.2,43.2,AMR3,0,0,0.0,0,0,0,0,0.0,0,0.0,72,71.4,38.2,5.0,T-0335,J-04-03,T-0149,J-06-02
O0190,F,3739.2,7115.8,7136.2,7151.0,7182.5,7780.5,7792.9,7825.8,4086.6,3376.6,AMR1,AMR3,1,16,1,59.7,59.7,AMR1,46.0,46.0,AMR3,0,0,0.0,0,0,0,0,0.0,0,0.0,62,61.7,45.3,5.0,T-0346,F-03-01,T-0180,F-05-01
O0191,G,3761.7,6786.9,6810.4,6821.5,6848.4,6992.8,7004.9,7029.6,3267.9,3025.2,AMR1,AMR2,1,25,1,59.7,59.7,AMR1,38.0,38.0,AMR2,0,0,0.0,0,0,0,0,0.0,0,0.0,56,57.9,40.4,0.0,T-0337,G-05-01,T-0104,G-06-01
O0192,I,3784.2,6882.0,6905.5,6918.6,6944.5,6944.6,6956.4,6983.4,3199.2,3097.8,AMR3,AMR3,1,25,1,60.7,60.7,AMR3,36.0,36.0,AMR3,0,0,0.0,0,0,0,0,0.0,0,0.0,56,58.7,42.6,0.0,T-0339,I-01-01,T-0261,I-04-01
O0193,H,3808.2,6898.7,6929.2,6942.1,6965.4,6965.5,6976.1,6999.1,3190.9,3090.5,AMR1,AMR1,1,25,1,57.9,57.9,AMR1,34.3,34.3,AMR1,0,0,0.0,0,0,0,0,0.0,1,2.0,52,54.7,38.6,7.0,T-0340,H-04-01,T-0178,H-05-01
O0194,H,3825.9,7029.7,7053.2,7067.7,7093.0,7093.1,7107.4,7134.9,3309.0,3203.8,AMR2,AMR2,1,25,1,61.5,61.5,AMR2,41.0,41.0,AMR2,0,0,0.0,0,0,0,0,0.0,0,0.0,54,56.2,48.9,0.0,T-0343,H-05-01,T-0190,H-02-02
O0195,G,3844.8,6919.0,6953.5,6968.0,6992.7,7581.7,7595.4,7624.4,3779.6,3074.2,AMR2,AMR2,1,25,1,60.9,60.9,AMR2,42.3,42.3,AMR2,0,0,0.0,0,0,0,0,0.0,1,6.0,58,59.5,45.9,11.0,T-0341,G-05-03,T-0168,G-03-01
O0196,H,3861.4,7228.2,7251.7,7266.3,7292.6,7292.7,7306.4,7332.2,3470.8,3366.8,AMR1,AMR1,1,25,1,62.6,62.6,AMR1,40.2,40.2,AMR1,0,0,0.0,0,0,0,0,0.0,0,0.0,52,54.7,49.2,0.0,T-0349,H-04-02,T-0209,H-05-02
O0197,I,3886.2,7380.0,7411.5,7424.7,7451.3,7451.4,7461.6,7487.1,3600.9,3493.8,AMR3,AMR3,1,25,1,61.5,61.5,AMR3,34.4,34.4,AMR3,0,0,0.0,0,0,0,0,0.0,1,3.0,54,57.2,41.8,8.0,T-0354,I-02-01,T-0274,I-03-01
O0198,J,3910.3,7723.0,7757.5,7771.5,7802.9,7940.4,7956.4,7986.5,4076.2,3812.7,AMR2,AMR1,1,25,3,65.5,65.5,AMR2,46.4,46.4,AMR1,0,0,0.0,0,0,0,0,0.0,1,6.0,70,70.2,44.8,11.0,T-0364,J-05-03,T-0166,J-02-01
O0199,B,3931.9,7054.8,7078.3,7091.5,7115.7,7709.7,7724.0,7764.7,3832.8,3122.9,AMR1,AMR1,1,25,0,57.4,57.4,AMR1,43.2,43.2,AMR1,0,0,0.0,0,0,0,1,10.0,1,5.0,61,61.4,44.5,10.0,T-0344,B-02-02,T-0205,B-01-03
O0200,H,3951.2,7135.0,7160.5,7172.1,7195.6,7195.7,7209.6,7243.7,3292.5,3183.8,AMR2,AMR2,1,25,1,56.8,56.8,AMR2,40.2,40.2,AMR2,0,0,0.0,0,0,0,1,7.0,1,2.0,54,56.2,43.4,9.0,T-0347,H-02-02,T-0194,H-04-02
O0201,D,3954.4,7096.3,7119.8,7130.4,7150.6,7601.8,7614.6,7643.5,3689.1,3141.9,AMR3,AMR1,1,25,1,52.4,52.4,AMR3,39.9,39.9,AMR1,0,0,0.0,0,0,0,0,0.0,0,0.0,56,57.3,38.7,0.0,T-0345,D-02-01,T-0225,D-04-02
O0202,F,3958.7,7709.7,7733.2,7749.2,7780.4,7891.6,7907.5,7940.3,3981.6,3751.0,AMR3,AMR3,1,25,3,67.3,67.3,AMR3,49.1,49.1,AMR3,0,0,0.0,0,0,0,0,0.0,0,0.0,74,73.3,46.1,0.0,T-0363,F-01-01,T-0183,F-06-01
O0203,E,3964.7,7243.8,7275.3,7289.9,7317.0,7663.6,7674.7,7709.6,3744.9,3279.1,AMR2,AMR3,1,25,1,62.5,62.5,AMR2,45.2,45.2,AMR3,0,0,0.0,0,0,0,0,0.0,1,3.0,69,67.7,43.5,8.0,T-0350,E-03-02,T-0075,E-05-05
O0204,A,3969.6,7332.3,7355.8,7367.8,7396.1,7396.2,7407.0,7441.1,3471.5,3362.7,AMR1,AMR1,1,25,1,61.9,52.5,AMR3,44.1,44.1,AMR1,1,13,9.4,0,0,0,0,0.0,0,0.0,72,70.1,38.6,0.0,T-0352,A-04-03,T-0154,A-02-01
O0205,C,3973.5,7263.1,7299.6,7311.2,7333.7,7953.9,7981.5,8025.3,4051.8,3289.6,AMR3,AMR2,1,25,16,55.7,55.7,AMR3,56.1,56.1,AMR2,0,0,0.0,0,0,0,1,13.7,2,16.7,69,71.5,43.8,26.7,T-0351,C-01-01,T-0200,C-03-01
O0206,C,3980.3,7441.2,7464.7,7480.2,7504.2,7683.2,7697.8,7722.9,3742.6,3460.9,AMR1,AMR2,1,25,1,61.9,61.9,AMR1,39.4,39.4,AMR2,0,0,0.0,0,0,0,1,1.0,0,0.0,51,53.5,48.2,1.0,T-0356,C-06-03,T-0197,C-06-01
O0207,C,3983.9,7363.7,7387.2,7401.6,7424.3,7504.3,7515.3,7542.9,3559.0,3379.8,AMR2,AMR1,1,25,2,58.7,58.7,AMR2,39.3,39.3,AMR1,0,0,0.0,0,0,0,0,0.0,0,0.0,53,55.0,44.2,0.0,T-0353,C-05-01,T-0192,C-04-01
O0208,H,3990.7,7424.4,7437.0,7449.8,7475.3,7475.4,7488.3,7516.0,3525.3,3433.7,AMR2,AMR2,1,12,1,49.1,49.1,AMR2,39.7,39.7,AMR2,0,0,0.0,0,0,0,0,0.0,0,0.0,41,45.4,46.1,0.0,T-0355,H-05-02,T-0219,H-03-01
O0209,J,3994.4,7487.2,7510.7,7526.3,7556.2,7803.0,7814.2,7843.0,3848.6,3492.8,AMR3,AMR2,1,25,1,64.8,64.8,AMR3,40.7,40.7,AMR2,0,0,0.0,0,0,0,0,0.0,0,0.0,69,68.2,40.8,0.0,T-0357,J-06-02,T-0156,J-01-01
O0210,E,3997.8,7601.2,7624.7,7637.2,7663.5,9271.8,9286.9,9318.8,5321.0,3603.4,AMR3,AMR3,1,25,2,60.4,50.7,AMR1,47.6,47.6,AMR3,1,13,9.7,0,0,0,0,0.0,0,0.0,67,66.2,43.1,0.0,T-0360,E-01-01,T-0169,E-03-01
O0211,G,4003.1,7516.1,7539.6,7551.2,7581.6,7940.4,7967.8,8005.3,4002.2,3513.0,AMR2,AMR3,1,25,16,62.1,62.1,AMR2,54.1,54.1,AMR3,0,0,0.0,0,0,0,1,8.0,1,3.0,77,77.2,45.2,8.0,T-0358,G-01-01,T-0181,G-01-02
O0212,D,4009.8,7543.0,7566.5,7577.6,7601.7,8074.6,8088.3,8117.8,4108.0,3533.2,AMR1,AMR3,1,25,2,56.8,56.8,AMR1,41.5,41.5,AMR3,0,0,0.0,0,0,0,0,0.0,0,0.0,55,57.9,44.0,0.0,T-0359,D-02-02,T-0228,D-01-03
O0213,B,4015.2,7643.6,7673.1,7684.2,7709.6,8429.8,8449.2,8479.4,4464.2,3628.4,AMR1,AMR2,1,25,6,57.3,57.3,AMR1,49.1,49.1,AMR2,0,0,0.0,0,0,0,0,0.0,1,1.0,64,64.7,44.9,6.0,T-0362,B-03-02,T-0207,B-02-03
O0214,C,4020.9,7624.5,7649.0,7659.9,7683.1,8047.7,8058.7,8088.5,4067.6,3603.6,AMR2,AMR1,1,25,0,55.7,55.7,AMR2,41.0,41.0,AMR1,0,0,0.0,0,0,0,0,0.0,0,0.0,53,54.1,44.3,1.0,T-0361,C-04-01,T-0232,C-01-02
O0215,I,4027.1,8117.9,8141.4,8157.7,8185.5,8185.6,8198.9,8225.5,4198.4,4090.8,AMR3,AMR3,1,25,1,64.2,64.2,AMR3,39.5,39.5,AMR3,0,0,0.0,0,0,0,0,0.0,0,0.0,56,57.9,49.6,0.0,T-0373,I-04-01,T-0280,I-05-01
O0216,H,4031.6,7764.8,7788.3,7800.2,7828.2,7828.3,7838.9,7863.9,3832.3,3733.2,AMR1,AMR1,1,25,0,60.8,60.8,AMR1,34.8,34.8,AMR1,0,0,0.0,0,0,0,0,0.0,0,0.0,54,56.3,42.7,0.0,T-0365,H-03-01,T-0226,H-03-02
O0217,A,4037.9,7825.9,7849.4,7863.6,7891.5,10220.8,10236.0,10274.5,6236.6,3788.0,AMR3,AMR2,1,25,1,62.1,56.3,AMR1,52.9,52.9,AMR2,1,10,5.8,0,0,0,0,0.0,0,0.0,74,71.7,47.6,0.0,T-0366,A-02-01,T-0185,A-01-02
O0218,F,4044.8,8794.0,8817.5,8829.9,8861.9,8862.0,8874.0,8908.8,4864.0,4749.2,AMR2,AMR2,1,25,2,66.9,66.9,AMR2,46.5,46.5,AMR2,0,0,0.0,0,0,0,0,0.0,0,0.0,70,69.9,44.8,0.0,T-0393,F-06-01,T-0222,F-03-02
O0219,H,4048.4,7843.1,7873.6,7887.3,7915.8,7915.9,7929.7,7953.8,3905.4,3794.7,AMR2,AMR2,1,25,0,63.1,63.1,AMR2,37.2,37.2,AMR2,0,0,0.0,0,0,0,0,0.0,1,2.0,54,56.2,47.4,7.0,T-0367,H-03-02,T-0234,H-06-02
O0220,I,4054.6,8225.6,8249.1,8265.2,8291.9,8292.0,8304.8,8336.1,4281.5,4171.0,AMR3,AMR3,1,25,1,62.9,62.9,AMR3,41.2,41.2,AMR3,0,0,0.0,0,0,0,0,0.0,0,0.0,58,60.4,50.0,0.0,T-0376,I-05-01,T-0285,I-06-01
O0221,E,4059.4,7864.0,7897.5,7910.6,7940.3,10714.6,10727.3,10764.4,6705.0,3804.6,AMR1,AMR3,1,25,1,62.8,62.8,AMR1,50.4,50.4,AMR3,0,0,0.0,0,0,0,0,0.0,1,5.0,68,67.1,49.0,10.0,T-0368,E-05-03,T-0202,E-04-02
O0222,A,4065.8,8129.9,8165.4,8177.9,8206.7,8206.8,8215.7,8249.8,4184.0,4064.1,AMR2,AMR2,1,25,1,62.9,62.9,AMR2,43.7,43.7,AMR2,0,0,0.0,0,0,0,0,0.0,1,7.0,70,68.6,39.2,12.0,T-0374,A-05-03,T-0159,A-03-01
O0223,I,4072.3,8005.4,8033.9,8046.8,8074.5,8610.3,8637.2,8669.2,4596.9,3933.1,AMR3,AMR1,1,25,14,61.5,61.5,AMR3,54.6,54.6,AMR1,0,0,0.0,0,0,0,1,1.5,0,0.0,70,71.8,49.7,6.5,T-0370,I-03-01,T-0287,I-05-03
O0224,C,4077.8,7986.6,8010.1,8022.1,8047.6,8786.5,8800.1,8826.4,4748.6,3908.8,AMR1,AMR3,1,25,1,58.3,58.3,AMR1,41.1,41.1,AMR3,0,0,0.0,0,0,0,0,0.0,0,0.0,53,54.6,46.3,0.0,T-0369,C-03-01,T-0243,C-02-02
O0225,D,4084.2,8088.6,8112.1,8127.5,8151.7,9029.5,9044.4,9073.7,4989.5,4004.4,AMR1,AMR1,1,25,2,60.4,55.9,AMR2,42.9,42.9,AMR1,1,12,4.5,0,0,0,0,0.0,0,0.0,56,58.3,49.0,0.0,T-0372,D-03-02,T-0284,D-05-03
O0226,H,4090.4,8025.4,8057.9,8072.5,8093.6,8093.7,8104.7,8129.8,4039.4,3935.0,AMR2,AMR2,1,25,2,58.2,58.2,AMR2,32.7,32.7,AMR2,0,0,0.0,0,0,0,2,2.6,1,4.0,54,56.1,36.6,11.6,T-0371,H-06-02,T-0253,H-01-01
O0227,A,4093.4,8347.7,8384.2,8399.7,8429.7,9786.5,9800.7,9837.7,5744.3,4254.3,AMR2,AMR1,1,25,2,66.3,66.3,AMR2,50.0,50.0,AMR1,0,0,0.0,0,0,0,0,0.0,1,8.0,72,72.0,48.2,13.0,T-0380,A-03-01,T-0176,A-05-01
O0228,D,4099.3,8151.8,8177.9,8194.1,8216.4,8216.5,8229.1,8270.3,4171.0,4052.5,AMR1,AMR1,1,13,1,48.9,48.9,AMR1,41.7,41.7,AMR1,0,0,0.0,0,0,0,1,11.0,1,6.0,52,54.6,46.6,17.2,T-0375,D-04-02,T-0238,D-02-03
O0229,F,4104.2,8580.5,8604.0,8614.5,8647.5,8647.6,8661.9,8696.7,4592.5,4476.3,AMR2,AMR2,1,25,1,65.2,61.5,AMR3,47.3,47.3,AMR2,1,12,3.7,0,0,0,0,0.0,0,0.0,72,71.5,44.6,0.0,T-0386,F-05-01,T-0201,F-02-02
O0230,D,4107.5,8270.4,8297.9,8313.8,8335.4,8335.5,8350.3,8390.6,4283.1,4162.9,AMR1,AMR1,1,25,1,59.1,59.1,AMR1,41.8,41.8,AMR1,0,0,0.0,0,0,0,1,11.0,1,6.0,56,57.8,47.3,15.0,T-0378,D-01-03,T-0250,D-04-03
O0231,H,4113.2,8249.9,8273.4,8284.9,8311.6,8311.7,8320.5,8347.6,4234.4,4136.7,AMR2,AMR2,1,25,1,59.9,59.9,AMR2,33.5,33.5,AMR2,0,0,0.0,0,0,0,2,3.6,0,0.0,52,54.2,39.8,3.6,T-0377,H-01-01,T-0277,H-01-03
O0232,H,4120.2,8336.2,8359.7,8370.2,8391.9,8392.0,8404.1,8430.8,4310.6,4216.0,AMR3,AMR3,1,25,1,53.9,53.9,AMR3,40.0,40.0,AMR3,0,0,0.0,0,0,0,0,0.0,0,0.0,52,54.2,40.3,0.0,T-0379,H-01-03,T-0282,H-02-03
O0233,D,4125.0,8479.5,8503.0,8516.3,8541.4,8541.5,8551.4,8580.4,4455.4,4354.5,AMR2,AMR2,1,25,1,58.4,58.4,AMR2,37.0,37.0,AMR2,0,0,0.0,0,0,0,0,0.0,0,0.0,58,59.0,41.8,0.0,T-0383,D-05-02,T-0281,D-06-02
O0234,D,4130.9,8390.7,8414.2,8429.6,8452.8,8452.9,8463.6,8498.9,4368.0,4259.8,AMR1,AMR1,1,25,1,60.2,52.6,AMR3,38.2,38.2,AMR1,1,11,7.6,0,0,0,1,6.0,1,1.0,56,57.3,44.8,6.0,T-0381,D-02-03,T-0275,D-05-02
O0235,H,4134.8,8826.5,8850.0,8866.3,8891.0,8891.1,8900.1,8924.0,4789.2,4691.7,AMR3,AMR3,1,25,1,62.7,59.9,AMR1,34.1,34.1,AMR3,1,11,2.8,0,0,0,0,0.0,0,0.0,52,54.2,43.2,0.0,T-0394,H-01-02,T-0328,H-02-01
O0236,H,4141.1,8430.9,8454.4,8465.8,8491.1,8491.2,8505.0,8527.7,4386.6,4289.8,AMR3,AMR3,1,25,1,58.4,58.4,AMR3,35.8,35.8,AMR3,0,0,0.0,0,0,0,0,0.0,0,0.0,54,56.1,40.6,0.0,T-0382,H-02-03,T-0305,H-06-01
O0237,B,4145.3,8499.0,8527.5,8543.0,8567.1,8567.2,8577.8,8610.2,4464.9,4353.7,AMR1,AMR1,1,25,1,61.2,61.2,AMR1,42.7,42.7,AMR1,0,0,0.0,0,0,0,0,0.0,0,0.0,58,59.0,47.1,5.0,T-0384,B-04-02,T-0210,B-03-03
O0238,H,4148.5,8527.8,8551.3,8563.0,8586.3,8586.4,8602.0,8627.3,4478.8,4379.3,AMR3,AMR3,1,25,2,57.5,57.5,AMR3,40.0,40.0,AMR3,0,0,0.0,0,0,0,0,0.0,0,0.0,54,56.2,43.2,0.0,T-0385,H-06-01,T-0324,H-03-03
O0239,F,4155.3,9549.0,9577.5,9591.3,9624.8,9624.9,9637.1,9667.9,5512.6,5393.7,AMR3,AMR3,1,25,1,67.4,67.4,AMR3,43.7,43.7,AMR3,0,0,0.0,0,0,0,0,0.0,0,0.0,72,70.6,43.2,5.0,T-0412,F-02-02,T-0229,F-05-02
O0240,I,4161.7,8669.3,8692.8,8704.0,8733.5,8733.6,8746.1,8769.2,4607.5,4507.6,AMR1,AMR1,1,25,2,60.0,60.0,AMR1,35.3,35.3,AMR1,0,0,0.0,0,0,0,0,0.0,0,0.0,58,59.3,40.5,0.0,T-0388,I-06-01,T-0289,I-01-02
O0241,C,4166.5,8627.4,8650.9,8662.8,8682.6,9335.4,9362.8,9393.6,5227.1,4460.9,AMR3,AMR2,1,25,16,54.1,54.1,AMR3,56.6,56.6,AMR2,0,0,0.0,0,0,0,0,0.0,0,0.0,68,70.7,42.7,0.0,T-0387,C-06-01,T-0273,C-03-03
O0242,C,4173.3,8682.7,8705.0,8718.1,8738.0,9135.0,9160.6,9203.7,5030.4,4509.4,AMR3,AMR3,1,11,16,43.0,43.0,AMR3,55.1,55.1,AMR3,0,0,0.0,0,0,0,1,14.0,2,15.0,53,57.3,41.7,25.0,T-0389,C-01-02,T-0269,C-02-03
O0243,C,4178.2,8738.1,8750.1,8764.0,8786.4,9393.7,9419.7,9456.0,5277.8,4559.9,AMR3,AMR2,1,12,16,47.0,47.0,AMR3,55.2,55.2,AMR2,0,0,0.0,0,0,0,2,5.6,0,0.0,56,59.9,45.1,5.6,T-0391,C-01-04,T-0279,C-04-02
O0244,H,4181.8,8696.8,8720.3,8731.7,8758.2,8758.3,8769.7,8793.9,4612.1,4515.0,AMR2,AMR2,1,25,0,58.8,58.8,AMR2,34.8,34.8,AMR2,0,0,0.0,0,0,0,0,0.0,0,0.0,54,56.3,40.7,0.0,T-0390,H-03-03,T-0326,H-01-02
O0245,I,4188.8,8769.3,8792.8,8808.9,8831.9,8832.0,8843.0,8867.9,4679.1,4580.5,AMR1,AMR1,1,25,1,60.8,60.8,AMR1,37.6,37.6,AMR1,0,0,0.0,0,0,0,0,0.0,0,0.0,52,54.2,44.3,0.0,T-0392,I-01-02,T-0295,I-02-02
O0246,G,4194.2,8924.1,8956.6,8971.8,8996.3,8996.4,9007.8,9033.3,4839.1,4729.9,AMR3,AMR3,1,25,0,60.6,50.1,AMR1,36.6,36.6,AMR3,1,13,10.5,1,0,0,0,0.0,1,4.0,58,59.5,40.6,9.0,T-0397,G-03-01,T-0184,G-03-02
O0247,I,4199.0,8908.9,8932.4,8943.8,8966.6,8966.7,8982.2,9010.5,4811.5,4709.9,AMR2,AMR2,1,25,1,55.9,55.9,AMR2,42.5,42.5,AMR2,0,0,0.0,0,0,0,0,0.0,0,0.0,54,57.2,44.3,0.0,T-0396,I-02-02,T-0298,I-03-02
O0248,C,4204.3,8868.0,8891.5,8904.2,8924.4,8924.5,8936.1,8963.4,4759.1,4663.7,AMR1,AMR1,1,25,1,54.5,54.5,AMR1,39.0,39.0,AMR1,0,0,0.0,0,0,0,0,0.0,0,0.0,54,54.9,40.4,0.0,T-0395,C-02-02,T-0260,C-03-02
O0249,C,4209.8,9010.6,9034.1,9045.1,9067.1,9067.2,9079.9,9106.3,4896.5,4800.8,AMR2,AMR2,1,25,0,53.8,53.8,AMR2,38.3,38.3,AMR2,0,0,0.0,0,0,0,0,0.0,0,0.0,54,55.9,39.7,0.0,T-0399,C-03-02,T-0263,C-05-02
O0250,D,4213.7,8963.5,8987.0,9002.8,9029.4,9357.0,9385.6,9416.0,5202.3,4749.8,AMR1,AMR1,1,25,16,61.6,56.5,AMR2,57.9,57.9,AMR1,1,11,5.1,0,0,0,0,0.0,0,0.0,72,73.9,51.0,0.0,T-0398,D-06-02,T-0304,D-03-01
O0251,F,4218.4,10530.8,10554.3,10568.1,10601.9,10602.0,10616.8,10649.3,6430.9,6312.4,AMR3,AMR3,1,25,1,67.7,67.7,AMR3,48.0,48.0,AMR3,0,0,0.0,0,0,0,0,0.0,0,0.0,72,70.6,47.8,0.0,T-0440,F-02-03,T-0252,F-04-02
O0252,H,4221.5,9033.4,9057.9,9069.9,9095.5,9095.6,9109.3,9134.9,4913.4,4811.9,AMR3,AMR3,1,25,1,59.3,59.3,AMR3,38.5,38.5,AMR3,0,0,0.0,0,0,0,0,0.0,0,0.0,54,56.2,44.2,1.0,T-0400,H-02-01,T-0332,H-04-03
O0253,D,4227.9,9244.3,9268.3,9280.1,9306.5,9306.6,9320.0,9356.9,5129.0,5016.4,AMR1,AMR1,1,12,1,47.9,47.9,AMR1,42.4,42.4,AMR1,0,0,0.0,0,0,0,1,7.0,2,9.0,43,46.5,47.0,19.0,T-0406,D-05-03,T-0292,D-03-03
O0254,J,4234.1,9073.8,9097.3,9108.2,9138.2,9138.3,9152.3,9184.1,4950.0,4839.7,AMR1,AMR1,1,25,1,62.6,62.6,AMR1,44.0,44.0,AMR1,0,0,0.0,0,0,0,0,0.0,0,0.0,68,68.3,41.9,0.0,T-0401,J-01-01,T-0171,J-04-01
O0255,D,4238.8,9106.4,9129.9,9143.3,9167.4,9167.5,9178.2,9220.0,4981.2,4867.6,AMR2,AMR2,1,25,1,57.5,57.5,AMR2,36.0,36.0,AMR2,0,0,0.0,0,0,0,1,16.2,1,11.2,56,57.4,39.9,16.2,T-0402,D-04-03,T-0290,D-01-01
O0256,D,4245.1,9184.2,9207.7,9221.9,9244.2,11072.6,11090.7,11120.2,6875.1,4939.1,AMR1,AMR1,1,25,5,58.1,58.1,AMR1,47.9,47.9,AMR1,0,0,0.0,0,0,0,0,0.0,0,0.0,58,59.2,48.4,0.0,T-0403,D-01-01,T-0345,D-02-01
O0257,E,4250.5,9203.8,9231.3,9243.7,9271.7,9641.9,9658.9,9694.4,5443.9,4953.3,AMR3,AMR2,1,25,7,59.6,59.6,AMR3,50.7,50.7,AMR2,0,0,0.0,0,0,0,0,0.0,0,0.0,77,76.7,39.7,4.0,T-0404,E-06-03,T-0175,E-04-01
O0258,J,4254.0,9416.1,9439.6,9453.4,9485.6,9485.7,9497.2,9530.2,5276.2,5162.1,AMR1,AMR1,1,25,1,67.7,67.7,AMR1,41.2,41.2,AMR1,0,0,0.0,0,0,0,0,0.0,0,0.0,70,69.8,44.2,0.0,T-0408,J-02-01,T-0189,J-06-01
O0259,I,4260.7,9220.1,9255.6,9268.5,9295.6,9295.7,9306.7,9335.3,5074.6,4959.4,AMR2,AMR2,1,25,0,60.9,60.9,AMR2,33.8,33.8,AMR2,0,0,0.0,0,0,0,1,3.0,1,7.0,56,58.8,41.3,15.0,T-0405,I-03-02,T-0307,I-05-02
O0260,I,4264.1,9318.9,9342.4,9355.2,9381.7,9381.8,9392.0,9433.6,5169.5,5054.8,AMR3,AMR3,1,25,1,59.4,59.4,AMR3,40.2,40.2,AMR3,0,0,0.0,0,0,0,1,11.2,1,6.2,56,57.9,45.5,11.2,T-0407,I-05-02,T-0317,I-04-02
O0261,C,4268.4,9433.7,9463.2,9475.2,9500.4,9500.5,9514.7,9548.9,5280.5,5165.3,AMR3,AMR3,1,25,1,58.8,58.8,AMR3,43.6,43.6,AMR3,0,0,0.0,0,0,0,1,5.0,1,1.0,54,54.8,49.3,11.0,T-0409,C-04-02,T-0299,C-02-01
O0262,G,4275.2,10985.0,11008.5,11024.1,11053.2,11053.3,11068.0,11099.3,6824.1,6709.8,AMR3,AMR3,1,25,1,66.4,66.4,AMR3,43.2,43.2,AMR3,0,0,0.0,0,0,0,0,0.0,0,0.0,60,61.9,52.3,0.0,T-0453,G-04-02,T-0236,G-02-02
O0263,J,4282.0,15240.5,15264.0,15287.1,15317.3,15317.4,15333.6,15363.1,11081.1,10958.5,AMR2,AMR2,1,25,1,73.4,72.7,AMR3,46.4,46.4,AMR2,1,3,0.7,0,0,0,0,0.0,0,0.0,68,67.4,55.1,0.0,T-0569,J-04-03,T-0401,J-01-01
O0264,B,4287.3,9456.1,9487.6,9499.8,9523.1,9523.2,9533.9,9569.3,5282.0,5168.8,AMR2,AMR2,1,25,1,55.5,55.5,AMR2,40.7,40.7,AMR2,0,0,0.0,0,0,0,2,5.1,1,3.0,60,60.6,39.4,13.1,T-0410,B-01-03,T-0215,B-05-02
O0265,H,4292.4,9896.8,9924.3,9938.7,9965.8,9965.9,9976.2,10001.0,5708.6,5604.4,AMR2,AMR2,1,25,1,63.2,63.2,AMR2,34.3,34.3,AMR2,0,0,0.0,0,0,0,0,0.0,0,0.0,54,56.2,43.9,4.0,T-0422,H-02-02,T-0349,H-04-02
O0266,I,4299.4,9569.4,9601.9,9615.3,9641.8,9729.3,9739.5,9768.3,5468.9,5270.0,AMR2,AMR3,1,25,1,60.0,60.0,AMR2,36.1,36.1,AMR3,0,0,0.0,0,0,0,0,0.0,1,4.0,58,60.4,42.0,9.0,T-0413,I-04-02,T-0319,I-06-02
O0267,H,4304.3,9530.3,9553.8,9566.7,9588.8,9588.9,9597.9,9621.4,5317.1,5226.0,AMR1,AMR1,1,25,1,56.7,56.7,AMR1,33.2,33.2,AMR1,0,0,0.0,0,0,0,0,0.0,0,0.0,52,54.7,36.3,0.0,T-0411,H-04-03,T-0340,H-04-01
O0268,I,4307.7,9668.0,9691.5,9704.0,9729.2,10134.9,10163.0,10191.7,5884.0,5360.3,AMR3,AMR1,1,25,14,57.8,57.8,AMR3,53.5,53.5,AMR1,0,0,0.0,0,0,0,0,0.0,0,0.0,67,69.6,44.9,3.5,T-0415,I-05-03,T-0339,I-01-01
O0269,F,4312.6,9716.7,9742.2,9756.6,9786.4,13505.4,13521.5,13555.5,9242.9,5404.1,AMR1,AMR3,1,25,1,65.1,65.1,AMR1,48.3,48.3,AMR3,0,0,0.0,0,0,0,0,0.0,0,0.0,73,72.3,45.5,2.0,T-0417,F-03-02,T-0288,F-01-02
O0270,H,4315.8,9621.5,9645.0,9657.6,9680.9,9681.0,9693.2,9716.6,5400.8,5305.7,AMR1,AMR1,1,25,1,57.6,57.6,AMR1,36.3,36.3,AMR1,0,0,0.0,0,0,0,0,0.0,0,0.0,52,54.7,40.3,0.0,T-0414,H-04-01,T-0343,H-05-01
O0271,G,4319.3,9694.5,9718.0,9730.1,9757.7,9757.8,9770.4,9794.2,5474.9,5375.2,AMR2,AMR2,1,25,1,59.8,59.8,AMR2,36.1,36.1,AMR2,0,0,0.0,0,0,0,0,0.0,0,0.0,60,61.0,38.6,0.0,T-0416,G-01-02,T-0217,G-04-01
O0272,I,4324.9,9974.1,9997.6,10008.6,10037.0,10037.1,10050.1,10075.8,5750.9,5649.2,AMR3,AMR3,1,25,0,60.3,60.3,AMR3,38.4,38.4,AMR3,0,0,0.0,0,0,0,0,0.0,0,0.0,54,56.3,45.3,0.0,T-0424,I-03-03,T-0330,I-01-03
O0273,I,4328.6,9768.4,9791.9,9807.4,9832.4,9832.5,9846.4,9877.1,5548.5,5439.8,AMR3,AMR3,1,25,2,59.8,59.8,AMR3,39.8,39.8,AMR3,0,0,0.0,0,0,0,1,4.5,0,0.0,58,59.3,44.8,4.5,T-0418,I-06-02,T-0321,I-02-03
O0274,H,4333.4,9794.3,9817.8,9833.3,9856.2,9856.3,9871.7,9896.7,5563.3,5460.9,AMR2,AMR2,1,25,1,60.1,60.1,AMR2,39.6,39.6,AMR2,0,0,0.0,0,0,0,0,0.0,0,0.0,54,56.2,46.1,0.0,T-0419,H-05-01,T-0347,H-02-02
O0275,I,4336.9,10064.6,10079.2,10091.1,10117.0,10117.1,10133.2,10159.6,5822.7,5727.7,AMR2,AMR2,1,14,1,50.6,50.6,AMR2,39.7,39.7,AMR2,0,0,0.0,0,0,0,0,0.0,0,0.0,45,49.8,45.1,0.0,T-0427,I-01-03,T-0336,I-04-03
O0276,B,4340.1,9837.8,9861.3,9873.9,9896.7,9896.8,9906.3,9934.9,5594.8,5497.7,AMR1,AMR1,1,25,1,57.0,57.0,AMR1,37.8,37.8,AMR1,0,0,0.0,0,0,0,0,0.0,0,0.0,58,59.0,38.0,0.0,T-0420,B-05-02,T-0245,B-03-01
O0277,I,4343.7,9877.2,9900.7,9911.4,9936.0,9936.1,9947.0,9974.0,5630.3,5533.5,AMR3,AMR3,1,25,1,57.0,57.0,AMR3,36.6,36.6,AMR3,0,0,0.0,0,0,0,0,0.0,0,0.0,54,57.2,39.5,0.0,T-0421,I-02-03,T-0325,I-03-03
O0278,A,4347.6,10159.7,10183.2,10194.7,10220.7,11219.5,11234.8,11267.8,6920.2,5812.1,AMR2,AMR2,1,25,1,59.1,59.1,AMR2,48.9,48.9,AMR2,0,0,0.0,0,0,0,0,0.0,0,0.0,70,68.7,40.6,0.0,T-0430,A-05-01,T-0193,A-03-02
O0279,B,4354.4,9935.0,9958.5,9971.8,9997.2,9997.3,10010.2,10035.4,5681.0,5580.6,AMR1,AMR1,1,25,0,59.5,52.3,AMR3,37.9,37.9,AMR1,1,11,7.2,0,0,0,0,0.0,0,0.0,58,59.0,41.3,0.0,T-0423,B-03-01,T-0251,B-06-02
O0280,H,4361.1,10001.1,10024.6,10040.4,10064.5,10294.3,10320.1,10346.6,5985.5,5640.0,AMR2,AMR1,1,25,14,61.6,61.6,AMR2,50.6,50.6,AMR1,0,0,0.0,0,0,0,0,0.0,0,0.0,67,69.4,46.3,0.0,T-0425,H-04-02,T-0355,H-05-02
O0281,B,4367.4,10075.9,10103.4,10116.2,10137.8,10287.9,10299.2,10328.7,5961.3,5708.5,AMR3,AMR3,1,25,3,56.8,56.8,AMR3,42.0,42.0,AMR3,0,0,0.0,0,0,0,0,0.0,0,0.0,57,59.1,39.6,4.0,T-0428,B-06-02,T-0254,B-04-03
O0282,D,4372.6,10035.5,10059.0,10072.2,10097.2,10097.3,10106.6,10134.8,5762.2,5662.9,AMR1,AMR1,1,25,0,57.2,51.2,AMR3,35.7,35.7,AMR1,1,10,6.0,0,0,0,0,0.0,0,0.0,56,59.2,40.0,0.0,T-0426,D-03-01,T-0308,D-04-01
O0283,F,4376.8,10274.6,10298.1,10312.0,10342.7,10342.8,10359.1,10390.8,6014.0,5897.8,AMR2,AMR2,1,25,1,66.3,66.3,AMR2,46.2,46.2,AMR2,0,0,0.0,0,0,0,0,0.0,0,0.0,72,71.5,44.6,0.0,T-0433,F-05-02,T-0249,F-02-03
O0284,C,4383.5,10137.9,10150.6,10162.7,10186.5,10186.6,10196.8,10224.5,5841.0,5754.4,AMR3,AMR3,1,13,1,47.9,47.9,AMR3,38.2,38.2,AMR3,0,0,0.0,0,0,0,0,0.0,0,0.0,42,43.9,42.6,0.0,T-0429,C-02-01,T-0306,C-06-02
O0285,G,4389.4,10224.6,10248.1,10260.0,10287.8,11796.2,11825.9,11857.2,7467.8,5835.2,AMR3,AMR3,1,25,16,61.4,61.4,AMR3,58.2,58.2,AMR3,0,0,0.0,0,0,0,0,0.0,0,0.0,75,75.6,48.6,0.0,T-0432,G-04-01,T-0293,G-02-01
O0286,I,4394.4,10191.8,10215.3,10230.4,10256.6,10256.7,10266.6,10294.2,5899.8,5797.4,AMR1,AMR1,1,25,1,62.9,62.9,AMR1,39.2,39.2,AMR1,0,0,0.0,0,0,0,0,0.0,0,0.0,52,54.3,48.0,0.0,T-0431,I-01-01,T-0354,I-02-01
O0287,F,4398.7,10664.4,10696.9,10712.8,10741.2,10741.3,10754.5,10788.1,6389.4,6265.7,AMR1,AMR1,1,25,1,66.0,66.0,AMR1,44.9,44.9,AMR1,0,0,0.0,0,0,0,1,1.6,1,4.0,70,70.0,43.0,10.6,T-0444,F-04-02,T-0258,F-03-03
O0288,J,4405.4,10346.7,10376.2,10389.0,10421.5,10421.6,10435.9,10464.3,6058.9,5941.3,AMR1,AMR1,1,25,1,65.4,65.4,AMR1,43.3,43.3,AMR1,0,0,0.0,0,0,0,0,0.0,1,1.0,68,67.5,44.0,6.0,T-0435,J-04-01,T-0213,J-03-01
O0289,I,4410.7,10559.0,10582.5,10597.7,10624.1,10624.2,10636.3,10664.3,6253.6,6148.3,AMR1,AMR1,1,25,1,61.7,61.7,AMR1,37.7,37.7,AMR1,0,0,0.0,0,0,0,1,2.0,0,0.0,56,57.9,45.3,2.0,T-0441,I-04-01,T-0376,I-05-01
O0290,I,4415.0,10328.8,10352.3,10363.4,10387.9,10388.0,10398.4,10429.8,6014.8,5913.8,AMR3,AMR3,1,25,1,57.3,57.3,AMR3,36.9,36.9,AMR3,0,0,0.0,0,0,0,1,2.0,0,0.0,56,58.8,40.1,2.0,T-0434,I-02-01,T-0370,I-03-01
O0291,J,4421.9,11227.2,11251.7,11267.6,11297.6,11297.7,11311.8,11340.1,6918.2,6805.3,AMR1,AMR1,1,25,0,66.8,66.8,AMR1,43.1,43.1,AMR1,0,0,0.0,0,0,0,0,0.0,0,0.0,66,65.9,45.9,1.0,T-0460,J-03-01,T-0230,J-01-02
O0292,H,4426.9,10390.9,10414.4,10427.1,10450.5,10450.6,10466.1,10489.8,6062.9,5964.0,AMR2,AMR2,1,25,1,57.8,57.8,AMR2,38.3,38.3,AMR2,0,0,0.0,0,0,0,0,0.0,0,0.0,54,56.3,42.5,0.0,T-0436,H-05-02,T-0365,H-03-01
O0293,I,4433.4,10429.9,10453.4,10464.8,10488.3,10488.4,10502.3,10530.7,6097.3,5996.5,AMR3,AMR3,1,25,0,55.8,55.8,AMR3,39.5,39.5,AMR3,0,0,0.0,0,0,0,0,0.0,0,0.0,56,58.8,41.9,0.0,T-0437,I-03-01,T-0373,I-04-01
O0294,D,4439.3,10464.4,10487.9,10499.7,10521.2,10521.3,10530.8,10558.9,6119.6,6025.1,AMR1,AMR1,1,25,1,53.3,53.3,AMR1,35.2,35.2,AMR1,0,0,0.0,0,0,0,0,0.0,0,0.0,58,59.5,34.9,0.0,T-0438,D-04-01,T-0314,D-06-01
O0295,E,4444.2,10489.9,10513.4,10527.4,10555.4,10555.5,10568.2,10597.6,6153.4,6045.7,AMR2,AMR2,1,25,0,62.8,62.8,AMR2,42.8,42.8,AMR2,0,0,0.0,0,0,0,0,0.0,0,0.0,66,65.5,42.1,0.0,T-0439,E-03-01,T-0199,E-01-02
O0296,E,4449.9,10649.4,10672.9,10686.5,10714.5,13159.0,13174.8,13207.7,8757.8,6199.5,AMR3,AMR1,1,25,1,61.6,61.6,AMR3,49.4,49.4,AMR1,0,0,0.0,0,0,0,0,0.0,0,0.0,68,67.0,46.8,0.0,T-0443,E-04-01,T-0256,E-01-03
O0297,H,4456.4,10597.7,10621.2,10633.3,10660.3,10660.4,10673.3,10701.9,6245.5,6141.3,AMR2,AMR2,1,25,0,60.0,60.0,AMR2,40.7,40.7,AMR2,0,0,0.0,0,0,0,0,0.0,0,0.0,54,56.3,47.8,0.0,T-0442,H-03-01,T-0367,H-03-02
O0298,G,4462.3,10788.2,10822.7,10837.1,10865.6,10865.7,10880.1,10905.3,6443.0,6325.9,AMR1,AMR1,1,25,0,63.8,63.8,AMR1,39.3,39.3,AMR1,0,0,0.0,0,0,0,0,0.0,1,6.0,58,59.5,46.5,11.0,T-0448,G-03-02,T-0220,G-04-02
O0299,H,4467.7,10905.4,10928.9,10945.2,10968.2,10968.3,10982.6,11009.4,6541.7,6437.7,AMR1,AMR1,1,25,2,61.8,61.8,AMR1,40.3,40.3,AMR1,0,0,0.0,0,0,0,0,0.0,0,0.0,54,56.1,47.8,0.0,T-0451,H-06-02,T-0377,H-01-01
O0300,C,4473.7,10702.0,10725.5,10740.2,10762.4,11112.0,11122.6,11153.3,6679.6,6228.3,AMR2,AMR2,1,25,3,58.5,58.5,AMR2,41.5,41.5,AMR2,0,0,0.0,0,0,0,1,1.0,0,0.0,54,56.2,44.5,1.0,T-0445,C-05-02,T-0312,C-01-03
O0301,D,4479.5,10762.5,10775.1,10790.3,10812.9,10813.0,10825.8,10854.5,6375.0,6283.0,AMR2,AMR2,1,12,2,46.1,46.1,AMR2,41.0,41.0,AMR2,0,0,0.0,0,0,0,0,0.0,0,0.0,45,48.2,43.7,0.0,T-0446,D-06-01,T-0316,D-06-03
O0302,H,4483.7,10764.5,10799.0,10811.9,10836.7,10836.8,10847.6,10874.4,6390.7,6280.8,AMR3,AMR3,1,25,0,58.6,58.6,AMR3,36.9,36.9,AMR3,0,0,0.0,0,0,0,0,0.0,1,6.0,54,56.2,42.6,11.0,T-0447,H-03-02,T-0371,H-06-02
O0303,D,4487.9,11099.4,11122.9,11138.9,11163.3,11163.4,11174.1,11204.0,6716.1,6611.5,AMR3,AMR3,1,25,1,62.0,62.0,AMR3,42.3,42.3,AMR3,0,0,0.0,0,0,0,0,0.0,0,0.0,52,53.8,50.7,0.0,T-0456,D-02-01,T-0359,D-02-02
O0304,D,4493.0,10854.6,10878.1,10890.7,10915.8,10915.9,10925.3,10952.8,6459.8,6361.6,AMR2,AMR2,1,25,0,58.5,58.5,AMR2,35.1,35.1,AMR2,0,0,0.0,0,0,0,0,0.0,0,0.0,56,57.4,40.7,0.0,T-0449,D-03-03,T-0318,D-05-01
O0305,F,4496.7,10874.5,10902.0,10912.9,10943.7,10943.8,10955.1,10984.9,6488.2,6377.8,AMR3,AMR3,1,25,0,62.6,62.6,AMR3,41.9,41.9,AMR3,0,0,0.0,0,0,0,0,0.0,0,0.0,70,69.0,37.3,4.0,T-0450,F-03-03,T-0266,F-06-02
O0306,D,4502.4,10952.9,10976.4,10991.1,11012.7,11012.8,11023.7,11049.4,6547.0,6450.5,AMR2,AMR2,1,25,1,56.3,56.3,AMR2,35.5,35.5,AMR2,0,0,0.0,0,0,0,0,0.0,0,0.0,56,58.2,38.2,0.0,T-0452,D-05-01,T-0323,D-01-02
O0307,H,4507.3,11120.3,11146.8,11161.7,11188.7,11188.8,11200.1,11227.1,6719.8,6613.0,AMR1,AMR1,1,25,1,63.6,63.6,AMR1,37.5,37.5,AMR1,0,0,0.0,0,0,0,0,0.0,0,0.0,54,56.2,47.5,3.0,T-0457,H-05-03,T-0379,H-01-03
O0308,E,4510.3,11009.5,11033.0,11047.0,11072.5,11952.0,11967.2,11998.3,7488.0,6499.2,AMR1,AMR2,1,25,1,61.1,55.5,AMR2,47.0,47.0,AMR2,1,11,5.6,0,0,0,0,0.0,0,0.0,66,65.4,43.9,0.0,T-0454,E-01-02,T-0216,E-02-02
O0309,H,4515.5,11049.5,11073.0,11085.5,11111.9,11306.1,11332.7,11361.0,6845.5,6534.0,AMR2,AMR3,1,25,14,60.6,57.5,AMR3,55.1,55.1,AMR3,1,9,3.1,0,0,0,0,0.0,0,0.0,65,67.5,49.8,0.0,T-0455,H-01-01,T-0382,H-02-03
O0310,J,4519.7,11935.3,11958.8,11972.7,12006.0,12006.1,12018.6,12049.0,7529.3,7415.6,AMR1,AMR1,1,25,1,67.3,67.3,AMR1,43.5,43.5,AMR1,0,0,0.0,0,0,0,0,0.0,0,0.0,68,67.5,46.1,0.0,T-0479,J-05-01,T-0265,J-03-02
O0311,I,4524.5,11361.1,11387.6,11400.5,11425.2,11425.3,11437.0,11464.7,6940.2,6836.6,AMR3,AMR3,1,25,1,57.7,57.7,AMR3,36.5,36.5,AMR3,0,0,0.0,0,0,0,0,0.0,0,0.0,58,60.4,40.1,3.0,T-0463,I-05-01,T-0388,I-06-01
O0312,H,4528.0,11340.2,11363.7,11379.6,11406.7,11461.4,11475.1,11515.6,6987.6,6812.2,AMR1,AMR1,1,25,1,64.7,64.7,AMR1,37.1,37.1,AMR1,0,0,0.0,0,0,0,2,14.6,1,8.0,54,57.9,48.2,14.6,T-0462,H-01-03,T-0385,H-06-01
O0313,A,4532.1,11153.4,11176.9,11191.6,11219.4,11455.4,11465.3,11501.3,6969.2,6621.3,AMR2,AMR2,1,25,0,62.5,62.2,AMR3,46.6,46.6,AMR2,1,13,0.3,0,0,0,0,0.0,0,0.0,71,69.5,42.4,0.0,T-0458,A-01-02,T-0214,A-04-01
O0314,C,4536.3,11204.1,11227.6,11244.0,11264.5,11264.6,11276.2,11306.0,6769.7,6667.8,AMR3,AMR3,1,25,2,59.3,59.3,AMR3,42.1,42.1,AMR3,0,0,0.0,0,0,0,0,0.0,0,0.0,52,54.2,47.6,0.0,T-0459,C-06-02,T-0329,C-05-03
O0315,E,4542.2,11880.1,11904.6,11920.6,11951.9,12293.7,12304.0,12337.3,7795.1,7337.9,AMR2,AMR2,1,25,1,67.3,67.3,AMR2,42.8,42.8,AMR2,0,0,0.0,0,0,0,0,0.0,0,0.0,70,68.5,45.9,1.0,T-0478,E-05-01,T-0241,E-05-02
O0316,D,4547.7,11267.9,11291.4,11305.1,11326.7,11326.8,11338.8,11376.8,6829.1,6720.2,AMR2,AMR2,1,25,1,56.9,56.9,AMR2,39.5,39.5,AMR2,0,0,0.0,0,0,0,1,10.2,1,5.2,54,55.8,42.8,10.2,T-0461,D-01-02,T-0372,D-03-02
O0317,J,4551.7,11464.8,11488.3,11499.8,11534.0,11534.1,11545.4,11578.2,7026.5,6913.1,AMR3,AMR3,1,25,2,65.0,65.0,AMR3,44.8,44.8,AMR3,0,0,0.0,0,0,0,0,0.0,0,0.0,70,68.9,44.4,0.0,T-0466,J-06-01,T-0244,J-02-02
O0318,J,4558.0,11682.2,11705.7,11719.6,11749.9,11750.0,11761.6,11796.1,7238.1,7124.2,AMR3,AMR3,1,25,1,65.9,65.9,AMR3,44.3,44.3,AMR3,0,0,0.0,0,0,0,0,0.0,0,0.0,68,68.3,45.5,0.0,T-0473,J-01-02,T-0247,J-05-01
O0319,A,4561.2,11376.9,11411.4,11426.8,11455.3,12795.5,12809.2,12840.8,8279.6,6815.7,AMR2,AMR2,1,25,1,64.7,64.7,AMR2,47.5,47.5,AMR2,0,0,0.0,0,0,0,0,0.0,1,6.0,69,67.9,44.8,11.0,T-0464,A-03-02,T-0221,A-06-01
O0320,H,4567.1,11406.8,11425.8,11439.0,11461.3,11501.4,11527.4,11552.5,6985.4,6839.7,AMR1,AMR2,1,14,14,48.3,48.3,AMR1,50.2,50.2,AMR2,0,0,0.0,0,0,0,0,0.0,0,0.0,56,59.1,41.5,5.0,T-0465,H-02-03,T-0390,H-03-03
O0321,D,4573.1,11552.6,11576.1,11588.3,11609.0,11921.0,11933.7,11961.7,7388.6,6979.5,AMR2,AMR3,1,25,1,54.5,54.5,AMR2,40.4,40.4,AMR3,0,0,0.0,0,0,0,0,0.0,0,0.0,54,55.8,41.3,0.0,T-0468,D-02-02,T-0378,D-01-03
O0322,H,4579.6,11578.3,11601.8,11614.8,11640.3,11640.4,11656.5,11682.1,7102.5,6998.7,AMR3,AMR3,1,25,2,61.0,61.0,AMR3,40.9,40.9,AMR3,0,0,0.0,0,0,0,0,0.0,0,0.0,54,56.1,47.6,0.0,T-0469,H-06-01,T-0394,H-01-02
O0323,F,4583.6,11515.7,11539.2,11551.7,11582.6,11582.7,11594.2,11624.4,7040.8,6932.1,AMR1,AMR1,1,25,2,65.9,65.9,AMR1,42.9,42.9,AMR1,0,0,0.0,0,0,0,0,0.0,0,0.0,68,68.4,40.2,0.0,T-0467,F-06-02,T-0278,F-04-03
O0324,C,4589.6,11609.1,11621.1,11634.6,11655.3,13065.0,13080.8,13112.9,8523.3,7019.5,AMR2,AMR3,1,12,0,45.5,45.5,AMR2,42.2,42.2,AMR3,0,0,0.0,0,0,0,1,1.0,0,0.0,40,43.5,45.6,5.0,T-0470,C-01-03,T-0387,C-06-01
O0325,D,4596.5,11655.4,11667.4,11679.0,11702.8,11702.9,11714.9,11748.5,7152.0,7058.9,AMR2,AMR2,1,12,0,45.3,45.3,AMR2,38.8,38.8,AMR2,0,0,0.0,0,0,0,1,5.0,0,0.0,43,45.9,42.1,5.0,T-0472,D-03-02,T-0375,D-04-02
O0326,G,4602.4,11624.5,11648.0,11659.7,11689.1,11689.2,11704.0,11729.6,7127.2,7022.1,AMR1,AMR1,1,25,1,60.7,60.7,AMR1,40.1,40.1,AMR1,0,0,0.0,0,0,0,0,0.0,0,0.0,60,61.5,43.5,0.0,T-0471,G-02-02,T-0268,G-05-02
O0327,H,4605.7,11729.7,11753.2,11767.9,11793.4,11793.5,11803.1,11829.4,7223.7,7124.0,AMR1,AMR1,1,25,1,61.9,61.9,AMR1,35.0,35.0,AMR1,0,0,0.0,0,0,0,0,0.0,0,0.0,54,56.3,43.3,0.0,T-0474,H-01-02,T-0400,H-02-01
O0328,H,4609.2,12063.4,12096.9,12111.6,12138.2,12138.3,12151.8,12193.7,7584.5,7454.2,AMR3,AMR3,1,25,1,63.0,63.0,AMR3,35.9,35.9,AMR3,0,0,0.0,0,0,0,1,17.2,2,17.2,54,56.2,45.3,28.7,T-0483,H-02-01,T-0411,H-04-03
O0329,E,4613.7,11748.6,11777.1,11791.5,11821.1,11821.2,11829.4,11880.0,7266.3,7134.9,AMR2,AMR2,1,25,1,64.0,62.5,AMR3,44.4,44.4,AMR2,1,5,1.5,0,0,0,1,15.0,1,10.0,68,67.1,44.2,20.0,T-0475,E-04-02,T-0204,E-05-01
O0330,H,4619.4,12442.4,12465.9,12482.3,12509.7,12509.8,12521.0,12543.9,7924.5,7823.0,AMR2,AMR2,1,25,1,65.5,65.5,AMR2,33.3,33.3,AMR2,0,0,0.0,0,0,0,0,0.0,0,0.0,54,56.2,45.2,0.0,T-0493,H-05-01,T-0422,H-02-02
O0331,I,4623.3,11829.5,11853.0,11866.3,11895.0,11895.1,11908.5,11935.2,7311.9,7206.2,AMR1,AMR1,1,25,2,61.3,61.3,AMR1,39.8,39.8,AMR1,0,0,0.0,0,0,0,0,0.0,0,0.0,58,59.3,46.3,0.0,T-0476,I-06-01,T-0392,I-01-02
O0332,D,4627.5,11857.3,11880.8,11894.4,11920.9,12056.6,12066.0,12099.1,7471.6,7229.8,AMR3,AMR2,1,25,1,60.1,60.1,AMR3,35.7,35.7,AMR2,0,0,0.0,0,0,0,1,8.0,1,3.0,54,55.9,42.2,8.0,T-0477,D-04-02,T-0381,D-02-03
O0333,I,4634.3,11961.8,11985.3,11998.2,12024.3,12024.4,12033.3,12063.3,7429.0,7327.5,AMR3,AMR3,1,25,1,60.7,60.7,AMR3,35.6,35.6,AMR3,0,0,0.0,0,0,0,1,5.0,0,0.0,52,54.2,42.2,5.0,T-0480,I-01-02,T-0396,I-02-02
O0334,B,4637.7,12049.1,12072.6,12087.5,12113.9,12114.0,12126.3,12157.8,7520.1,7411.4,AMR1,AMR1,1,25,1,61.3,58.5,AMR2,43.5,43.5,AMR1,1,13,2.8,0,0,0,0,0.0,0,0.0,60,60.6,48.0,0.0,T-0482,B-02-03,T-0257,B-05-03
O0335,J,4642.5,12410.4,12433.9,12449.7,12478.3,12478.4,12494.6,12527.1,7884.6,7767.9,AMR3,AMR3,1,25,1,66.1,66.1,AMR3,46.9,46.9,AMR3,0,0,0.0,0,0,0,0,0.0,0,0.0,68,68.3,48.3,0.0,T-0492,J-02-02,T-0271,J-04-02
O0336,D,4649.3,11998.4,12021.9,12035.1,12056.5,12099.2,12128.3,12172.9,7523.6,7349.1,AMR2,AMR2,1,25,16,56.2,56.2,AMR2,55.1,55.1,AMR2,0,0,0.0,0,0,0,1,16.0,1,11.0,71,73.0,42.8,16.0,T-0481,D-01-03,T-0383,D-05-02
O0337,G,4654.9,12193.8,12229.3,12244.5,12271.6,12271.7,12284.9,12313.0,7658.1,7538.9,AMR3,AMR3,1,25,1,62.4,62.4,AMR3,41.1,41.1,AMR3,0,0,0.0,0,0,0,0,0.0,1,7.0,60,60.9,46.2,12.0,T-0486,G-02-01,T-0296,G-06-02
O0338,H,4661.7,12157.9,12181.4,12194.6,12219.0,12219.1,12233.3,12257.1,7595.4,7496.2,AMR1,AMR1,1,25,0,58.5,58.5,AMR1,37.2,37.2,AMR1,0,0,0.0,0,0,0,0,0.0,0,0.0,54,56.3,42.8,0.0,T-0484,H-03-03,T-0414,H-04-01
O0339,E,4666.5,12242.4,12254.4,12267.1,12293.6,13414.1,13425.4,13460.1,8793.6,7575.9,AMR2,AMR2,1,12,1,49.9,49.9,AMR2,48.7,48.7,AMR2,0,0,0.0,0,0,0,0,0.0,0,0.0,51,51.9,45.3,0.0,T-0487,E-02-02,T-0262,E-02-03
O0340,H,4673.4,12357.7,12385.2,12399.5,12424.5,12424.6,12434.8,12460.9,7787.5,7684.3,AMR1,AMR1,1,25,1,61.0,61.0,AMR1,37.0,37.0,AMR1,0,0,0.0,0,0,0,0,0.0,0,0.0,52,54.7,44.4,4.0,T-0491,H-04-01,T-0419,H-05-01
O0341,C,4678.0,12173.0,12205.5,12219.3,12242.3,12372.9,12382.8,12410.3,7732.3,7495.0,AMR2,AMR3,1,25,0,58.4,58.4,AMR2,36.6,36.6,AMR3,0,0,0.0,0,0,0,0,0.0,1,4.0,53,55.1,42.6,9.0,T-0485,C-02-03,T-0338,C-04-03
O0342,C,4681.3,12313.1,12336.6,12348.8,12372.8,12768.9,12780.9,12807.0,8125.7,7631.8,AMR3,AMR3,1,25,1,57.0,50.3,AMR1,38.8,38.8,AMR3,1,11,6.7,0,0,0,0,0.0,0,0.0,53,55.1,42.7,0.0,T-0489,C-03-03,T-0356,C-06-03
O0343,D,4687.5,12257.2,12280.7,12292.2,12315.2,12315.3,12326.5,12357.6,7670.1,7569.7,AMR1,AMR1,1,25,1,54.5,54.5,AMR1,38.4,38.4,AMR1,0,0,0.0,0,0,0,1,2.0,0,0.0,58,59.0,39.3,2.0,T-0488,D-05-02,T-0398,D-06-02
O0344,G,4691.3,12565.1,12653.6,12667.5,12696.0,12696.1,12711.1,12749.8,8058.5,7873.8,AMR1,AMR1,1,25,1,64.1,64.1,AMR1,44.3,44.3,AMR1,0,0,0.0,0,1,0,2,6.6,2,14.7,64,68.7,51.1,33.9,T-0499,G-05-02,T-0301,G-01-03
O0345,B,4696.6,12337.4,12360.9,12371.4,12398.9,12399.0,12414.2,12442.3,7745.7,7640.8,AMR2,AMR2,1,25,0,58.8,58.8,AMR2,43.1,43.1,AMR2,0,0,0.0,0,0,0,0,0.0,0,0.0,58,59.0,45.8,0.0,T-0490,B-03-03,T-0267,B-06-01
O0346,G,4702.8,12749.9,12780.4,12795.1,12823.0,12823.1,12835.2,12867.1,8164.3,8047.1,AMR1,AMR1,1,25,2,65.1,65.1,AMR1,41.2,41.2,AMR1,0,0,0.0,0,0,0,0,0.0,1,2.0,60,61.8,48.3,7.0,T-0502,G-06-02,T-0303,G-02-03
O0347,B,4706.9,12585.8,12629.4,12642.0,12665.3,12665.4,12676.4,12707.8,8000.9,7878.9,AMR3,AMR3,1,13,1,47.9,47.9,AMR3,39.9,39.9,AMR3,0,0,0.0,0,1,0,0,0.0,0,0.0,50,50.4,40.6,0.0,T-0497,B-04-03,T-0276,B-01-01
O0348,C,4710.9,12461.0,12489.5,12504.8,12527.2,12527.3,12537.9,12565.0,7854.1,7750.1,AMR1,AMR1,1,25,1,59.3,59.3,AMR1,37.9,37.9,AMR1,0,0,0.0,0,0,0,0,0.0,0,0.0,54,54.8,44.1,5.0,T-0494,C-04-03,T-0351,C-01-01
O0349,B,4713.9,12527.2,12550.7,12563.1,12585.7,14367.4,14397.6,14430.9,9717.0,7813.3,AMR3,AMR3,1,25,18,57.4,46.6,AMR1,58.9,58.9,AMR3,1,13,10.8,1,0,0,1,7.0,1,2.0,70,71.8,43.2,7.0,T-0495,B-06-01,T-0294,B-06-03
O0350,C,4718.2,12544.0,12574.5,12590.8,12611.3,12968.3,12980.2,13007.9,8289.7,7825.8,AMR2,AMR3,1,25,1,58.4,58.4,AMR2,39.7,39.7,AMR3,0,0,0.0,0,0,0,0,0.0,1,2.0,54,54.9,45.0,7.0,T-0496,C-01-01,T-0369,C-03-01
O0351,C,4724.2,12707.9,12731.4,12746.8,12768.8,12865.4,12874.4,12904.2,8180.0,7983.7,AMR3,AMR3,1,25,2,59.0,59.0,AMR3,39.5,39.5,AMR3,0,0,0.0,0,0,0,0,0.0,0,0.0,53,55.0,44.7,0.0,T-0500,C-05-01,T-0361,C-04-01
O0352,C,4729.0,12611.4,12642.4,12653.6,12673.2,12673.3,12683.1,12726.3,7997.3,7882.4,AMR2,AMR2,1,12,1,41.5,41.5,AMR2,38.7,38.7,AMR2,0,0,0.0,0,0,0,1,15.0,2,24.0,39,42.8,38.0,34.0,T-0498,C-05-03,T-0353,C-05-01
O0353,A,4734.0,12867.2,12890.7,12905.5,12934.7,12934.8,12945.5,12979.6,8245.6,8133.2,AMR1,AMR1,1,25,2,66.4,66.4,AMR1,47.0,47.0,AMR1,0,0,0.0,0,0,0,0,0.0,0,0.0,68,67.0,45.3,0.0,T-0505,A-06-01,T-0231,A-05-02
O0354,A,4738.8,12726.4,12755.9,12766.5,12795.4,14875.1,14890.8,14921.7,10182.9,7987.6,AMR2,AMR1,1,25,1,61.1,61.1,AMR2,47.3,47.3,AMR1,0,0,0.0,0,0,0,0,0.0,1,1.0,70,68.6,41.0,6.0,T-0501,A-04-01,T-0237,A-04-02
O0355,C,4745.2,12807.1,12830.6,12841.2,12865.3,13173.5,13189.5,13222.7,8477.5,8061.9,AMR3,AMR3,1,25,2,57.1,57.1,AMR3,42.4,42.4,AMR3,0,0,0.0,0,0,0,1,7.0,1,2.0,54,54.7,45.7,7.0,T-0503,C-06-03,T-0389,C-01-02
O0356,C,4751.1,12904.3,12927.8,12943.7,12968.2,13522.5,13535.8,13576.2,8825.1,8153.2,AMR3,AMR2,1,25,2,62.0,62.0,AMR3,42.9,42.9,AMR2,0,0,0.0,0,0,0,1,9.0,1,4.0,55,57.5,51.1,9.0,T-0506,C-04-01,T-0399,C-03-02
O0357,H,4756.5,12840.9,12864.4,12878.3,12903.7,12903.8,12914.8,12941.8,8185.3,8084.4,AMR2,AMR2,1,25,1,61.0,61.0,AMR2,37.2,37.2,AMR2,0,0,0.0,0,0,0,0,0.0,0,0.0,54,56.2,44.6,0.0,T-0504,H-02-02,T-0425,H-04-02
O0358,H,4762.0,13037.1,13060.6,13075.4,13100.8,13100.9,13112.3,13139.0,8377.0,8275.1,AMR2,AMR2,1,25,1,61.8,61.8,AMR2,38.8,38.8,AMR2,0,0,0.0,0,0,0,0,0.0,0,0.0,52,54.8,47.0,0.0,T-0510,H-04-02,T-0436,H-05-02
O0359,I,4769.0,12941.9,12965.4,12978.0,13000.9,13001.0,13011.0,13037.0,8268.0,8172.9,AMR2,AMR2,1,25,1,57.2,57.2,AMR2,34.2,34.2,AMR2,0,0,0.0,0,0,0,0,0.0,0,0.0,54,57.7,37.3,0.0,T-0507,I-02-02,T-0405,I-03-02
O0360,C,4774.4,13008.0,13031.5,13042.5,13064.9,14739.9,14759.1,14787.7,10013.3,8233.6,AMR3,AMR2,1,25,3,54.2,54.2,AMR3,46.7,46.7,AMR2,0,0,0.0,0,0,0,0,0.0,0,0.0,57,59.3,45.4,0.0,T-0509,C-03-01,T-0459,C-06-02
O0361,J,4780.0,12979.7,13003.2,13014.1,13045.6,13045.7,13060.4,13091.6,8311.6,8199.7,AMR1,AMR1,1,25,0,63.3,63.3,AMR1,44.1,44.1,AMR1,0,0,0.0,0,0,0,0,0.0,0,0.0,68,68.4,43.4,0.0,T-0508,J-03-02,T-0309,J-05-02
O0362,F,4784.8,13432.0,13455.5,13471.8,13505.3,14906.7,14917.5,14951.7,10166.9,8647.2,AMR3,AMR3,1,25,1,71.5,71.5,AMR3,45.7,45.7,AMR3,0,0,0.0,0,0,0,0,0.0,0,0.0,70,69.0,49.3,0.0,T-0520,F-04-03,T-0300,F-04-01
O0363,C,4791.1,13222.8,13255.3,13271.3,13290.8,13290.9,13303.8,13329.4,8538.3,8431.7,AMR3,AMR3,1,25,1,57.1,57.1,AMR3,39.7,39.7,AMR3,0,0,0.0,0,0,0,0,0.0,1,4.0,52,53.8,43.7,9.0,T-0515,C-01-02,T-0395,C-02-02
O0364,E,4795.8,13091.7,13115.2,13128.7,13158.9,15210.9,15226.6,15260.5,10464.7,8295.9,AMR1,AMR1,1,25,1,63.7,63.7,AMR1,49.3,49.3,AMR1,0,0,0.0,0,0,0,1,1.0,0,0.0,68,67.0,48.8,1.0,T-0511,E-05-02,T-0327,E-02-01
O0365,C,4801.5,13113.0,13139.5,13153.0,13173.4,13197.3,13212.2,13244.5,8443.0,8311.5,AMR3,AMR2,1,25,3,56.3,56.3,AMR3,40.4,40.4,AMR2,0,0,0.0,0,0,0,2,5.6,0,0.0,55,57.8,41.2,8.6,T-0512,C-06-01,T-0391,C-01-04
O0366,H,4804.9,13139.1,13163.6,13174.5,13197.2,13264.9,13277.0,13302.7,8497.8,8334.2,AMR2,AMR1,1,25,1,55.3,55.3,AMR2,36.9,36.9,AMR1,0,0,0.0,0,0,0,0,0.0,0,0.0,54,56.3,38.6,1.0,T-0513,H-05-02,T-0442,H-03-01
O0367,H,4810.1,13207.8,13231.3,13242.2,13264.8,13402.9,13430.5,13472.5,8662.4,8397.7,AMR1,AMR1,1,25,14,55.2,55.2,AMR1,50.1,50.1,AMR1,0,0,0.0,0,0,0,3,17.7,1,9.7,67,69.5,39.4,17.7,T-0514,H-04-03,T-0451,H-06-02
O0368,I,4813.6,13244.6,13279.1,13291.7,13316.4,13316.5,13329.0,13353.7,8540.1,8431.0,AMR2,AMR2,1,25,0,58.2,58.2,AMR2,34.4,34.4,AMR2,0,0,0.0,0,0,0,0,0.0,1,6.0,56,58.8,39.2,11.0,T-0516,I-03-02,T-0407,I-05-02
O0369,H,4816.8,13302.8,13326.3,13337.8,13364.8,13364.9,13376.1,13402.8,8586.0,8486.0,AMR1,AMR1,1,25,0,59.4,59.4,AMR1,37.1,37.1,AMR1,0,0,0.0,0,0,0,0,0.0,0,0.0,54,56.3,43.6,0.0,T-0517,H-03-01,T-0447,H-03-02
O0370,D,4820.2,13329.5,13353.0,13366.8,13390.9,13391.0,13404.8,13431.9,8611.7,8509.3,AMR3,AMR3,1,25,2,57.1,57.1,AMR3,39.9,39.9,AMR3,0,0,0.0,0,0,0,0,0.0,0,0.0,58,59.6,42.7,0.0,T-0518,D-06-02,T-0402,D-04-03
O0371,E,4825.1,13353.8,13377.3,13389.0,13414.0,14713.9,14729.0,14764.6,9939.5,8528.7,AMR2,AMR3,1,25,0,58.3,58.3,AMR2,48.4,48.4,AMR3,0,0,0.0,0,0,0,0,0.0,0,0.0,69,67.7,43.2,0.0,T-0519,E-01-03,T-0286,E-06-02
O0372,G,4829.6,13600.0,13626.5,13640.7,13670.3,13670.4,13684.1,13713.6,8884.0,8770.4,AMR1,AMR1,1,25,1,63.9,63.9,AMR1,42.8,42.8,AMR1,0,0,0.0,0,0,0,0,0.0,0,0.0,60,61.1,49.4,3.0,T-0525,G-01-03,T-0313,G-03-03
O0373,G,4835.9,13753.4,13776.9,13792.2,13822.8,13822.9,13837.3,13865.6,9029.7,8917.5,AMR3,AMR3,1,25,1,66.0,66.0,AMR3,41.4,41.4,AMR3,0,0,0.0,0,0,0,1,1.0,0,0.0,60,61.0,50.1,1.0,T-0529,G-02-03,T-0333,G-04-03
O0374,H,4841.6,13460.2,13483.7,13498.3,13522.4,13782.8,13808.6,13834.7,8993.1,8618.6,AMR2,AMR2,1,25,14,59.6,59.6,AMR2,52.1,52.1,AMR2,0,0,0.0,0,0,0,0,0.0,0,0.0,66,68.3,45.8,0.0,T-0521,H-03-02,T-0455,H-01-01
O0375,E,4845.3,13472.6,13508.1,13519.8,13544.7,13544.8,13556.5,13599.9,8754.6,8627.3,AMR1,AMR1,1,25,1,58.2,58.2,AMR1,48.8,48.8,AMR1,0,0,0.0,0,0,0,1,7.0,2,9.0,66,65.4,42.8,19.0,T-0522,E-02-03,T-0264,E-03-03
O0376,D,4849.7,13576.3,13602.8,13615.7,13640.5,13640.6,13653.1,13678.6,8828.9,8726.6,AMR2,AMR2,1,25,1,59.3,59.3,AMR2,39.2,39.2,AMR2,0,0,0.0,0,0,0,0,0.0,0,0.0,52,54.3,44.9,3.0,T-0524,D-02-03,T-0403,D-01-01
O0377,C,4855.3,13555.6,13579.1,13594.5,13613.9,13614.0,13627.3,13652.4,8797.1,8700.3,AMR3,AMR3,1,25,1,56.4,56.4,AMR3,38.6,38.6,AMR3,0,0,0.0,0,0,0,0,0.0,0,0.0,54,54.8,41.9,0.0,T-0523,C-02-02,T-0409,C-04-02
O0378,I,4861.3,13988.6,14012.1,14024.3,14052.8,14052.9,14064.9,14093.8,9232.5,9127.3,AMR2,AMR2,1,25,1,60.8,60.8,AMR2,38.0,38.0,AMR2,0,0,0.0,0,0,0,0,0.0,0,0.0,58,60.4,44.7,0.0,T-0536,I-04-03,T-0418,I-06-02
O0379,H,4865.7,14166.2,14189.7,14203.6,14229.9,14230.0,14238.3,14264.3,9398.6,9300.5,AMR3,AMR3,1,25,1,61.9,61.9,AMR3,35.5,35.5,AMR3,0,0,0.0,0,0,0,0,0.0,0,0.0,52,54.2,43.8,0.0,T-0541,H-01-03,T-0465,H-02-03
O0380,B,4871.0,13652.5,13676.0,13686.9,13712.7,13712.8,13721.1,13753.3,8882.3,8781.5,AMR3,AMR3,1,25,1,56.7,56.7,AMR3,40.1,40.1,AMR3,0,0,0.0,0,0,0,0,0.0,0,0.0,60,60.7,40.0,0.0,T-0526,B-01-01,T-0283,B-02-01
O0381,C,4877.1,13678.7,13702.2,13717.8,13741.3,13741.4,13754.6,13782.7,8905.6,8801.6,AMR2,AMR2,1,25,0,59.9,59.9,AMR2,41.5,41.5,AMR2,0,0,0.0,0,0,0,0,0.0,0,0.0,54,54.9,49.0,0.0,T-0527,C-03-02,T-0429,C-02-01
O0382,I,4881.8,13713.7,13737.2,13749.4,13776.2,13776.3,13786.8,13813.4,8931.6,8831.9,AMR1,AMR1,1,25,1,59.1,59.1,AMR1,36.7,36.7,AMR1,0,0,0.0,0,0,0,0,0.0,0,0.0,56,57.9,41.7,0.0,T-0528,I-05-02,T-0413,I-04-02
O0383,A,4885.9,13813.5,13837.0,13848.9,13879.8,13879.9,13889.5,13923.3,9037.4,8927.6,AMR1,AMR1,1,25,1,64.4,64.4,AMR1,42.6,42.6,AMR1,0,0,0.0,0,0,0,0,0.0,0,0.0,72,70.1,39.6,0.0,T-0530,A-05-02,T-0235,A-02-02
O0384,I,4890.6,13865.7,13889.2,13900.0,13924.4,13924.5,13935.8,13962.4,9071.8,8975.1,AMR3,AMR3,1,25,1,55.3,55.3,AMR3,37.5,37.5,AMR3,0,0,0.0,0,0,0,0,0.0,0,0.0,56,57.9,38.7,0.0,T-0532,I-04-02,T-0415,I-05-03
O0385,I,4896.3,14402.2,14415.5,14430.8,14455.5,14455.6,14470.2,14495.7,9599.4,9505.9,AMR1,AMR1,1,13,1,52.1,52.1,AMR1,38.8,38.8,AMR1,0,0,0.0,0,0,0,0,0.0,0,0.0,42,47.0,46.4,0.0,T-0547,I-02-03,T-0424,I-03-03
O0386,D,4899.5,13834.8,13861.3,13872.8,13895.9,15461.6,15491.5,15537.3,10637.8,8935.3,AMR2,AMR2,1,25,16,56.2,56.2,AMR2,60.6,60.6,AMR2,0,0,0.0,0,0,0,1,14.0,1,9.0,69,71.5,48.3,17.0,T-0531,D-01-01,T-0449,D-03-03
O0387,C,4905.6,13896.0,13908.0,13924.2,13945.6,13945.7,13960.1,13988.5,9082.9,8990.4,AMR2,AMR2,1,12,1,48.9,48.9,AMR2,43.0,43.0,AMR2,0,0,0.0,0,0,0,0,0.0,0,0.0,41,43.3,49.1,0.0,T-0533,C-02-01,T-0445,C-05-02
O0388,D,4910.6,13923.4,13946.9,13961.1,13983.0,13983.1,13992.7,14023.5,9112.9,9012.8,AMR1,AMR1,1,25,1,56.1,50.3,AMR3,39.5,39.5,AMR1,1,9,5.8,0,0,0,0,0.0,0,0.0,56,58.0,42.0,0.0,T-0534,D-04-03,T-0406,D-05-03
O0389,H,4915.7,13962.5,13986.0,14001.9,14026.2,14026.3,14039.7,14066.2,9150.5,9046.8,AMR3,AMR3,1,25,1,61.9,61.9,AMR3,39.1,39.1,AMR3,0,0,0.0,0,0,0,0,0.0,0,0.0,54,56.2,47.4,0.0,T-0535,H-01-01,T-0457,H-05-03
O0390,F,4920.3,14023.6,14047.1,14060.8,14092.4,14092.5,14101.2,14135.3,9215.0,9103.3,AMR1,AMR1,1,25,1,65.4,59.2,AMR3,43.4,43.4,AMR1,1,11,6.2,0,0,0,0,0.0,0,0.0,72,70.7,40.9,0.0,T-0537,F-01-02,T-0297,F-01-03
O0391,H,4925.1,14066.3,14089.8,14104.1,14128.8,14128.9,14141.4,14166.1,9241.0,9141.2,AMR3,AMR3,1,25,2,61.5,61.5,AMR3,36.4,36.4,AMR3,0,0,0.0,0,0,0,0,0.0,0,0.0,54,56.1,43.6,0.0,T-0538,H-06-02,T-0462,H-01-03
O0392,I,4929.9,14093.9,14117.4,14131.3,14156.8,14156.9,14168.5,14196.8,9266.9,9164.0,AMR2,AMR2,1,25,2,58.7,58.7,AMR2,39.1,39.1,AMR2,0,0,0.0,0,0,0,0,0.0,0,0.0,58,59.8,43.0,0.0,T-0539,I-06-02,T-0421,I-02-03
O0393,H,4933.3,14264.4,14289.9,14303.3,14330.9,14331.0,14343.7,14367.3,9434.0,9331.1,AMR3,AMR3,1,25,1,62.7,62.7,AMR3,35.6,35.6,AMR3,0,0,0.0,0,0,0,0,0.0,0,0.0,54,56.1,44.7,2.0,T-0544,H-02-03,T-0469,H-06-01
O0394,J,4939.5,14135.4,14158.9,14170.6,14202.8,14202.9,14214.7,14242.2,9302.7,9195.9,AMR1,AMR1,1,25,1,64.0,64.0,AMR1,40.0,40.0,AMR1,0,0,0.0,0,0,0,0,0.0,0,0.0,68,67.4,39.3,0.0,T-0540,J-04-02,T-0311,J-02-03
O0395,B,4942.9,14196.9,14220.4,14235.7,14260.0,14260.1,14270.6,14299.5,9356.6,9254.0,AMR2,AMR2,1,25,1,59.6,59.6,AMR2,39.1,39.1,AMR2,0,0,0.0,0,0,0,0,0.0,0,0.0,60,60.6,41.9,0.0,T-0542,B-02-01,T-0291,B-04-01
O0396,I,4948.2,14495.8,14519.3,14533.9,14560.7,14571.2,14596.4,14620.2,9672.0,9547.6,AMR1,AMR2,1,25,14,62.3,58.6,AMR3,48.7,48.7,AMR2,1,12,3.7,0,0,0,1,1.0,0,0.0,66,68.3,44.6,1.0,T-0551,I-03-03,T-0427,I-01-03
O0397,D,4954.2,14242.3,14265.8,14276.6,14300.8,14300.9,14314.2,14341.0,9386.8,9288.1,AMR1,AMR1,1,25,1,55.0,55.0,AMR1,39.7,39.7,AMR1,0,0,0.0,0,0,0,0,0.0,0,0.0,56,57.5,41.1,0.0,T-0543,D-05-03,T-0426,D-03-01
O0398,D,4959.3,14413.0,14439.5,14454.6,14479.3,14560.8,14577.8,14609.2,9649.9,9453.7,AMR2,AMR1,1,25,2,59.0,59.0,AMR2,44.1,44.1,AMR1,0,0,0.0,0,0,0,0,0.0,0,0.0,60,62.9,48.8,3.0,T-0548,D-06-03,T-0438,D-04-01
O0399,J,4963.7,14299.6,14323.1,14338.1,14369.3,14369.4,14384.7,14412.9,9449.2,9335.9,AMR2,AMR2,1,25,1,66.3,58.7,AMR1,44.1,44.1,AMR2,1,11,7.6,0,0,0,0,0.0,0,0.0,68,67.5,45.7,0.0,T-0545,J-05-02,T-0322,J-03-03
O0400,D,4967.6,14341.1,14364.6,14377.8,14402.1,14620.3,14650.0,14680.3,9712.7,9373.5,AMR1,AMR2,1,25,16,58.3,58.3,AMR1,55.9,55.9,AMR2,0,0,0.0,0,0,0,0,0.0,0,0.0,74,75.3,45.7,0.0,T-0546,D-03-01,T-0446,D-06-01
O0401,B,4988.6,14479.4,14494.1,14507.9,14529.3,14529.4,14543.2,14571.1,9582.5,9490.8,AMR2,AMR2,1,15,1,48.6,48.6,AMR2,42.9,42.9,AMR2,0,0,0.0,0,0,0,0,0.0,0,0.0,46,48.7,42.9,0.0,T-0550,B-04-01,T-0310,B-05-01
O0402,H,5013.1,14431.0,14463.5,14476.0,14501.6,14501.7,14516.2,14542.2,9529.1,9417.9,AMR3,AMR3,1,25,2,60.6,60.6,AMR3,39.7,39.7,AMR3,0,0,0.0,0,0,0,0,0.0,1,4.0,54,56.1,46.0,9.0,T-0549,H-06-01,T-0474,H-01-02
O0403,J,5035.7,14542.3,14565.8,14576.8,14606.8,14606.9,14622.9,14652.6,9616.9,9506.6,AMR3,AMR3,1,25,1,62.7,62.7,AMR3,43.9,43.9,AMR3,0,0,0.0,0,0,0,0,0.0,0,0.0,68,68.3,41.9,0.0,T-0552,J-02-03,T-0335,J-04-03
O0404,J,5057.5,15120.5,15144.0,15157.9,15191.2,15191.3,15206.1,15240.4,10182.9,10063.0,AMR2,AMR2,1,25,2,66.5,66.4,AMR3,49.6,49.6,AMR2,1,13,0.1,0,0,0,0,0.0,0,0.0,70,69.1,50.7,0.0,T-0566,J-06-02,T-0364,J-05-03
O0405,J,5078.9,15537.4,15564.9,15581.1,15613.2,15613.3,15628.0,15662.8,10583.9,10458.5,AMR2,AMR2,1,25,1,70.0,70.0,AMR2,47.7,47.7,AMR2,0,0,0.0,0,0,0,0,0.0,0,0.0,68,68.3,53.0,4.0,T-0577,J-02-01,T-0435,J-04-01
O0406,F,5102.5,14827.5,14859.0,14873.6,14906.6,15241.3,15252.7,15284.7,10182.2,9725.0,AMR3,AMR3,1,25,1,67.6,67.6,AMR3,45.6,45.6,AMR3,0,0,0.0,0,0,0,0,0.0,1,3.0,70,69.2,45.3,8.0,T-0559,F-01-03,T-0315,F-05-03
O0407,H,5121.9,14609.3,14632.8,14646.6,14668.7,14668.8,14679.9,14705.6,9583.7,9487.4,AMR1,AMR1,1,25,1,57.6,57.6,AMR1,38.0,38.0,AMR1,0,0,0.0,0,0,0,0,0.0,0,0.0,52,54.2,42.0,0.0,T-0553,H-01-02,T-0483,H-02-01
O0408,E,5143.2,14652.7,14676.2,14688.7,14713.8,15333.7,15344.8,15390.7,10247.5,9509.5,AMR3,AMR1,1,25,1,58.4,58.4,AMR3,46.7,46.7,AMR1,0,0,0.0,0,0,0,1,8.0,1,3.0,71,69.2,40.9,8.0,T-0554,E-03-03,T-0334,E-06-01
O0409,I,5158.8,14705.7,14729.2,14745.1,14772.8,14772.9,14785.8,14810.4,9651.6,9546.9,AMR1,AMR1,1,25,1,65.3,65.3,AMR1,39.2,39.2,AMR1,0,0,0.0,0,0,0,0,0.0,0,0.0,52,54.2,50.4,0.0,T-0556,I-01-03,T-0431,I-01-01
O0410,H,5176.9,14680.4,14703.9,14716.1,14739.8,14764.7,14788.0,14827.4,9650.5,9503.5,AMR2,AMR3,1,25,14,57.6,57.6,AMR2,48.8,48.7,AMR1,1,9,0.1,0,0,0,1,13.0,1,8.0,67,68.6,40.5,13.0,T-0555,H-02-01,T-0484,H-03-03
O0411,E,5192.4,14894.7,14918.2,14931.4,14961.5,14961.6,14973.8,15009.3,9816.9,9702.3,AMR2,AMR2,1,25,2,62.5,62.5,AMR2,45.2,45.2,AMR2,0,0,0.0,0,0,0,0,0.0,0,0.0,70,68.7,42.8,3.0,T-0560,E-06-02,T-0302,E-04-03
O0412,B,5213.9,14787.8,14811.3,14825.4,14848.5,14848.6,14860.7,14894.6,9680.7,9573.9,AMR2,AMR2,1,25,1,58.8,58.8,AMR2,44.2,44.2,AMR2,0,0,0.0,0,0,0,0,0.0,0,0.0,60,60.5,46.2,0.0,T-0557,B-05-01,T-0320,B-01-02
O0413,G,5234.8,16782.2,16813.7,16837.2,16866.4,16918.9,16948.7,16978.8,11744.0,11547.4,AMR3,AMR2,1,25,16,72.8,72.8,AMR3,57.1,57.1,AMR2,0,0,0.0,0,0,0,0,0.0,1,3.0,77,77.2,58.9,8.0,T-0611,G-01-01,T-0416,G-01-02
O0414,A,5255.6,14810.5,14835.0,14847.0,14875.0,15018.8,15028.9,15070.0,9814.4,9554.9,AMR1,AMR3,1,25,1,60.0,60.0,AMR1,45.4,45.4,AMR3,0,0,0.0,0,0,0,1,5.0,0,0.0,74,71.7,38.0,6.0,T-0558,A-02-02,T-0240,A-01-01
O0415,J,5279.7,14921.8,14945.3,14958.0,14985.9,14986.0,14996.3,15027.7,9748.0,9642.1,AMR1,AMR1,1,25,0,61.5,61.5,AMR1,38.4,38.4,AMR1,0,0,0.0,0,0,0,1,4.0,0,0.0,66,65.9,35.9,4.0,T-0561,J-03-03,T-0342,J-01-03
O0416,J,5296.6,15009.4,15032.9,15044.3,15074.8,15074.9,15089.0,15120.4,9823.8,9712.8,AMR2,AMR2,1,25,1,63.6,63.6,AMR2,42.2,42.2,AMR2,0,0,0.0,0,0,0,0,0.0,0,0.0,70,69.8,41.1,0.0,T-0563,J-01-03,T-0357,J-06-02
O0417,A,5316.6,14951.8,14975.3,14989.2,15018.7,16714.0,16728.5,16765.9,11449.3,9635.2,AMR3,AMR2,1,25,2,65.0,65.0,AMR3,51.1,51.1,AMR2,0,0,0.0,0,0,0,0,0.0,0,0.0,73,70.8,48.0,0.0,T-0562,A-04-02,T-0246,A-01-03
O0418,F,5332.6,17157.7,17190.2,17212.2,17243.7,17243.8,17253.5,17286.5,11953.9,11825.1,AMR1,AMR1,1,25,1,73.6,73.6,AMR1,43.3,43.3,AMR1,0,0,0.0,0,0,0,0,0.0,1,4.0,72,70.7,49.0,9.0,T-0621,F-02-02,T-0417,F-03-02
O0419,C,5348.5,15070.1,15093.6,15108.7,15131.2,15131.3,15141.4,15174.2,9825.7,9721.6,AMR3,AMR3,1,25,1,59.2,59.2,AMR3,40.1,40.1,AMR3,0,0,0.0,0,0,0,1,3.0,0,0.0,54,54.8,46.2,3.0,T-0565,C-04-02,T-0470,C-01-03
O0420,H,5366.0,15027.8,15057.3,15072.4,15095.5,15095.6,15108.6,15136.1,9770.1,9661.8,AMR1,AMR1,1,25,0,59.1,59.1,AMR1,36.7,36.7,AMR1,0,0,0.0,0,0,0,1,3.0,1,1.0,54,56.3,42.9,9.0,T-0564,H-03-03,T-0491,H-04-01
O0421,J,5386.2,15733.1,15756.6,15772.2,15804.6,15804.7,15816.4,15848.5,10462.3,10346.9,AMR3,AMR3,1,25,1,68.1,68.1,AMR3,44.4,44.4,AMR3,0,0,0.0,0,0,0,0,0.0,0,0.0,68,67.5,47.8,0.0,T-0582,J-04-01,T-0460,J-03-01
O0422,E,5404.9,15136.2,15167.7,15183.0,15210.8,16103.1,16117.4,16149.4,10744.5,9731.3,AMR1,AMR1,1,25,2,63.1,63.1,AMR1,46.9,46.9,AMR1,0,0,0.0,0,0,0,0,0.0,1,3.0,69,67.8,45.1,8.0,T-0567,E-04-03,T-0350,E-03-02
O0423,F,5423.9,15174.3,15197.8,15208.7,15241.2,15357.0,15368.7,15411.7,9987.8,9750.4,AMR3,AMR3,1,25,1,65.1,65.1,AMR3,43.9,43.9,AMR3,0,0,0.0,0,0,0,1,9.0,1,4.0,72,71.5,41.1,9.0,T-0568,F-04-01,T-0331,F-02-01
O0424,F,5444.9,15284.8,15312.3,15327.7,15356.9,15776.9,15789.2,15823.3,10378.4,9839.9,AMR3,AMR1,1,25,0,66.3,66.3,AMR3,44.6,44.6,AMR1,0,0,0.0,0,0,0,0,0.0,0,0.0,71,70.8,43.7,4.0,T-0571,F-05-03,T-0363,F-01-01
O0425,I,5463.2,15363.2,15386.7,15402.3,15424.8,15424.9,15435.7,15461.5,9998.3,9900.0,AMR2,AMR2,1,25,1,59.8,59.8,AMR2,38.3,38.3,AMR2,0,0,0.0,0,0,0,0,0.0,0,0.0,52,54.2,44.0,0.0,T-0572,I-01-01,T-0434,I-02-01
O0426,E,5482.1,15260.6,15288.1,15304.3,15333.6,16238.0,16250.2,16291.2,10809.1,9778.5,AMR1,AMR3,1,25,0,66.1,66.1,AMR1,45.9,45.9,AMR3,0,0,0.0,0,0,0,1,8.0,1,3.0,65,65.7,48.5,12.0,T-0570,E-02-01,T-0360,E-01-01
O0427,J,5505.6,16246.4,16269.9,16285.3,16316.4,16316.5,16331.0,16362.4,10856.8,10740.8,AMR1,AMR1,1,25,1,67.2,67.2,AMR1,44.1,44.1,AMR1,0,0,0.0,0,0,0,0,0.0,0,0.0,68,69.3,46.6,0.0,T-0596,J-01-02,T-0479,J-05-01
O0428,J,5523.9,15390.8,15414.3,15425.2,15451.7,15451.8,15462.2,15490.3,9966.4,9866.9,AMR1,AMR1,1,25,1,59.1,59.1,AMR1,41.2,41.2,AMR1,0,0,0.0,0,0,0,0,0.0,0,0.0,64,63.8,35.6,0.0,T-0573,J-01-01,T-0408,J-02-01
O0429,F,5540.3,15490.4,15513.9,15527.5,15560.8,15560.9,15572.8,15603.0,10062.7,9950.1,AMR1,AMR1,1,25,1,67.0,67.0,AMR1,42.7,42.7,AMR1,0,0,0.0,0,0,0,0,0.0,0,0.0,72,70.7,41.8,0.0,T-0575,F-02-01,T-0346,F-03-01
O0430,G,5565.0,15411.8,15438.3,15449.5,15475.2,15475.3,15489.2,15517.1,9952.1,9846.8,AMR3,AMR3,1,25,0,57.8,57.8,AMR3,41.5,41.5,AMR3,0,0,0.0,0,0,0,0,0.0,0,0.0,58,59.5,42.7,3.0,T-0574,G-03-03,T-0337,G-05-01
O0431,B,5586.0,15517.2,15540.7,15555.9,15580.0,15580.1,15589.2,15622.6,10036.6,9931.2,AMR3,AMR3,1,25,1,59.3,59.3,AMR3,37.1,37.1,AMR3,0,0,0.0,0,0,0,1,5.0,0,0.0,60,60.7,39.6,5.0,T-0576,B-01-02,T-0344,B-02-02
O0432,F,5606.6,15705.1,15728.6,15744.5,15776.8,17357.3,17374.5,17407.2,11800.6,10098.5,AMR1,AMR1,1,25,2,69.1,69.1,AMR1,48.7,48.7,AMR1,0,0,0.0,0,0,0,0,0.0,0,0.0,72,72.4,49.2,0.0,T-0581,F-03-01,T-0433,F-05-02
O0433,I,5628.3,15603.1,15626.6,15640.9,15665.2,15665.3,15680.2,15705.0,10076.7,9974.8,AMR1,AMR1,1,25,1,60.3,60.3,AMR1,38.4,38.4,AMR1,0,0,0.0,0,0,0,0,0.0,0,0.0,54,57.2,44.6,0.0,T-0578,I-02-01,T-0437,I-03-01
O0434,G,5649.7,15867.5,15896.0,15910.6,15937.0,15937.1,15947.5,15977.3,10327.6,10217.8,AMR2,AMR2,1,25,1,62.7,62.7,AMR2,41.4,41.4,AMR2,0,0,0.0,0,0,0,0,0.0,0,0.0,56,57.9,46.8,5.0,T-0586,G-05-01,T-0341,G-05-03
O0435,F,5668.3,16268.7,16294.2,16309.9,16345.5,16345.6,16360.4,16390.4,10722.1,10600.4,AMR2,AMR2,1,25,1,71.4,71.4,AMR2,45.5,45.5,AMR2,0,0,0.0,0,0,0,0,0.0,0,0.0,72,70.6,49.0,2.0,T-0597,F-01-01,T-0386,F-05-01
O0436,D,5685.1,15622.7,15650.2,15666.2,15694.5,15694.6,15705.7,15733.0,10047.9,9937.6,AMR3,AMR3,1,25,1,61.4,61.4,AMR3,37.5,37.5,AMR3,0,0,0.0,0,0,0,0,0.0,0,0.0,58,60.9,45.3,4.0,T-0579,D-04-01,T-0452,D-05-01
O0437,H,5709.6,15662.9,15686.4,15698.2,15724.6,15724.7,15734.1,15759.6,10050.0,9953.3,AMR2,AMR2,1,25,1,59.9,54.0,AMR1,35.6,35.6,AMR2,1,11,5.9,0,0,0,0,0.0,0,0.0,52,54.7,41.9,0.0,T-0580,H-04-01,T-0493,H-05-01
O0438,C,5726.9,15759.7,15783.2,15799.1,15823.4,15823.5,15836.9,15867.4,10140.5,10032.8,AMR2,AMR2,1,25,1,61.8,61.8,AMR2,43.3,43.3,AMR2,0,0,0.0,0,0,0,0,0.0,0,0.0,54,55.6,52.0,0.0,T-0583,C-05-02,T-0485,C-02-03
O0439,B,5742.6,15823.4,15846.9,15860.1,15887.8,15887.9,15898.9,15927.4,10184.8,10080.8,AMR1,AMR1,1,25,1,60.9,50.1,AMR2,39.1,39.1,AMR1,1,13,10.8,1,0,0,0,0.0,0,0.0,60,60.7,43.2,0.0,T-0584,B-02-02,T-0362,B-03-02
O0440,I,5765.4,15848.6,15872.1,15888.1,15911.9,15912.0,15926.2,15954.1,10188.7,10083.2,AMR3,AMR3,1,25,0,60.7,60.7,AMR3,39.3,39.3,AMR3,0,0,0.0,0,0,0,0,0.0,0,0.0,56,58.8,46.6,0.0,T-0585,I-03-01,T-0441,I-04-01
O0441,J,5787.0,16362.5,16386.0,16397.5,16430.0,16430.1,16442.1,16472.2,10685.2,10575.5,AMR1,AMR1,1,25,1,64.1,64.1,AMR1,42.8,42.8,AMR1,0,0,0.0,0,0,0,0,0.0,0,0.0,68,67.4,42.2,0.0,T-0599,J-05-01,T-0492,J-02-02
O0442,C,5807.9,16085.1,16113.6,16129.1,16149.9,16502.4,16511.8,16539.1,10731.2,10277.2,AMR2,AMR2,1,25,1,58.7,58.7,AMR2,36.8,36.8,AMR2,0,0,0.0,0,0,0,0,0.0,0,0.0,53,54.1,42.4,5.0,T-0592,C-06-02,T-0489,C-03-03
O0443,J,5824.8,15927.5,15951.0,15962.3,15992.6,15992.7,16005.1,16040.3,10215.5,10102.7,AMR1,AMR1,1,25,0,62.5,62.5,AMR1,44.3,44.3,AMR1,0,0,0.0,0,0,0,0,0.0,0,0.0,70,69.9,42.8,0.0,T-0587,J-03-01,T-0466,J-06-01
O0444,A,5847.0,15954.2,15977.7,15991.9,16022.6,16022.7,16034.3,16065.9,10218.9,10107.2,AMR3,AMR3,1,25,1,64.9,64.9,AMR3,44.0,44.0,AMR3,0,0,0.0,0,0,0,0,0.0,0,0.0,72,70.1,41.5,0.0,T-0588,A-01-01,T-0242,A-06-02
O0445,D,5865.6,15977.4,16001.9,16012.9,16034.0,16034.1,16045.7,16085.0,10219.4,10111.8,AMR2,AMR2,1,25,1,52.1,52.1,AMR2,39.6,39.6,AMR2,0,0,0.0,0,0,0,1,11.0,1,6.0,56,57.4,38.1,12.0,T-0589,D-05-01,T-0456,D-02-01
O0446,H,5886.7,16149.5,16173.0,16183.7,16206.9,16207.0,16221.5,16246.3,10359.6,10262.8,AMR1,AMR1,1,25,1,55.6,44.5,AMR2,38.5,38.5,AMR1,1,14,11.1,1,0,0,0,0.0,0,0.0,54,56.2,40.5,0.0,T-0593,H-05-01,T-0504,H-02-02
O0447,E,5907.1,16040.4,16063.9,16076.1,16103.0,17210.4,17227.9,17259.4,11352.3,10133.3,AMR1,AMR2,1,25,3,58.3,58.3,AMR1,48.7,48.7,AMR2,0,0,0.0,0,0,0,0,0.0,0,0.0,71,71.2,40.4,0.0,T-0590,E-06-01,T-0439,E-03-01
O0448,D,5931.1,16066.0,16089.5,16103.9,16123.6,16123.7,16137.1,16170.2,10239.1,10134.9,AMR3,AMR3,1,25,1,55.7,55.7,AMR3,45.2,45.2,AMR3,0,0,0.0,0,0,0,1,3.0,0,0.0,52,53.8,47.3,3.0,T-0591,D-02-01,T-0461,D-01-02
O0449,J,5952.9,16150.0,16184.3,16194.8,16224.9,16225.0,16238.4,16268.6,10315.7,10197.1,AMR2,AMR2,1,11,2,48.3,48.3,AMR2,44.3,44.3,AMR2,0,0,0.0,0,0,0,0,0.0,1,18.0,56,56.7,38.8,23.0,T-0594,J-06-01,T-0473,J-01-02
O0450,E,5972.5,16170.3,16196.8,16213.0,16237.9,17525.2,17538.0,17573.3,11600.8,10197.8,AMR3,AMR2,1,25,3,61.9,61.9,AMR3,48.7,48.7,AMR2,0,0,0.0,0,0,0,0,0.0,0,0.0,69,68.7,44.0,3.0,T-0595,E-03-02,T-0443,E-04-01
O0451,G,5992.5,16408.7,16438.2,16449.1,16477.6,16477.7,16493.0,16519.7,10527.2,10416.2,AMR3,AMR3,1,25,1,61.1,61.1,AMR3,43.2,43.2,AMR3,0,0,0.0,0,0,0,0,0.0,1,1.0,56,57.9,47.0,6.0,T-0601,G-04-03,T-0348,G-06-01
O0452,J,6015.7,16583.4,16606.9,16621.5,16652.2,16652.3,16662.1,16694.3,10678.6,10567.7,AMR1,AMR1,1,25,1,67.0,67.0,AMR1,41.7,41.7,AMR1,0,0,0.0,0,0,0,0,0.0,0,0.0,66,66.8,44.0,0.0,T-0606,J-02-02,T-0508,J-03-02
O0453,A,6039.4,16643.5,16669.0,16683.9,16713.9,17049.3,17062.5,17096.5,11057.1,10604.1,AMR2,AMR2,1,25,1,67.3,67.3,AMR2,47.8,47.8,AMR2,0,0,0.0,0,0,0,0,0.0,0,0.0,69,67.9,47.7,2.0,T-0608,A-06-02,T-0270,A-02-03
O0454,I,6063.2,16291.3,16317.8,16329.9,16354.3,16354.4,16368.3,16408.6,10345.4,10228.1,AMR3,AMR3,1,25,1,56.6,56.6,AMR3,40.8,40.8,AMR3,0,0,0.0,0,0,0,1,13.0,1,8.0,56,57.9,43.3,16.0,T-0598,I-04-01,T-0463,I-05-01
O0455,I,6085.3,16390.5,16414.0,16427.1,16451.9,16538.3,16552.7,16583.3,10498.0,10305.2,AMR2,AMR1,1,25,1,58.0,58.0,AMR2,41.4,41.4,AMR1,0,0,0.0,0,0,0,0,0.0,0,0.0,60,61.1,45.3,0.0,T-0600,I-05-01,T-0476,I-06-01
O0456,C,6103.1,16452.0,16468.0,16479.4,16502.3,16601.6,16618.1,16643.4,10540.3,10348.9,AMR2,AMR2,1,16,6,49.0,49.0,AMR2,40.7,40.7,AMR2,0,0,0.0,0,0,0,0,0.0,0,0.0,50,54.3,37.8,0.0,T-0602,C-01-03,T-0494,C-04-03
O0457,I,6122.6,16472.3,16495.8,16510.1,16538.2,16727.1,16752.3,16782.1,10659.5,10349.7,AMR1,AMR3,1,25,14,62.5,61.0,AMR3,53.7,53.7,AMR3,1,9,1.5,0,0,0,1,2.0,0,0.0,67,69.1,49.8,2.0,T-0603,I-05-03,T-0480,I-01-02
O0458,B,6145.9,16519.8,16543.3,16554.9,16579.0,16579.1,16590.3,16621.6,10475.7,10373.9,AMR3,AMR3,1,25,0,56.5,56.5,AMR3,40.2,40.2,AMR3,0,0,0.0,0,0,0,1,2.0,0,0.0,58,59.1,40.6,2.0,T-0604,B-03-02,T-0384,B-04-02
O0459,F,6169.1,16621.7,16645.2,16657.8,16686.1,16686.2,16697.7,16727.0,10557.9,10452.6,AMR3,AMR3,1,25,1,62.6,62.6,AMR3,43.0,43.0,AMR3,0,0,0.0,0,0,0,0,0.0,0,0.0,68,67.5,37.7,0.0,T-0607,F-05-01,T-0393,F-06-01
O0460,G,6188.3,16539.2,16567.7,16578.6,16601.5,16758.9,16769.3,16803.9,10615.6,10350.9,AMR2,AMR1,1,25,1,56.3,56.3,AMR2,36.6,36.6,AMR1,0,0,0.0,0,0,0,1,5.6,1,0.6,59,61.1,35.6,10.6,T-0605,G-06-01,T-0358,G-01-01
O0461,G,6207.0,16694.4,16717.9,16734.1,16758.8,16866.5,16877.2,16904.0,10697.0,10487.4,AMR1,AMR3,1,25,1,62.6,62.6,AMR1,37.1,37.1,AMR3,0,0,0.0,0,0,0,0,0.0,0,0.0,58,59.5,42.4,0.0,T-0609,G-05-03,T-0397,G-03-01
O0462,A,6225.8,17069.7,17094.2,17107.8,17140.4,17140.5,17151.1,17184.6,10958.8,10843.9,AMR3,AMR3,1,25,1,66.2,66.2,AMR3,44.7,44.7,AMR3,0,0,0.0,0,0,0,0,0.0,0,0.0,72,70.3,43.5,1.0,T-0618,A-02-03,T-0272,A-03-03
O0463,F,6250.1,16934.5,16958.0,16969.3,16998.4,16998.5,17012.9,17046.3,10796.2,10684.4,AMR1,AMR1,1,25,2,62.9,62.9,AMR1,46.0,46.0,AMR1,0,0,0.0,0,0,0,0,0.0,0,0.0,72,71.4,40.3,0.0,T-0614,F-06-01,T-0412,F-02-02
O0464,E,6266.4,16804.0,16850.0,16862.1,16889.3,16889.4,16899.7,16934.4,10668.0,10537.6,AMR1,AMR1,1,25,1,60.9,60.9,AMR1,44.2,44.2,AMR1,0,0,0.0,0,0,0,0,0.0,1,5.0,72,73.7,40.9,15.7,T-0613,E-01-01,T-0368,E-05-03
O0465,C,6288.4,16766.0,16789.5,16801.3,16822.7,16904.1,16930.6,16959.1,10670.7,10477.6,AMR2,AMR3,1,25,16,54.8,54.8,AMR2,53.5,53.5,AMR3,0,0,0.0,0,0,0,0,0.0,0,0.0,69,71.4,40.3,0.0,T-0610,C-02-03,T-0498,C-05-03
O0466,J,6308.1,17046.4,17069.9,17080.4,17113.1,17113.2,17126.4,17157.6,10849.5,10738.3,AMR1,AMR1,1,25,0,64.1,64.1,AMR1,42.6,42.6,AMR1,0,0,0.0,0,0,0,0,0.0,0,0.0,68,68.4,42.7,0.0,T-0617,J-03-02,T-0540,J-04-02
O0467,A,6332.1,16978.9,17006.4,17020.1,17049.2,17806.3,17818.0,17854.3,11522.2,10646.8,AMR2,AMR1,1,25,2,62.8,62.8,AMR2,48.2,48.2,AMR1,0,0,0.0,0,0,0,1,2.0,0,0.0,71,69.4,42.9,6.0,T-0616,A-01-03,T-0352,A-04-03
O0468,C,6349.3,16822.8,16834.8,16850.0,16873.3,16873.4,16882.5,16918.8,10569.5,10473.5,AMR2,AMR2,1,12,0,48.4,48.4,AMR2,33.6,33.6,AMR2,0,0,0.0,0,0,0,1,12.0,1,7.0,41,43.4,40.5,12.0,T-0612,C-03-03,T-0496,C-01-01
O0469,J,6373.7,17299.2,17387.8,17401.4,17431.6,17431.7,17443.0,17479.1,11105.4,10925.5,AMR3,AMR3,1,25,1,63.9,63.9,AMR3,46.0,46.0,AMR3,0,0,0.0,0,1,0,1,2.0,2,9.0,70,70.9,45.2,24.2,T-0626,J-05-03,T-0545,J-05-02
O0470,E,6392.9,16959.2,16982.7,16994.4,17022.4,17022.5,17031.4,17069.6,10676.7,10566.3,AMR3,AMR3,1,25,1,59.7,59.7,AMR3,41.2,41.2,AMR3,0,0,0.0,0,0,0,1,5.0,0,0.0,70,68.6,36.7,5.0,T-0615,E-05-03,T-0404,E-06-03
O0471,A,6410.9,17286.6,17310.1,17324.9,17357.2,18502.7,18516.7,18551.5,12140.6,10875.7,AMR1,AMR2,1,25,1,66.9,66.9,AMR1,49.5,49.5,AMR2,0,0,0.0,0,0,0,0,0.0,0,0.0,71,70.4,49.0,0.0,T-0624,A-03-03,T-0374,A-05-03
O0472,J,6430.1,17154.6,17166.6,17179.6,17210.3,18625.4,18642.2,18673.2,12243.1,10724.5,AMR2,AMR2,1,12,2,52.9,52.9,AMR2,48.5,48.5,AMR2,0,0,0.0,0,0,0,0,0.0,0,0.0,56,56.6,46.9,0.0,T-0620,J-04-02,T-0552,J-02-03
O0473,H,6445.8,17407.3,17430.8,17444.9,17472.0,17472.1,17482.8,17509.0,11063.2,10961.5,AMR1,AMR1,1,25,1,62.9,58.5,AMR2,36.1,36.1,AMR1,1,11,4.4,0,0,0,0,0.0,0,0.0,54,56.2,45.4,0.0,T-0627,H-02-02,T-0510,H-04-02
O0474,I,6466.1,17184.7,17214.2,17226.5,17254.2,17254.3,17267.1,17299.1,10833.0,10718.6,AMR3,AMR3,1,25,2,59.3,59.3,AMR3,36.5,36.5,AMR3,0,0,0.0,0,0,0,1,8.0,2,4.0,58,59.3,41.0,14.0,T-0622,I-06-01,T-0507,I-02-02
O0475,C,6483.6,17096.6,17120.1,17131.2,17154.5,17945.7,17973.5,18003.1,11519.5,10613.0,AMR2,AMR2,1,25,16,56.0,56.0,AMR2,57.9,57.9,AMR2,0,0,0.0,0,0,0,0,0.0,0,0.0,67,69.4,45.9,0.0,T-0619,C-01-01,T-0503,C-06-03
O0476,J,6502.8,17455.3,17478.8,17492.6,17525.1,18851.6,18866.7,18899.8,12397.0,10952.5,AMR2,AMR2,1,25,1,66.4,66.4,AMR2,47.9,47.9,AMR2,0,0,0.0,0,0,0,0,0.0,0,0.0,68,68.4,49.6,0.0,T-0628,J-05-02,T-0561,J-03-03
O0477,G,6520.3,17573.4,17596.9,17612.1,17640.2,17640.3,17653.9,17680.5,11160.2,11053.1,AMR2,AMR2,1,25,0,64.2,55.8,AMR1,39.9,39.9,AMR2,1,11,8.4,0,0,0,0,0.0,0,0.0,58,59.5,47.5,0.0,T-0631,G-03-01,T-0432,G-04-01
O0478,B,6541.9,17319.4,17372.9,17387.9,17411.7,17411.8,17424.0,17455.2,10913.3,10777.5,AMR2,AMR2,1,14,1,51.5,51.5,AMR2,41.6,41.6,AMR2,0,0,0.0,0,1,0,0,0.0,0,0.0,49,51.0,45.2,0.0,T-0625,B-05-03,T-0410,B-01-03
O0479,B,6566.6,17259.5,17283.0,17297.4,17319.3,17657.5,17671.6,17700.5,11133.9,10692.9,AMR2,AMR3,1,25,1,57.9,57.9,AMR2,42.7,42.7,AMR3,0,0,0.0,0,0,0,0,0.0,0,0.0,58,59.0,43.8,0.0,T-0623,B-04-02,T-0420,B-05-02
O0480,I,6587.1,17479.2,17502.7,17517.1,17540.9,17541.0,17551.4,17591.8,11004.7,10892.1,AMR3,AMR3,1,25,1,59.9,59.9,AMR3,38.5,38.5,AMR3,0,0,0.0,0,0,0,1,11.0,1,6.0,54,57.2,44.3,11.0,T-0629,I-01-02,T-0516,I-03-02
O0481,H,6602.3,17509.1,17532.6,17546.9,17573.8,17573.9,17584.8,17608.3,11006.0,10906.8,AMR1,AMR1,1,25,1,62.9,62.9,AMR1,35.1,35.1,AMR1,0,0,0.0,0,0,0,0,0.0,0,0.0,52,54.7,44.4,0.0,T-0630,H-04-02,T-0513,H-05-02
O0482,F,6623.6,18015.1,18050.6,18065.8,18095.5,18095.6,18107.5,18141.3,11517.7,11391.5,AMR3,AMR3,1,25,1,66.6,66.6,AMR3,47.9,47.9,AMR3,0,0,0.0,0,0,0,0,0.0,1,7.0,68,67.5,46.6,12.0,T-0644,F-05-02,T-0444,F-04-02
O0483,F,6646.1,17828.2,17855.7,17866.9,17899.1,17899.2,17911.0,17945.6,11299.5,11182.1,AMR2,AMR2,1,25,0,64.3,64.3,AMR2,44.6,44.6,AMR2,0,0,0.0,0,0,0,0,0.0,0,0.0,72,71.6,41.7,4.0,T-0639,F-03-02,T-0440,F-02-03
O0484,B,6664.6,17591.9,17620.4,17631.9,17657.4,18024.8,18043.8,18072.6,11408.0,10927.3,AMR3,AMR1,1,25,5,57.0,57.0,AMR3,47.4,47.4,AMR1,0,0,0.0,0,0,0,0,0.0,0,0.0,64,64.7,43.6,5.0,T-0632,B-01-03,T-0423,B-03-01
O0485,F,6686.9,18673.3,18696.8,18712.6,18744.2,18744.3,18755.0,18788.2,12101.3,11986.4,AMR2,AMR2,1,25,2,69.9,69.9,AMR2,45.1,45.1,AMR2,0,0,0.0,0,0,0,0,0.0,0,0.0,68,68.4,46.4,0.0,T-0661,F-06-03,T-0520,F-04-03
O0486,I,6702.4,17608.4,17631.9,17645.5,17667.9,17668.0,17679.7,17721.0,11018.6,10906.0,AMR1,AMR1,1,25,1,57.7,57.7,AMR1,39.5,39.5,AMR1,0,0,0.0,0,0,0,1,10.7,1,5.7,56,58.7,43.1,10.7,T-0633,I-02-02,T-0528,I-05-02
O0487,C,6725.5,17680.6,17704.1,17719.2,17738.8,18061.9,18072.6,18102.7,11377.2,10955.1,AMR2,AMR2,1,25,1,56.3,56.3,AMR2,41.5,41.5,AMR2,0,0,0.0,0,0,0,0,0.0,0,0.0,52,54.3,44.7,0.0,T-0634,C-04-03,T-0506,C-04-01
O0488,H,6745.1,17700.6,17728.1,17743.4,17768.8,17768.9,17780.1,17807.9,11062.8,10955.5,AMR3,AMR3,1,25,1,62.4,62.4,AMR3,39.7,39.7,AMR3,0,0,0.0,0,0,0,0,0.0,0,0.0,52,54.7,48.5,4.0,T-0635,H-05-02,T-0514,H-04-03
O0489,C,6762.0,17738.9,17751.9,17767.5,17788.9,17789.0,17802.4,17828.1,11066.1,10976.9,AMR2,AMR2,1,12,1,47.7,47.7,AMR2,39.8,39.8,AMR2,0,0,0.0,0,0,0,0,0.0,0,0.0,41,43.8,45.3,0.0,T-0636,C-05-03,T-0500,C-05-01
O0490,H,6784.1,17808.0,17831.5,17844.7,17867.6,17867.7,17880.6,17905.2,11121.1,11023.9,AMR3,AMR3,1,25,1,57.8,57.8,AMR3,36.6,36.6,AMR3,0,0,0.0,0,0,0,0,0.0,0,0.0,54,56.3,40.8,0.0,T-0638,H-04-03,T-0517,H-03-01
O0491,A,6802.1,17721.1,17767.5,17779.3,17806.2,18237.7,18251.8,18288.8,11486.7,10919.0,AMR1,AMR1,1,25,3,61.1,61.1,AMR1,49.3,49.3,AMR1,0,0,0.0,0,0,0,0,0.0,1,3.0,79,82.9,40.6,12.7,T-0637,A-06-03,T-0366,A-02-01
O0492,F,6825.9,18267.3,18281.3,18294.8,18328.3,18969.9,18986.1,19022.0,12196.1,11441.4,AMR2,AMR2,1,14,1,58.2,58.2,AMR2,50.3,50.3,AMR2,0,0,0.0,0,0,0,0,0.0,0,0.0,63,63.6,49.5,0.0,T-0651,F-02-03,T-0537,F-01-02
O0493,I,6846.1,17854.4,17879.9,17894.0,17917.9,17918.0,17929.2,17959.4,11113.3,11008.3,AMR1,AMR1,1,25,0,58.9,58.9,AMR1,33.6,33.6,AMR1,0,0,0.0,0,0,0,1,5.0,0,0.0,56,58.8,39.1,7.0,T-0640,I-03-02,T-0532,I-04-02
O0494,D,6863.6,17905.3,17928.8,17945.1,17971.4,17971.5,17984.8,18015.0,11151.4,11041.7,AMR3,AMR3,1,25,2,61.8,61.8,AMR3,38.2,38.2,AMR3,0,0,0.0,0,0,0,1,5.0,0,0.0,58,58.9,45.7,5.0,T-0641,D-06-01,T-0468,D-02-02
O0495,A,6882.2,17959.5,17983.0,17994.3,18024.7,18876.4,18887.7,18925.0,12042.8,11077.3,AMR1,AMR3,1,25,1,63.3,63.3,AMR1,49.3,49.3,AMR3,0,0,0.0,0,0,0,0,0.0,0,0.0,70,68.6,45.2,0.0,T-0642,A-04-03,T-0380,A-03-01
O0496,F,6899.9,18349.0,18372.5,18384.5,18418.4,18418.5,18429.4,18461.4,11561.5,11449.1,AMR3,AMR3,1,25,0,66.8,60.9,AMR1,43.7,43.7,AMR3,1,9,5.9,0,0,0,0,0.0,0,0.0,70,69.0,43.3,0.0,T-0653,F-03-03,T-0467,F-06-02
O0497,H,6923.8,18072.7,18096.2,18112.1,18135.2,18135.3,18144.4,18170.3,11246.5,11148.9,AMR1,AMR1,1,25,0,59.9,59.9,AMR1,34.2,34.2,AMR1,0,0,0.0,0,0,0,0,0.0,0,0.0,54,56.3,41.2,0.0,T-0645,H-03-01,T-0521,H-03-02
O0498,C,6942.2,18003.2,18026.7,18041.0,18061.8,18377.5,18406.2,18435.9,11493.7,11061.0,AMR2,AMR2,1,25,16,56.7,56.7,AMR2,58.9,58.9,AMR2,0,0,0.0,0,0,0,0,0.0,0,0.0,67,69.4,47.6,0.0,T-0643,C-05-01,T-0512,C-06-01
O0499,F,6964.1,18170.4,18193.9,18204.6,18237.6,18328.4,18343.9,18377.4,11413.3,11206.3,AMR1,AMR2,1,25,1,65.4,65.4,AMR1,49.6,49.6,AMR2,0,0,0.0,0,0,0,0,0.0,0,0.0,70,69.1,47.1,0.0,T-0648,F-04-02,T-0450,F-03-03
O0500,B,6981.8,18102.8,18126.3,18139.0,18163.0,18163.1,18178.2,18204.0,11222.2,11121.0,AMR2,AMR2,1,25,0,57.5,57.5,AMR2,40.7,40.7,AMR2,0,0,0.0,0,0,0,0,0.0,0,0.0,58,59.0,42.1,0.0,T-0646,B-03-01,T-0428,B-06-02
O0501,G,7001.0,18565.0,18599.5,18611.2,18639.7,18670.2,18682.5,18712.8,11711.8,11564.0,AMR3,AMR1,1,25,4,61.1,61.1,AMR3,42.6,42.6,AMR1,0,0,0.0,0,0,0,1,0.1,1,6.0,62,63.1,43.1,11.1,T-0659,G-03-02,T-0471,G-02-02
O0502,C,7026.0,18141.4,18164.9,18180.6,18200.3,18200.4,18212.1,18237.3,11211.3,11115.4,AMR3,AMR3,1,25,1,57.0,57.0,AMR3,37.0,37.0,AMR3,0,0,0.0,0,0,0,0,0.0,0,0.0,54,54.9,40.9,0.0,T-0647,C-04-01,T-0509,C-03-01
O0503,B,7043.9,18204.1,18227.6,18241.1,18267.2,18639.8,18652.1,18691.4,11647.5,11160.2,AMR2,AMR3,1,25,2,61.2,61.2,AMR2,38.8,38.8,AMR3,0,0,0.0,0,0,0,1,9.0,1,4.0,61,63.2,42.5,9.0,T-0649,B-05-02,T-0482,B-02-03
O0504,E,7062.2,18237.4,18260.9,18276.9,18304.8,18304.9,18318.7,18348.9,11286.7,11175.2,AMR3,AMR3,1,25,0,64.7,63.5,AMR1,44.7,44.7,AMR3,1,3,1.2,0,0,0,0,0.0,0,0.0,66,65.5,45.9,0.0,T-0650,E-03-01,T-0454,E-01-02
O0505,G,7081.6,18288.9,18312.4,18323.9,18349.9,18350.0,18362.2,18392.6,11311.0,11207.3,AMR1,AMR1,1,25,1,59.2,59.2,AMR1,37.3,37.3,AMR1,0,0,0.0,0,0,0,1,4.0,0,0.0,58,60.4,39.2,4.0,T-0652,G-04-01,T-0448,G-03-02
O0506,F,7103.5,18601.7,18625.2,18639.6,18670.1,19639.1,19654.2,19690.8,12587.3,11498.2,AMR1,AMR1,1,25,1,67.4,67.4,AMR1,49.9,49.9,AMR1,0,0,0.0,0,0,0,0,0.0,0,0.0,71,70.7,49.4,0.0,T-0660,F-06-02,T-0575,F-02-01
O0507,F,7119.0,19022.1,19045.6,19061.2,19095.4,19309.1,19323.3,19356.6,12237.6,11903.1,AMR2,AMR1,1,25,1,69.9,69.9,AMR2,48.2,48.2,AMR1,0,0,0.0,0,0,0,0,0.0,0,0.0,72,70.6,50.2,0.0,T-0670,F-01-02,T-0568,F-04-01
O0508,E,7144.0,18392.7,18416.2,18429.0,18458.3,18458.4,18466.7,18503.9,11359.9,11248.7,AMR1,AMR1,1,25,1,62.1,62.1,AMR1,46.1,46.1,AMR1,0,0,0.0,0,0,0,0,0.0,0,0.0,68,67.1,44.0,0.0,T-0654,E-04-01,T-0475,E-04-02
O0509,A,7168.8,18436.0,18459.5,18471.1,18502.6,20285.1,20300.6,20335.9,13167.1,11267.2,AMR2,AMR2,1,25,1,63.1,63.1,AMR2,51.4,51.4,AMR2,0,0,0.0,0,0,0,0,0.0,0,0.0,72,70.3,47.1,0.0,T-0655,A-02-01,T-0464,A-03-02
O0510,G,7190.5,18461.5,18485.0,18499.1,18524.0,18524.1,18539.7,18564.9,11374.4,11271.0,AMR3,AMR3,1,25,1,59.1,59.1,AMR3,40.5,40.5,AMR3,0,0,0.0,0,0,0,0,0.0,0,0.0,60,61.0,42.3,0.0,T-0656,G-01-02,T-0453,G-04-02
O0511,C,7210.6,18504.0,18527.5,18540.4,18564.7,18564.8,18574.1,18601.6,11391.0,11293.4,AMR1,AMR1,1,25,0,58.0,58.0,AMR1,35.0,35.0,AMR1,0,0,0.0,0,0,0,1,2.0,0,0.0,54,54.9,40.6,2.0,T-0657,C-03-01,T-0515,C-01-02
O0512,J,7227.0,18551.6,18575.1,18590.9,18625.3,19016.0,19032.1,19062.8,11835.8,11324.6,AMR2,AMR1,1,25,3,68.5,68.5,AMR2,47.1,47.1,AMR1,0,0,0.0,0,0,0,0,0.0,0,0.0,71,72.0,48.5,0.0,T-0658,J-06-03,T-0563,J-01-03
O0513,A,7249.8,19139.1,19162.6,19178.7,19207.5,19207.6,19217.5,19253.2,12003.4,11889.3,AMR2,AMR2,1,25,0,65.7,65.7,AMR2,46.3,46.3,AMR2,0,0,0.0,0,0,0,0,0.0,0,0.0,70,68.7,45.3,0.0,T-0673,A-03-01,T-0430,A-05-01
O0514,F,7265.5,19459.1,19482.6,19497.3,19529.9,19530.0,19540.3,19569.8,12304.3,12193.6,AMR1,AMR1,1,25,1,69.0,69.0,AMR1,42.0,42.0,AMR1,0,0,0.0,0,0,0,0,0.0,0,0.0,68,67.5,43.1,0.0,T-0682,F-04-01,T-0571,F-05-03
O0515,J,7284.3,18788.3,18811.8,18823.2,18851.5,20065.9,20077.1,20110.8,12826.5,11504.0,AMR2,AMR3,1,25,2,61.4,61.4,AMR2,45.4,45.4,AMR3,0,0,0.0,0,0,0,0,0.0,0,0.0,67,66.7,41.4,0.0,T-0664,J-02-03,T-0569,J-04-03
O0516,H,7305.4,18712.9,18745.4,18757.9,18783.3,18783.4,18796.3,18827.1,11521.7,11407.5,AMR1,AMR1,1,25,0,58.8,58.8,AMR1,38.3,38.3,AMR1,0,0,0.0,0,0,0,2,4.6,1,4.0,54,56.3,44.2,13.6,T-0663,H-03-02,T-0535,H-01-01
O0517,B,7324.1,18691.5,18721.0,18733.4,18755.2,18755.3,18765.3,18807.1,11483.0,11367.4,AMR3,AMR3,1,25,2,56.6,56.6,AMR3,39.5,39.5,AMR3,0,0,0.0,0,0,0,1,12.0,2,8.0,58,58.9,38.6,18.0,T-0662,B-06-02,T-0490,B-03-03
O0518,F,7340.5,18899.9,18923.4,18938.9,18969.8,19095.5,19104.0,19139.0,11798.5,11559.4,AMR2,AMR2,1,25,1,68.1,66.2,AMR1,44.1,44.1,AMR2,1,7,1.9,0,0,0,0,0.0,0,0.0,70,69.1,44.3,0.0,T-0667,F-04-03,T-0559,F-01-03
O0519,E,7358.6,18827.2,18859.7,18875.0,18902.8,18902.9,18914.4,18949.4,11590.8,11468.6,AMR1,AMR1,1,25,1,64.7,64.7,AMR1,45.7,45.7,AMR1,0,0,0.0,0,0,0,0,0.0,1,4.0,68,66.9,46.2,9.0,T-0666,E-01-02,T-0478,E-05-01
O0520,A,7383.2,18807.2,18835.7,18849.3,18876.3,20180.2,20193.2,20241.1,12857.9,11424.0,AMR3,AMR3,1,25,1,62.2,62.2,AMR3,49.1,49.1,AMR3,0,0,0.0,0,0,0,1,11.0,1,6.0,72,70.1,43.9,16.0,T-0665,A-05-03,T-0458,A-01-02
O0521,G,7403.2,18925.1,18948.6,18959.1,18985.8,18985.9,18997.9,19041.9,11638.7,11521.9,AMR3,AMR3,1,25,1,57.3,57.3,AMR3,43.6,43.6,AMR3,0,0,0.0,0,0,0,1,12.0,1,7.0,60,61.1,43.6,12.0,T-0668,G-02-02,T-0486,G-02-01
O0522,E,7419.4,18949.5,18973.0,18986.0,19015.9,19974.4,19988.3,20023.1,12603.7,11530.1,AMR1,AMR1,1,25,1,62.9,62.9,AMR1,49.4,49.4,AMR1,0,0,0.0,0,0,0,0,0.0,0,0.0,68,67.0,48.1,0.0,T-0669,E-05-01,T-0519,E-01-03
O0523,J,7438.9,19690.9,19714.4,19730.2,19763.2,19763.3,19774.3,19809.9,12371.0,12252.0,AMR1,AMR1,1,25,1,69.5,69.5,AMR1,43.3,43.3,AMR1,0,0,0.0,0,0,0,0,0.0,0,0.0,70,70.8,48.1,0.0,T-0688,J-01-03,T-0566,J-06-02
O0524,H,7460.8,19062.9,19093.4,19109.2,19136.2,19136.3,19152.0,19177.6,11716.8,11602.1,AMR1,AMR1,1,25,1,64.5,64.5,AMR1,40.6,40.6,AMR1,0,0,0.0,0,0,0,0,0.0,1,2.0,54,56.1,51.5,7.0,T-0672,H-01-01,T-0538,H-06-02
O0525,B,7477.0,19042.0,19069.5,19081.4,19107.1,19107.2,19122.5,19156.7,11679.7,11565.0,AMR3,AMR3,1,25,1,57.6,57.6,AMR3,44.3,44.3,AMR3,0,0,0.0,0,0,0,1,5.0,0,0.0,60,60.5,45.1,9.0,T-0671,B-02-03,T-0495,B-06-01
O0526,H,7493.8,19376.6,19404.1,19419.3,19446.2,19446.3,19460.7,19484.2,11990.4,11882.8,AMR2,AMR2,1,25,2,64.6,64.6,AMR2,37.1,37.1,AMR2,0,0,0.0,0,0,0,0,0.0,0,0.0,54,56.1,47.4,4.0,T-0680,H-06-02,T-0541,H-01-03
O0527,F,7516.9,19250.5,19261.8,19274.3,19309.0,20115.2,20128.2,20163.4,12646.5,11733.6,AMR1,AMR2,1,11,1,55.7,55.7,AMR1,48.8,48.8,AMR2,0,0,0.0,0,0,0,0,0.0,0,0.0,58,58.5,48.2,0.0,T-0676,F-01-03,T-0581,F-03-01
O0528,B,7535.3,19156.8,19186.3,19198.4,19219.5,19219.6,19233.6,19278.7,11743.4,11621.5,AMR3,AMR3,1,25,2,55.6,55.6,AMR3,47.7,47.7,AMR3,0,0,0.0,0,0,0,2,12.6,3,3.6,56,57.4,45.8,18.6,T-0674,B-06-01,T-0497,B-04-03
O0529,E,7555.8,19253.3,19285.8,19300.6,19327.9,19328.0,19343.1,19376.5,11820.7,11697.5,AMR2,AMR2,1,25,1,61.1,61.1,AMR2,48.2,48.2,AMR2,0,0,0.0,0,0,0,1,1.0,1,4.0,68,68.0,45.1,10.0,T-0677,E-04-02,T-0487,E-02-02
O0530,C,7577.9,19177.7,19210.2,19226.4,19250.4,19939.4,19968.8,19996.6,12418.7,11599.8,AMR1,AMR3,1,25,16,62.6,62.6,AMR1,57.6,57.6,AMR3,0,0,0.0,0,0,0,0,0.0,1,4.0,66,68.7,52.2,9.0,T-0675,C-06-01,T-0533,C-02-01
O0531,B,7598.0,19395.2,19427.7,19442.5,19467.6,19467.7,19478.1,19508.0,11910.0,11797.2,AMR3,AMR3,1,25,0,60.7,60.7,AMR3,38.5,38.5,AMR3,0,0,0.0,0,0,0,0,0.0,1,4.0,60,60.6,43.1,9.0,T-0681,B-03-03,T-0526,B-01-01
O0532,D,7620.9,19278.8,19309.3,19325.0,19347.0,19347.1,19357.7,19395.1,11774.2,11657.9,AMR3,AMR3,1,25,1,59.3,59.3,AMR3,39.3,39.3,AMR3,0,0,0.0,0,0,0,1,8.0,2,5.0,54,56.2,45.0,15.0,T-0678,D-01-02,T-0472,D-03-02
O0533,I,7636.1,19356.7,19380.2,19391.9,19418.2,19418.3,19429.7,19459.0,11822.9,11720.6,AMR1,AMR1,1,25,1,58.1,58.1,AMR1,40.3,40.3,AMR1,0,0,0.0,0,0,0,0,0.0,0,0.0,56,57.9,44.3,0.0,T-0679,I-04-02,T-0536,I-04-03
O0534,I,7654.8,19484.3,19507.8,19519.7,19548.0,19548.1,19558.7,19590.1,11935.3,11829.5,AMR2,AMR2,1,25,1,60.3,60.3,AMR2,36.1,36.1,AMR2,0,0,0.0,0,0,0,1,3.0,0,0.0,58,60.4,42.3,3.0,T-0683,I-05-02,T-0539,I-06-02
O0535,B,7676.0,19731.6,19762.1,19776.1,19802.3,19802.4,19813.3,19849.6,12173.6,12055.6,AMR2,AMR2,1,25,1,60.2,60.2,AMR2,44.2,44.2,AMR2,0,0,0.0,0,0,0,2,2.6,1,2.0,60,60.7,47.6,9.6,T-0690,B-01-01,T-0542,B-02-01
O0536,H,7694.1,19508.1,19531.6,19547.6,19569.5,19569.6,19582.1,19604.9,11910.8,11814.0,AMR3,AMR3,1,25,1,59.6,59.6,AMR3,36.5,36.5,AMR3,0,0,0.0,0,0,0,0,0.0,0,0.0,52,54.2,42.5,0.0,T-0684,H-01-03,T-0544,H-02-03
O0537,G,7713.1,20241.2,20264.7,20280.2,20309.3,20309.4,20324.5,20349.8,12636.7,12528.1,AMR3,AMR3,1,25,1,64.7,64.7,AMR3,40.1,40.1,AMR3,0,0,0.0,0,0,0,0,0.0,0,0.0,60,61.0,47.5,0.0,T-0702,G-02-01,T-0499,G-05-02
O0538,F,7728.9,19569.9,19593.4,19608.9,19639.0,20654.9,20669.2,20703.4,12974.5,11841.0,AMR1,AMR3,1,25,1,67.3,67.3,AMR1,49.2,49.2,AMR3,0,0,0.0,0,0,0,0,0.0,0,0.0,70,69.0,48.6,0.0,T-0685,F-05-03,T-0607,F-05-01
O0539,H,7744.6,19590.2,19617.7,19628.6,19655.1,19655.2,19670.8,19731.5,11986.9,11845.6,AMR2,AMR2,1,25,1,59.1,59.1,AMR2,42.1,42.1,AMR2,0,0,0.0,0,0,0,3,29.2,2,17.7,56,60.4,47.6,33.2,T-0686,H-02-03,T-0549,H-06-01
O0540,C,7764.8,19704.0,19738.5,19753.6,19777.9,19778.0,19788.8,19823.4,12058.6,11939.2,AMR3,AMR3,1,25,1,61.0,61.0,AMR3,37.5,37.5,AMR3,0,0,0.0,0,0,0,1,8.0,2,9.0,54,54.9,45.4,19.0,T-0689,C-02-02,T-0527,C-03-02
O0541,C,7786.2,19605.0,19628.5,19641.2,19665.1,19665.2,19674.7,19703.9,11917.7,11818.8,AMR3,AMR3,1,25,1,58.2,58.2,AMR3,36.9,36.9,AMR3,0,0,0.0,0,0,0,1,3.0,0,0.0,52,53.8,42.0,3.0,T-0687,C-01-02,T-0523,C-02-02
O0542,A,7805.5,20110.9,20134.4,20150.5,20180.1,21878.6,21892.2,21939.1,14133.6,12305.4,AMR3,AMR3,1,25,1,67.3,67.3,AMR3,51.5,51.5,AMR3,0,0,0.0,0,0,0,1,8.2,1,3.2,72,70.1,51.4,8.2,T-0699,A-05-01,T-0588,A-01-01
O0543,E,7825.7,20130.1,20158.6,20174.9,20204.4,20204.5,20212.4,20256.8,12431.1,12304.4,AMR1,AMR1,1,25,1,67.4,67.4,AMR1,43.8,43.8,AMR1,0,0,0.0,0,0,0,1,11.2,1,6.2,64,63.4,47.0,16.2,T-0700,E-01-03,T-0522,E-02-03
O0544,D,7842.3,19849.7,19881.2,19897.1,19920.9,20082.6,20097.4,20130.0,12287.7,12007.4,AMR2,AMR1,1,25,2,61.3,61.3,AMR2,42.6,42.6,AMR1,0,0,0.0,0,0,0,1,1.0,1,3.0,57,60.0,49.6,9.0,T-0693,D-02-02,T-0477,D-04-02
O0545,I,7866.8,19810.0,19833.5,19844.9,19872.9,19873.0,19886.0,19911.5,12044.7,11943.2,AMR1,AMR1,1,25,2,58.7,58.7,AMR1,38.2,38.2,AMR1,0,0,0.0,0,0,0,0,0.0,0,0.0,58,59.3,42.1,0.0,T-0691,I-06-02,T-0547,I-02-03
O0546,E,7890.3,19823.5,19857.0,19867.8,19894.2,19894.3,19905.4,19939.3,12049.0,11933.2,AMR3,AMR3,1,25,1,58.8,58.8,AMR3,44.2,44.2,AMR3,0,0,0.0,0,0,0,0,0.0,1,5.0,68,66.9,38.8,10.0,T-0692,E-02-02,T-0511,E-05-02
O0547,I,7911.6,19921.0,19948.0,19963.4,19987.3,19987.4,20002.8,20038.8,12127.2,12009.4,AMR2,AMR2,1,12,1,50.7,50.7,AMR2,43.1,43.1,AMR2,0,0,0.0,0,0,0,1,7.0,2,12.0,41,45.7,50.0,22.0,T-0695,I-02-03,T-0551,I-03-03
O0548,E,7927.9,19911.6,19935.1,19947.7,19974.3,20678.2,20690.1,20726.9,12799.0,11983.7,AMR1,AMR1,1,25,0,59.2,58.3,AMR2,46.4,46.4,AMR1,1,13,0.9,0,0,0,0,0.0,0,0.0,71,69.3,42.1,0.0,T-0694,E-05-02,T-0560,E-06-02
O0549,I,7948.2,20023.2,20046.7,20057.9,20082.5,20163.5,20188.8,20216.4,12268.2,12075.0,AMR1,AMR2,1,25,14,56.7,56.7,AMR1,53.6,53.6,AMR2,0,0,0.0,0,0,0,0,0.0,0,0.0,66,68.3,43.9,0.0,T-0697,I-03-03,T-0556,I-01-03
O0550,J,7964.9,19996.7,20020.2,20032.9,20065.8,21057.1,21073.1,21106.5,13141.6,12031.8,AMR3,AMR2,1,25,0,64.9,64.9,AMR3,46.1,46.1,AMR2,0,0,0.0,0,0,0,0,0.0,0,0.0,72,71.5,47.0,0.0,T-0696,J-06-02,T-0594,J-06-01
O0551,J,7981.6,20256.9,20288.4,20303.1,20331.8,20331.9,20345.7,20376.1,12394.5,12275.3,AMR1,AMR1,1,25,0,64.3,64.3,AMR1,44.9,44.9,AMR1,0,0,0.0,0,0,0,0,0.0,1,3.0,66,65.9,45.2,8.0,T-0703,J-03-03,T-0573,J-01-01
O0552,F,8005.6,20038.9,20070.4,20082.1,20115.1,20793.4,20807.1,20844.0,12838.4,12033.3,AMR2,AMR1,1,25,1,64.8,64.8,AMR2,47.8,47.8,AMR1,0,0,0.0,0,0,0,1,5.0,1,3.0,70,69.1,44.7,13.0,T-0698,F-02-01,T-0614,F-06-01
O0553,A,8021.0,20336.0,20359.5,20375.3,20405.3,21095.0,21108.9,21143.0,13122.0,12315.0,AMR2,AMR3,1,25,1,66.6,66.6,AMR2,50.2,50.2,AMR3,0,0,0.0,0,0,0,0,0.0,0,0.0,69,67.9,49.4,0.0,T-0704,A-03-02,T-0505,A-06-01
O0554,J,8036.5,20672.2,20695.7,20709.2,20742.7,20742.8,20753.8,20787.4,12750.9,12635.7,AMR2,AMR2,1,25,1,67.1,67.1,AMR2,45.2,45.2,AMR2,0,0,0.0,0,0,0,0,0.0,0,0.0,68,67.5,47.6,0.0,T-0713,J-04-01,T-0587,J-03-01
O0555,J,8058.0,20452.0,20475.5,20487.9,20519.3,20519.4,20531.1,20559.5,12501.5,12394.0,AMR2,AMR2,1,25,1,65.5,65.5,AMR2,42.8,42.8,AMR2,0,0,0.0,0,0,0,0,0.0,0,0.0,64,63.8,43.6,0.0,T-0707,J-01-01,T-0577,J-02-01
O0556,A,8079.2,20216.5,20240.0,20253.7,20285.0,20405.4,20416.1,20451.9,12372.7,12137.3,AMR2,AMR2,1,25,0,65.0,65.0,AMR2,47.2,47.2,AMR2,0,0,0.0,0,0,0,0,0.0,0,0.0,71,69.5,45.5,0.0,T-0701,A-01-02,T-0501,A-04-01
O0557,I,8103.1,20349.9,20383.4,20397.1,20424.5,20424.6,20438.1,20464.6,12361.5,12246.8,AMR3,AMR3,1,25,1,62.8,62.8,AMR3,38.6,38.6,AMR3,0,0,0.0,0,0,0,2,2.6,1,5.0,52,54.7,47.3,12.6,T-0705,I-01-03,T-0572,I-01-01
O0558,E,8124.5,20376.2,20407.7,20422.4,20451.5,20451.6,20460.8,20491.7,12367.2,12251.7,AMR1,AMR1,1,25,1,65.4,65.4,AMR1,40.8,40.8,AMR1,0,0,0.0,0,0,0,0,0.0,1,3.0,66,65.4,42.0,8.0,T-0706,E-02-03,T-0554,E-03-03
O0559,G,8141.9,20881.4,20904.9,20919.4,20946.8,20946.9,20962.1,20988.9,12847.0,12739.5,AMR2,AMR2,1,25,1,63.6,63.6,AMR2,43.2,43.2,AMR2,0,0,0.0,0,0,0,0,0.0,0,0.0,56,57.9,49.5,0.0,T-0719,G-04-02,T-0502,G-06-02
O0560,A,8161.5,21143.1,21166.6,21182.8,21211.2,21211.3,21221.8,21254.2,13092.7,12981.6,AMR3,AMR3,1,25,2,67.0,67.0,AMR3,45.1,45.1,AMR3,0,0,0.0,0,0,0,0,0.0,0,0.0,68,67.0,44.0,0.0,T-0726,A-06-01,T-0530,A-05-02
O0561,H,8180.9,20491.8,20523.3,20535.1,20560.4,20560.5,20576.5,20602.2,12421.3,12310.9,AMR1,AMR1,1,25,2,59.6,59.6,AMR1,38.9,38.9,AMR1,0,0,0.0,0,0,0,1,2.0,1,3.0,54,56.1,44.2,10.0,T-0709,H-06-01,T-0553,H-01-02
O0562,J,8197.9,20559.6,20583.1,20598.3,20627.0,20627.1,20639.3,20672.1,12474.2,12361.7,AMR2,AMR2,1,25,1,65.6,56.9,AMR1,43.2,43.2,AMR2,1,12,8.7,0,0,0,0,0.0,0,0.0,68,68.3,44.1,0.0,T-0710,J-02-01,T-0582,J-04-01
O0563,F,8216.0,20464.7,20499.2,20512.5,20542.1,20542.2,20555.4,20588.1,12372.1,12248.7,AMR3,AMR3,1,25,0,63.8,63.8,AMR3,44.1,44.1,AMR3,0,0,0.0,0,0,0,0,0.0,1,6.0,72,71.6,40.7,11.0,T-0708,F-03-01,T-0597,F-01-01
O0564,F,8240.9,20844.1,20867.6,20881.1,20912.4,22820.7,22832.9,22866.8,14625.9,12603.2,AMR1,AMR1,1,25,2,67.3,58.8,AMR2,50.3,50.3,AMR1,1,13,8.5,0,0,0,0,0.0,0,0.0,66,65.4,49.0,0.0,T-0718,F-06-01,T-0661,F-06-03
O0565,F,8257.2,20588.2,20611.7,20624.0,20654.8,20912.5,20928.1,20963.7,12706.5,12331.0,AMR3,AMR1,1,25,2,63.2,63.2,AMR3,49.4,49.4,AMR1,0,0,0.0,0,0,0,0,0.0,0,0.0,75,73.8,44.0,0.0,T-0711,F-01-01,T-0621,F-02-02
O0566,F,8277.8,20727.0,20751.5,20761.9,20793.3,22241.8,22254.8,22289.0,14011.2,12449.2,AMR1,AMR3,1,25,1,63.5,63.5,AMR1,49.4,49.4,AMR3,0,0,0.0,0,0,0,0,0.0,0,0.0,68,67.5,45.0,1.0,T-0715,F-05-01,T-0648,F-04-02
O0567,E,8297.5,20602.3,20635.8,20648.9,20678.1,23197.2,23211.6,23249.0,14951.5,12304.8,AMR1,AMR1,1,25,0,63.1,63.1,AMR1,49.7,49.7,AMR1,0,0,0.0,0,0,0,0,0.0,1,5.0,68,68.3,49.3,10.0,T-0712,E-03-03,T-0654,E-04-01
O0568,B,8315.0,20703.5,20727.0,20740.6,20766.9,20767.0,20778.2,20806.3,12491.3,12388.5,AMR3,AMR3,1,25,1,59.9,59.9,AMR3,39.0,39.0,AMR3,0,0,0.0,0,0,0,0,0.0,0,0.0,60,60.6,42.1,0.0,T-0714,B-02-01,T-0550,B-04-01
O0569,G,8332.9,21254.3,21277.8,21292.7,21316.0,21316.1,21327.6,21357.2,13024.3,12921.4,AMR3,AMR3,1,25,2,60.7,60.7,AMR3,38.3,38.3,AMR3,0,0,0.0,0,0,0,0,0.0,0,0.0,60,61.8,41.0,0.0,T-0729,G-06-02,T-0529,G-02-03
O0570,C,8352.1,20787.5,20811.0,20823.6,20846.4,20846.5,20856.6,20881.3,12529.2,12435.4,AMR2,AMR2,1,25,1,57.0,57.0,AMR2,35.0,35.0,AMR2,0,0,0.0,0,0,0,0,0.0,0,0.0,54,54.8,38.9,0.0,T-0716,C-02-01,T-0565,C-04-02
O0571,F,8376.4,21320.5,21344.0,21359.0,21390.2,21390.3,21401.0,21434.2,13057.8,12944.1,AMR2,AMR2,1,25,1,66.3,66.3,AMR2,44.5,44.5,AMR2,0,0,0.0,0,0,0,0,0.0,0,0.0,72,70.7,42.9,0.0,T-0731,F-02-02,T-0639,F-03-02
O0572,H,8399.0,20806.4,20834.9,20847.1,20874.7,20874.8,20887.4,20912.5,12513.5,12407.4,AMR3,AMR3,1,25,1,61.5,61.5,AMR3,38.9,38.9,AMR3,0,0,0.0,0,0,0,0,0.0,0,0.0,52,54.2,46.8,5.0,T-0717,H-01-02,T-0555,H-02-01
O0573,E,8418.7,20912.6,20936.1,20950.3,20982.0,20982.1,20996.5,21027.6,12608.9,12493.9,AMR3,AMR3,1,25,2,65.1,65.1,AMR3,46.0,46.0,AMR3,0,0,0.0,0,0,0,0,0.0,0,0.0,70,68.7,46.2,0.0,T-0720,E-06-02,T-0567,E-04-03
O0574,G,8433.9,21757.5,21781.0,21795.1,21823.9,21824.0,21837.3,21864.9,13431.0,13323.6,AMR2,AMR2,1,25,1,63.0,63.0,AMR2,40.6,40.6,AMR2,0,0,0.0,0,0,0,0,0.0,0,0.0,60,61.0,46.3,0.0,T-0743,G-02-03,T-0586,G-05-01
O0575,D,8453.5,20963.8,20987.3,20999.2,21020.2,21020.3,21032.4,21060.1,12606.6,12510.3,AMR1,AMR1,1,25,0,53.7,53.7,AMR1,39.0,39.0,AMR1,0,0,0.0,0,0,0,0,0.0,0,0.0,54,56.4,39.8,0.0,T-0721,D-03-02,T-0481,D-01-03
O0576,A,8474.3,21027.7,21051.2,21066.0,21094.9,21604.2,21614.0,21651.4,13177.1,12553.4,AMR3,AMR2,1,25,1,65.3,65.3,AMR3,46.4,46.4,AMR2,0,0,0.0,0,0,0,0,0.0,0,0.0,72,70.1,44.3,0.0,T-0723,A-04-01,T-0558,A-02-02
O0577,J,8492.1,20989.0,21012.5,21025.6,21057.0,22128.3,22139.0,22174.2,13682.1,12496.9,AMR2,AMR3,1,25,0,65.4,65.4,AMR2,44.1,44.1,AMR3,0,0,0.0,0,0,0,0,0.0,0,0.0,68,68.4,45.5,0.0,T-0722,J-03-01,T-0620,J-04-02
O0578,E,8513.9,21106.6,21130.1,21142.9,21172.4,21172.5,21183.0,21214.2,12700.3,12592.7,AMR2,AMR2,1,25,1,62.3,62.3,AMR2,42.4,42.4,AMR2,0,0,0.0,0,0,0,0,0.0,0,0.0,68,67.0,40.5,0.0,T-0725,E-04-03,T-0570,E-02-01
O0579,B,8529.0,21060.2,21083.7,21097.8,21119.2,21119.3,21131.9,21162.7,12633.7,12531.2,AMR1,AMR1,1,25,1,57.1,57.1,AMR1,44.6,44.6,AMR1,0,0,0.0,0,0,0,0,0.0,0,0.0,56,57.5,44.9,0.0,T-0724,B-04-01,T-0557,B-05-01
O0580,E,8545.3,21357.3,21380.8,21396.5,21427.5,21427.6,21441.2,21475.2,12929.9,12812.0,AMR3,AMR3,1,25,2,65.9,65.9,AMR3,48.2,48.2,AMR3,0,0,0.0,0,0,0,0,0.0,0,0.0,70,68.6,49.2,0.0,T-0732,E-06-01,T-0595,E-03-02
O0581,G,8564.0,21162.8,21190.3,21203.3,21226.8,21226.9,21240.4,21274.6,12710.6,12598.8,AMR1,AMR1,1,25,1,58.2,58.2,AMR1,39.9,39.9,AMR1,0,0,0.0,0,0,0,1,5.0,0,0.0,60,61.9,40.8,9.0,T-0727,G-05-02,T-0525,G-01-03
O0582,A,8579.4,21668.1,21698.6,21713.5,21746.6,21746.7,21757.5,21788.9,13209.5,13088.7,AMR1,AMR1,1,25,1,68.0,68.0,AMR1,42.9,42.9,AMR1,0,0,0.0,0,0,0,0,0.0,1,2.0,72,70.2,43.5,7.0,T-0741,A-02-02,T-0562,A-04-02
O0583,E,8598.0,21214.3,21237.8,21250.9,21275.7,21275.8,21287.2,21320.4,12722.4,12616.3,AMR2,AMR2,1,25,1,59.5,59.5,AMR2,42.3,42.3,AMR2,0,0,0.0,0,0,0,0,0.0,0,0.0,70,68.4,37.6,0.0,T-0728,E-02-01,T-0590,E-06-01
O0584,H,8616.9,21434.3,21457.8,21474.0,21498.0,21498.1,21512.3,21535.8,12918.9,12817.4,AMR2,AMR2,1,25,1,61.9,61.9,AMR2,36.8,36.8,AMR2,0,0,0.0,0,0,0,0,0.0,0,0.0,54,56.3,45.1,0.0,T-0734,H-02-01,T-0564,H-03-03
O0585,J,8634.7,21274.7,21302.2,21315.3,21349.4,21349.5,21362.2,21392.0,12757.3,12640.0,AMR1,AMR1,1,25,2,66.5,62.7,AMR2,43.2,43.2,AMR1,1,7,3.8,0,0,0,0,0.0,0,0.0,70,68.9,44.3,4.0,T-0730,J-06-01,T-0596,J-01-02
O0586,C,8655.8,21554.6,21583.1,21599.2,21623.0,21623.1,21636.5,21668.0,13012.2,12898.8,AMR1,AMR1,1,25,1,61.5,61.5,AMR1,42.6,42.6,AMR1,0,0,0.0,0,0,0,1,3.0,0,0.0,52,54.3,51.0,8.0,T-0738,C-04-02,T-0583,C-05-02
O0587,F,8674.8,21475.3,21498.8,21509.7,21542.2,21542.3,21557.4,21590.1,12915.3,12800.5,AMR3,AMR3,1,25,0,64.3,64.3,AMR3,45.5,45.5,AMR3,0,0,0.0,0,0,0,1,3.0,0,0.0,70,69.1,42.6,3.0,T-0736,F-03-02,T-0644,F-05-02
O0588,C,8699.1,21392.1,21415.6,21426.2,21448.3,21654.7,21670.0,21703.1,13004.0,12693.0,AMR1,AMR3,1,25,2,53.5,53.5,AMR1,41.3,41.3,AMR3,0,0,0.0,0,0,0,1,5.0,0,0.0,56,58.6,41.0,5.0,T-0733,C-03-02,T-0592,C-06-02
O0589,G,8720.2,21448.4,21474.3,21485.2,21510.5,21510.6,21520.7,21554.5,12834.3,12728.2,AMR1,AMR1,1,13,1,46.1,46.1,AMR1,36.5,36.5,AMR1,0,0,0.0,0,0,0,1,7.0,2,7.0,48,49.9,35.5,20.6,T-0735,G-01-03,T-0574,G-03-03
O0590,A,8735.6,21535.9,21559.4,21574.8,21604.1,22192.8,22206.4,22237.5,13501.9,12800.3,AMR2,AMR2,1,25,1,66.3,66.3,AMR2,45.5,45.5,AMR2,0,0,0.0,0,0,0,0,0.0,0,0.0,70,68.5,44.4,0.0,T-0737,A-05-02,T-0608,A-06-02
O0591,H,8757.7,21590.2,21613.7,21628.0,21654.6,21865.0,21892.9,21921.9,13164.2,12832.5,AMR3,AMR2,1,25,14,61.8,61.8,AMR3,55.2,55.2,AMR2,0,0,0.0,0,0,0,0,0.0,0,0.0,68,70.2,51.1,0.0,T-0739,H-03-03,T-0580,H-04-01
O0592,J,8777.3,21789.0,21812.5,21825.4,21857.1,21857.2,21872.0,21899.2,13121.9,13011.7,AMR1,AMR1,1,25,1,64.7,64.7,AMR1,42.7,42.7,AMR1,0,0,0.0,0,0,0,0,0.0,0,0.0,68,67.4,42.7,0.0,T-0744,J-05-01,T-0606,J-02-02
O0593,J,8793.7,23249.1,23272.6,23287.2,23320.6,23320.7,23333.9,23366.7,14573.0,14455.4,AMR1,AMR1,1,25,1,68.1,60.3,AMR2,46.7,46.7,AMR1,1,11,7.8,0,0,0,0,0.0,0,0.0,68,67.4,50.1,0.0,T-0784,J-04-03,T-0664,J-02-03
O0594,J,8810.3,21651.5,21675.0,21688.6,21715.3,21715.4,21725.9,21757.4,12947.1,12841.2,AMR2,AMR2,1,25,1,62.0,57.0,AMR3,40.2,40.2,AMR2,1,10,5.0,0,0,0,0,0.0,0,0.0,68,68.3,37.5,0.0,T-0740,J-01-02,T-0599,J-05-01
O0595,J,8833.7,21939.2,21970.7,21983.0,22013.5,22013.6,22023.6,22059.4,13225.7,13105.5,AMR3,AMR3,1,25,1,64.5,64.5,AMR3,38.5,38.5,AMR3,0,0,0.0,0,0,0,1,7.0,2,5.0,66,66.8,38.3,15.0,T-0748,J-02-02,T-0617,J-03-02
O0596,I,8853.8,21703.2,21726.7,21739.8,21767.2,21767.3,21775.5,21805.1,12951.3,12849.4,AMR3,AMR3,1,25,1,62.2,62.2,AMR3,34.5,34.5,AMR3,0,0,0.0,0,0,0,1,5.0,0,0.0,52,54.2,42.6,5.0,T-0742,I-01-01,T-0578,I-02-01
O0597,J,8873.7,22059.5,22083.0,22096.6,22128.2,22299.3,22314.2,22347.6,13473.9,13185.8,AMR3,AMR2,1,25,2,66.1,56.5,AMR1,46.5,46.5,AMR2,1,13,9.6,0,0,0,0,0.0,0,0.0,70,69.8,47.2,0.0,T-0751,J-03-02,T-0626,J-05-03
O0598,A,8893.4,21805.2,21836.7,21850.1,21878.5,23008.9,23017.4,23053.9,14160.5,12911.8,AMR3,AMR3,1,25,1,63.4,63.4,AMR3,45.6,45.6,AMR3,0,0,0.0,0,0,0,0,0.0,1,3.0,70,68.7,41.6,8.0,T-0745,A-04-02,T-0618,A-02-03
O0599,B,8911.8,21899.3,21922.8,21935.3,21961.5,21961.6,21976.4,22006.0,13094.2,12987.5,AMR1,AMR1,1,25,1,60.3,60.3,AMR1,42.6,42.6,AMR1,0,0,0.0,0,0,0,0,0.0,0,0.0,60,60.5,46.1,0.0,T-0746,B-05-01,T-0576,B-01-02
O0600,A,8932.6,22126.8,22150.3,22165.0,22192.7,22515.6,22526.4,22562.0,13629.4,13194.2,AMR2,AMR2,1,25,2,62.4,61.7,AMR3,44.6,44.6,AMR2,1,4,0.7,0,0,0,1,1.0,0,0.0,75,72.4,38.9,1.0,T-0753,A-01-01,T-0616,A-01-03
O0601,G,8936.6,21922.0,21946.5,21959.2,21983.7,21983.8,21997.3,22022.2,13085.6,12985.4,AMR2,AMR2,1,25,1,58.8,58.8,AMR2,39.6,39.6,AMR2,0,0,0.0,0,0,0,0,0.0,0,0.0,56,58.0,41.1,1.0,T-0747,G-05-01,T-0601,G-04-03
O0602,I,8940.6,22622.8,22646.3,22661.2,22689.6,22689.7,22699.2,22726.4,13785.8,13682.2,AMR3,AMR3,1,25,0,64.1,57.9,AMR2,34.9,34.9,AMR3,1,11,6.2,0,0,0,0,0.0,0,0.0,56,57.9,45.6,0.0,T-0766,I-03-01,T-0598,I-04-01
O0603,F,8945.7,22174.3,22197.8,22211.9,22241.7,22355.4,22370.4,22402.5,13456.8,13228.6,AMR3,AMR3,1,25,1,65.6,65.6,AMR3,45.3,45.3,AMR3,0,0,0.0,0,0,0,0,0.0,0,0.0,72,71.5,43.0,0.0,T-0754,F-05-02,T-0651,F-02-03
O0604,C,8951.9,22006.1,22029.6,22040.2,22060.7,22060.8,22074.8,22102.1,13150.2,13054.2,AMR1,AMR1,1,25,1,52.7,52.7,AMR1,41.5,41.5,AMR1,0,0,0.0,0,0,0,0,0.0,0,0.0,54,54.8,41.1,0.0,T-0749,C-05-02,T-0602,C-01-03
O0605,D,8955.0,22022.3,22053.8,22065.6,22088.0,22088.1,22096.6,22126.7,13171.7,13067.3,AMR2,AMR2,1,25,1,54.2,54.2,AMR2,38.2,38.2,AMR2,0,0,0.0,0,0,0,0,0.0,1,3.0,56,57.5,38.8,8.0,T-0750,D-04-02,T-0488,D-05-02
O0606,I,8960.8,22102.2,22125.7,22136.6,22161.9,22162.0,22177.4,22206.8,13246.0,13141.4,AMR1,AMR1,1,25,1,57.9,57.9,AMR1,43.0,43.0,AMR1,0,0,0.0,0,0,0,0,0.0,0,0.0,54,57.7,46.8,0.0,T-0752,I-02-01,T-0585,I-03-01
O0607,G,8966.7,22675.7,22703.2,22719.0,22748.2,22748.3,22759.8,22782.7,13816.0,13709.0,AMR2,AMR2,1,25,0,65.9,65.9,AMR2,34.2,34.2,AMR2,0,0,0.0,0,0,0,0,0.0,0,0.0,58,59.4,43.5,4.0,T-0768,G-03-03,T-0605,G-06-01
O0608,F,8971.9,22536.9,22564.4,22577.9,22610.5,24084.1,24098.5,24132.9,15161.0,13565.0,AMR1,AMR2,1,25,1,67.0,67.0,AMR1,47.0,47.0,AMR2,0,0,0.0,0,0,0,0,0.0,0,0.0,73,72.3,46.1,4.0,T-0764,F-03-03,T-0670,F-01-02
O0609,F,8976.4,22289.1,22312.6,22325.6,22355.3,22610.6,22623.7,22655.3,13678.9,13312.7,AMR3,AMR1,1,25,0,64.4,64.4,AMR3,45.5,45.5,AMR1,0,0,0.0,0,0,0,0,0.0,0,0.0,69,68.2,42.7,0.0,T-0757,F-04-02,T-0660,F-06-02
O0610,H,8980.8,22206.9,22230.4,22243.7,22268.9,22269.0,22281.7,22308.6,13327.8,13226.1,AMR1,AMR1,1,25,1,60.2,60.2,AMR1,40.3,40.3,AMR1,0,0,0.0,0,0,0,0,0.0,0,0.0,52,54.7,46.9,0.0,T-0755,H-04-01,T-0593,H-05-01
O0611,E,8985.8,22237.6,22261.1,22273.4,22299.2,27929.8,27944.7,27978.6,18992.8,13251.8,AMR2,AMR1,1,25,1,58.9,58.9,AMR2,49.5,49.5,AMR1,0,0,0.0,0,0,0,0,0.0,0,0.0,67,66.2,44.2,0.0,T-0756,E-03-02,T-0700,E-01-03
O0612,E,8989.9,22308.7,22336.2,22346.9,22375.4,22375.5,22389.9,22423.0,13433.1,13318.8,AMR1,AMR1,1,25,2,58.4,58.4,AMR1,44.2,44.2,AMR1,0,0,0.0,0,0,0,1,4.0,0,0.0,70,68.5,37.7,8.0,T-0758,E-06-03,T-0613,E-01-01
O0613,F,8995.8,22402.6,22426.1,22441.2,22473.3,22473.4,22484.1,22516.5,13520.7,13406.8,AMR3,AMR3,1,25,1,67.3,65.3,AMR2,43.7,43.7,AMR3,1,11,2.0,0,0,0,0,0.0,0,0.0,72,70.7,43.1,0.0,T-0760,F-02-03,T-0653,F-03-03
O0614,H,9000.7,22347.7,22371.2,22384.0,22409.4,22409.5,22425.7,22450.2,13449.5,13347.0,AMR2,AMR2,1,25,1,59.9,59.9,AMR2,37.9,37.9,AMR2,0,0,0.0,0,0,0,1,2.0,0,0.0,54,56.2,44.2,2.0,T-0759,H-05-01,T-0627,H-02-02
O0615,F,9004.2,23468.0,23491.5,23506.5,23539.5,23539.6,23554.2,23583.9,14579.7,14463.8,AMR1,AMR1,1,25,2,70.5,69.6,AMR2,45.5,45.5,AMR1,1,11,0.9,0,0,0,0,0.0,0,0.0,68,68.4,47.4,0.0,T-0790,F-06-03,T-0667,F-04-03
O0616,B,9010.4,22423.1,22450.6,22462.0,22486.3,22486.4,22498.4,22536.8,13526.4,13412.7,AMR1,AMR1,1,25,1,55.7,55.7,AMR1,42.0,42.0,AMR1,0,0,0.0,0,0,0,1,8.0,1,3.0,60,60.7,40.9,12.0,T-0761,B-01-02,T-0584,B-02-02
O0617,A,9013.6,22450.3,22474.8,22489.5,22515.5,25270.5,25281.7,25320.5,16306.9,13436.7,AMR2,AMR1,1,25,1,63.1,63.1,AMR2,49.2,49.2,AMR1,0,0,0.0,0,0,0,0,0.0,0,0.0,71,69.3,44.9,1.0,T-0762,A-06-02,T-0701,A-01-02
O0618,J,9020.3,22516.6,22540.1,22550.9,22579.5,22579.6,22590.3,22622.7,13602.4,13496.3,AMR3,AMR3,1,25,1,59.5,59.5,AMR3,43.7,43.7,AMR3,0,0,0.0,0,0,0,0,0.0,0,0.0,68,67.5,38.5,0.0,T-0763,J-04-02,T-0628,J-05-02
O0619,E,9024.2,22726.5,22750.0,22763.4,22788.2,22788.3,22797.8,22832.8,13808.6,13702.3,AMR3,AMR3,1,25,1,59.8,59.8,AMR3,43.7,43.7,AMR3,0,0,0.0,0,0,0,0,0.0,0,0.0,68,66.9,39.3,0.0,T-0769,E-01-01,T-0615,E-05-03
O0620,D,9030.0,22562.1,22588.6,22601.9,22625.4,22625.5,22636.6,22675.6,13645.6,13532.1,AMR2,AMR2,1,25,1,56.8,56.8,AMR2,41.2,41.2,AMR2,0,0,0.0,0,0,0,1,7.0,1,2.0,58,59.0,44.4,10.0,T-0765,D-05-02,T-0518,D-06-02
O0621,B,9033.1,22843.9,22872.3,22884.6,22908.4,22908.5,22918.5,22961.9,13928.8,13810.8,AMR2,AMR2,1,16,1,50.2,50.2,AMR2,39.1,39.1,AMR2,0,0,0.0,0,0,0,1,14.0,2,17.0,49,50.9,40.0,27.0,T-0773,B-04-03,T-0604,B-03-02
O0622,H,9037.1,22655.4,22678.9,22691.1,22716.9,22717.0,22731.5,22756.3,13719.2,13618.3,AMR1,AMR1,1,25,1,59.7,59.7,AMR1,38.5,38.5,AMR1,0,0,0.0,0,0,0,0,0.0,0,0.0,54,56.2,44.6,0.0,T-0767,H-02-02,T-0630,H-04-02
O0623,B,9042.0,22782.8,22806.3,22818.8,22843.8,24402.4,24429.1,24486.4,15444.4,13740.8,AMR2,AMR1,1,25,18,57.5,57.5,AMR2,58.7,58.7,AMR1,0,0,0.0,0,0,0,2,24.2,1,14.2,77,77.7,43.1,24.2,T-0771,B-02-02,T-0646,B-03-01
O0624,B,9048.8,22962.0,22990.5,23003.6,23030.2,23030.3,23040.3,23075.0,14026.2,13913.2,AMR2,AMR2,1,25,0,60.5,60.5,AMR2,38.8,38.8,AMR2,0,0,0.0,0,0,0,2,5.6,0,0.0,58,59.1,43.2,10.6,T-0776,B-03-02,T-0623,B-04-02
O0625,F,9054.4,22756.4,22779.9,22791.4,22820.6,25047.9,25067.1,25102.1,16047.7,13702.0,AMR1,AMR1,1,25,7,63.2,63.2,AMR1,55.4,55.4,AMR1,0,0,0.0,0,0,0,0,0.0,0,0.0,73,73.1,45.3,0.0,T-0770,F-06-02,T-0685,F-05-03
O0626,E,9060.0,22832.9,22856.4,22868.6,22899.0,22899.1,22910.2,22942.4,13882.4,13772.9,AMR3,AMR3,1,25,1,62.6,62.6,AMR3,43.9,43.9,AMR3,0,0,0.0,0,0,0,0,0.0,0,0.0,68,67.1,42.3,0.0,T-0772,E-05-03,T-0650,E-03-01
O0627,C,9064.2,22980.0,23014.5,23025.6,23048.7,23556.9,23574.7,23604.0,14539.8,13915.8,AMR1,AMR3,1,25,2,55.8,55.8,AMR1,43.4,43.4,AMR3,0,0,0.0,0,0,0,1,1.0,1,6.0,55,58.4,45.4,12.0,T-0777,C-01-03,T-0634,C-04-03
O0628,C,9069.5,22866.9,22896.4,22907.9,22929.3,22929.4,22940.9,22979.9,13910.4,13797.4,AMR1,AMR1,1,25,2,55.3,55.3,AMR1,38.0,38.0,AMR1,0,0,0.0,0,0,0,1,12.7,2,8.7,54,54.7,39.5,18.7,T-0774,C-06-02,T-0610,C-02-03
O0629,A,9074.1,22942.5,22966.0,22981.4,23008.8,23588.4,23599.5,23635.2,14561.1,13868.4,AMR3,AMR2,1,25,1,62.8,62.8,AMR3,47.4,47.4,AMR2,0,0,0.0,0,0,0,0,0.0,0,0.0,72,70.3,42.8,0.0,T-0775,A-01-03,T-0624,A-03-03
O0630,H,9080.3,23048.8,23060.8,23074.9,23097.6,23097.7,23109.4,23134.6,14054.3,13968.5,AMR1,AMR1,1,12,1,47.6,47.6,AMR1,37.6,37.6,AMR1,0,0,0.0,0,0,0,0,0.0,0,0.0,39,43.2,42.5,0.0,T-0778,H-04-02,T-0635,H-05-02
O0631,C,9083.3,23054.0,23084.5,23099.7,23121.7,23121.8,23135.8,23163.5,14080.2,13970.7,AMR3,AMR3,1,25,1,58.8,58.8,AMR3,41.8,41.8,AMR3,0,0,0.0,0,0,0,0,0.0,1,2.0,54,54.9,47.5,7.0,T-0779,C-02-03,T-0612,C-03-03
O0632,G,9087.5,23075.1,23108.6,23121.8,23148.1,23148.2,23162.9,23190.9,14103.4,13987.6,AMR2,AMR2,1,25,2,62.0,62.0,AMR2,42.9,42.9,AMR2,0,0,0.0,0,0,0,0,0.0,1,5.0,56,58.8,46.9,10.0,T-0780,G-06-01,T-0609,G-05-03
O0633,G,9092.5,23381.9,23414.4,23430.0,23455.0,23455.1,23466.9,23495.7,14403.2,14289.4,AMR3,AMR3,1,25,1,62.3,62.3,AMR3,37.8,37.8,AMR3,0,0,0.0,0,0,0,0,0.0,1,4.0,60,61.9,42.8,9.0,T-0788,G-04-03,T-0611,G-01-01
O0634,E,9096.5,23134.7,23158.2,23172.1,23197.1,23652.6,23667.8,23698.3,14601.8,14038.2,AMR1,AMR1,1,25,1,59.7,59.7,AMR1,46.4,46.4,AMR1,0,0,0.0,0,0,0,0,0.0,0,0.0,67,66.2,41.9,0.0,T-0781,E-03-01,T-0666,E-01-02
O0635,J,9102.5,23163.6,23187.1,23199.0,23228.0,23228.1,23240.5,23271.2,14168.7,14061.1,AMR3,AMR3,1,25,1,60.9,60.9,AMR3,42.2,42.2,AMR3,0,0,0.0,0,0,0,0,0.0,0,0.0,70,69.1,38.4,0.0,T-0782,J-05-02,T-0658,J-06-03
O0636,H,9105.5,23191.0,23214.5,23225.6,23250.1,23250.2,23261.4,23291.9,14186.4,14085.5,AMR2,AMR2,1,25,1,57.3,57.3,AMR2,40.4,40.4,AMR2,0,0,0.0,0,0,0,1,2.0,0,0.0,52,54.7,44.1,2.0,T-0783,H-05-02,T-0638,H-04-03
O0637,I,9111.2,23271.3,23296.8,23312.1,23338.3,23338.4,23347.8,23381.8,14270.6,14160.1,AMR3,AMR3,1,25,1,61.6,61.6,AMR3,38.0,38.0,AMR3,0,0,0.0,0,0,0,1,5.0,0,0.0,56,57.9,45.5,7.0,T-0785,I-04-01,T-0600,I-05-01
O0638,C,9116.3,23366.8,23390.3,23404.7,23427.3,23427.4,23440.7,23467.9,14351.6,14250.5,AMR1,AMR1,1,25,0,57.8,57.8,AMR1,39.9,39.9,AMR1,0,0,0.0,0,0,0,0,0.0,0,0.0,54,55.7,45.3,0.0,T-0787,C-03-03,T-0619,C-01-01
O0639,D,9123.2,23292.0,23320.5,23336.6,23359.3,23359.4,23372.3,23404.0,14280.8,14168.8,AMR2,AMR2,1,25,2,58.0,58.0,AMR2,39.2,39.2,AMR2,0,0,0.0,0,0,0,1,4.6,0,0.0,58,59.4,42.9,9.6,T-0786,D-06-02,T-0524,D-02-03
O0640,H,9127.3,23404.1,23438.6,23451.0,23475.9,23476.0,23487.0,23512.9,14385.6,14276.8,AMR2,AMR2,1,25,1,59.0,59.0,AMR2,36.0,36.0,AMR2,0,0,0.0,0,0,0,0,0.0,1,6.0,54,56.3,41.4,11.0,T-0789,H-04-03,T-0645,H-03-01
O0641,A,9131.5,25332.5,25368.0,25384.1,25417.0,25417.1,25427.6,25461.7,16330.2,16201.0,AMR3,AMR3,1,25,1,69.0,69.0,AMR3,45.2,45.2,AMR3,0,0,0.0,0,0,0,0,0.0,1,7.0,72,70.3,46.8,12.0,T-0839,A-01-02,T-0704,A-03-02
O0642,A,9137.1,23513.0,23543.5,23557.4,23588.3,24139.6,24153.4,24186.2,15049.1,14375.9,AMR2,AMR1,1,25,2,64.8,64.8,AMR2,48.8,48.8,AMR1,0,0,0.0,0,0,0,0,0.0,1,2.0,71,69.4,45.5,7.0,T-0792,A-02-03,T-0642,A-04-03
O0643,H,9141.9,23495.8,23519.3,23531.2,23556.8,23698.4,23724.6,23756.3,14614.4,14353.9,AMR3,AMR1,1,25,14,58.4,58.4,AMR3,53.9,48.0,AMR2,1,7,5.9,0,0,0,2,3.1,0,0.0,68,69.4,46.4,3.1,T-0791,H-03-01,T-0663,H-03-02
O0644,E,9145.4,23584.0,23607.5,23621.0,23652.5,25389.8,25398.6,25436.1,16290.7,14438.6,AMR1,AMR1,1,25,1,65.0,65.0,AMR1,46.9,46.9,AMR1,0,0,0.0,0,0,0,0,0.0,0,0.0,68,67.1,47.7,0.0,T-0793,E-04-01,T-0677,E-04-02
O0645,D,9150.9,23604.1,23631.6,23643.6,23666.1,24168.7,24181.5,24222.6,15071.7,14453.2,AMR3,AMR3,1,25,1,56.1,56.1,AMR3,40.9,40.9,AMR3,0,0,0.0,0,0,0,1,14.7,1,9.7,52,53.8,43.4,18.7,T-0794,D-01-03,T-0531,D-01-01
O0646,G,9154.5,23738.5,23762.0,23776.4,23806.5,23806.6,23816.7,23842.9,14688.4,14584.0,AMR2,AMR2,1,25,1,64.6,64.6,AMR2,35.9,35.9,AMR2,0,0,0.0,0,0,0,0,0.0,0,0.0,60,61.1,43.2,0.0,T-0797,G-01-01,T-0631,G-03-01
O0647,I,9159.1,23635.3,23658.8,23671.3,23699.3,23699.4,23708.1,23738.4,14579.3,14476.2,AMR2,AMR2,1,25,1,60.6,60.6,AMR2,38.6,38.6,AMR2,0,0,0.0,0,0,0,0,0.0,0,0.0,56,57.9,45.1,0.0,T-0795,I-05-01,T-0603,I-05-03
O0648,B,9165.4,23666.2,23678.2,23690.8,23713.4,23713.5,23722.7,23775.1,14609.7,14500.8,AMR3,AMR3,1,12,1,46.5,46.5,AMR3,39.0,39.0,AMR3,0,0,0.0,0,0,0,3,10.7,1,3.6,51,55.1,39.0,14.7,T-0796,B-04-02,T-0625,B-05-03
O0649,A,9171.4,23887.1,23914.6,23929.3,23957.9,23958.0,23973.6,24003.4,14832.0,14715.7,AMR3,AMR3,1,25,0,64.1,64.1,AMR3,46.2,46.2,AMR3,0,0,0.0,0,0,0,0,0.0,0,0.0,70,68.6,43.6,4.0,T-0802,A-03-03,T-0637,A-06-03
O0650,C,9176.5,23756.4,23785.9,23799.5,23820.3,23820.4,23830.2,23860.6,14684.1,14579.9,AMR1,AMR1,1,25,1,56.0,56.0,AMR1,36.4,36.4,AMR1,0,0,0.0,0,0,0,1,4.0,1,1.0,54,54.8,39.3,10.0,T-0798,C-01-01,T-0636,C-05-03
O0651,B,9182.8,23775.2,23809.7,23822.8,23845.4,23845.5,23858.4,23887.0,14704.2,14592.4,AMR3,AMR3,1,25,1,57.3,57.3,AMR3,39.7,39.7,AMR3,0,0,0.0,0,0,0,0,0.0,1,6.0,60,60.5,40.2,11.0,T-0799,B-05-03,T-0632,B-01-03
O0652,I,9188.0,23843.0,23866.5,23879.8,23907.0,23907.1,23917.1,23945.9,14757.9,14655.0,AMR2,AMR2,1,25,1,60.6,54.2,AMR3,35.9,35.9,AMR2,1,11,6.4,0,0,0,0,0.0,0,0.0,58,60.4,42.4,0.0,T-0800,I-04-03,T-0622,I-06-01
O0653,F,9193.7,24006.8,24040.4,24051.7,24084.0,24397.7,24410.4,24445.8,15252.1,14813.1,AMR2,AMR2,1,12,1,54.4,54.4,AMR2,48.7,48.7,AMR2,0,0,0.0,0,0,0,0,0.0,1,16.0,57,58.2,46.1,21.0,T-0806,F-04-03,T-0676,F-01-03
O0654,C,9200.3,23860.7,23890.2,23906.0,23931.1,23931.2,23942.3,23970.1,14769.8,14660.4,AMR1,AMR1,1,25,1,62.5,62.5,AMR1,39.6,39.6,AMR1,0,0,0.0,0,0,0,0,0.0,1,1.0,52,54.3,49.0,6.0,T-0801,C-04-03,T-0643,C-05-01
O0655,C,9203.8,23946.0,23969.5,23985.0,24006.7,24066.1,24078.4,24108.5,14904.7,14742.2,AMR2,AMR3,1,25,2,58.8,58.8,AMR2,39.7,39.7,AMR3,0,0,0.0,0,0,0,0,0.0,0,0.0,55,58.4,44.7,0.0,T-0803,C-05-01,T-0647,C-04-01
O0656,J,9208.6,23970.2,23993.7,24007.2,24037.7,24037.8,24050.7,24078.1,14869.5,14761.6,AMR1,AMR1,1,25,1,65.7,65.7,AMR1,43.0,43.0,AMR1,0,0,0.0,0,0,0,0,0.0,0,0.0,64,63.8,44.0,0.0,T-0804,J-02-03,T-0688,J-01-03
O0657,J,9213.2,24186.3,24209.8,24225.7,24256.1,24256.2,24272.8,24304.1,15090.9,14973.1,AMR1,AMR1,1,25,1,67.0,67.0,AMR1,44.6,44.6,AMR1,0,0,0.0,0,0,0,0,0.0,0,0.0,70,70.8,46.9,0.0,T-0809,J-01-03,T-0696,J-06-02
O0658,H,9218.5,24003.5,24027.0,24039.5,24066.0,24133.0,24160.0,24204.1,14985.6,14785.0,AMR3,AMR2,1,25,14,59.9,52.3,AMR2,54.3,54.3,AMR2,1,13,7.6,0,0,0,1,17.0,1,12.0,66,68.3,48.3,17.0,T-0805,H-03-02,T-0672,H-01-01
O0659,A,9221.8,24078.2,24101.7,24113.7,24139.5,24698.2,24713.9,24745.2,15523.4,14856.4,AMR1,AMR3,1,25,1,60.2,60.2,AMR1,47.7,47.7,AMR3,0,0,0.0,0,0,0,0,0.0,0,0.0,69,67.8,40.5,0.0,T-0807,A-06-03,T-0665,A-05-03
O0660,D,9224.9,24108.6,24132.1,24143.6,24168.6,24289.1,24302.2,24341.5,15116.6,14883.7,AMR3,AMR3,1,25,1,58.1,58.1,AMR3,41.0,41.0,AMR3,0,0,0.0,0,0,0,1,9.6,1,4.6,56,57.3,45.5,9.6,T-0808,D-02-03,T-0534,D-04-03
O0661,F,9231.8,24445.9,24469.4,24482.2,24516.6,24516.7,24531.8,24565.3,15333.5,15214.1,AMR2,AMR2,1,25,1,67.3,67.3,AMR2,49.3,49.3,AMR2,0,0,0.0,0,0,0,0,0.0,0,0.0,72,70.6,48.7,0.0,T-0815,F-01-03,T-0682,F-04-01
O0662,I,9238.8,24565.4,24588.9,24604.0,24626.0,24703.0,24728.7,24760.5,15521.7,15326.6,AMR2,AMR1,1,25,14,58.8,58.8,AMR2,50.2,50.2,AMR1,0,0,0.0,0,0,0,1,8.0,1,3.0,65,67.5,42.6,8.0,T-0819,I-01-02,T-0633,I-02-02
O0663,G,9242.1,24204.2,24233.7,24247.4,24275.7,24275.8,24291.4,24319.9,15077.8,14962.1,AMR2,AMR2,1,25,0,62.9,62.9,AMR2,39.8,39.8,AMR2,0,0,0.0,0,0,0,1,4.0,1,1.0,58,59.5,46.1,10.0,T-0810,G-03-01,T-0652,G-04-01
O0664,D,9247.7,24222.7,24257.2,24269.5,24289.0,24808.3,24822.9,24853.2,15605.5,14975.0,AMR3,AMR3,1,25,0,53.4,53.4,AMR3,41.6,41.6,AMR3,0,0,0.0,0,0,0,0,0.0,1,6.0,57,58.1,42.1,11.0,T-0811,D-01-01,T-0548,D-06-03
O0665,D,9252.3,24304.2,24327.7,24340.9,24363.3,24363.4,24373.7,24402.3,15150.0,15051.9,AMR1,AMR1,1,25,0,56.4,56.4,AMR1,37.1,37.1,AMR1,0,0,0.0,0,0,0,0,0.0,0,0.0,56,57.4,40.6,0.0,T-0812,D-03-03,T-0543,D-05-03
O0666,F,9258.3,24320.0,24351.5,24363.8,24397.6,30395.0,30410.0,30446.6,21188.3,15061.7,AMR2,AMR2,1,25,1,66.2,66.2,AMR2,49.8,49.8,AMR2,0,0,0.0,0,0,0,0,0.0,1,3.0,74,73.1,48.1,8.0,T-0813,F-01-02,T-0760,F-02-03
O0667,I,9264.2,24341.6,24375.1,24386.2,24413.3,24413.4,24428.3,24460.2,15196.0,15077.4,AMR3,AMR3,1,25,2,57.5,57.5,AMR3,40.5,40.5,AMR3,0,0,0.0,0,0,0,1,6.0,2,6.0,58,59.3,43.2,16.0,T-0814,I-06-01,T-0629,I-01-02
O0668,H,9268.2,24626.1,24643.1,24655.9,24680.2,24680.3,24696.8,24722.4,15454.2,15357.9,AMR2,AMR2,1,14,1,50.5,50.5,AMR2,41.4,41.4,AMR2,0,0,0.0,0,0,0,0,0.0,0,0.0,43,46.6,46.6,3.0,T-0821,H-01-01,T-0680,H-06-02
O0669,A,9275.0,24486.5,24518.0,24529.8,24558.9,24559.0,24568.8,24605.2,15330.2,15211.5,AMR1,AMR1,1,25,1,62.5,62.5,AMR1,45.4,45.4,AMR1,0,0,0.0,0,0,0,0,0.0,1,3.0,72,70.1,40.5,8.0,T-0817,A-04-03,T-0655,A-02-01
O0670,C,9281.2,24460.3,24493.8,24509.0,24528.7,25325.7,25341.2,25372.3,16091.1,15179.1,AMR3,AMR2,1,25,3,56.5,56.5,AMR3,43.8,43.8,AMR2,0,0,0.0,0,0,0,1,4.0,1,5.0,54,56.2,44.8,14.0,T-0816,C-04-01,T-0687,C-01-02
O0671,C,9285.0,24528.8,24541.4,24556.1,24577.4,24577.5,24586.6,24625.0,15340.0,15243.8,AMR3,AMR3,1,12,1,46.7,46.7,AMR3,39.6,39.6,AMR3,0,0,0.0,0,0,0,1,8.0,1,3.0,41,44.0,44.1,8.0,T-0818,C-05-03,T-0657,C-03-01
O0672,A,9290.4,24625.1,24655.8,24667.0,24698.1,26480.5,26495.7,26528.1,17237.7,15334.7,AMR3,AMR3,1,25,0,62.3,55.0,AMR2,48.3,48.3,AMR3,1,11,7.3,0,0,0,0,0.0,0,0.0,71,69.5,43.9,7.2,T-0822,A-02-01,T-0723,A-04-01
O0673,D,9296.4,24605.3,24628.8,24639.4,24660.6,24660.7,24673.9,24702.9,15406.5,15308.9,AMR1,AMR1,1,25,1,51.8,51.8,AMR1,41.8,41.8,AMR1,0,0,0.0,0,0,0,0,0.0,0,0.0,56,57.5,40.0,0.0,T-0820,D-04-03,T-0546,D-03-01
O0674,A,9300.2,24722.5,24746.0,24757.4,24783.7,24783.8,24792.4,24826.3,15526.1,15422.3,AMR2,AMR2,1,25,1,59.3,59.3,AMR2,43.2,43.2,AMR2,0,0,0.0,0,0,0,0,0.0,0,0.0,70,68.6,35.1,0.0,T-0823,A-05-03,T-0673,A-03-01
O0675,H,9305.3,25000.2,25032.7,25046.5,25071.5,25071.6,25082.6,25141.9,15836.6,15694.9,AMR2,AMR2,1,25,1,60.5,60.5,AMR2,40.2,40.2,AMR2,0,0,0.0,0,0,0,3,26.7,3,19.2,56,58.8,47.1,35.7,T-0831,H-01-03,T-0686,H-02-03
O0676,E,9310.6,24760.6,24794.1,24807.6,24834.9,24835.0,24845.1,24878.8,15568.2,15450.0,AMR1,AMR1,1,25,1,62.4,62.4,AMR1,43.0,43.0,AMR1,0,0,0.0,0,0,0,0,0.0,1,5.0,68,66.9,41.2,10.0,T-0825,E-01-02,T-0669,E-05-01
O0677,D,9314.9,24745.3,24769.8,24784.6,24808.2,24924.2,24953.0,25000.1,15685.2,15430.4,AMR3,AMR2,1,25,16,59.2,59.2,AMR3,57.6,57.6,AMR2,0,0,0.0,0,0,0,1,15.7,1,10.7,72,73.8,48.3,16.7,T-0824,D-03-01,T-0589,D-05-01
O0678,D,9319.0,24826.4,24849.9,24861.0,24883.4,24883.5,24893.6,24924.1,15605.1,15507.4,AMR2,AMR2,1,25,1,53.5,53.5,AMR2,40.2,40.2,AMR2,0,0,0.0,0,0,0,0,0.0,0,0.0,56,57.5,40.1,0.0,T-0826,D-05-03,T-0579,D-04-01
O0679,C,9324.8,24853.3,24876.8,24891.3,24914.5,24914.6,24934.7,24960.6,15635.8,15528.5,AMR3,AMR3,1,25,0,58.5,58.5,AMR3,36.6,36.6,AMR3,0,0,0.0,0,0,0,0,0.0,0,0.0,60,63.0,42.7,1.5,T-0827,C-03-01,T-0675,C-06-01
O0680,G,9331.5,24974.0,25008.5,25019.7,25047.8,25060.7,25088.5,25117.8,15786.3,15642.5,AMR1,AMR3,1,25,16,61.0,61.0,AMR1,54.3,54.3,AMR3,0,0,0.0,0,0,0,0,0.0,1,6.0,75,75.6,44.3,11.0,T-0830,G-04-01,T-0656,G-01-02
O0681,H,9337.3,24878.9,24902.4,24912.8,24934.7,24934.8,24950.4,24973.9,15636.6,15541.6,AMR1,AMR1,1,25,2,54.8,50.5,AMR2,38.3,38.3,AMR1,1,11,4.3,0,0,0,0,0.0,0,0.0,54,56.1,38.8,0.0,T-0828,H-06-02,T-0684,H-01-03
O0682,D,9341.0,24960.7,24984.2,24998.9,25022.7,25022.8,25034.3,25060.6,15719.6,15619.7,AMR3,AMR3,1,25,1,58.5,58.5,AMR3,37.5,37.5,AMR3,0,0,0.0,0,0,0,0,0.0,0,0.0,56,57.4,42.4,0.0,T-0829,D-04-01,T-0591,D-02-01
O0683,F,9345.3,25461.8,25485.3,25499.2,25529.2,25529.3,25540.0,25573.0,16227.7,16116.5,AMR3,AMR3,1,25,1,65.6,65.6,AMR3,41.9,41.9,AMR3,0,0,0.0,0,0,0,0,0.0,0,0.0,72,71.5,39.6,0.0,T-0842,F-04-01,T-0698,F-02-01
O0684,G,9350.5,27621.4,27644.9,27668.4,27696.7,27740.2,27768.0,27792.7,18442.2,18270.9,AMR2,AMR2,1,25,16,73.5,73.5,AMR2,52.7,52.7,AMR2,0,0,0.0,0,0,0,0,0.0,0,0.0,71,72.6,55.2,0.0,T-0903,G-04-02,T-0727,G-05-02
O0685,D,9354.0,25117.9,25149.4,25165.0,25186.3,25186.4,25201.8,25229.7,15875.7,15763.9,AMR3,AMR3,1,25,1,58.5,58.5,AMR3,40.0,40.0,AMR3,0,0,0.0,0,0,0,0,0.0,1,3.0,58,58.8,44.9,8.0,T-0833,D-02-01,T-0641,D-06-01
O0686,E,9359.6,25320.6,25344.1,25358.1,25389.7,25683.3,25700.3,25729.8,16370.2,15961.0,AMR1,AMR2,1,25,4,65.6,61.8,AMR2,49.2,49.2,AMR2,1,11,3.8,0,0,0,0,0.0,0,0.0,69,68.3,47.3,0.0,T-0838,E-05-01,T-0692,E-02-02
O0687,A,9364.8,25102.2,25125.7,25136.9,25166.5,25166.6,25178.6,25209.4,15844.6,15737.4,AMR1,AMR1,1,25,0,61.6,61.6,AMR1,43.5,43.5,AMR1,0,0,0.0,0,0,0,0,0.0,0,0.0,70,68.7,38.4,0.0,T-0832,A-03-01,T-0699,A-05-01
O0688,A,9369.3,25209.5,25233.0,25243.8,25270.4,28739.1,28751.3,28786.2,19416.9,15840.2,AMR1,AMR2,1,25,1,59.0,59.0,AMR1,49.3,49.3,AMR2,0,0,0.0,0,0,0,0,0.0,0,0.0,68,67.1,40.9,0.0,T-0835,A-05-01,T-0726,A-06-01
O0689,J,9373.0,25142.0,25173.5,25184.4,25215.5,25215.6,25228.8,25261.3,15888.3,15769.0,AMR2,AMR2,1,25,2,61.3,61.3,AMR2,46.3,46.3,AMR2,0,0,0.0,0,0,0,0,0.0,1,3.0,70,69.0,42.2,8.0,T-0834,J-06-02,T-0703,J-03-03
O0690,H,9378.3,25261.4,25284.9,25299.0,25325.6,25535.9,25562.2,25589.3,16211.0,15883.1,AMR2,AMR1,1,25,14,62.4,62.4,AMR2,52.6,52.6,AMR1,0,0,0.0,0,0,0,1,1.0,0,0.0,65,67.5,49.1,1.0,T-0837,H-02-03,T-0717,H-01-02
O0691,D,9385.1,25229.8,25257.3,25269.4,25291.1,25291.2,25304.3,25332.4,15947.3,15844.7,AMR3,AMR3,1,25,1,53.8,53.8,AMR3,37.9,37.9,AMR3,0,0,0.0,0,0,0,1,3.0,0,0.0,56,57.4,38.1,7.0,T-0836,D-05-01,T-0678,D-01-02
O0692,F,9388.6,25803.4,25826.9,25841.5,25875.5,25875.6,25889.5,25924.1,16535.5,16414.8,AMR1,AMR1,1,25,1,68.7,68.7,AMR1,49.1,49.1,AMR1,0,0,0.0,0,0,0,0,0.0,0,0.0,72,70.7,49.9,0.0,T-0851,F-02-01,T-0708,F-03-01
O0693,F,9394.4,25983.4,26006.9,26020.7,26054.8,26054.9,26065.0,26099.5,16705.1,16589.0,AMR3,AMR3,1,25,0,68.8,65.4,AMR1,42.8,42.8,AMR3,1,7,3.4,0,0,0,0,0.0,0,0.0,72,71.6,44.4,0.0,T-0855,F-03-01,T-0711,F-01-01
O0694,F,9399.6,26760.2,26790.2,26814.4,26845.0,26845.1,26855.8,26900.6,17501.0,17360.6,AMR1,AMR1,1,25,1,74.9,74.9,AMR1,40.2,40.2,AMR1,0,0,0.0,0,0,0,1,16.0,1,11.0,74,75.0,47.2,18.1,T-0879,F-01-01,T-0715,F-05-01
O0695,H,9404.7,25372.4,25395.9,25406.5,25432.2,25432.3,25445.9,25477.4,16072.7,15967.7,AMR2,AMR2,1,25,1,58.0,58.0,AMR2,39.8,39.8,AMR2,0,0,0.0,0,0,0,1,6.0,1,1.0,52,54.7,44.2,6.0,T-0840,H-05-03,T-0709,H-06-01
O0696,C,9409.7,25436.2,25459.7,25475.5,25494.4,25494.5,25505.9,25535.8,16126.1,16026.5,AMR1,AMR1,1,25,2,57.1,57.1,AMR1,41.5,41.5,AMR1,0,0,0.0,0,0,0,0,0.0,0,0.0,54,54.7,44.8,0.0,T-0841,C-06-01,T-0689,C-02-02
O0697,B,9414.6,25477.5,25509.0,25521.7,25547.9,25548.0,25563.1,25610.5,16195.9,16062.9,AMR2,AMR2,1,25,0,59.7,59.7,AMR2,43.0,43.0,AMR2,0,0,0.0,0,0,0,1,19.2,2,17.2,58,59.1,46.6,27.2,T-0843,B-03-01,T-0649,B-05-02
O0698,D,9418.9,25610.6,25645.1,25658.3,25683.2,25900.5,25910.7,25937.2,16518.3,16191.7,AMR2,AMR2,1,25,1,57.3,57.3,AMR2,37.4,37.4,AMR2,0,0,0.0,0,0,0,1,1.0,1,6.0,55,56.2,41.1,12.0,T-0846,D-06-01,T-0693,D-02-02
O0699,I,9422.5,25874.7,25898.2,25912.9,25941.0,25941.1,25953.2,25983.3,16560.8,16452.2,AMR3,AMR3,1,25,1,62.9,62.9,AMR3,41.8,41.8,AMR3,0,0,0.0,0,0,0,0,0.0,0,0.0,56,57.9,50.6,0.0,T-0853,I-04-02,T-0683,I-05-02
O0700,I,9426.1,25573.1,25596.6,25607.8,25630.8,25630.9,25643.4,25669.9,16243.8,16147.0,AMR3,AMR3,1,25,1,55.9,55.9,AMR3,37.7,37.7,AMR3,0,0,0.0,0,0,0,0,0.0,0,0.0,54,57.2,39.5,0.0,T-0844,I-02-02,T-0640,I-03-02
O0701,H,9432.4,25589.4,25620.9,25634.7,25658.4,25658.5,25675.4,25703.4,16271.0,16157.0,AMR1,AMR1,1,25,2,60.0,60.0,AMR1,44.1,44.1,AMR1,0,0,0.0,0,0,0,0,0.0,1,3.0,54,56.1,49.8,8.0,T-0845,H-06-01,T-0734,H-02-01
O0702,I,9438.5,25768.3,25791.8,25805.3,25833.2,25833.3,25845.6,25874.6,16436.1,16329.8,AMR3,AMR3,1,25,0,62.2,62.2,AMR3,37.2,37.2,AMR3,0,0,0.0,0,0,0,0,0.0,0,0.0,60,60.2,46.0,0.0,T-0850,I-03-02,T-0679,I-04-02
O0703,B,9442.1,25670.0,25693.5,25705.5,25726.6,25726.7,25737.8,25768.2,16326.1,16227.9,AMR3,AMR3,1,25,1,54.7,54.7,AMR3,42.7,42.7,AMR3,0,0,0.0,0,0,0,0,0.0,0,0.0,56,57.5,40.6,0.0,T-0847,B-05-02,T-0662,B-06-02
O0704,C,9448.0,25703.5,25727.0,25742.4,25765.4,25765.5,25776.7,25803.3,16355.3,16255.5,AMR1,AMR1,1,25,1,60.0,60.0,AMR1,39.0,39.0,AMR1,0,0,0.0,0,0,0,0,0.0,0,0.0,52,53.8,45.9,0.0,T-0848,C-01-02,T-0716,C-02-01
O0705,J,9451.1,25729.9,25753.4,25768.0,25795.8,25795.9,25809.7,25838.9,16387.8,16278.8,AMR2,AMR2,1,25,0,63.3,63.3,AMR2,43.7,43.7,AMR2,0,0,0.0,0,0,0,0,0.0,0,0.0,66,65.9,43.0,0.0,T-0849,J-03-03,T-0707,J-01-01
O0706,D,9457.2,25839.0,25862.5,25876.1,25900.4,25937.3,25963.6,25999.5,16542.3,16381.8,AMR2,AMR2,1,25,16,59.5,59.5,AMR2,54.1,45.4,AMR3,1,13,8.7,0,0,0,1,7.0,1,2.0,69,71.5,45.1,7.0,T-0852,D-01-02,T-0721,D-03-02
O0707,I,9463.0,26138.4,26170.9,26184.9,26213.3,26213.4,26226.2,26252.2,16789.2,16675.4,AMR1,AMR1,1,25,1,62.5,62.5,AMR1,35.9,35.9,AMR1,0,0,0.0,0,0,0,0,0.0,1,4.0,58,60.4,44.3,9.0,T-0860,I-05-02,T-0691,I-06-02
O0708,G,9466.3,26180.4,26192.4,26204.9,26233.7,26233.8,26247.6,26276.6,16810.3,16714.1,AMR2,AMR2,1,12,0,51.9,51.9,AMR2,40.0,40.0,AMR2,0,0,0.0,0,0,0,0,0.0,0,0.0,47,50.5,45.6,0.0,T-0861,G-03-02,T-0668,G-02-02
O0709,I,9471.9,26376.5,26400.0,26415.4,26441.1,26441.2,26450.2,26474.1,17002.2,16904.6,AMR2,AMR2,1,25,1,62.7,62.7,AMR2,32.6,32.6,AMR2,0,0,0.0,0,0,0,0,0.0,0,0.0,54,56.3,41.2,0.0,T-0867,I-02-03,T-0697,I-03-03
O0710,G,9475.0,25924.2,25947.7,25958.3,25985.4,25985.5,25997.6,26026.4,16551.4,16449.2,AMR1,AMR1,1,25,1,57.8,57.8,AMR1,40.5,40.5,AMR1,0,0,0.0,0,0,0,0,0.0,0,0.0,60,61.1,41.0,0.0,T-0854,G-01-02,T-0659,G-03-02
O0711,J,9478.0,26026.5,26055.0,26070.3,26099.8,26099.9,26108.4,26138.3,16660.3,16548.5,AMR1,AMR1,1,25,1,66.5,66.5,AMR1,41.1,41.1,AMR1,0,0,0.0,0,0,0,0,0.0,0,0.0,64,63.8,42.9,5.0,T-0857,J-01-01,T-0710,J-02-01
O0712,A,9484.3,26413.5,26437.0,26452.0,26480.4,31149.8,31165.7,31201.7,21717.4,16929.2,AMR3,AMR1,1,25,6,64.2,55.5,AMR1,55.1,55.1,AMR1,1,11,8.7,0,0,0,1,1.0,0,0.0,72,70.6,47.2,1.0,T-0868,A-03-02,T-0762,A-06-02
O0713,H,9489.4,25999.6,26031.1,26043.5,26065.7,26065.8,26079.9,26113.3,16623.9,16510.2,AMR2,AMR2,1,25,1,56.3,56.3,AMR2,37.6,37.6,AMR2,0,0,0.0,0,0,0,1,9.0,2,7.0,54,56.3,40.3,17.0,T-0856,H-02-01,T-0739,H-03-03
O0714,H,9493.4,26099.6,26123.1,26139.4,26162.2,26162.3,26176.6,26199.5,16706.1,16606.2,AMR3,AMR3,1,25,1,60.8,58.2,AMR1,36.4,36.4,AMR3,1,5,2.6,0,0,0,0,0.0,0,0.0,54,56.2,43.6,0.0,T-0858,H-01-02,T-0755,H-04-01
O0715,D,9498.3,26113.4,26146.9,26159.4,26180.3,26841.3,26853.0,26882.0,17383.7,16615.1,AMR2,AMR2,1,25,1,55.0,55.0,AMR2,40.3,40.3,AMR2,0,0,0.0,0,0,0,0,0.0,1,5.0,54,55.9,41.7,10.0,T-0859,D-02-02,T-0765,D-05-02
O0716,J,9504.0,26299.0,26324.5,26337.3,26367.5,26367.6,26378.9,26413.4,16909.4,16795.0,AMR3,AMR3,1,25,1,64.7,64.7,AMR3,44.0,44.0,AMR3,0,0,0.0,0,0,0,0,0.0,0,0.0,68,68.3,44.0,2.0,T-0865,J-02-01,T-0713,J-04-01
O0717,I,9510.0,27125.4,27138.1,27153.7,27182.2,27285.1,27297.4,27326.4,17816.4,17615.4,AMR1,AMR1,1,13,1,54.6,54.6,AMR1,40.9,40.9,AMR1,0,0,0.0,0,0,0,0,0.0,0,0.0,44,47.1,51.0,0.0,T-0888,I-04-01,T-0800,I-04-03
O0718,C,9515.3,26199.6,26223.1,26237.5,26258.9,26259.0,26271.1,26298.9,16783.6,16684.3,AMR3,AMR3,1,25,1,57.4,57.4,AMR3,40.0,40.0,AMR3,0,0,0.0,0,0,0,0,0.0,0,0.0,54,54.9,44.3,0.0,T-0862,C-02-01,T-0733,C-03-02
O0719,I,9518.9,26252.3,26275.8,26290.3,26315.2,26315.3,26326.4,26352.5,16833.6,16733.4,AMR1,AMR1,1,25,2,58.7,54.5,AMR3,36.9,36.9,AMR1,1,13,4.2,0,0,0,0,0.0,0,0.0,58,59.3,40.8,0.0,T-0863,I-06-02,T-0695,I-02-03
O0720,C,9525.1,26276.7,26300.2,26314.1,26338.2,26338.3,26348.6,26376.4,16851.3,16751.6,AMR2,AMR2,1,25,1,59.6,59.6,AMR2,38.3,38.3,AMR2,0,0,0.0,0,0,0,0,0.0,0,0.0,54,54.8,44.8,0.0,T-0864,C-02-02,T-0738,C-04-02
O0721,I,9531.8,28258.8,28291.3,28314.1,28338.0,28338.1,28350.4,28378.3,18846.5,18727.0,AMR3,AMR3,1,25,1,66.8,66.8,AMR3,35.9,35.9,AMR3,0,0,0.0,0,0,0,1,4.0,1,4.0,56,57.8,48.6,13.0,T-0920,I-05-02,T-0867,I-02-03
O0722,H,9534.9,26352.6,26376.1,26391.9,26413.6,26413.7,26425.7,26451.6,16916.7,16817.7,AMR1,AMR1,1,25,1,59.2,59.2,AMR1,37.1,37.1,AMR1,0,0,0.0,0,0,0,0,0.0,0,0.0,52,54.7,42.7,1.5,T-0866,H-04-01,T-0759,H-05-01
O0723,H,9540.2,26649.4,26678.9,26694.3,26718.8,26718.9,26733.7,26760.1,17219.9,17109.2,AMR1,AMR1,1,25,1,61.6,61.6,AMR1,40.4,40.4,AMR1,0,0,0.0,0,0,0,0,0.0,1,1.0,54,56.2,48.4,6.0,T-0875,H-02-02,T-0778,H-04-02
O0724,I,9547.0,26574.5,26600.0,26616.2,26639.1,26639.2,26652.3,26680.2,17133.2,17027.5,AMR2,AMR2,1,25,1,60.8,60.8,AMR2,39.2,39.2,AMR2,0,0,0.0,0,0,0,1,3.0,0,0.0,52,54.7,45.9,5.0,T-0873,I-01-03,T-0742,I-01-01
O0725,I,9551.2,26451.7,26475.2,26490.8,26514.7,26514.8,26527.4,26551.6,17000.4,16900.5,AMR1,AMR1,1,25,0,60.4,60.4,AMR1,36.5,36.5,AMR1,0,0,0.0,0,0,0,0,0.0,0,0.0,54,56.3,43.5,0.0,T-0869,I-03-03,T-0705,I-01-03
O0726,D,9557.8,26474.2,26498.7,26509.5,26534.2,26534.3,26546.7,26574.4,17016.6,16916.4,AMR2,AMR2,1,25,0,56.3,56.3,AMR2,38.3,38.3,AMR2,0,0,0.0,0,0,0,0,0.0,0,0.0,56,57.4,41.7,1.0,T-0870,D-03-02,T-0750,D-04-02
O0727,H,9563.7,26528.2,26551.7,26568.1,26590.8,26590.9,26603.4,26631.2,17067.5,16964.5,AMR3,AMR3,1,25,1,60.8,57.3,AMR2,39.5,39.5,AMR3,1,12,3.5,0,0,0,0,0.0,0,0.0,54,56.2,46.7,0.0,T-0871,H-05-01,T-0767,H-02-02
O0728,C,9567.1,26551.7,26576.2,26587.3,26609.5,26609.6,26619.5,26649.3,17082.2,16984.6,AMR1,AMR1,1,25,0,54.1,54.1,AMR1,38.9,38.9,AMR1,0,0,0.0,0,0,0,0,0.0,0,0.0,54,55.9,40.6,1.0,T-0872,C-03-02,T-0749,C-05-02
O0729,G,9572.5,26631.3,26654.8,26669.7,26698.8,26698.9,26711.4,26737.9,17165.4,17058.8,AMR3,AMR3,1,25,1,64.1,63.7,AMR2,38.6,38.6,AMR3,1,11,0.4,0,0,0,0,0.0,0,0.0,60,61.1,45.4,0.0,T-0874,G-02-02,T-0702,G-02-01
O0730,H,9579.4,26738.0,26761.5,26776.9,26803.6,26803.7,26812.1,26839.5,17260.1,17158.6,AMR3,AMR3,1,25,1,63.8,56.1,AMR2,36.5,36.5,AMR3,1,11,7.7,0,0,0,0,0.0,0,0.0,52,54.7,46.7,0.0,T-0877,H-04-02,T-0783,H-05-02
O0731,I,9584.4,27043.2,27066.7,27081.0,27108.7,27108.8,27122.2,27147.5,17563.1,17458.8,AMR3,AMR3,1,25,0,62.9,52.2,AMR2,35.9,35.9,AMR3,1,13,10.7,1,0,0,0,0.0,0,0.0,56,58.8,45.4,0.0,T-0885,I-03-01,T-0785,I-04-01
O0732,I,9588.1,26680.3,26703.8,26716.6,26738.5,27182.3,27194.2,27222.7,17634.6,17092.2,AMR2,AMR1,1,25,1,56.4,56.4,AMR2,40.0,40.0,AMR1,0,0,0.0,0,0,0,0,0.0,0,0.0,54,56.3,42.3,0.0,T-0876,I-01-01,T-0795,I-05-01
O0733,D,9594.2,26738.6,26804.3,26818.8,26841.2,27011.8,27039.2,27068.4,17474.2,17144.4,AMR2,AMR1,1,14,16,45.5,45.5,AMR2,57.5,57.5,AMR1,0,0,0.0,0,0,0,1,3.1,2,29.1,68,70.6,42.8,45.8,T-0878,D-04-02,T-0794,D-01-03
O0734,I,9597.5,26937.9,26961.4,26976.5,27001.9,27002.0,27017.6,27043.1,17445.6,17340.4,AMR3,AMR3,1,25,1,62.2,62.2,AMR3,39.3,39.3,AMR3,0,0,0.0,0,0,0,0,0.0,0,0.0,54,57.7,47.4,0.0,T-0883,I-02-01,T-0766,I-03-01
O0735,I,9603.6,26839.6,26863.1,26877.5,26901.7,26901.8,26912.6,26937.8,17334.2,17236.0,AMR3,AMR3,1,25,1,58.7,51.5,AMR2,35.2,35.2,AMR3,1,11,7.2,0,0,0,0,0.0,0,0.0,56,58.3,39.8,0.0,T-0880,I-05-03,T-0752,I-02-01
O0736,H,9608.1,26882.1,26905.6,26921.2,26948.5,26948.6,26960.1,26987.4,17379.3,17274.0,AMR2,AMR2,1,25,1,64.6,64.6,AMR2,39.5,39.5,AMR2,0,0,0.0,0,0,0,0,0.0,0,0.0,52,54.7,50.5,0.0,T-0881,H-05-02,T-0789,H-04-03
O0737,D,9612.5,26900.7,26929.2,26942.8,26967.4,26967.5,26978.5,27011.7,17399.2,17288.2,AMR1,AMR1,1,25,1,56.7,50.9,AMR3,42.3,42.3,AMR1,1,9,5.8,0,0,0,0,0.0,0,0.0,58,59.0,45.4,6.5,T-0882,D-05-02,T-0786,D-06-02
O0738,I,9616.3,27818.7,27842.2,27857.1,27884.6,27884.7,27895.9,27920.8,18304.5,18202.4,AMR3,AMR3,1,25,1,64.1,62.7,AMR1,34.3,34.3,AMR3,1,3,1.4,0,0,0,0,0.0,0,0.0,54,57.7,44.3,0.0,T-0908,I-02-02,T-0850,I-03-02
O0739,C,9619.4,26987.5,27011.0,27021.9,27043.3,27043.4,27054.7,27085.1,17465.7,17368.1,AMR2,AMR2,1,25,1,53.9,53.9,AMR2,40.4,40.4,AMR2,0,0,0.0,0,0,0,1,2.0,0,0.0,52,54.3,41.2,2.0,T-0884,C-04-02,T-0774,C-06-02
O0740,I,9624.8,27222.8,27246.3,27259.8,27285.0,27400.4,27414.0,27440.9,17816.1,17598.0,AMR1,AMR1,1,25,1,58.8,58.8,AMR1,37.9,37.9,AMR1,0,0,0.0,0,0,0,0,0.0,0,0.0,60,60.1,42.6,0.0,T-0891,I-05-01,T-0814,I-06-01
O0741,C,9628.9,27085.2,27115.7,27131.6,27156.2,27156.3,27168.2,27196.2,17567.3,17456.3,AMR2,AMR2,1,25,1,62.1,62.1,AMR2,40.1,40.1,AMR2,0,0,0.0,0,0,0,0,0.0,1,2.0,54,54.8,49.1,7.0,T-0887,C-05-02,T-0777,C-01-03
O0742,B,9635.5,27068.5,27092.0,27104.2,27125.3,27208.2,27217.8,27248.2,17612.7,17433.0,AMR1,AMR3,1,25,1,55.7,55.7,AMR1,39.6,39.6,AMR3,0,0,0.0,0,0,0,0,0.0,0,0.0,57,58.3,38.5,0.0,T-0886,B-06-02,T-0671,B-02-03
O0743,B,9640.6,27147.6,27171.1,27185.3,27208.1,27696.8,27712.3,27740.1,18099.5,17507.0,AMR3,AMR2,1,25,3,57.0,54.8,AMR2,44.1,44.1,AMR2,1,13,2.2,0,0,0,0,0.0,0,0.0,60,61.9,41.9,0.0,T-0889,B-01-03,T-0674,B-06-01
O0744,D,9644.7,27196.3,27219.8,27231.0,27257.5,27656.0,27666.9,27698.2,18053.5,17551.6,AMR2,AMR3,1,25,1,56.9,56.9,AMR2,41.9,41.9,AMR3,0,0,0.0,0,0,0,0,0.0,0,0.0,57,58.2,45.2,0.0,T-0890,D-06-02,T-0812,D-03-03
O0745,H,9648.4,27248.3,27271.8,27283.1,27308.3,27308.4,27322.3,27350.0,17701.6,17599.9,AMR3,AMR3,1,25,0,57.4,57.4,AMR3,40.8,40.8,AMR3,0,0,0.0,0,0,0,0,0.0,0,0.0,54,56.3,45.3,0.0,T-0892,H-03-03,T-0791,H-03-01
O0746,D,9654.5,27257.6,27287.7,27301.1,27321.3,27408.2,27431.9,27460.5,17806.0,17603.1,AMR2,AMR2,1,15,16,47.0,47.0,AMR2,52.2,52.2,AMR2,0,0,0.0,0,0,0,1,1.0,1,10.0,59,61.1,38.9,16.0,T-0893,D-01-03,T-0811,D-01-01
O0747,D,9660.0,27321.4,27333.4,27346.8,27370.8,27370.9,27383.0,27408.1,17748.1,17661.4,AMR2,AMR2,1,12,2,46.3,46.3,AMR2,36.4,36.4,AMR2,0,0,0.0,0,0,0,0,0.0,0,0.0,45,47.9,38.7,0.0,T-0894,D-06-03,T-0808,D-02-03
O0748,I,9663.4,27326.5,27357.0,27372.6,27400.3,28185.9,28215.2,28243.4,18580.0,17663.1,AMR1,AMR1,1,25,14,63.3,63.3,AMR1,53.2,53.2,AMR1,0,0,0.0,0,0,0,0,0.0,1,2.0,73,74.2,50.1,7.0,T-0895,I-04-03,T-0863,I-06-02
O0749,H,9669.8,27350.1,27380.6,27394.6,27421.7,27421.8,27435.5,27477.9,17808.1,17680.3,AMR3,AMR3,1,25,0,62.0,62.0,AMR3,39.6,39.6,AMR3,0,0,0.0,0,0,0,1,14.2,2,11.2,54,56.3,48.7,22.7,T-0896,H-03-01,T-0805,H-03-02
O0750,J,9674.1,27441.0,27464.5,27476.5,27507.6,27507.7,27518.9,27550.8,17876.7,17766.9,AMR1,AMR1,1,25,1,63.2,63.2,AMR1,43.7,43.7,AMR1,0,0,0.0,0,0,0,0,0.0,0,0.0,68,67.5,42.2,0.0,T-0897,J-04-01,T-0722,J-03-01
O0751,D,9677.7,27460.6,27488.1,27499.7,27524.4,29739.9,29753.5,29786.8,20109.1,17782.9,AMR2,AMR3,1,25,1,57.9,57.9,AMR2,45.0,45.0,AMR3,0,0,0.0,0,0,0,0,0.0,0,0.0,56,57.4,49.3,4.0,T-0898,D-01-01,T-0890,D-06-02
O0752,E,9681.9,27524.5,27536.5,27552.2,27576.7,27576.8,27587.9,27621.3,17939.4,17842.6,AMR2,AMR2,1,12,1,51.5,51.5,AMR2,43.7,43.7,AMR2,0,0,0.0,0,0,0,0,0.0,0,0.0,55,55.4,41.3,0.0,T-0900,E-02-02,T-0694,E-05-02
O0753,G,9687.9,27478.0,27512.5,27524.9,27553.7,27553.8,27566.5,27595.1,17907.2,17790.1,AMR3,AMR3,1,25,1,61.3,61.3,AMR3,41.0,41.0,AMR3,0,0,0.0,0,0,0,0,0.0,1,6.0,60,61.0,45.0,11.0,T-0899,G-02-01,T-0719,G-04-02
O0754,I,9692.2,27550.9,27574.4,27584.9,27611.6,27611.7,27626.4,27653.4,17961.2,17858.7,AMR1,AMR1,1,25,2,56.5,53.9,AMR3,40.9,40.9,AMR1,1,7,2.6,0,0,0,0,0.0,0,0.0,58,59.8,42.6,0.0,T-0901,I-06-01,T-0819,I-01-02
O0755,D,9695.6,27595.2,27618.7,27632.0,27655.9,28203.4,28217.1,28258.7,18563.1,17899.6,AMR3,AMR3,1,25,1,58.8,58.8,AMR3,42.2,42.2,AMR3,0,0,0.0,0,0,0,1,11.2,1,6.2,54,55.9,47.4,12.7,T-0902,D-02-03,T-0824,D-03-01
O0756,I,9701.7,27653.5,27677.0,27689.2,27712.8,27712.9,27726.5,27753.8,18052.1,17951.8,AMR1,AMR1,1,25,1,57.5,49.7,AMR3,38.6,38.6,AMR1,1,13,7.8,0,0,0,1,4.0,0,0.0,52,54.2,42.0,4.0,T-0904,I-01-02,T-0844,I-02-02
O0757,J,9705.5,27698.3,27721.8,27735.6,27764.3,27764.4,27777.1,27818.6,18113.1,17992.8,AMR3,AMR3,1,25,0,63.4,63.4,AMR3,42.9,42.9,AMR3,0,0,0.0,0,0,0,1,8.0,1,3.0,70,69.9,42.3,8.0,T-0905,J-03-01,T-0730,J-06-01
O0758,F,9711.8,27753.9,27777.4,27789.7,27818.7,27818.8,27831.3,27862.7,18150.9,18042.1,AMR1,AMR1,1,25,1,63.0,63.0,AMR1,46.1,46.1,AMR1,0,0,0.0,0,0,0,0,0.0,0,0.0,68,67.5,41.2,0.0,T-0906,F-05-01,T-0718,F-06-01
O0759,B,9716.8,27792.8,27816.3,27828.1,27853.5,27853.6,27862.9,27892.1,18175.3,18076.0,AMR2,AMR2,1,25,2,59.6,59.6,AMR2,38.2,38.2,AMR2,0,0,0.0,0,0,0,0,0.0,0,0.0,58,58.9,40.3,0.0,T-0907,B-06-01,T-0681,B-03-03
O0760,F,9722.4,27920.9,27944.4,27958.2,27986.4,27986.5,28001.3,28036.8,18314.4,18198.5,AMR3,AMR3,1,25,2,64.5,64.5,AMR3,46.5,46.5,AMR3,0,0,0.0,0,0,0,1,2.0,0,0.0,72,71.4,42.4,2.0,T-0911,F-06-01,T-0731,F-02-02
O0761,I,9727.2,27978.7,28002.2,28013.4,28040.8,28040.9,28055.0,28082.0,18354.8,18251.5,AMR1,AMR1,1,25,0,59.5,59.5,AMR1,38.3,38.3,AMR1,0,0,0.0,0,0,0,0,0.0,0,0.0,56,58.8,44.4,0.0,T-0912,I-03-02,T-0853,I-04-02
O0762,J,9732.3,29297.5,29321.0,29335.1,29366.3,29366.4,29378.4,29411.0,19678.7,19565.2,AMR1,AMR1,1,25,1,65.4,58.0,AMR2,45.3,45.3,AMR1,1,10,7.4,0,0,0,0,0.0,0,0.0,68,67.4,46.0,0.0,T-0948,J-05-01,T-0748,J-02-02
O0763,E,9737.4,27862.8,27886.3,27901.6,27929.7,30079.8,30091.6,30132.7,20395.3,18125.4,AMR1,AMR3,1,25,0,63.4,63.4,AMR1,47.6,47.6,AMR3,0,0,0.0,0,0,0,1,3.0,0,0.0,71,69.3,47.5,3.0,T-0909,E-04-02,T-0720,E-06-02
O0764,C,9744.0,27892.2,27915.7,27931.7,27951.1,27951.2,27966.3,27990.9,18246.9,18148.2,AMR2,AMR2,1,25,2,57.8,57.8,AMR2,39.9,39.9,AMR2,0,0,0.0,0,0,0,0,0.0,0,0.0,54,54.7,43.9,0.0,T-0910,C-06-02,T-0779,C-02-03
O0765,E,9750.1,27991.0,28026.5,28039.7,28070.2,28070.3,28082.9,28116.2,18366.1,18240.9,AMR2,AMR2,1,25,1,63.7,63.7,AMR2,46.6,46.6,AMR2,0,0,0.0,0,0,0,0,0.0,1,7.0,68,67.0,46.1,12.0,T-0913,E-05-02,T-0706,E-02-03
O0766,I,9755.7,28082.1,28105.6,28117.6,28145.6,28145.7,28158.5,28185.8,18430.1,18326.4,AMR1,AMR1,1,25,1,60.1,60.1,AMR1,39.7,39.7,AMR1,0,0,0.0,0,0,0,0,0.0,0,0.0,56,57.9,45.7,0.0,T-0915,I-04-02,T-0860,I-05-02
O0767,C,9762.5,28378.4,28401.9,28424.9,28445.8,28445.9,28458.8,28486.4,18723.9,18615.9,AMR3,AMR3,1,25,1,65.5,65.5,AMR3,40.6,40.6,AMR3,0,0,0.0,0,0,0,0,0.0,0,0.0,54,54.9,53.0,0.0,T-0923,C-01-03,T-0787,C-03-03
O0768,D,9766.6,28036.9,28060.4,28076.4,28101.9,28102.0,28116.1,28145.2,18378.6,18270.3,AMR3,AMR3,1,25,0,62.3,58.7,AMR1,39.9,39.9,AMR3,1,10,3.6,0,0,0,1,1.0,0,0.0,56,57.9,49.3,1.0,T-0914,D-03-03,T-0820,D-04-03
O0769,D,9771.1,28317.3,28340.8,28352.6,28376.2,28376.3,28389.4,28417.5,18646.4,18546.2,AMR2,AMR2,1,25,1,55.4,55.4,AMR2,40.4,40.4,AMR2,0,0,0.0,0,0,0,0,0.0,0,0.0,56,57.9,42.2,0.0,T-0921,D-05-03,T-0829,D-04-01
O0770,H,9778.1,28116.3,28139.8,28155.2,28179.6,28179.7,28194.1,28219.5,18441.4,18338.2,AMR2,AMR2,1,25,0,60.7,60.7,AMR2,39.0,39.0,AMR2,0,0,0.0,0,0,0,0,0.0,0,0.0,54,56.3,46.8,0.0,T-0916,H-03-02,T-0821,H-01-01
O0771,D,9784.8,28145.3,28168.8,28182.3,28203.3,29846.3,29865.4,29894.8,20110.0,18360.5,AMR3,AMR3,1,25,5,54.5,48.0,AMR1,48.3,48.3,AMR3,1,9,6.5,0,0,0,0,0.0,0,0.0,60,61.3,45.2,0.0,T-0917,D-04-03,T-0893,D-01-03
O0772,D,9789.0,28219.6,28243.1,28254.7,28276.5,28276.6,28290.4,28317.2,18528.2,18430.6,AMR2,AMR2,1,25,0,54.2,54.2,AMR2,38.8,38.8,AMR2,0,0,0.0,0,0,0,0,0.0,0,0.0,56,57.4,40.1,0.0,T-0918,D-03-01,T-0826,D-05-03
O0773,I,9793.9,28400.9,28416.2,28431.6,28457.8,28457.9,28469.1,28503.7,18709.8,18607.0,AMR1,AMR1,1,13,2,51.3,51.3,AMR1,38.4,38.4,AMR1,0,0,0.0,0,0,0,1,7.0,1,2.0,46,49.2,44.5,9.0,T-0924,I-06-02,T-0869,I-03-03
O0774,H,9799.7,28243.5,28267.0,28277.8,28304.6,28304.7,28318.2,28340.2,18540.5,18443.8,AMR1,AMR1,1,25,1,59.3,59.3,AMR1,34.8,34.8,AMR1,0,0,0.0,0,0,0,0,0.0,0,0.0,54,56.1,40.5,0.0,T-0919,H-01-01,T-0828,H-06-02
O0775,H,9806.0,28340.3,28364.8,28377.8,28400.8,28483.0,28495.1,28523.7,18717.7,18534.3,AMR1,AMR2,1,25,1,58.5,58.5,AMR1,35.3,35.3,AMR2,0,0,0.0,0,0,0,1,4.6,0,0.0,53,55.4,40.2,5.6,T-0922,H-06-02,T-0831,H-01-03
O0776,J,9809.4,30866.1,30889.6,30903.2,30937.2,30937.3,30951.5,30981.1,21171.7,21056.7,AMR1,AMR1,1,25,1,67.7,67.7,AMR1,44.5,44.5,AMR1,0,0,0.0,0,0,0,0,0.0,0,0.0,68,67.4,47.5,0.0,T-0990,J-04-03,T-0804,J-02-03
O0777,H,9814.5,28417.6,28441.1,28456.3,28482.9,28523.8,28545.1,28573.3,18758.8,18603.1,AMR2,AMR2,1,25,14,63.5,63.5,AMR2,49.7,49.7,AMR2,0,0,0.0,0,0,0,0,0.0,0,0.0,65,67.5,47.3,0.0,T-0925,H-04-03,T-0837,H-02-03
O0778,I,9819.2,28610.1,28645.6,28661.1,28684.4,28684.5,28692.7,28732.5,18913.3,18790.9,AMR1,AMR1,1,25,1,60.5,60.5,AMR1,37.7,37.7,AMR1,0,0,0.0,0,0,0,1,12.0,2,14.0,52,54.2,44.1,24.0,T-0930,I-02-03,T-0873,I-01-03
O0779,F,9822.9,28591.6,28621.1,28635.5,28669.9,28670.0,28682.5,28715.0,18892.1,18768.7,AMR3,AMR3,1,25,1,68.9,68.9,AMR3,45.6,45.6,AMR3,0,0,0.0,0,0,0,0,0.0,1,1.0,72,70.7,46.6,6.0,T-0929,F-02-02,T-0736,F-03-02
O0780,B,9826.0,28486.5,28510.0,28521.2,28546.3,28546.4,28557.2,28591.5,18765.5,18660.5,AMR3,AMR3,1,25,1,56.3,56.3,AMR3,41.7,41.7,AMR3,0,0,0.0,0,0,0,1,3.0,0,0.0,60,60.7,41.2,3.0,T-0926,B-02-03,T-0690,B-01-01
O0781,D,9831.4,28503.8,28534.3,28549.0,28571.3,28571.4,28583.7,28610.0,18778.6,18672.4,AMR1,AMR1,1,25,1,57.0,57.0,AMR1,37.5,37.5,AMR1,0,0,0.0,0,0,0,0,0.0,1,2.0,56,58.2,40.9,7.0,T-0927,D-04-01,T-0833,D-02-01
O0782,A,9835.5,28675.6,28699.1,28709.8,28739.0,29501.8,29513.6,29558.1,19722.6,18840.1,AMR2,AMR3,1,25,2,61.5,61.5,AMR2,48.5,48.5,AMR3,0,0,0.0,0,0,0,1,10.0,1,5.0,69,67.8,41.9,10.0,T-0931,A-04-01,T-0737,A-05-02
O0783,H,9841.7,28573.4,28596.9,28608.3,28634.6,28634.7,28649.1,28675.5,18833.8,18731.7,AMR2,AMR2,1,25,1,59.4,59.4,AMR2,40.0,40.0,AMR2,0,0,0.0,0,0,0,0,0.0,0,0.0,54,56.2,45.8,0.0,T-0928,H-01-03,T-0840,H-05-03
O0784,I,9845.5,28786.3,28809.8,28824.1,28851.7,28949.1,28974.4,29002.5,19157.0,18940.8,AMR2,AMR3,1,25,14,63.6,61.5,AMR1,50.6,50.6,AMR3,1,13,2.1,0,0,0,0,0.0,0,0.0,69,71.0,47.8,0.0,T-0934,I-01-03,T-0880,I-05-03
O0785,I,9852.4,28851.8,28865.8,28878.9,28906.4,28906.5,28919.4,28963.7,19111.3,18999.4,AMR2,AMR2,1,14,0,53.1,53.1,AMR2,37.6,37.6,AMR2,0,0,0.0,0,0,0,2,15.2,1,8.7,47,51.0,45.6,15.2,T-0937,I-03-03,T-0876,I-01-01
O0786,H,9856.9,28715.1,28738.6,28750.2,28772.9,28773.0,28786.0,28810.1,18953.2,18858.2,AMR3,AMR3,1,25,1,56.0,56.0,AMR3,36.4,36.4,AMR3,0,0,0.0,0,0,0,0,0.0,0,0.0,54,56.1,38.8,0.0,T-0932,H-02-03,T-0845,H-06-01
O0787,J,9862.4,28810.2,28838.2,28851.5,28883.4,28883.5,28899.7,28949.0,19086.6,18947.8,AMR3,AMR3,1,25,2,64.5,64.5,AMR3,48.2,48.2,AMR3,0,0,0.0,0,0,0,1,18.0,1,13.0,72,73.3,47.3,18.1,T-0935,J-06-01,T-0740,J-01-02
O0788,D,9869.1,28732.6,28763.1,28774.1,28794.4,28886.2,28898.2,28927.7,19058.6,18863.5,AMR1,AMR1,1,25,1,52.9,52.9,AMR1,39.7,39.7,AMR1,0,0,0.0,0,0,0,0,0.0,1,2.0,56,57.3,39.0,7.0,T-0933,D-02-01,T-0836,D-05-01
O0789,D,9872.5,28794.5,28851.5,28866.6,28886.1,29468.6,29481.6,29512.4,19639.9,18922.0,AMR1,AMR1,1,12,0,45.9,45.9,AMR1,42.0,42.0,AMR1,0,0,0.0,0,0,0,0,0.0,2,23.1,46,51.9,45.3,38.2,T-0936,D-01-04,T-0878,D-04-02
O0790,I,9878.3,29025.5,29050.0,29065.6,29093.1,29093.2,29107.1,29135.2,19256.9,19147.2,AMR1,AMR1,1,25,1,64.8,64.3,AMR2,42.1,42.1,AMR1,1,5,0.5,0,0,0,1,1.6,0,0.0,52,54.2,52.8,2.6,T-0941,I-01-01,T-0883,I-02-01
O0791,D,9881.9,28927.8,28951.3,28961.9,28985.7,28985.8,28995.0,29025.4,19143.5,19045.9,AMR1,AMR1,1,25,1,54.4,54.4,AMR1,37.7,37.7,AMR1,0,0,0.0,0,0,0,0,0.0,0,0.0,58,59.0,38.5,0.0,T-0938,D-05-01,T-0846,D-06-01
O0792,J,9887.4,28963.8,28987.3,28999.5,29027.8,29027.9,29042.1,29075.8,19188.4,19076.4,AMR2,AMR2,1,25,1,62.2,62.2,AMR2,46.1,46.1,AMR2,0,0,0.0,0,0,0,0,0.0,0,0.0,68,68.3,43.6,0.0,T-0939,J-01-02,T-0744,J-05-01
O0793,D,9892.6,29002.6,29026.1,29040.6,29067.5,29067.6,29089.7,29119.4,19226.8,19110.0,AMR3,AMR3,1,25,2,60.6,60.6,AMR3,42.0,42.0,AMR3,0,0,0.0,0,0,0,0,0.0,0,0.0,64,66.9,48.3,1.5,T-0940,D-06-01,T-0852,D-01-02
O0794,C,9896.9,29075.9,29099.4,29109.9,29130.4,29130.5,29140.9,29170.0,19273.1,19179.0,AMR2,AMR2,1,25,1,52.6,52.6,AMR2,37.7,37.7,AMR2,0,0,0.0,0,0,0,1,3.0,0,0.0,52,53.8,37.2,3.0,T-0942,C-02-03,T-0798,C-01-01
O0795,D,9903.7,29225.1,29248.6,29263.1,29287.0,29287.1,29299.9,29330.4,19426.7,19321.4,AMR3,AMR3,1,25,1,60.0,52.0,AMR2,42.5,42.5,AMR3,1,12,8.0,0,0,0,0,0.0,0,0.0,54,56.3,48.9,0.0,T-0946,D-02-02,T-0870,D-03-02
O0796,I,9910.5,29330.5,29354.0,29366.6,29392.3,29392.4,29405.6,29430.7,19520.2,19420.0,AMR3,AMR3,1,25,1,58.4,58.4,AMR3,37.9,37.9,AMR3,0,0,0.0,0,0,0,0,0.0,0,0.0,56,57.9,42.2,0.0,T-0949,I-04-01,T-0891,I-05-01
O0797,I,9916.3,29119.5,29143.0,29157.5,29183.6,29183.7,29199.1,29225.0,19308.7,19203.2,AMR3,AMR3,1,25,1,62.3,61.5,AMR2,40.0,40.0,AMR3,1,13,0.8,0,0,0,0,0.0,0,0.0,54,57.2,48.2,0.0,T-0943,I-02-01,T-0885,I-03-01
O0798,D,9920.0,29135.3,29166.8,29181.4,29201.2,29201.3,29210.0,29243.6,19323.6,19215.3,AMR1,AMR1,1,25,1,56.0,56.0,AMR1,39.0,39.0,AMR1,0,0,0.0,0,0,0,1,5.0,1,3.0,52,53.8,41.4,13.0,T-0944,D-01-02,T-0859,D-02-02
O0799,H,9923.1,29170.1,29193.6,29205.4,29226.6,29243.7,29269.0,29297.4,19374.3,19247.0,AMR2,AMR1,1,25,14,55.5,55.5,AMR2,53.9,53.9,AMR1,0,0,0.0,0,0,0,0,0.0,0,0.0,64,66.7,43.5,0.0,T-0945,H-06-01,T-0856,H-02-01
O0800,I,9929.2,29226.7,29262.1,29274.1,29297.6,29297.7,29308.5,29348.9,19419.7,19297.5,AMR2,AMR2,1,13,0,46.7,46.7,AMR2,39.4,39.4,AMR2,0,0,0.0,0,0,0,1,10.0,2,22.0,44,47.7,42.3,32.1,T-0947,I-03-01,T-0888,I-04-01
O0801,J,9949.3,29558.2,29583.7,29598.7,29627.0,29627.1,29640.7,29683.0,19733.7,19608.9,AMR3,AMR3,1,25,1,65.0,65.0,AMR3,46.9,46.9,AMR3,0,0,0.0,0,0,0,1,8.7,1,3.7,66,66.8,47.2,10.7,T-0956,J-02-02,T-0751,J-03-02
O0802,I,9967.0,29418.5,29451.5,29463.9,29490.5,29614.5,29641.0,29666.3,19699.3,19451.5,AMR2,AMR1,1,16,14,52.1,52.1,AMR2,49.0,49.0,AMR1,0,0,0.0,0,0,0,0,0.0,1,12.0,62,65.2,41.6,17.0,T-0952,I-05-01,T-0895,I-04-03
O0803,A,9987.4,29430.8,29464.0,29476.4,29501.7,31310.7,31320.0,31359.0,21371.6,19443.4,AMR3,AMR3,1,25,1,60.1,60.1,AMR3,48.9,48.9,AMR3,0,0,0.0,0,0,0,0,0.0,1,0.7,69,67.9,41.6,9.7,T-0953,A-06-01,T-0775,A-01-03
O0804,G,10007.9,29349.0,29378.5,29391.0,29418.4,29666.4,29692.1,29720.6,19712.7,19341.1,AMR2,AMR1,1,25,16,61.6,61.6,AMR2,56.4,56.4,AMR1,0,0,0.0,0,0,0,0,0.0,1,1.0,69,70.6,47.0,6.0,T-0950,G-05-02,T-0729,G-06-02
O0805,D,10030.2,29411.1,29434.6,29446.6,29468.5,29490.6,29504.4,29532.3,19502.1,19380.9,AMR1,AMR2,1,25,3,54.7,54.7,AMR1,41.3,41.3,AMR2,0,0,0.0,0,0,0,0,0.0,0,0.0,57,59.1,40.0,0.0,T-0951,D-03-02,T-0882,D-05-02
O0806,A,10054.0,29532.4,29559.9,29572.4,29601.2,29601.3,29610.7,29648.0,19594.0,19478.4,AMR2,AMR2,1,25,1,62.9,62.9,AMR2,45.9,45.9,AMR2,0,0,0.0,0,0,0,0,0.0,0,0.0,72,70.1,41.4,4.0,T-0955,A-05-02,T-0741,A-02-02
O0807,B,10071.6,29512.5,29536.0,29547.0,29569.8,29569.9,29582.3,29614.4,19542.8,19440.9,AMR1,AMR1,1,25,1,53.8,53.8,AMR1,44.1,44.1,AMR1,0,0,0.0,0,0,0,0,0.0,0,0.0,60,60.7,41.1,0.0,T-0954,B-01-01,T-0714,B-02-01
O0808,B,10095.3,29760.6,29784.1,29798.4,29825.9,29826.0,29839.1,29865.0,19769.7,19665.3,AMR2,AMR2,1,25,1,61.8,61.8,AMR2,38.7,38.7,AMR2,0,0,0.0,0,0,0,0,0.0,0,0.0,60,60.6,43.7,0.0,T-0960,B-02-01,T-0724,B-04-01
O0809,J,10112.4,30446.7,30470.2,30486.0,30517.7,30517.8,30527.2,30558.6,20446.2,20334.3,AMR2,AMR2,1,25,1,66.6,60.9,AMR1,41.4,41.4,AMR2,1,9,5.7,0,0,0,0,0.0,0,0.0,68,68.5,43.3,0.0,T-0979,J-05-02,T-0784,J-04-03
O0810,J,10130.9,30132.8,30157.9,30169.9,30199.5,30199.6,30212.0,30246.7,20115.8,20001.9,AMR3,AMR3,1,25,1,61.7,61.7,AMR3,45.7,45.7,AMR3,0,0,0.0,0,0,0,1,2.0,0,0.0,68,67.5,42.7,3.6,T-0972,J-04-02,T-0782,J-05-02
O0811,J,10150.2,29648.1,29671.6,29683.2,29711.3,29711.4,29725.7,29760.5,19610.3,19497.9,AMR2,AMR2,1,25,0,60.6,60.6,AMR2,47.3,47.3,AMR2,0,0,0.0,0,0,0,0,0.0,0,0.0,68,68.4,43.9,0.0,T-0957,J-03-02,T-0763,J-04-02
O0812,D,10173.0,29683.1,29706.6,29717.9,29739.8,30419.4,30433.7,30465.4,20292.4,19510.1,AMR3,AMR3,1,25,1,53.2,53.2,AMR3,44.1,44.1,AMR3,0,0,0.0,0,0,0,0,0.0,0,0.0,58,59.0,43.7,0.0,T-0958,D-04-02,T-0894,D-06-03
O0813,I,10193.7,29720.7,29744.2,29755.8,29784.3,29784.4,29794.8,29824.9,19631.2,19527.0,AMR1,AMR1,1,25,1,60.2,60.2,AMR1,36.9,36.9,AMR1,0,0,0.0,0,0,0,0,0.0,0,0.0,60,61.1,43.0,0.0,T-0959,I-04-03,T-0901,I-06-01
O0814,C,10214.7,29969.2,29992.7,30008.5,30031.2,30199.6,30228.8,30265.0,20050.3,19754.5,AMR2,AMR1,1,25,16,60.1,60.1,AMR2,56.9,55.2,AMR3,1,1,1.7,0,0,0,1,7.0,1,2.0,69,71.4,49.0,7.0,T-0966,C-04-03,T-0816,C-04-01
O0815,E,10239.5,29786.9,29810.4,29821.5,29846.2,30339.4,30353.3,30387.9,20148.4,19547.4,AMR3,AMR1,1,25,2,57.4,57.4,AMR3,49.0,49.0,AMR1,0,0,0.0,0,0,0,0,0.0,0,0.0,67,66.3,41.5,0.0,T-0961,E-01-03,T-0725,E-04-03
O0816,I,10260.2,29865.1,29888.6,29899.2,29927.4,29927.5,29944.3,29969.1,19708.9,19604.9,AMR2,AMR2,1,25,2,58.0,58.0,AMR2,41.3,41.3,AMR2,0,0,0.0,0,0,0,0,0.0,0,0.0,58,59.4,44.5,0.0,T-0963,I-06-01,T-0904,I-01-02
O0817,C,10283.3,29825.0,29848.5,29859.4,29879.2,30031.3,30043.5,30069.8,19786.5,19541.7,AMR1,AMR2,1,25,1,52.3,45.8,AMR2,39.2,39.2,AMR2,1,9,6.5,0,0,0,0,0.0,0,0.0,52,54.3,38.4,0.0,T-0962,C-01-01,T-0803,C-05-01
O0818,E,10307.5,29879.3,29901.3,29912.2,29936.5,29936.6,29947.4,29993.0,19685.5,19571.8,AMR1,AMR1,1,12,1,45.9,45.9,AMR1,45.1,45.1,AMR1,0,0,0.0,0,0,0,1,12.0,2,12.0,53,53.9,37.7,22.0,T-0964,E-02-03,T-0712,E-03-03
O0819,C,10323.8,29894.9,29918.4,29932.6,29952.6,29952.7,29964.2,30006.9,19683.1,19571.1,AMR3,AMR3,1,25,0,55.0,55.0,AMR3,37.0,37.0,AMR3,0,0,0.0,0,0,0,1,12.2,1,7.2,56,60.1,39.6,12.2,T-0965,C-03-03,T-0801,C-04-03
O0820,F,10340.3,29993.1,30016.6,30028.2,30060.3,30060.4,30073.2,30102.6,19762.3,19652.8,AMR1,AMR1,1,25,0,64.6,64.6,AMR1,42.9,42.9,AMR1,0,0,0.0,0,0,0,0,0.0,0,0.0,70,69.1,40.3,0.0,T-0967,F-03-02,T-0754,F-05-02
O0821,G,10362.9,30069.9,30093.4,30107.8,30131.6,30447.9,30462.1,30494.2,20131.3,19707.0,AMR2,AMR1,1,25,1,60.7,60.7,AMR2,43.5,43.5,AMR1,0,0,0.0,0,0,0,0,0.0,0,0.0,59,61.1,46.9,0.0,T-0969,G-06-02,T-0735,G-01-03
O0822,E,10379.3,30007.0,30040.5,30053.5,30079.7,32643.2,32657.7,32694.0,22314.7,19627.7,AMR3,AMR2,1,25,1,60.0,60.0,AMR3,50.0,50.0,AMR2,0,0,0.0,0,0,0,0,0.0,1,5.0,69,67.7,45.8,10.0,T-0968,E-03-03,T-0772,E-05-03
O0823,H,10398.4,30102.7,30126.2,30139.1,30161.3,30161.4,30173.8,30199.5,19801.1,19704.3,AMR1,AMR1,1,25,1,56.8,56.8,AMR1,39.3,39.3,AMR1,0,0,0.0,0,0,0,0,0.0,0,0.0,52,54.2,42.5,0.0,T-0970,H-02-01,T-0858,H-01-02
O0824,B,10419.8,30131.7,30146.4,30157.9,30181.6,30181.7,30195.2,30225.3,19805.5,19711.9,AMR2,AMR2,1,15,1,49.2,49.2,AMR2,44.8,44.8,AMR2,0,0,0.0,0,0,0,0,0.0,0,0.0,46,48.7,44.8,0.0,T-0971,B-04-01,T-0746,B-05-01
O0825,E,10439.9,30265.1,30297.6,30309.4,30339.3,32471.3,32486.7,32523.6,22083.7,19825.2,AMR1,AMR2,1,25,2,60.9,60.9,AMR1,49.6,49.6,AMR2,0,0,0.0,0,0,0,1,2.0,1,4.0,70,69.9,45.6,11.0,T-0975,E-06-02,T-0769,E-01-01
O0826,F,10464.3,30225.4,30248.9,30259.6,30288.8,30288.9,30298.5,30328.1,19863.8,19761.1,AMR2,AMR2,1,25,1,61.6,61.6,AMR2,41.4,41.4,AMR2,0,0,0.0,0,0,0,0,0.0,0,0.0,68,67.5,35.1,0.0,T-0973,F-05-02,T-0757,F-04-02
O0827,F,10488.8,30328.2,30351.7,30366.1,30394.9,30567.7,30581.2,30613.0,20124.2,19839.4,AMR2,AMR1,1,25,1,64.9,64.9,AMR2,45.9,45.9,AMR1,0,0,0.0,0,0,0,0,0.0,0,0.0,70,69.1,42.9,0.0,T-0976,F-04-02,T-0764,F-03-03
O0828,B,10503.8,30246.8,30273.3,30286.7,30307.9,30308.0,30318.3,30351.7,19847.9,19743.0,AMR3,AMR3,1,25,1,56.2,56.2,AMR3,39.9,39.9,AMR3,0,0,0.0,0,0,0,1,2.0,0,0.0,60,60.5,39.3,5.0,T-0974,B-05-01,T-0761,B-01-02
O0829,F,10528.5,30494.3,30517.8,30534.0,30567.6,31573.4,31584.2,31617.6,21089.1,19965.8,AMR1,AMR1,1,25,0,69.9,69.9,AMR1,45.0,45.0,AMR1,0,0,0.0,0,0,0,0,0.0,0,0.0,71,69.8,47.7,0.0,T-0981,F-02-03,T-0770,F-06-02
O0830,G,10551.5,30388.0,30411.5,30422.4,30447.8,30844.8,30872.1,30901.5,20350.0,19836.5,AMR1,AMR2,1,25,16,58.0,58.0,AMR1,56.9,56.9,AMR2,0,0,0.0,0,0,0,0,0.0,0,0.0,71,72.6,43.9,0.0,T-0978,G-05-03,T-0747,G-05-01
O0831,D,10576.2,30351.8,30375.3,30391.1,30419.3,30558.7,30585.3,30628.3,20052.1,19775.6,AMR3,AMR2,1,25,16,61.0,61.0,AMR3,52.5,52.5,AMR2,0,0,0.0,0,0,0,2,19.5,1,13.0,69,71.1,45.0,21.0,T-0977,D-05-02,T-0898,D-01-01
O0832,E,10593.9,33973.3,33996.8,34023.1,34049.8,34049.9,34062.5,34094.9,23501.0,23379.4,AMR2,AMR2,1,25,1,73.0,73.0,AMR2,45.7,45.7,AMR2,0,0,0.0,0,0,0,0,0.0,0,0.0,68,67.0,54.5,0.0,T-1074,E-05-01,T-0900,E-02-02
O0833,C,10614.3,30465.5,30494.0,30508.8,30533.6,30533.7,30546.0,30576.1,19961.8,19851.2,AMR3,AMR3,1,25,1,61.2,61.2,AMR3,40.1,40.1,AMR3,0,0,0.0,0,0,0,1,3.0,0,0.0,52,54.3,48.2,8.0,T-0980,C-04-01,T-0818,C-05-03
O0834,F,10637.9,31501.1,31524.6,31538.4,31573.3,31682.7,31694.5,31726.3,21088.4,20863.2,AMR1,AMR1,1,25,2,69.6,69.6,AMR1,47.8,47.8,AMR1,0,0,0.0,0,0,0,0,0.0,0,0.0,68,67.0,48.8,0.0,T-1007,F-03-03,T-0790,F-06-03
O0835,A,10660.5,30576.2,30599.7,30616.1,30643.8,30643.9,30654.3,30687.8,20027.3,19915.7,AMR3,AMR3,1,25,1,64.1,64.1,AMR3,44.6,44.6,AMR3,0,0,0.0,0,0,0,0,0.0,0,0.0,72,70.2,41.3,0.0,T-0982,A-02-02,T-0745,A-04-02
O0836,H,10681.8,30628.4,30660.9,30676.8,30701.3,30701.4,30713.4,30740.1,20058.3,19946.6,AMR2,AMR2,1,25,1,62.1,62.1,AMR2,37.9,37.9,AMR2,0,0,0.0,0,0,0,0,0.0,1,4.0,54,56.2,46.4,9.0,T-0984,H-01-02,T-0866,H-04-01
O0837,C,10698.0,30613.1,30636.6,30650.9,30671.8,30722.6,30733.7,30763.2,20065.2,19915.1,AMR1,AMR1,1,25,1,56.8,56.8,AMR1,40.7,40.7,AMR1,0,0,0.0,0,0,0,0,0.0,0,0.0,54,54.9,44.4,0.0,T-0983,C-05-01,T-0827,C-03-01
O0838,G,10717.6,30740.2,30763.7,30777.5,30807.7,30807.8,30818.1,30844.7,20127.1,20022.6,AMR2,AMR2,1,25,1,64.1,64.1,AMR2,36.5,36.5,AMR2,0,0,0.0,0,0,0,0,0.0,0,0.0,60,61.1,43.3,0.0,T-0987,G-01-03,T-0743,G-02-03
O0839,C,10742.5,30671.9,30684.5,30698.0,30722.5,30823.8,30837.0,30866.0,20123.5,19929.4,AMR1,AMR1,1,12,0,48.7,48.7,AMR1,41.5,41.5,AMR1,0,0,0.0,0,0,0,0,0.0,0,0.0,40,44.1,48.7,0.0,T-0985,C-05-03,T-0841,C-06-01
O0840,E,10760.5,30687.9,30711.4,30726.4,30753.0,30753.1,30764.7,30795.1,20034.6,19927.4,AMR3,AMR3,1,25,1,61.6,61.6,AMR3,42.7,42.7,AMR3,0,0,0.0,0,0,0,0,0.0,0,0.0,68,67.0,40.1,0.0,T-0986,E-04-03,T-0728,E-02-01
O0841,E,10782.1,31278.5,31305.0,31320.4,31351.7,31351.8,31365.1,31397.1,20615.0,20496.4,AMR2,AMR2,1,25,2,65.9,65.9,AMR2,45.9,45.9,AMR2,0,0,0.0,0,0,0,0,0.0,0,0.0,70,68.6,46.9,3.0,T-1002,E-06-01,T-0756,E-03-02
O0842,C,10800.8,30763.3,30787.8,30799.1,30823.7,31997.4,32011.3,32041.0,21240.2,19962.5,AMR1,AMR1,1,25,1,56.7,56.7,AMR1,43.7,43.7,AMR1,0,0,0.0,0,0,0,0,0.0,0,0.0,55,55.7,47.3,1.0,T-0988,C-03-01,T-0872,C-03-02
O0843,E,10819.8,30795.2,30818.7,30834.2,30862.6,30862.7,30876.2,30922.5,20102.7,19975.4,AMR3,AMR3,1,25,1,65.5,65.5,AMR3,44.5,44.5,AMR3,0,0,0.0,0,0,0,1,13.0,1,8.0,70,68.4,45.8,13.0,T-0989,E-02-01,T-0732,E-06-01
O0844,D,10841.8,30922.6,30949.1,30961.1,30982.0,31082.6,31098.3,31139.1,20297.3,20080.8,AMR3,AMR3,1,25,3,54.5,54.5,AMR3,43.2,43.2,AMR3,0,0,0.0,0,0,0,1,15.0,1,10.0,54,56.2,41.7,18.0,T-0992,D-01-01,T-0902,D-02-03
O0845,B,10863.3,30981.2,31004.7,31025.6,31049.3,31049.4,31060.4,31089.2,20225.9,20117.9,AMR1,AMR1,1,25,1,60.0,50.6,AMR3,39.5,39.5,AMR1,1,13,9.4,0,0,0,1,2.0,0,0.0,62,63.1,42.7,2.1,T-0993,B-02-02,T-0773,B-04-03
O0846,B,10880.5,30901.6,30925.1,30935.8,30963.1,30963.2,30972.5,31006.2,20125.7,20021.1,AMR2,AMR2,1,25,1,58.0,58.0,AMR2,42.6,42.6,AMR2,0,0,0.0,0,0,0,0,0.0,0,0.0,60,60.7,43.8,0.0,T-0991,B-01-02,T-0771,B-02-02
O0847,I,10901.4,30982.1,31042.6,31058.5,31082.5,31121.9,31148.3,31174.6,20273.2,20080.7,AMR3,AMR2,1,12,14,51.3,51.3,AMR3,49.8,49.8,AMR2,0,0,0.0,0,0,0,2,5.5,2,28.1,56,63.9,45.0,44.2,T-0995,I-01-02,T-0908,I-02-02
O0848,A,10920.8,31006.3,31029.8,31045.8,31075.1,31075.2,31087.6,31121.8,20201.0,20085.5,AMR2,AMR2,1,25,1,62.3,62.3,AMR2,45.8,45.8,AMR2,0,0,0.0,0,0,0,1,2.0,0,0.0,74,72.6,40.7,2.1,T-0994,A-04-02,T-0753,A-01-01
O0849,G,10944.0,31139.2,31162.7,31173.3,31197.9,31198.0,31211.9,31242.2,20298.2,20195.2,AMR3,AMR3,1,25,1,56.9,56.9,AMR3,42.9,42.9,AMR3,0,0,0.0,0,0,0,0,0.0,0,0.0,58,60.4,42.5,0.0,T-0997,G-05-01,T-0768,G-03-03
O0850,B,10960.3,31089.3,31112.8,31124.8,31149.7,31235.4,31249.2,31278.4,20318.1,20129.0,AMR1,AMR2,1,25,1,57.7,57.7,AMR1,42.7,42.7,AMR2,0,0,0.0,0,0,0,0,0.0,0,0.0,59,59.8,43.6,0.0,T-0996,B-03-03,T-0776,B-03-02
O0851,B,10979.2,31174.7,31198.2,31213.0,31235.3,32055.2,32066.7,32099.6,21120.4,20195.5,AMR2,AMR3,1,25,1,58.7,58.7,AMR2,44.1,44.1,AMR3,0,0,0.0,0,0,0,0,0.0,0,0.0,58,59.0,46.0,0.0,T-0998,B-04-03,T-0843,B-03-01
O0852,E,10997.3,31372.7,31406.2,31422.1,31453.2,31453.3,31466.6,31501.0,20503.7,20375.4,AMR1,AMR1,1,25,0,66.3,66.3,AMR1,45.4,45.4,AMR1,0,0,0.0,0,0,0,0,0.0,1,5.0,70,68.5,48.2,11.5,T-1004,E-03-02,T-0758,E-06-03
O0853,C,11016.1,31201.8,31225.3,31235.9,31255.4,31914.8,31927.1,31956.8,20940.7,20185.7,AMR1,AMR2,1,25,1,52.5,52.5,AMR1,42.8,42.8,AMR2,0,0,0.0,0,0,0,0,0.0,0,0.0,51,53.4,42.2,0.0,T-0999,C-06-01,T-0864,C-02-02
O0854,C,11041.0,31255.5,31280.9,31292.0,31312.9,31313.0,31325.4,31372.6,20331.6,20214.5,AMR1,AMR1,1,11,2,42.8,42.8,AMR1,39.8,39.8,AMR1,0,0,0.0,0,0,0,1,20.0,2,21.0,40,42.5,40.4,34.1,T-1001,C-06-03,T-0848,C-01-02
O0855,A,11061.4,31242.3,31265.8,31280.8,31310.6,31728.2,31740.5,31776.6,20715.2,20180.9,AMR3,AMR3,1,25,2,64.8,64.8,AMR3,47.6,47.6,AMR3,0,0,0.0,0,0,0,0,0.0,0,0.0,75,72.4,44.3,0.0,T-1000,A-01-01,T-0792,A-02-03
O0856,D,11080.8,31359.1,31382.6,31395.7,31421.0,31421.1,31434.0,31460.3,20379.5,20278.3,AMR3,AMR3,1,25,2,57.6,57.6,AMR3,38.8,38.8,AMR3,0,0,0.0,0,0,0,0,0.0,0,0.0,58,59.0,42.1,0.0,T-1003,D-06-02,T-0914,D-03-03
O0857,G,11103.2,31519.9,31548.4,31560.9,31588.3,31588.4,31600.4,31633.9,20530.7,20416.7,AMR2,AMR2,1,25,1,60.0,51.1,AMR3,39.2,39.2,AMR2,1,13,8.9,0,0,0,2,5.6,0,0.0,60,61.4,41.9,10.6,T-1008,G-02-03,T-0780,G-06-01
O0858,D,11125.1,31460.4,31483.9,31497.1,31521.2,31521.3,31531.6,31561.8,20436.7,20335.3,AMR3,AMR3,1,25,1,58.9,51.2,AMR2,38.2,38.2,AMR3,1,13,7.7,0,0,0,0,0.0,0,0.0,56,57.8,43.5,0.0,T-1006,D-01-03,T-0917,D-04-03
O0859,C,11149.1,31397.2,31429.7,31443.0,31463.5,31463.6,31475.4,31519.8,20370.7,20248.1,AMR2,AMR2,1,25,1,55.4,55.4,AMR2,41.4,41.4,AMR2,0,0,0.0,0,0,0,1,16.0,2,15.0,52,53.8,43.7,25.0,T-1005,C-01-02,T-0862,C-02-01
O0860,G,11170.0,31634.0,31665.5,31680.2,31706.3,31706.4,31721.1,31749.6,20579.6,20464.0,AMR2,AMR2,1,25,2,63.3,63.3,AMR2,43.4,43.4,AMR2,0,0,0.0,0,0,0,0,0.0,1,3.0,56,58.8,48.7,8.0,T-1011,G-06-01,T-0788,G-04-03
O0861,F,11194.6,31617.7,31641.2,31654.5,31682.6,32755.4,32768.3,32800.5,21605.9,20423.1,AMR1,AMR2,1,25,3,63.9,61.3,AMR3,47.3,47.3,AMR2,1,10,2.6,0,0,0,0,0.0,0,0.0,69,69.1,40.9,0.0,T-1010,F-06-02,T-0806,F-04-03
O0862,B,11212.1,31561.9,31585.4,31597.3,31623.2,31623.3,31633.3,31661.3,20449.2,20349.8,AMR3,AMR3,1,25,0,58.6,58.6,AMR3,37.7,37.7,AMR3,0,0,0.0,0,0,0,0,0.0,0,0.0,58,59.1,40.2,0.0,T-1009,B-03-02,T-0796,B-04-02
O0863,J,11232.6,31726.4,31749.9,31761.1,31792.7,31792.8,31801.7,31832.1,20599.5,20493.8,AMR1,AMR1,1,25,1,64.5,62.1,AMR3,42.0,42.0,AMR1,1,6,2.4,0,0,0,0,0.0,0,0.0,64,63.8,41.8,0.0,T-1013,J-02-03,T-0809,J-01-03
O0864,A,11253.7,31661.4,31689.9,31701.3,31728.1,32135.1,32148.2,32181.7,20928.0,20407.7,AMR3,AMR2,1,25,1,60.6,60.6,AMR3,47.2,47.2,AMR2,0,0,0.0,0,0,0,0,0.0,0,0.0,69,67.9,40.4,5.0,T-1012,A-06-02,T-0802,A-03-03
O0865,J,11270.7,32041.1,32064.6,32078.1,32111.7,32111.8,32126.9,32159.4,20888.7,20770.4,AMR1,AMR1,1,25,2,66.4,66.4,AMR1,48.2,48.2,AMR1,0,0,0.0,0,0,0,0,0.0,0,0.0,70,69.0,49.2,0.0,T-1022,J-06-02,T-0849,J-03-03
O0866,G,11287.6,31885.0,31908.5,31920.8,31948.3,31948.4,31960.8,31991.1,20703.5,20597.4,AMR3,AMR3,1,25,0,60.7,56.8,AMR1,39.9,39.9,AMR3,1,12,3.9,0,0,0,0,0.0,0,0.0,60,62.0,44.0,0.0,T-1018,G-03-03,T-0797,G-01-01
O0867,D,11309.1,31749.7,31774.2,31786.2,31805.7,31805.8,31820.1,31847.1,20538.0,20440.6,AMR2,AMR2,1,25,1,53.1,53.1,AMR2,40.0,40.0,AMR2,0,0,0.0,0,0,0,1,1.0,0,0.0,54,55.8,39.5,2.0,T-1014,D-02-03,T-0918,D-03-01
O0868,D,11327.9,31832.2,31855.7,31868.9,31890.6,31890.7,31905.2,31934.6,20606.7,20504.3,AMR1,AMR1,1,25,0,55.7,50.2,AMR3,42.1,42.1,AMR1,1,11,5.5,0,0,0,0,0.0,0,0.0,56,57.4,44.9,0.0,T-1016,D-03-01,T-0921,D-05-03
O0869,B,11349.3,31776.7,31800.2,31813.6,31835.5,31835.6,31849.0,31884.9,20535.6,20427.4,AMR3,AMR3,1,25,1,56.9,56.9,AMR3,42.5,42.5,AMR3,0,0,0.0,0,0,0,1,8.0,1,3.0,56,57.5,42.6,8.0,T-1015,B-04-02,T-0799,B-05-03
O0870,A,11373.2,32265.9,32289.4,32303.4,32332.9,32333.0,32344.9,32379.2,21006.0,20892.7,AMR1,AMR1,1,25,1,63.5,56.8,AMR3,47.0,47.0,AMR1,1,12,6.7,0,0,0,0,0.0,0,0.0,72,70.1,43.1,0.0,T-1028,A-02-03,T-0807,A-06-03
O0871,C,11397.5,31847.2,31879.7,31892.5,31914.7,32752.9,32780.5,32820.1,21422.6,20449.7,AMR2,AMR3,1,25,16,56.6,56.6,AMR2,57.7,54.7,AMR2,1,5,3.0,0,0,0,1,10.0,2,9.0,67,69.4,46.3,19.0,T-1017,C-02-01,T-0910,C-06-02
O0872,J,11421.2,31956.9,31982.4,31994.1,32021.8,32021.9,32037.6,32070.8,20649.6,20535.7,AMR2,AMR2,1,25,1,61.1,61.1,AMR2,45.6,45.6,AMR2,0,0,0.0,0,0,0,0,0.0,0,0.0,70,69.8,42.0,2.0,T-1020,J-01-03,T-0834,J-06-02
O0873,C,11439.8,31934.7,31958.2,31972.1,31997.3,32485.1,32498.8,32540.0,21100.2,20494.9,AMR1,AMR3,1,25,0,60.7,60.7,AMR1,42.1,42.1,AMR3,0,0,0.0,0,0,0,1,12.0,1,7.0,53,55.1,50.4,12.0,T-1019,C-02-02,T-0884,C-04-02
O0874,B,11464.4,31991.2,32014.7,32028.4,32055.1,32350.5,32362.3,32398.3,20933.9,20526.8,AMR3,AMR2,1,25,1,62.0,57.3,AMR1,44.0,44.0,AMR2,1,13,4.7,0,0,0,1,5.0,0,0.0,56,57.5,49.2,5.0,T-1021,B-05-03,T-0886,B-06-02
O0875,A,11485.2,32070.9,32094.4,32105.0,32135.0,34298.6,34316.2,34352.3,22867.1,20585.7,AMR2,AMR3,1,25,3,60.6,60.6,AMR2,53.4,53.4,AMR3,0,0,0.0,0,0,0,0,0.0,0,0.0,74,73.6,44.2,0.0,T-1023,A-01-03,T-0868,A-03-02
O0876,A,11502.4,32379.3,32402.8,32418.4,32450.0,32450.1,32465.2,32496.4,20994.0,20876.9,AMR1,AMR1,1,25,0,68.0,68.0,AMR1,47.0,47.0,AMR1,0,0,0.0,0,0,0,0,0.0,0,0.0,70,68.7,48.3,0.0,T-1031,A-03-03,T-0817,A-04-03
O0877,I,11522.5,32099.7,32123.2,32137.9,32162.4,32162.5,32175.4,32199.7,20677.2,20577.2,AMR3,AMR3,1,25,1,60.9,60.9,AMR3,35.9,35.9,AMR3,0,0,0.0,0,0,0,0,0.0,0,0.0,54,57.2,42.7,0.0,T-1024,I-02-02,T-0912,I-03-02
O0878,G,11541.7,32159.5,32183.0,32199.1,32226.8,32226.9,32240.8,32265.8,20724.1,20617.8,AMR1,AMR1,1,25,1,63.9,58.6,AMR3,38.5,38.5,AMR1,1,11,5.3,0,0,0,0,0.0,0,0.0,60,61.1,45.1,0.0,T-1025,G-01-01,T-0810,G-03-01
O0879,I,11563.1,32540.1,32571.6,32585.9,32611.9,32612.0,32624.4,32654.4,21091.3,20977.0,AMR3,AMR3,1,25,0,61.2,61.2,AMR3,39.6,39.6,AMR3,0,0,0.0,0,0,0,0,0.0,1,3.0,56,58.8,47.4,8.0,T-1036,I-03-02,T-0915,I-04-02
O0880,B,11579.6,32181.8,32207.3,32220.1,32244.2,32244.3,32257.2,32285.9,20706.3,20602.2,AMR2,AMR2,1,25,0,57.7,57.7,AMR2,40.3,40.3,AMR2,0,0,0.0,0,0,0,1,1.0,0,0.0,58,59.1,41.9,3.0,T-1026,B-03-01,T-0847,B-05-02
O0881,D,11595.4,32199.8,32231.3,32242.8,32268.7,32268.8,32278.9,32309.4,20714.0,20604.4,AMR3,AMR3,1,25,0,58.2,58.2,AMR3,38.8,38.8,AMR3,0,0,0.0,0,0,0,0,0.0,1,3.0,56,57.4,44.1,8.0,T-1027,D-03-03,T-0927,D-04-01
O0882,G,11615.8,32309.5,32337.0,32350.0,32377.2,32377.3,32392.1,32419.8,20804.0,20693.7,AMR3,AMR3,1,25,0,61.0,61.0,AMR3,42.2,42.2,AMR3,0,0,0.0,0,0,0,0,0.0,0,0.0,58,59.6,46.6,4.0,T-1030,G-03-01,T-0830,G-04-01
O0883,B,11637.1,32286.0,32313.5,32328.4,32350.4,33313.0,33327.0,33359.1,21722.0,20648.9,AMR2,AMR3,1,25,2,58.5,58.5,AMR2,44.3,44.3,AMR3,0,0,0.0,0,0,0,0,0.0,0,0.0,61,61.2,45.3,4.0,T-1029,B-05-02,T-0889,B-01-03
O0884,D,11659.1,32523.7,32547.2,32562.8,32588.8,34352.4,34381.7,34422.5,22763.4,20864.6,AMR2,AMR3,1,25,16,61.6,61.6,AMR2,59.8,59.8,AMR3,0,0,0.0,0,0,0,1,9.2,1,4.2,71,73.1,52.9,9.2,T-1035,D-04-01,T-0951,D-03-02
O0885,G,11676.5,32496.5,32520.0,32532.3,32558.9,32559.0,32570.5,32598.4,20921.9,20820.0,AMR1,AMR1,1,25,1,60.6,60.6,AMR1,36.6,36.6,AMR1,0,0,0.0,0,0,0,0,0.0,0,0.0,60,61.9,39.9,0.0,T-1034,G-04-01,T-0854,G-01-02
O0886,J,11696.1,32398.4,32426.9,32440.4,32471.2,32915.6,32931.1,32961.8,21265.7,20702.3,AMR2,AMR1,1,25,1,65.2,65.2,AMR2,46.9,46.9,AMR1,0,0,0.0,0,0,0,0,0.0,0,0.0,67,66.6,47.4,5.0,T-1032,J-03-03,T-0857,J-01-01
O0887,C,11714.2,32419.9,32450.4,32464.9,32485.0,32959.9,32974.5,33003.7,21289.5,20705.7,AMR3,AMR2,1,25,3,55.4,55.4,AMR3,45.0,45.0,AMR2,0,0,0.0,0,0,0,0,0.0,1,2.0,55,57.0,44.9,7.0,T-1033,C-03-02,T-0942,C-02-03
O0888,C,11729.3,32598.5,32627.0,32641.1,32661.0,32661.1,32669.8,32712.1,20982.8,20869.2,AMR1,AMR1,1,25,1,55.6,55.6,AMR1,39.7,39.7,AMR1,0,0,0.0,0,0,0,1,12.0,1,7.0,52,54.3,42.2,17.0,T-1038,C-04-02,T-0887,C-05-02
O0889,H,11744.4,32654.5,32678.0,32693.5,32718.8,32718.9,32729.3,32752.8,21008.4,20910.1,AMR3,AMR3,1,25,1,62.5,58.2,AMR1,34.6,34.6,AMR3,1,13,4.3,0,0,0,0,0.0,0,0.0,52,54.7,43.5,0.0,T-1039,H-04-01,T-0871,H-05-01
O0890,E,11764.6,32588.9,32602.9,32614.3,32643.1,34573.4,34586.1,34626.9,22862.3,20824.3,AMR2,AMR2,1,14,1,52.9,52.9,AMR2,48.7,48.7,AMR2,0,0,0.0,0,0,0,1,4.0,0,0.0,57,57.4,46.3,4.0,T-1037,E-01-01,T-0909,E-04-02
O0891,E,11783.4,32712.2,32741.7,32754.9,32782.1,32782.2,32791.9,32836.5,21053.1,20928.8,AMR1,AMR1,1,25,1,60.4,58.2,AMR3,41.7,41.7,AMR1,1,11,2.2,0,0,0,1,13.2,2,9.2,68,67.1,37.9,19.2,T-1041,E-05-03,T-0781,E-03-01
O0892,A,11807.2,32694.1,32717.6,32729.4,32755.3,35967.4,35981.9,36018.3,24211.1,20886.9,AMR2,AMR3,1,25,2,59.3,59.3,AMR2,53.1,53.1,AMR3,0,0,0.0,0,0,0,0,0.0,0,0.0,69,67.8,44.3,0.0,T-1040,A-04-03,T-0955,A-05-02
O0893,E,11830.3,33003.8,33027.3,33040.5,33067.8,33067.9,33081.3,33115.9,21285.6,21173.5,AMR2,AMR2,1,25,0,61.3,61.3,AMR2,47.2,47.2,AMR2,0,0,0.0,0,0,0,0,0.0,0,0.0,68,67.0,45.0,0.0,T-1048,E-03-01,T-0793,E-04-01
O0894,J,11845.9,32836.6,32872.1,32887.1,32915.5,33476.1,33490.9,33523.6,21677.7,20990.7,AMR1,AMR2,1,25,1,63.5,63.5,AMR1,46.7,46.7,AMR2,0,0,0.0,0,0,0,0,0.0,1,7.0,70,68.9,45.5,12.0,T-1044,J-05-03,T-0897,J-04-01
O0895,H,11861.7,32800.6,32824.1,32837.1,32860.7,32860.8,32871.4,32895.5,21033.8,20938.9,AMR2,AMR2,1,25,1,58.3,58.3,AMR2,33.9,33.9,AMR2,0,0,0.0,0,0,0,0,0.0,0,0.0,54,56.2,38.6,0.0,T-1042,H-05-01,T-0875,H-02-02
O0896,H,11880.3,32895.6,32919.1,32935.4,32959.8,33023.1,33031.8,33058.9,21178.6,21015.3,AMR2,AMR1,1,25,1,62.4,62.4,AMR2,36.5,36.5,AMR1,0,0,0.0,0,0,0,0,0.0,0,0.0,52,54.7,45.3,0.0,T-1045,H-02-02,T-0877,H-04-02
O0897,C,11897.0,32820.2,32847.7,32859.5,32881.7,32881.8,32893.7,32921.1,21024.1,20923.2,AMR3,AMR3,1,25,1,55.6,55.6,AMR3,39.5,39.5,AMR3,0,0,0.0,0,0,0,0,0.0,0,0.0,54,54.8,42.0,4.0,T-1043,C-05-02,T-0923,C-01-03
O0898,J,11919.7,33160.3,33183.8,33198.7,33227.3,33227.4,33239.8,33270.3,21350.6,21240.6,AMR1,AMR1,1,25,1,65.2,65.2,AMR1,42.6,42.6,AMR1,0,0,0.0,0,0,0,1,3.0,0,0.0,64,63.8,43.1,3.0,T-1052,J-01-01,T-0865,J-02-01
O0899,D,11941.9,32921.2,32944.7,32956.7,32983.0,32983.1,32997.5,33023.3,21081.4,20979.3,AMR3,AMR3,1,25,1,58.3,58.3,AMR3,39.9,39.9,AMR3,0,0,0.0,0,0,0,0,0.0,0,0.0,56,57.4,44.6,0.0,T-1046,D-04-03,T-0933,D-02-01
O0900,A,11962.0,33083.1,33098.0,33112.6,33141.2,33141.3,33152.2,33198.5,21236.5,21121.1,AMR3,AMR3,1,11,2,54.0,54.0,AMR3,46.3,46.3,AMR3,0,0,0.0,0,0,0,1,10.1,1,5.1,58,57.8,43.8,13.7,T-1051,A-06-03,T-0822,A-02-01
O0901,H,11979.5,32961.9,32985.4,32997.8,33023.0,33116.0,33144.5,33175.6,21196.1,20982.4,AMR1,AMR2,1,25,14,59.3,59.3,AMR1,51.9,50.5,AMR1,1,7,1.4,0,0,0,1,6.0,1,1.0,67,69.4,45.3,6.0,T-1047,H-05-03,T-0881,H-05-02
O0902,C,11998.3,33023.4,33050.9,33063.7,33083.0,33198.6,33225.9,33255.9,21257.6,21025.1,AMR3,AMR3,1,25,16,54.5,54.5,AMR3,57.7,57.7,AMR3,0,0,0.0,0,0,0,0,0.0,0,0.0,66,68.7,44.2,4.0,T-1049,C-06-02,T-0962,C-01-01
O0903,A,12022.6,33175.7,33208.2,33221.5,33253.7,33253.8,33265.2,33298.0,21275.4,21153.1,AMR2,AMR2,1,25,1,65.5,65.5,AMR2,44.9,44.9,AMR2,0,0,0.0,0,0,0,0,0.0,1,4.0,72,70.2,43.0,9.0,T-1053,A-02-01,T-0823,A-05-03
O0904,D,12039.9,33059.0,33082.5,33098.1,33120.4,33120.5,33133.9,33160.2,21120.3,21019.1,AMR1,AMR1,1,25,1,59.5,59.5,AMR1,41.4,41.4,AMR1,0,0,0.0,0,0,0,0,0.0,0,0.0,52,53.8,47.3,0.0,T-1050,D-02-01,T-0936,D-01-04
O0905,F,12064.0,33498.1,33521.6,33536.4,33567.0,33567.1,33581.8,33617.1,21553.1,21434.1,AMR1,AMR1,1,25,1,67.1,67.1,AMR1,48.2,48.2,AMR1,0,0,0.0,0,0,0,0,0.0,0,0.0,72,71.5,47.4,0.0,T-1061,F-04-03,T-0813,F-01-02
O0906,J,12087.3,33403.2,33431.7,33445.9,33476.0,34331.7,34347.9,34382.3,22295.0,21315.9,AMR2,AMR1,1,25,0,64.5,64.5,AMR2,47.3,47.3,AMR1,0,0,0.0,0,0,0,0,0.0,0,0.0,69,70.5,47.8,5.1,T-1059,J-02-01,T-0935,J-06-01
O0907,A,12103.5,33359.2,33382.7,33397.6,33426.6,33426.7,33439.8,33473.7,21370.2,21255.7,AMR3,AMR3,1,25,1,65.5,62.0,AMR2,47.7,47.7,AMR3,1,11,3.5,0,0,0,0,0.0,0,0.0,70,68.6,45.8,0.0,T-1057,A-05-03,T-0832,A-03-01
O0908,I,12120.7,33270.4,33303.9,33315.3,33342.7,33342.8,33353.9,33383.7,21263.0,21149.7,AMR1,AMR1,1,25,1,58.9,58.9,AMR1,40.5,40.5,AMR1,0,0,0.0,0,0,0,0,0.0,1,5.0,56,57.9,45.3,10.0,T-1055,I-04-02,T-0920,I-05-02
O0909,B,12145.3,33256.0,33279.5,33290.0,33312.9,34184.0,34202.5,34231.0,22085.7,21110.7,AMR3,AMR3,1,25,3,55.8,55.8,AMR3,45.8,45.8,AMR3,0,0,0.0,0,0,0,0,0.0,0,0.0,59,61.5,42.4,0.0,T-1054,B-06-02,T-0971,B-04-01
O0910,E,12168.9,33383.8,33407.3,33418.0,33448.8,33448.9,33461.2,33498.0,21329.1,21214.9,AMR1,AMR1,1,25,1,61.5,61.5,AMR1,45.4,45.4,AMR1,0,0,0.0,0,0,0,1,3.0,0,0.0,70,68.4,42.7,3.0,T-1058,E-04-01,T-0825,E-01-02
O0911,H,12184.8,33298.1,33327.6,33341.3,33364.5,33364.6,33379.4,33403.1,21218.3,21113.3,AMR2,AMR2,1,25,1,58.6,58.6,AMR2,37.6,37.6,AMR2,0,0,0.0,0,0,0,0,0.0,1,1.0,54,56.3,42.6,6.0,T-1056,H-04-02,T-0892,H-03-03
O0912,E,12203.5,33523.7,33547.2,33561.9,33589.6,33589.7,33600.8,33639.4,21435.9,21320.2,AMR2,AMR2,1,25,1,64.0,60.4,AMR3,44.9,44.9,AMR2,1,11,3.6,0,0,0,1,4.0,0,0.0,68,66.9,44.7,4.0,T-1062,E-01-02,T-0838,E-05-01
O0913,J,12226.3,33997.7,34021.2,34033.2,34067.1,34067.2,34077.9,34112.2,21885.9,21771.4,AMR3,AMR3,1,25,1,65.9,65.9,AMR3,39.6,39.6,AMR3,0,0,0.0,0,0,0,1,6.0,1,1.0,68,67.6,40.8,6.0,T-1075,J-04-01,T-0905,J-03-01
O0914,J,12246.0,34261.1,34284.6,34299.4,34331.6,35136.6,35151.8,35191.8,22945.8,22015.1,AMR1,AMR1,1,25,2,67.9,67.9,AMR1,48.3,48.3,AMR1,0,0,0.0,0,0,0,2,7.6,0,0.0,68,67.3,50.8,7.6,T-1082,J-03-01,T-0939,J-01-02
O0915,D,12270.9,33473.8,33497.3,33508.1,33528.9,33529.0,33539.6,33571.4,21300.5,21202.9,AMR3,AMR3,1,25,1,51.6,51.0,AMR2,42.0,42.0,AMR3,1,5,0.6,0,0,0,0,0.0,0,0.0,56,57.5,40.0,0.0,T-1060,D-05-03,T-0938,D-05-01
O0916,D,12294.9,33571.5,33595.0,33608.3,33631.1,33631.2,33641.9,33673.4,21378.5,21276.6,AMR3,AMR3,1,25,1,56.1,56.1,AMR3,39.8,39.8,AMR3,0,0,0.0,0,0,0,0,0.0,0,0.0,58,59.5,42.3,0.0,T-1063,D-05-01,T-0940,D-06-01
O0917,G,12310.0,33617.2,33640.7,33651.9,33678.9,33679.0,33691.9,33717.0,21407.0,21307.2,AMR1,AMR1,1,25,1,58.3,58.3,AMR1,37.6,37.6,AMR1,0,0,0.0,0,0,0,0,0.0,0,0.0,60,61.1,38.6,0.0,T-1064,G-01-02,T-0861,G-03-02
O0918,F,12327.3,34422.6,34454.1,34468.0,34498.2,34498.3,34510.6,34540.9,22213.6,22095.3,AMR3,AMR3,1,25,1,65.8,65.8,AMR3,44.8,44.8,AMR3,0,0,0.0,0,0,0,0,0.0,1,3.0,68,67.5,42.7,8.0,T-1086,F-05-03,T-0842,F-04-01
O0919,A,12350.7,33639.5,33665.0,33678.5,33706.4,33706.5,33716.1,33749.8,21399.1,21288.8,AMR2,AMR2,1,25,0,62.2,62.2,AMR2,44.0,44.0,AMR2,0,0,0.0,0,0,0,0,0.0,0,0.0,70,68.7,39.5,2.0,T-1065,A-03-01,T-0835,A-05-01
O0920,G,12365.7,33867.6,33891.1,33906.7,33931.4,33931.5,33946.6,33973.2,21607.5,21501.9,AMR2,AMR2,1,25,0,61.2,61.2,AMR2,38.9,38.9,AMR2,0,0,0.0,0,0,0,0,0.0,0,0.0,60,62.0,43.5,0.0,T-1071,G-03-02,T-0874,G-02-02
O0921,B,12388.0,33673.5,33697.0,33712.5,33737.3,33737.4,33754.2,33779.5,21391.5,21285.5,AMR3,AMR3,1,25,1,60.3,60.3,AMR1,41.9,41.9,AMR3,0,0,0.0,0,0,0,0,0.0,0,0.0,60,60.5,45.4,0.0,T-1066,B-01-03,T-0907,B-06-01
O0922,D,12408.3,33717.1,33740.6,33751.4,33777.1,33777.2,33793.1,33821.1,21412.8,21308.8,AMR1,AMR1,1,25,2,55.7,55.7,AMR1,42.8,42.8,AMR1,0,0,0.0,0,0,0,0,0.0,0,0.0,58,59.7,44.2,0.0,T-1067,D-06-01,T-0944,D-01-02
O0923,A,12428.2,33749.9,33773.4,33789.1,33818.5,33818.6,33830.6,33867.5,21439.3,21321.7,AMR2,AMR2,1,25,1,66.7,66.7,AMR2,48.1,48.1,AMR2,0,0,0.0,0,0,0,0,0.0,0,0.0,72,70.1,47.4,0.0,T-1068,A-05-01,T-0839,A-01-02
O0924,B,12450.3,33779.6,33803.1,33813.8,33837.9,33838.0,33848.9,33889.0,21438.7,21329.3,AMR3,AMR3,1,25,2,57.2,57.2,AMR3,42.2,42.2,AMR3,0,0,0.0,0,0,0,1,7.0,1,2.0,60,60.4,41.9,7.0,T-1069,B-06-01,T-0926,B-02-03
O0925,I,12474.5,33821.2,33844.7,33856.7,33882.6,33882.7,33895.9,33926.6,21452.1,21346.7,AMR1,AMR1,1,25,1,58.0,58.0,AMR1,40.3,40.3,AMR1,0,0,0.0,0,0,0,0,0.0,0,0.0,60,61.1,44.2,0.0,T-1070,I-05-02,T-0924,I-06-02
O0926,F,12496.6,35875.6,35899.1,35913.2,35945.5,35945.6,35953.7,35985.0,23488.4,23379.0,AMR2,AMR2,1,25,2,68.9,68.9,AMR2,43.6,43.6,AMR2,0,0,0.0,0,0,0,0,0.0,0,0.0,66,65.4,43.9,0.0,T-1125,F-06-03,T-0911,F-06-01
O0927,B,12521.3,33889.1,33914.6,33925.2,33953.2,33953.3,33961.8,33997.6,21476.3,21367.8,AMR3,AMR3,1,25,1,58.6,58.6,AMR3,40.9,40.9,AMR3,0,0,0.0,0,0,0,1,3.0,0,0.0,60,60.7,42.7,5.0,T-1072,B-02-03,T-0954,B-01-01
O0928,C,12537.3,33926.7,33950.2,33966.2,33991.0,33991.1,34000.7,34028.1,21490.8,21389.4,AMR1,AMR1,1,25,1,62.4,61.0,AMR2,37.1,37.1,AMR1,1,8,1.4,0,0,0,0,0.0,0,0.0,54,54.9,46.4,0.0,T-1073,C-01-01,T-0965,C-03-03
O0929,B,12560.5,34028.2,34051.7,34065.4,34088.1,34088.2,34099.1,34132.5,21572.0,21467.7,AMR1,AMR1,1,25,1,56.4,56.4,AMR1,38.9,38.9,AMR1,0,0,0.0,0,0,0,1,5.0,0,0.0,60,60.7,38.5,5.0,T-1076,B-01-01,T-0960,B-02-01
O0930,G,12581.1,34112.3,34142.8,34158.8,34183.9,34541.0,34571.0,34601.6,22020.5,21531.2,AMR3,AMR3,1,25,16,61.2,61.2,AMR3,57.8,57.8,AMR3,0,0,0.0,0,0,0,0,0.0,1,2.0,77,77.2,48.0,7.0,T-1078,G-02-02,T-0899,G-02-01
O0931,D,12605.8,34095.0,34118.5,34129.1,34154.0,34218.5,34233.1,34275.4,21669.6,21489.2,AMR2,AMR2,1,25,2,57.1,57.1,AMR2,41.6,41.6,AMR2,0,0,0.0,0,0,0,1,15.0,1,10.0,55,56.5,44.4,15.0,T-1077,D-01-02,T-0946,D-02-02
O0932,F,12623.4,34231.1,34254.6,34265.1,34298.5,36932.1,36967.3,37016.6,24393.2,21607.7,AMR3,AMR2,1,25,22,64.0,64.0,AMR3,70.0,70.0,AMR2,0,0,0.0,0,0,0,1,12.0,1,7.0,97,92.9,47.0,12.0,T-1081,F-01-03,T-0981,F-02-03
O0933,F,12645.4,34132.6,34167.1,34179.5,34210.9,34211.0,34224.4,34261.0,21615.6,21487.2,AMR1,AMR1,1,25,1,63.9,63.9,AMR1,50.6,50.6,AMR1,0,0,0.0,0,0,0,0,0.0,1,6.0,72,70.7,46.6,11.0,T-1079,F-01-02,T-0815,F-01-03
O0934,D,12664.9,34154.1,34179.4,34194.9,34218.4,35602.2,35617.6,35647.5,22982.6,21489.2,AMR2,AMR1,1,12,3,47.9,47.9,AMR2,47.0,47.0,AMR1,0,0,0.0,0,0,0,1,2.0,0,0.0,54,56.7,49.2,3.7,T-1080,D-06-03,T-1006,D-01-03
O0935,C,12689.4,34275.5,34309.0,34323.3,34345.4,34345.5,34358.4,34399.1,21709.7,21586.1,AMR2,AMR2,1,25,1,58.0,58.0,AMR2,41.8,41.8,AMR2,0,0,0.0,0,0,0,1,12.0,2,12.0,54,54.8,46.7,22.0,T-1083,C-01-03,T-0966,C-04-03
O0936,B,12705.5,34382.4,34405.9,34419.7,34443.0,34738.5,34757.2,34785.4,22079.9,21676.9,AMR1,AMR1,1,25,5,57.1,57.1,AMR1,46.4,46.4,AMR1,0,0,0.0,0,0,0,0,0.0,0,0.0,64,64.8,42.7,0.0,T-1084,B-02-01,T-0991,B-01-02
O0937,F,12725.0,35237.7,35250.3,35265.4,35295.8,35295.9,35307.2,35339.0,22614.0,22512.7,AMR3,AMR3,1,12,0,55.5,55.5,AMR3,41.3,41.3,AMR3,0,0,0.0,0,0,0,0,0.0,0,0.0,59,60.7,40.5,0.0,T-1108,F-03-01,T-0879,F-01-01
O0938,F,12741.2,34627.0,34650.5,34662.2,34695.2,34695.3,34707.2,34741.6,22000.4,21885.8,AMR2,AMR2,1,25,1,66.4,66.4,AMR2,44.5,44.5,AMR2,0,0,0.0,0,0,0,0,0.0,0,0.0,72,71.5,43.0,0.0,T-1091,F-04-01,T-0851,F-02-01
O0939,H,12760.7,34399.2,34429.7,34441.7,34468.5,34468.6,34479.9,34508.1,21747.4,21638.5,AMR2,AMR2,1,25,1,60.5,60.5,AMR2,38.6,38.6,AMR2,0,0,0.0,0,0,0,0,0.0,1,2.0,54,56.3,45.5,7.0,T-1085,H-05-02,T-0896,H-03-01
O0940,B,12784.2,34443.1,34470.5,34480.9,34505.1,34505.2,34514.5,34559.8,21775.6,21658.9,AMR1,AMR1,1,16,1,48.7,48.7,AMR1,37.8,37.8,AMR1,0,0,0.0,0,0,0,1,18.0,2,20.0,47,49.4,37.2,30.0,T-1087,B-04-01,T-0974,B-05-01
O0941,E,12807.3,34508.2,34531.7,34547.2,34573.3,36600.3,36612.1,36644.4,23837.1,21700.9,AMR2,AMR2,1,25,1,63.2,63.2,AMR2,46.8,46.8,AMR2,0,0,0.0,0,0,0,0,0.0,0,0.0,64,63.4,45.8,0.0,T-1088,E-02-02,T-0964,E-02-03
O0942,A,12829.2,34559.9,34583.4,34596.5,34624.4,34624.5,34637.9,34671.2,21842.0,21730.7,AMR1,AMR1,1,25,1,61.0,61.0,AMR1,47.4,47.4,AMR1,0,0,0.0,0,0,0,0,0.0,0,0.0,72,70.2,41.0,0.0,T-1089,A-01-02,T-0931,A-04-01
O0943,F,12852.6,35339.1,35362.6,35377.9,35409.7,35409.8,35424.1,35455.2,22602.6,22486.5,AMR3,AMR3,1,25,1,67.2,67.2,AMR3,46.1,46.1,AMR3,0,0,0.0,0,0,0,0,0.0,0,0.0,72,70.6,45.4,0.0,T-1112,F-01-01,T-0906,F-05-01
O0944,D,12868.5,34601.7,34625.2,34641.0,34664.9,34665.0,34680.2,34711.0,21842.5,21733.2,AMR3,AMR3,1,25,1,61.3,61.3,AMR3,43.8,43.8,AMR3,0,0,0.0,0,0,0,0,0.0,0,0.0,56,57.7,51.5,0.0,T-1090,D-02-02,T-0958,D-04-02
O0945,A,12887.5,34671.3,34694.8,34710.0,34738.4,35573.2,35587.8,35618.1,22730.6,21783.8,AMR1,AMR2,1,25,3,65.2,65.2,AMR1,46.7,46.7,AMR2,0,0,0.0,0,0,0,0,0.0,0,0.0,70,69.9,42.1,0.0,T-1092,A-04-01,T-0953,A-06-01
O0946,C,12905.1,34711.1,34734.6,34745.7,34767.8,34767.9,34777.2,34801.9,21896.8,21806.0,AMR3,AMR3,1,25,1,54.8,54.8,AMR3,34.2,34.2,AMR3,0,0,0.0,0,0,0,0,0.0,0,0.0,54,54.8,35.9,0.0,T-1093,C-02-03,T-0980,C-04-01
O0947,H,12929.6,34802.0,34832.5,34847.7,34874.9,34875.0,34886.9,34913.8,21984.2,21872.4,AMR3,AMR3,1,25,0,63.3,63.3,AMR3,38.0,38.0,AMR3,0,0,0.0,0,0,0,0,0.0,1,2.0,54,56.3,48.4,7.0,T-1096,H-03-01,T-0916,H-03-02
O0948,D,12952.1,34741.7,34765.2,34776.3,34800.5,34800.6,34811.0,34842.3,21890.2,21789.6,AMR2,AMR2,1,25,0,56.1,56.1,AMR2,39.4,39.4,AMR2,0,0,0.0,0,0,0,0,0.0,0,0.0,56,57.9,42.6,0.0,T-1094,D-03-02,T-0977,D-05-02
O0949,C,12971.7,34785.5,34809.0,34824.4,34845.8,35108.2,35122.9,35151.5,22179.8,21813.8,AMR1,AMR2,1,25,2,58.4,58.4,AMR1,40.6,40.6,AMR2,0,0,0.0,0,0,0,0,0.0,0,0.0,55,58.4,45.2,0.0,T-1095,C-04-01,T-0985,C-05-03
O0950,D,12986.8,34845.9,34879.5,34894.0,34916.4,34916.5,34927.7,34957.7,21970.9,21859.1,AMR1,AMR1,1,12,1,46.0,46.0,AMR1,35.9,35.9,AMR1,0,0,0.0,0,0,0,1,5.0,1,16.0,43,46.5,39.2,26.0,T-1098,D-04-02,T-0992,D-01-01
O0951,G,13003.8,35018.0,35041.5,35052.0,35080.7,35080.8,35092.8,35118.2,22114.4,22014.2,AMR3,AMR3,1,25,1,59.3,55.9,AMR1,37.1,37.1,AMR3,1,12,3.4,0,0,0,0,0.0,0,0.0,60,61.0,39.1,0.0,T-1102,G-02-01,T-0903,G-04-02
O0952,B,13025.7,34842.4,34865.9,34878.4,34902.2,34902.3,34911.8,34943.4,21917.7,21816.7,AMR2,AMR2,1,25,1,57.9,50.5,AMR1,39.3,39.3,AMR2,1,13,7.4,0,0,0,0,0.0,0,0.0,60,60.5,40.4,0.0,T-1097,B-05-01,T-0993,B-02-02
O0953,B,13046.5,34913.9,34937.4,34952.0,34978.7,34978.8,34989.3,35017.9,21971.4,21867.4,AMR3,AMR3,1,25,1,61.3,55.0,AMR1,38.7,38.7,AMR3,1,11,6.3,0,0,0,0,0.0,0,0.0,60,60.7,43.2,0.0,T-1099,B-01-02,T-0996,B-03-03
O0954,D,13071.5,34943.5,34967.0,34978.9,35002.2,35002.3,35015.4,35044.7,21973.2,21872.0,AMR2,AMR2,1,25,1,56.8,56.8,AMR2,39.1,39.1,AMR2,0,0,0.0,0,0,0,0,0.0,0,0.0,58,58.8,42.3,0.0,T-1100,D-01-01,T-1003,D-06-02
O0955,C,13090.9,34957.8,34991.3,35004.1,35024.7,35024.8,35036.7,35064.3,21973.4,21866.9,AMR1,AMR1,1,25,0,54.2,54.2,AMR1,38.7,38.7,AMR1,0,0,0.0,0,0,0,0,0.0,1,5.0,54,55.9,40.5,10.0,T-1101,C-03-03,T-0983,C-05-01
O0956,F,13115.0,35151.6,35175.1,35186.5,35218.9,35219.0,35230.7,35263.7,22148.7,22036.6,AMR2,AMR2,1,25,1,63.9,63.9,AMR2,45.3,45.3,AMR2,0,0,0.0,0,0,0,0,0.0,0,0.0,72,70.7,41.3,0.0,T-1105,F-02-01,T-0855,F-03-01
O0957,H,13130.4,35044.8,35068.3,35080.3,35108.1,35118.3,35139.8,35164.6,22034.2,21914.4,AMR2,AMR3,1,25,14,60.7,60.7,AMR2,45.5,45.5,AMR3,0,0,0.0,0,0,0,1,1.0,0,0.0,66,68.3,40.3,1.0,T-1103,H-03-02,T-0919,H-01-01
O0958,J,13147.1,35064.4,35091.9,35102.8,35136.5,35369.8,35382.9,35430.9,22283.8,21917.3,AMR1,AMR1,1,25,1,63.9,63.9,AMR1,45.3,45.3,AMR1,0,0,0.0,0,0,0,1,14.0,1,9.0,71,70.7,44.5,18.0,T-1104,J-06-01,T-0948,J-05-01
O0959,G,13170.3,36159.3,36182.8,36197.0,36223.2,36223.3,36237.2,36265.2,23094.9,22989.0,AMR1,AMR1,1,25,2,62.9,62.9,AMR1,42.1,42.1,AMR1,0,0,0.0,0,0,0,0,0.0,0,0.0,56,58.8,47.0,0.0,T-1133,G-06-02,T-0978,G-05-03
O0960,G,13185.6,35191.9,35223.4,35237.2,35263.0,35263.1,35274.8,35300.9,22115.3,22006.3,AMR1,AMR1,1,25,1,61.3,61.3,AMR1,39.0,39.0,AMR1,0,0,0.0,0,0,0,0,0.0,1,3.0,56,57.9,43.0,8.0,T-1107,G-04-02,T-0950,G-05-02
O0961,C,13204.1,35164.7,35199.2,35213.6,35237.6,35775.2,35790.2,35819.9,22615.8,21960.6,AMR3,AMR2,1,25,3,60.0,60.0,AMR3,43.6,43.6,AMR2,0,0,0.0,0,0,0,0,0.0,1,6.0,56,58.5,48.1,11.0,T-1106,C-05-01,T-0999,C-06-01
O0962,C,13221.9,35263.8,35287.3,35298.2,35320.7,35674.2,35682.8,35710.7,22488.8,22041.9,AMR2,AMR2,1,25,1,55.0,55.0,AMR2,36.6,36.6,AMR2,0,0,0.0,0,0,0,0,0.0,0,0.0,54,54.9,38.5,0.0,T-1109,C-04-03,T-0988,C-03-01
O0963,J,13243.1,35301.0,35324.5,35338.5,35369.7,36297.4,36311.7,36346.2,23103.1,22057.9,AMR1,AMR3,1,25,0,66.9,66.9,AMR1,46.0,46.0,AMR3,0,0,0.0,0,0,0,1,1.0,0,0.0,67,67.6,48.9,1.0,T-1110,J-01-02,T-0972,J-04-02
O0964,H,13264.5,35320.8,35337.4,35348.8,35371.4,35371.5,35382.6,35406.4,22141.9,22056.3,AMR2,AMR2,1,12,1,44.8,44.8,AMR2,34.2,34.2,AMR2,0,0,0.0,0,0,0,0,0.0,0,0.0,41,45.2,36.3,4.0,T-1111,H-01-01,T-0922,H-06-02
O0965,H,13288.4,35406.5,35430.0,35446.2,35470.6,35470.7,35483.7,35507.8,22219.4,22118.1,AMR2,AMR2,1,25,2,63.1,63.1,AMR2,36.8,36.8,AMR2,0,0,0.0,0,0,0,0,0.0,0,0.0,52,55.6,45.6,0.0,T-1113,H-06-02,T-0925,H-04-03
O0966,G,13304.3,35455.3,35478.8,35493.8,35518.5,35518.6,35531.4,35555.1,22250.8,22151.0,AMR3,AMR3,1,25,1,61.4,61.4,AMR3,37.7,37.7,AMR3,0,0,0.0,0,0,0,0,0.0,0,0.0,56,57.9,41.8,0.0,T-1115,G-05-02,T-0969,G-06-02
O0967,I,13323.5,35431.0,35454.5,35468.9,35498.3,35498.4,35514.6,35541.6,22218.1,22107.5,AMR1,AMR1,1,25,2,63.1,63.1,AMR1,42.4,42.4,AMR1,0,0,0.0,0,0,0,0,0.0,0,0.0,58,59.8,50.7,0.0,T-1114,I-06-02,T-0930,I-02-03
O0968,I,13344.8,35541.7,35565.2,35579.8,35602.1,35715.3,35728.5,35755.1,22410.3,22196.9,AMR1,AMR1,1,25,1,58.6,58.6,AMR1,39.5,39.5,AMR1,0,0,0.0,0,0,0,0,0.0,0,0.0,54,56.2,44.0,0.0,T-1117,I-02-03,T-0934,I-01-03
O0969,F,13369.7,35507.9,35531.4,35542.7,35573.1,36674.1,36688.7,36722.2,23352.5,22138.2,AMR2,AMR1,1,25,1,63.4,63.4,AMR2,48.7,48.7,AMR1,0,0,0.0,0,0,0,0,0.0,0,0.0,70,69.1,44.2,0.0,T-1116,F-05-01,T-0967,F-03-02
O0970,H,13390.1,35555.2,35588.7,35604.1,35632.2,35632.3,35646.9,35674.3,22284.2,22165.1,AMR3,AMR3,1,25,0,64.4,64.4,AMR3,41.2,41.2,AMR3,0,0,0.0,0,0,0,0,0.0,1,5.0,54,56.3,52.7,10.0,T-1118,H-03-03,T-0928,H-01-03
O0971,I,13414.2,35647.6,35671.1,35686.1,35715.2,35861.3,35888.0,35916.1,22501.9,22233.4,AMR1,AMR1,1,25,14,64.2,64.2,AMR1,53.5,53.5,AMR1,0,0,0.0,0,0,0,0,0.0,0,0.0,69,71.1,51.3,0.0,T-1120,I-05-03,T-0937,I-03-03
O0972,C,13433.1,35618.2,35641.7,35653.5,35674.1,35982.1,35994.7,36033.4,22600.3,22185.1,AMR2,AMR1,1,25,0,54.0,54.0,AMR2,39.6,39.6,AMR1,0,0,0.0,0,0,0,1,11.0,1,6.0,53,55.0,41.2,11.0,T-1119,C-05-03,T-1001,C-06-03
O0973,D,13451.3,35755.2,35778.7,35793.1,35819.0,35819.1,35833.0,35861.2,22409.9,22303.9,AMR1,AMR1,1,25,1,60.3,60.3,AMR1,41.8,41.8,AMR1,0,0,0.0,0,0,0,0,0.0,0,0.0,56,57.4,48.5,0.0,T-1123,D-05-02,T-1014,D-02-03
O0974,E,13475.3,35674.4,35697.9,35710.4,35740.5,35740.6,35748.8,35780.7,22305.4,22199.1,AMR3,AMR3,1,25,1,62.6,62.6,AMR3,40.7,40.7,AMR3,0,0,0.0,0,0,0,0,0.0,0,0.0,68,67.1,39.1,0.0,T-1121,E-04-02,T-0913,E-05-02
O0975,H,13498.3,35710.8,35734.3,35748.7,35775.1,35820.0,35841.9,35875.5,22377.2,22212.5,AMR2,AMR2,1,25,14,62.5,60.1,AMR1,47.7,47.7,AMR2,1,9,2.4,0,0,0,1,8.0,1,3.0,65,67.5,44.3,8.0,T-1122,H-01-03,T-0932,H-02-03
O0976,J,13516.9,36100.7,36124.2,36139.5,36167.3,36167.4,36177.2,36207.1,22690.2,22583.8,AMR2,AMR2,1,25,1,64.8,64.8,AMR2,39.4,39.4,AMR2,0,0,0.0,0,0,0,0,0.0,0,0.0,66,66.8,39.5,0.0,T-1131,J-02-02,T-0957,J-03-02
O0977,B,13541.7,35780.8,35804.3,35815.1,35838.4,35838.5,35852.7,35888.2,22346.5,22239.1,AMR3,AMR3,1,25,1,54.1,54.1,AMR3,40.7,40.7,AMR3,0,0,0.0,0,0,0,1,8.7,1,3.7,60,60.6,38.0,8.7,T-1124,B-02-02,T-0998,B-04-03
O0978,E,13563.2,35985.1,36008.6,36021.6,36052.0,36052.1,36063.8,36100.6,22537.4,22421.9,AMR2,AMR2,1,25,1,63.4,63.4,AMR2,44.3,44.3,AMR2,0,0,0.0,0,0,0,0,0.0,0,0.0,70,70.4,43.5,1.5,T-1128,E-05-02,T-0961,E-01-03
O0979,A,13586.4,35888.3,35922.8,35938.0,35967.3,36896.2,36932.6,36989.2,23402.8,22301.9,AMR3,AMR1,1,25,24,66.9,66.9,AMR3,70.2,70.2,AMR1,0,0,0.0,0,0,0,1,21.0,2,22.0,94,92.0,48.0,32.0,T-1126,A-06-01,T-0982,A-02-02
O0980,G,13607.1,36573.1,36608.6,36624.4,36653.2,36653.3,36668.2,36694.0,23086.9,22966.0,AMR3,AMR3,1,25,1,64.7,64.7,AMR3,40.4,40.4,AMR3,0,0,0.0,0,0,0,0,0.0,1,7.0,60,61.0,47.8,12.0,T-1145,G-01-03,T-0997,G-05-01
O0981,C,13631.5,35916.2,35946.7,35959.2,35982.0,36774.7,36802.4,36832.7,23201.2,22284.7,AMR1,AMR1,1,25,16,56.1,56.1,AMR1,58.4,58.4,AMR1,0,0,0.0,0,0,0,0,0.0,1,2.0,68,70.3,46.5,7.0,T-1127,C-03-01,T-1017,C-02-01
O0982,F,13648.9,36033.5,36066.0,36079.0,36111.4,36111.5,36122.9,36159.2,22510.3,22384.6,AMR1,AMR1,1,25,2,67.9,67.9,AMR1,45.9,45.9,AMR1,0,0,0.0,0,0,0,0,0.0,1,4.0,72,71.4,45.2,9.0,T-1130,F-06-01,T-0929,F-02-02
O0983,J,13670.8,36018.4,36041.9,36053.0,36086.0,36086.1,36100.1,36129.5,22458.7,22347.6,AMR3,AMR3,1,25,1,64.1,64.1,AMR3,44.1,44.1,AMR3,0,0,0.0,0,0,0,0,0.0,0,0.0,68,67.5,43.5,0.0,T-1129,J-05-01,T-0956,J-02-02
O0984,F,13692.9,36743.7,36767.2,36780.7,36814.8,36814.9,36826.9,36866.0,23173.1,23050.8,AMR2,AMR2,1,25,0,68.5,68.3,AMR3,43.6,43.6,AMR2,1,11,0.2,0,0,0,1,8.2,1,3.2,70,69.1,44.9,8.2,T-1149,F-03-02,T-0973,F-05-02
O0985,J,13713.5,36311.9,36335.4,36351.7,36382.2,36382.3,36393.8,36424.4,22710.9,22598.4,AMR2,AMR2,1,25,1,66.9,66.9,AMR2,42.7,42.7,AMR2,0,0,0.0,0,0,0,0,0.0,0,0.0,68,67.5,44.9,0.0,T-1137,J-04-02,T-0979,J-05-02
O0986,H,13736.9,36129.6,36153.1,36164.2,36190.7,36190.8,36207.1,36234.1,22497.2,22392.7,AMR3,AMR3,1,25,1,59.3,59.3,AMR3,42.6,42.6,AMR3,0,0,0.0,0,0,0,0,0.0,0,0.0,54,56.1,48.3,0.0,T-1132,H-02-03,T-0945,H-06-01
O0987,H,13755.0,36265.3,36288.8,36304.5,36330.8,36330.9,36342.4,36367.7,22612.7,22510.3,AMR1,AMR1,1,25,2,64.5,62.2,AMR2,36.0,36.0,AMR1,1,10,2.3,0,0,0,0,0.0,0,0.0,54,56.1,46.2,0.0,T-1136,H-06-01,T-0970,H-02-01
O0988,D,13770.9,36207.2,36230.7,36244.3,36271.1,36271.2,36283.9,36311.8,22540.9,22436.3,AMR2,AMR2,1,25,2,59.6,59.6,AMR2,40.2,40.2,AMR2,0,0,0.0,0,0,0,0,0.0,0,0.0,58,59.0,45.5,0.0,T-1134,D-06-02,T-1016,D-03-01
O0989,I,13788.1,36346.3,36369.8,36385.5,36408.2,36408.3,36419.7,36443.1,22655.0,22558.2,AMR3,AMR3,1,25,1,60.1,60.1,AMR3,36.5,36.5,AMR3,0,0,0.0,0,0,0,0,0.0,0,0.0,52,54.2,42.5,0.0,T-1138,I-01-03,T-0941,I-01-01
O0990,J,13803.1,36234.2,36257.7,36269.1,36297.3,36832.8,36865.3,36896.1,23093.0,22431.1,AMR3,AMR1,1,25,20,60.5,60.5,AMR3,65.0,65.0,AMR1,0,0,0.0,0,0,0,0,0.0,0,0.0,84,83.3,43.1,0.0,T-1135,J-03-02,T-1013,J-02-03
O0991,F,13826.1,36851.9,36875.4,36888.2,36921.7,36921.8,36931.6,36963.4,23137.3,23025.8,AMR3,AMR3,1,25,1,68.0,68.0,AMR3,43.8,43.8,AMR3,0,0,0.0,0,0,0,0,0.0,0,0.0,68,67.5,43.9,0.0,T-1150,F-05-02,T-0976,F-04-02
O0992,F,13842.9,36618.1,36629.4,36644.2,36674.0,36963.5,36997.3,37039.3,23196.4,22775.2,AMR1,AMR3,1,11,22,53.1,53.1,AMR1,69.5,69.5,AMR3,0,0,0.0,0,0,0,1,6.0,1,1.0,79,78.5,47.2,6.0,T-1146,F-02-02,T-1007,F-03-03
O0993,J,13858.1,36424.5,36448.0,36462.9,36493.4,36493.5,36506.0,36536.7,22678.6,22566.4,AMR2,AMR2,1,25,1,64.5,64.5,AMR2,43.8,43.8,AMR2,0,0,0.0,0,0,0,0,0.0,0,0.0,68,68.5,43.6,0.0,T-1140,J-05-02,T-0990,J-04-03
O0994,B,13882.3,36367.8,36394.3,36408.6,36433.8,36787.3,36813.9,36851.8,22969.5,22485.5,AMR1,AMR3,1,25,18,60.3,60.3,AMR1,58.9,58.9,AMR3,0,0,0.0,0,0,0,1,6.0,1,1.0,74,75.4,46.1,9.0,T-1139,B-03-03,T-1015,B-04-02
O0995,B,13905.9,36433.9,36463.6,36475.6,36499.8,36499.9,36509.6,36556.2,22650.3,22528.0,AMR1,AMR1,1,15,1,49.6,49.6,AMR1,38.0,38.0,AMR1,0,0,0.0,0,0,0,1,18.0,2,23.0,48,50.2,39.0,33.0,T-1141,B-04-03,T-1009,B-03-02
O0996,G,13928.0,36443.2,36475.9,36490.8,36515.5,36515.6,36526.2,36573.0,22645.0,22515.2,AMR3,AMR3,1,25,1,61.2,61.2,AMR3,36.2,36.2,AMR3,0,0,0.0,0,0,0,2,15.7,1,8.7,62,62.7,40.1,26.9,T-1142,G-04-03,T-0987,G-01-03
O0997,E,13944.0,36536.8,36560.3,36573.8,36600.2,36866.1,36900.0,36932.0,22988.0,22592.8,AMR2,AMR2,1,25,22,61.5,61.5,AMR2,65.8,65.8,AMR2,0,0,0.0,0,0,0,0,0.0,0,0.0,87,86.5,42.8,0.0,T-1143,E-01-03,T-0968,E-03-03
O0998,C,13960.3,36556.3,36584.8,36596.6,36618.0,36722.3,36746.9,36774.6,22814.3,22596.0,AMR1,AMR1,1,25,16,55.6,55.6,AMR1,52.7,52.7,AMR1,0,0,0.0,0,0,0,0,0.0,0,0.0,66,68.7,40.3,5.0,T-1144,C-06-01,T-1005,C-01-02
O0999,H,13984.8,36644.5,36668.0,36682.5,36707.0,36707.1,36719.6,36743.6,22758.8,22659.7,AMR2,AMR2,1,25,1,60.7,60.7,AMR2,37.7,37.7,AMR2,0,0,0.0,0,0,0,0,0.0,0,0.0,52,54.2,44.8,0.0,T-1147,H-02-01,T-0984,H-01-02
O1000,I,14003.0,36694.1,36717.6,36730.1,36751.9,36752.0,36762.1,36787.2,22784.2,22691.1,AMR3,AMR3,1,25,1,56.0,56.0,AMR3,34.9,34.9,AMR3,0,0,0.0,0,0,0,1,2.0,0,0.0,52,54.2,36.8,2.0,T-1148,I-01-01,T-0943,I-02-01
