주문ID,저장구역,발생시각(s),작업시작(배정)시각(s),입고장 도착(s),RFID 통과(s),저장구역 적치완료(s),출고 작업 배정(s),피킹 완료(s),출고완료(s),총처리시간(s),주문 대응시간(s),입고 배정 AMR,출고 배정 AMR,출고 연속 수행,배정 당시 AMR-입고장 거리(m),배정 당시 AMR-피킹위치 거리(m),입고 배차비용(s),입고 최소 가능비용(s),입고 최소비용 AMR,출고 배차비용(s),출고 최소 가능비용(s),출고 최소비용 AMR,배차 비효율,추가 이동거리(m),추가 예상시간(s),수동 배차 확인 개입,경로충돌,정면충돌,병목 횟수,병목 대기(s),장시간정체 개입,장시간정체 개입시간(s),이동거리(m),이동시간(s),작업시간(s),대기시간(s),입고 토트,적치 슬롯,출고 토트,피킹 슬롯
O0001,B,0.0,0.0,10.5,21.8,47.0,63.2,124.6,158.2,158.2,0.0,AMR1,AMR1,0,15,15,44.5,43.8,AMR2,57.6,57.6,AMR1,1,1,0.7,0,2,0,0,0.0,0,0.0,66,65.2,44.3,1.6,T-0151,B-01-01,T-0016,B-01-05
O0002,D,22.4,22.4,32.2,42.7,64.5,138.6,162.7,195.0,172.6,0.0,AMR2,AMR2,0,14,13,41.2,41.2,AMR2,53.1,53.1,AMR2,0,0,0.0,0,0,0,0,0.0,0,0.0,57,56.7,41.8,0.0,T-0152,D-01-01,T-0046,D-04-03
O0003,B,38.8,38.8,141.9,154.9,178.4,181.9,207.9,240.0,201.2,0.0,AMR3,AMR1,0,31,15,59.7,57.3,AMR1,58.8,58.8,AMR1,1,31,2.4,0,4,0,0,0.0,0,0.0,78,74.8,45.5,7.0,T-0153,B-02-01,T-0017,B-05-03
O0004,I,61.2,194.6,194.6,208.1,259.8,263.7,292.8,321.5,260.3,133.4,AMR3,AMR1,0,0,15,37.4,37.4,AMR3,54.5,54.5,AMR1,0,0,0.0,0,2,0,0,0.0,0,0.0,45,50.0,46.1,3.6,T-0154,I-01-01,T-0121,I-04-03
O0005,A,82.1,245.5,245.5,258.2,285.7,307.3,335.2,375.5,293.4,163.4,AMR2,AMR2,0,0,21,37.7,37.7,AMR2,64.9,64.9,AMR2,0,0,0.0,0,0,0,0,0.0,0,0.0,69,67.9,40.5,0.0,T-0155,A-02-01,T-0001,A-02-03
O0006,D,98.1,274.6,274.6,290.3,313.4,327.5,386.7,416.9,318.8,176.5,AMR3,AMR3,0,0,13,37.1,37.1,AMR3,51.5,51.5,AMR3,0,0,0.0,0,0,1,0,0.0,0,0.0,42,47.6,45.9,1.2,T-0156,D-03-01,T-0047,D-01-02
O0007,I,119.1,381.8,381.8,396.3,418.7,433.5,488.6,517.6,398.5,262.7,AMR1,AMR1,0,0,15,36.0,36.0,AMR1,54.7,54.7,AMR1,0,0,0.0,0,2,0,0,0.0,0,0.0,45,51.9,44.9,1.3,T-0157,I-02-01,T-0122,I-03-02
O0008,I,141.2,401.5,401.5,415.1,442.7,459.5,510.8,540.2,399.0,260.3,AMR2,AMR2,0,0,15,38.7,38.7,AMR2,52.4,52.4,AMR2,0,0,0.0,0,2,0,0,0.0,0,0.0,45,50.1,45.3,6.1,T-0158,I-04-01,T-0123,I-03-01
O0009,J,158.4,493.7,493.7,507.6,536.4,541.3,571.1,605.6,447.2,335.3,AMR3,AMR1,0,0,21,41.8,41.8,AMR3,61.0,61.0,AMR1,0,0,0.0,0,0,0,0,0.0,0,0.0,63,64.8,42.2,0.0,T-0159,J-01-01,T-0136,J-04-02
O0010,A,181.5,556.6,556.6,567.7,597.1,619.8,650.6,689.3,507.8,375.1,AMR3,AMR3,0,0,21,38.8,38.8,AMR3,69.2,69.2,AMR3,0,0,0.0,0,0,0,0,0.0,0,0.0,64,64.1,45.9,0.0,T-0160,A-03-01,T-0002,A-05-03
O0011,F,203.5,567.8,567.8,584.0,617.4,629.3,657.5,701.6,498.1,364.3,AMR2,AMR1,0,0,23,47.1,47.1,AMR2,60.6,60.6,AMR1,0,0,0.0,0,0,0,1,12.4,1,7.4,67,67.0,42.5,12.4,T-0161,F-02-01,T-0076,F-05-05
O0012,F,220.1,641.0,641.0,652.3,686.1,709.0,739.8,775.5,555.4,420.9,AMR2,AMR2,0,0,23,43.4,43.4,AMR2,63.2,63.2,AMR2,0,0,0.0,0,0,0,0,0.0,0,0.0,70,70.2,41.4,0.0,T-0162,F-03-01,T-0077,F-01-01
O0013,B,236.0,713.0,713.0,723.4,749.6,764.4,792.2,820.1,584.1,477.0,AMR3,AMR3,0,0,15,35.7,35.7,AMR3,55.4,55.4,AMR3,0,0,0.0,0,0,0,0,0.0,0,0.0,45,48.5,43.8,0.0,T-0163,B-04-01,T-0018,B-05-04
O0014,J,259.5,725.3,725.3,741.1,773.0,793.2,858.6,894.6,635.1,465.8,AMR1,AMR1,0,0,21,46.8,46.8,AMR1,62.6,62.6,AMR1,0,0,0.0,0,2,0,0,0.0,0,0.0,65,67.5,48.8,1.4,T-0164,J-02-01,T-0137,J-06-03
O0015,H,282.6,834.2,834.2,848.8,875.7,890.5,979.8,1004.6,722.0,551.6,AMR2,AMR2,0,0,15,40.6,40.6,AMR2,53.2,53.2,AMR2,0,0,0.0,0,3,0,0,0.0,0,0.0,43,48.4,48.5,1.6,T-0165,H-04-01,T-0106,H-02-04
O0016,G,298.8,848.8,848.8,860.4,890.2,918.3,989.0,1020.2,721.4,550.0,AMR3,AMR1,0,0,17,39.7,39.7,AMR3,55.8,55.8,AMR1,0,0,0.0,0,1,0,1,2.9,0,0.0,58,61.7,45.1,4.1,T-0166,G-03-01,T-0091,G-05-02
O0017,J,319.3,968.4,968.4,982.3,1016.0,1028.3,1058.3,1090.5,771.2,649.1,AMR3,AMR2,0,0,21,45.1,45.1,AMR3,60.4,60.4,AMR2,0,0,0.0,0,0,0,0,0.0,0,0.0,63,64.9,44.9,0.0,T-0167,J-04-01,T-0138,J-03-03
O0018,B,340.1,1038.2,1038.2,1053.6,1078.6,1093.4,1121.1,1152.3,812.2,698.1,AMR3,AMR3,0,0,15,39.5,39.5,AMR3,58.6,58.6,AMR3,0,0,0.0,0,0,0,0,0.0,0,0.0,45,48.5,50.8,0.0,T-0168,B-05-01,T-0019,B-04-02
O0019,E,361.7,1053.7,1053.7,1065.2,1091.3,1110.8,1191.9,1228.7,867.0,692.0,AMR1,AMR1,0,0,19,35.9,35.9,AMR1,64.0,64.0,AMR1,0,0,0.0,0,1,0,0,0.0,0,0.0,58,62.2,42.4,1.2,T-0169,E-03-01,T-0061,E-01-04
O0020,B,385.3,1167.5,1167.5,1178.3,1200.9,1217.1,1242.3,1273.2,887.9,782.2,AMR2,AMR2,0,0,15,30.9,30.9,AMR2,55.8,55.8,AMR2,0,0,0.0,0,0,0,0,0.0,0,0.0,47,50.1,39.4,0.0,T-0170,B-01-02,T-0020,B-04-05
O0021,F,403.0,1177.7,1177.7,1193.3,1228.8,1273.8,1356.3,1390.4,987.4,774.7,AMR3,AMR1,0,0,23,48.6,48.6,AMR3,64.4,64.4,AMR1,0,0,0.0,0,0,1,0,0.0,0,0.0,71,73.8,47.8,1.1,T-0171,F-01-01,T-0078,F-01-04
O0022,D,421.7,1323.3,1323.3,1334.6,1355.4,1370.2,1396.3,1424.2,1002.5,901.6,AMR2,AMR2,0,0,13,29.6,29.6,AMR2,50.7,50.7,AMR2,0,0,0.0,0,0,0,0,0.0,0,0.0,45,48.5,37.6,0.0,T-0172,D-04-01,T-0048,D-05-05
O0023,B,439.4,1334.6,1334.6,1347.6,1370.1,1386.3,1411.2,1441.2,1001.8,895.2,AMR3,AMR3,0,0,15,33.0,33.0,AMR3,53.1,53.1,AMR3,0,0,0.0,0,0,0,0,0.0,0,0.0,49,51.6,38.8,0.0,T-0173,B-02-02,T-0021,B-03-04
O0024,I,460.8,1414.1,1414.1,1428.0,1483.8,1544.7,1623.8,1655.6,1194.8,953.3,AMR1,AMR2,0,0,15,39.0,39.0,AMR1,47.8,47.8,AMR2,0,0,0.0,0,3,0,0,0.0,0,0.0,50,57.0,41.0,7.7,T-0174,I-03-01,T-0124,I-05-03
O0025,H,478.2,1469.3,1469.3,1481.3,1562.4,1577.2,1600.4,1627.5,1149.3,991.1,AMR3,AMR3,0,0,15,36.8,36.8,AMR3,50.4,50.4,AMR3,0,0,0.0,0,1,0,0,0.0,0,0.0,43,46.1,41.9,3.6,T-0176,H-05-01,T-0107,H-03-04
O0026,I,495.9,1481.4,1481.4,1496.2,1522.5,1609.8,1636.7,1751.3,1255.4,985.5,AMR2,AMR1,0,0,15,38.6,38.6,AMR2,51.8,51.8,AMR1,0,0,0.0,0,4,0,0,0.0,0,0.0,49,53.4,44.6,2.3,T-0175,I-05-01,T-0125,I-01-05
O0027,A,517.8,1787.1,1787.1,1827.0,1855.3,1924.0,2048.6,2084.8,1567.0,1269.3,AMR2,AMR3,0,0,21,40.7,40.7,AMR2,68.8,68.8,AMR3,0,0,0.0,0,1,2,0,0.0,1,25.5,65,69.0,47.4,32.7,T-0177,A-05-01,T-0003,A-06-03
O0028,F,541.0,1823.7,1823.7,1878.6,1910.2,2013.4,2080.6,2116.6,1575.6,1282.7,AMR1,AMR1,0,0,23,45.7,45.7,AMR1,65.9,65.9,AMR1,0,0,0.0,0,0,2,0,0.0,0,0.0,71,74.7,46.4,2.2,T-0178,F-05-01,T-0079,F-01-05
O0029,D,558.6,2048.8,2048.8,2063.0,2089.5,2105.0,2184.8,2212.1,1653.5,1490.2,AMR2,AMR2,0,0,13,37.4,37.4,AMR2,49.5,49.5,AMR2,0,0,0.0,0,2,0,0,0.0,0,0.0,46,51.3,44.2,1.3,T-0179,D-06-01,T-0049,D-05-01
O0030,F,582.4,2163.1,2163.1,2177.7,2210.5,2233.2,2331.8,2365.7,1783.3,1580.7,AMR3,AMR3,0,0,23,47.3,47.3,AMR3,66.1,66.1,AMR3,0,0,0.0,0,0,1,0,0.0,0,0.0,70,72.0,48.2,1.2,T-0180,F-06-01,T-0080,F-02-04
O0031,G,604.0,2177.8,2177.8,2192.6,2220.7,2235.8,2266.4,2294.4,1690.4,1573.8,AMR1,AMR2,0,0,17,40.4,40.4,AMR1,53.7,53.7,AMR2,0,0,0.0,0,0,0,0,0.0,0,0.0,49,54.8,43.7,3.0,T-0181,G-01-02,T-0092,G-04-01
O0032,E,623.5,2301.9,2301.9,2314.4,2342.7,2362.9,2389.2,2420.9,1797.4,1678.4,AMR1,AMR1,0,0,19,38.3,38.3,AMR1,58.2,58.2,AMR1,0,0,0.0,0,0,0,0,0.0,0,0.0,59,59.8,39.0,0.0,T-0182,E-04-01,T-0062,E-02-05
O0033,I,641.0,2318.1,2318.1,2330.7,2359.6,2377.1,2431.8,2485.2,1844.2,1677.1,AMR2,AMR2,0,0,15,38.2,38.2,AMR2,53.2,53.2,AMR2,0,0,0.0,0,4,0,2,0.6,0,0.0,46,51.4,45.6,5.2,T-0183,I-06-01,T-0126,I-02-04
O0034,J,658.6,2416.6,2416.6,2428.4,2460.2,2468.2,2498.4,2534.5,1875.9,1758.0,AMR3,AMR1,0,0,21,40.3,40.3,AMR3,64.5,64.5,AMR1,0,0,0.0,0,0,0,0,0.0,0,0.0,64,65.7,44.2,0.0,T-0184,J-06-01,T-0139,J-03-01
O0035,G,682.6,2483.1,2483.1,2496.7,2520.4,2558.2,2583.5,2614.7,1932.1,1800.5,AMR3,AMR1,0,0,17,36.4,36.4,AMR3,55.7,55.7,AMR1,0,0,0.0,0,0,0,0,0.0,0,0.0,49,52.1,41.7,0.0,T-0185,G-04-01,T-0093,G-03-05
O0036,C,699.8,2508.9,2508.9,2520.4,2600.2,2638.4,2662.4,2691.8,1992.0,1809.1,AMR2,AMR1,0,0,13,35.4,35.4,AMR2,53.1,53.1,AMR1,0,0,0.0,0,2,0,0,0.0,0,0.0,41,46.8,46.3,1.6,T-0186,C-01-01,T-0031,C-04-01
O0037,A,719.8,2590.8,2590.8,2604.2,2669.6,2691.2,2718.4,2759.3,2039.5,1871.0,AMR3,AMR3,0,0,21,43.6,43.6,AMR3,61.4,61.4,AMR3,0,0,0.0,0,2,0,1,6.4,1,1.4,65,64.9,42.9,6.4,T-0187,A-01-02,T-0004,A-05-04
O0038,C,736.3,2647.6,2647.6,2661.1,2681.1,2693.9,2719.4,2746.4,2010.1,1911.3,AMR2,AMR2,0,0,13,32.6,32.6,AMR2,52.2,52.2,AMR2,0,0,0.0,0,0,0,0,0.0,0,0.0,39,43.4,42.6,0.0,T-0188,C-05-01,T-0032,C-05-03
O0039,B,755.5,2715.5,2715.5,2726.8,2752.6,2768.1,2793.8,2824.9,2069.4,1960.0,AMR1,AMR1,0,0,15,35.4,35.4,AMR1,53.5,53.5,AMR1,0,0,0.0,0,0,0,0,0.0,0,0.0,50,52.3,41.6,0.0,T-0189,B-03-02,T-0022,B-01-03
O0040,H,774.3,2771.5,2771.5,2784.7,2810.4,2824.6,2887.6,2920.9,2146.6,1997.2,AMR2,AMR2,0,0,15,38.0,38.0,AMR2,50.5,50.5,AMR2,0,0,0.0,0,2,0,1,6.2,1,1.2,43,48.9,43.2,7.6,T-0190,H-02-02,T-0108,H-04-02
O0041,I,791.8,2784.7,2784.7,2796.8,2822.6,2848.6,2874.3,2905.4,2113.6,1992.9,AMR3,AMR1,0,0,15,37.0,37.0,AMR3,51.7,51.7,AMR1,0,0,0.0,0,0,0,1,1.8,0,0.0,45,50.0,42.9,1.8,T-0191,I-01-02,T-0127,I-05-02
O0042,B,813.6,2876.5,2876.5,2889.8,2916.3,2929.1,3012.3,3041.6,2228.0,2062.9,AMR3,AMR1,0,0,15,38.9,38.9,AMR3,51.5,51.5,AMR1,0,0,0.0,0,1,0,0,0.0,0,0.0,49,50.5,43.1,3.6,T-0192,B-04-02,T-0023,B-01-04
O0043,E,837.5,2986.6,2986.6,3056.6,3085.6,3105.7,3133.6,3275.4,2437.9,2149.1,AMR2,AMR2,0,0,19,43.8,43.8,AMR2,60.7,60.7,AMR2,0,0,0.0,0,2,2,0,0.0,0,0.0,65,67.9,47.0,2.9,T-0193,E-01-02,T-0063,E-06-03
O0044,E,855.9,3055.0,3055.0,3067.9,3099.9,3120.1,3255.6,3289.1,2433.2,2199.1,AMR3,AMR3,0,0,19,36.4,36.4,AMR3,60.1,60.1,AMR3,0,0,0.0,0,2,1,0,0.0,0,0.0,67,69.7,39.0,4.1,T-0194,E-04-02,T-0064,E-05-01
O0045,A,872.5,3067.1,3067.1,3081.2,3109.1,3130.0,3160.7,3193.9,2321.4,2194.6,AMR1,AMR1,0,0,21,40.3,40.3,AMR1,63.6,63.6,AMR1,0,0,0.0,0,0,0,0,0.0,0,0.0,64,64.1,41.8,0.0,T-0195,A-03-02,T-0005,A-04-01
O0046,C,897.2,3217.6,3217.6,3228.4,3252.8,3265.6,3289.8,3319.6,2422.4,2320.4,AMR1,AMR1,0,0,13,34.3,34.3,AMR1,54.1,54.1,AMR1,0,0,0.0,0,0,0,0,0.0,0,0.0,41,43.0,46.2,0.0,T-0196,C-04-01,T-0033,C-03-01
O0047,E,921.3,3299.1,3299.1,3311.2,3340.4,3366.4,3395.8,3434.8,2513.5,2377.8,AMR2,AMR2,0,0,19,38.8,38.8,AMR2,64.3,64.3,AMR2,0,0,0.0,0,0,0,0,0.0,0,0.0,59,61.1,45.6,3.0,T-0197,E-05-01,T-0065,E-02-02
O0048,D,941.4,3312.8,3312.8,3325.7,3404.1,3418.9,3445.2,3578.9,2637.5,2371.4,AMR3,AMR3,0,0,13,35.0,35.0,AMR3,54.9,54.9,AMR3,0,0,0.0,0,4,1,1,0.1,0,0.0,47,53.3,47.2,3.4,T-0198,D-05-01,T-0050,D-03-02
O0049,C,960.1,3395.8,3395.8,3407.4,3430.0,3442.5,3467.0,3494.5,2534.4,2435.7,AMR1,AMR1,0,0,13,32.5,32.5,AMR1,53.2,53.2,AMR1,0,0,0.0,0,0,0,0,0.0,0,0.0,40,42.7,43.5,0.0,T-0199,C-03-01,T-0034,C-01-04
O0050,I,984.7,3605.8,3605.8,3643.1,3664.2,3766.1,3835.4,3865.9,2881.2,2621.1,AMR1,AMR1,0,0,15,32.4,32.4,AMR1,54.4,54.4,AMR1,0,0,0.0,0,2,1,0,0.0,0,0.0,51,56.1,41.0,4.6,T-0200,I-02-02,T-0128,I-06-03
O0051,H,1005.7,3639.7,3639.7,3712.9,3734.5,3852.2,3901.9,3926.4,2920.7,2634.0,AMR3,AMR2,0,0,15,34.8,34.8,AMR3,51.1,51.1,AMR2,0,0,0.0,0,0,2,0,0.0,0,0.0,43,49.1,40.6,2.2,T-0201,H-04-02,T-0109,H-05-05
O0052,F,1021.8,3878.2,3878.2,3891.7,3922.9,3934.8,3967.8,3999.6,2977.8,2856.4,AMR3,AMR1,0,0,23,42.2,42.2,AMR3,64.0,64.0,AMR1,0,0,0.0,0,0,0,0,0.0,0,0.0,69,68.5,41.0,0.0,T-0203,F-02-02,T-0081,F-03-04
O0053,D,1039.2,3891.8,3891.8,3902.7,3922.0,3946.5,4015.5,4043.9,3004.7,2852.6,AMR1,AMR3,0,0,13,29.3,29.3,AMR1,49.3,49.3,AMR3,0,0,0.0,0,2,0,0,0.0,0,0.0,45,49.4,35.9,2.3,T-0202,D-01-02,T-0051,D-06-04
O0054,B,1063.6,3993.7,3993.7,4008.2,4031.8,4067.6,4091.7,4120.9,3057.3,2930.1,AMR2,AMR3,0,0,15,35.6,35.6,AMR2,56.0,56.0,AMR3,0,0,0.0,0,0,0,0,0.0,0,0.0,45,47.1,44.3,0.0,T-0204,B-01-03,T-0024,B-06-04
O0055,B,1083.5,4023.3,4023.3,4039.6,4111.2,4127.4,4154.6,4183.7,3100.2,2939.8,AMR1,AMR1,0,0,15,38.3,38.3,AMR1,56.0,56.0,AMR1,0,0,0.0,0,2,0,1,2.2,0,0.0,47,50.1,47.0,2.2,T-0205,B-02-03,T-0025,B-05-02
O0056,C,1106.2,4095.1,4095.1,4105.6,4128.3,4139.8,4195.9,4223.4,3117.2,2988.9,AMR2,AMR2,0,0,13,33.1,33.1,AMR2,49.5,49.5,AMR2,0,0,0.0,0,2,0,0,0.0,0,0.0,36,42.0,40.4,2.6,T-0206,C-06-01,T-0035,C-06-05
O0057,I,1125.9,4180.0,4180.0,4191.9,4346.2,4400.5,4436.7,4464.7,3338.8,3054.1,AMR3,AMR3,0,0,15,38.5,38.5,AMR3,50.2,50.2,AMR3,0,0,0.0,0,6,0,1,9.2,1,4.2,50,56.1,42.9,15.7,T-0208,I-03-02,T-0129,I-06-05
O0058,J,1143.6,4247.7,4247.7,4262.0,4291.2,4306.0,4336.3,4483.0,3339.4,3104.1,AMR1,AMR2,0,0,21,41.8,41.8,AMR1,59.8,59.8,AMR2,0,0,0.0,0,6,0,0,0.0,0,0.0,74,77.7,41.0,4.7,T-0207,J-03-01,T-0140,J-05-02
O0059,I,1168.2,4342.0,4342.0,4353.7,4380.7,4474.8,4559.2,4587.7,3419.5,3173.8,AMR1,AMR1,0,0,15,33.3,33.3,AMR1,51.7,51.7,AMR1,0,0,0.0,0,1,0,0,0.0,0,0.0,47,50.5,39.2,6.6,T-0209,I-05-02,T-0130,I-04-05
O0060,E,1190.1,4511.7,4511.7,4524.2,4554.0,4572.2,4603.7,4639.4,3449.3,3321.6,AMR2,AMR2,0,0,19,41.4,41.4,AMR2,63.9,63.9,AMR2,0,0,0.0,0,0,0,0,0.0,0,0.0,61,61.7,47.8,0.0,T-0210,E-02-02,T-0066,E-04-03
O0061,F,1215.0,4546.8,4546.8,4561.2,4594.5,4611.4,4640.0,4673.4,3458.4,3331.8,AMR3,AMR1,0,0,23,46.0,46.0,AMR3,64.7,64.7,AMR1,0,0,0.0,0,0,0,0,0.0,0,0.0,64,64.2,45.5,0.0,T-0211,F-03-02,T-0082,F-06-03
O0062,H,1239.0,4619.0,4619.0,4631.1,4657.7,4663.1,4689.6,4715.6,3476.6,3380.0,AMR3,AMR2,0,0,15,37.8,37.8,AMR3,52.6,52.6,AMR2,0,0,0.0,0,0,0,0,0.0,0,0.0,43,46.1,45.1,0.0,T-0212,H-05-02,T-0110,H-03-01
O0063,B,1256.5,4672.5,4672.5,4685.8,4708.1,4722.9,4749.1,4779.8,3523.3,3416.0,AMR3,AMR3,0,0,15,34.7,34.7,AMR3,58.6,58.6,AMR3,0,0,0.0,0,0,0,0,0.0,0,0.0,43,46.5,46.0,0.0,T-0213,B-05-02,T-0026,B-06-02
O0064,I,1271.7,4697.1,4697.1,4713.1,4737.4,4741.2,4770.3,4796.4,3524.7,3425.4,AMR1,AMR2,0,0,15,37.0,37.0,AMR1,51.9,51.9,AMR2,0,0,0.0,0,0,0,0,0.0,0,0.0,48,52.4,43.1,0.0,T-0214,I-06-02,T-0131,I-04-02
O0065,A,1292.6,4754.9,4754.9,4769.0,4796.5,4803.5,4831.0,4865.8,3573.2,3462.3,AMR1,AMR3,0,0,21,40.7,40.7,AMR1,65.0,65.0,AMR3,0,0,0.0,0,0,0,0,0.0,0,0.0,61,60.3,43.6,0.0,T-0215,A-04-01,T-0006,A-06-01
O0066,A,1314.7,4816.7,4816.7,4828.7,4858.1,4889.5,4933.2,4969.6,3654.9,3502.0,AMR1,AMR3,0,0,21,40.5,40.5,AMR1,63.9,63.9,AMR3,0,0,0.0,0,0,0,0,0.0,0,0.0,69,68.3,42.3,10.9,T-0216,A-05-02,T-0007,A-01-03
O0067,A,1330.4,4828.7,4828.7,4845.0,4923.1,4926.9,4954.8,4993.7,3663.3,3498.3,AMR2,AMR1,0,0,21,46.2,46.2,AMR2,63.5,63.5,AMR1,0,0,0.0,0,2,0,0,0.0,0,0.0,66,65.5,47.6,3.6,T-0217,A-06-01,T-0008,A-02-02
O0068,D,1346.1,4942.0,4942.0,4955.1,4979.6,4993.7,5040.1,5069.1,3723.0,3595.9,AMR2,AMR2,0,0,13,35.9,35.9,AMR2,51.2,51.2,AMR2,0,0,0.0,0,0,1,0,0.0,0,0.0,40,46.2,44.4,1.2,T-0218,D-03-02,T-0052,D-02-02
O0069,D,1367.8,5021.9,5021.9,5092.7,5112.9,5125.7,5148.8,5176.9,3809.1,3654.1,AMR3,AMR3,0,0,13,31.3,31.3,AMR3,51.4,51.4,AMR3,0,0,0.0,0,0,1,0,0.0,0,0.0,41,46.8,40.0,1.1,T-0219,D-02-02,T-0053,D-02-01
O0070,J,1384.1,5090.4,5090.4,5103.1,5133.0,5153.2,5185.4,5223.3,3839.2,3706.3,AMR1,AMR1,0,0,21,41.7,41.7,AMR1,61.3,61.3,AMR1,0,0,0.0,0,0,0,1,7.0,1,2.0,61,63.3,42.4,7.0,T-0220,J-01-02,T-0141,J-03-02
O0071,H,1403.8,5103.1,5103.1,5119.4,5144.2,5160.4,5185.9,5211.0,3807.2,3699.3,AMR2,AMR2,0,0,15,39.4,39.4,AMR2,50.7,50.7,AMR2,0,0,0.0,0,0,0,0,0.0,0,0.0,44,46.9,44.8,0.0,T-0221,H-03-01,T-0111,H-03-02
O0072,B,1420.7,5200.6,5200.6,5214.5,5239.0,5247.0,5315.8,5346.7,3926.0,3779.9,AMR3,AMR1,0,0,15,38.3,38.3,AMR3,52.6,52.6,AMR1,0,0,0.0,0,2,0,0,0.0,0,0.0,46,48.2,43.6,0.0,T-0222,B-06-02,T-0027,B-03-01
O0073,G,1440.0,5234.7,5234.7,5247.5,5275.5,5297.0,5325.6,5362.3,3922.3,3794.7,AMR2,AMR2,0,0,17,39.1,39.1,AMR2,56.2,56.2,AMR2,0,0,0.0,0,0,0,1,5.8,1,0.8,52,55.4,44.9,5.8,T-0223,G-03-02,T-0094,G-02-02
O0074,A,1459.7,5303.8,5303.8,5319.0,5351.9,5370.4,5487.3,5522.4,4062.7,3844.1,AMR3,AMR1,0,0,21,45.6,45.6,AMR3,66.7,66.7,AMR1,0,0,0.0,0,4,0,0,0.0,0,0.0,69,72.1,50.2,5.5,T-0224,A-02-02,T-0009,A-04-02
O0075,F,1475.3,5386.0,5386.0,5396.5,5429.6,5468.0,5533.6,5568.6,4093.3,3910.7,AMR2,AMR3,0,0,23,42.7,42.7,AMR2,70.1,70.1,AMR3,0,0,0.0,0,2,0,0,0.0,0,0.0,63,63.4,47.6,1.2,T-0225,F-05-02,T-0083,F-06-04
O0076,D,1492.8,5417.9,5417.9,5433.3,5455.2,5518.3,5543.0,5582.4,4089.6,3925.1,AMR3,AMR2,0,0,13,36.4,36.4,AMR3,51.9,51.9,AMR2,0,0,0.0,0,0,0,1,9.9,1,4.9,43,45.9,45.6,9.9,T-0226,D-02-01,T-0054,D-05-04
O0077,G,1512.3,5546.1,5546.1,5558.0,5585.6,5592.3,5620.7,5649.7,4137.4,4033.8,AMR1,AMR3,0,0,17,37.0,37.0,AMR1,55.1,55.1,AMR3,0,0,0.0,0,0,0,0,0.0,0,0.0,53,55.2,41.7,0.0,T-0227,G-02-02,T-0095,G-02-04
O0078,D,1530.1,5603.8,5603.8,5616.1,5639.8,5654.6,5706.5,5733.5,4203.4,4073.7,AMR1,AMR1,0,0,13,33.5,33.5,AMR1,48.2,48.2,AMR1,0,0,0.0,0,1,0,1,3.6,0,0.0,41,45.0,39.0,3.6,T-0228,D-04-02,T-0055,D-02-03
O0079,I,1549.5,5616.1,5616.1,5628.5,5654.2,5671.0,5713.1,5750.8,4201.3,4066.6,AMR2,AMR2,0,0,15,35.6,35.6,AMR2,52.4,52.4,AMR2,0,0,0.0,0,0,0,1,6.7,2,9.9,47,51.6,42.2,24.1,T-0229,I-04-02,T-0132,I-04-04
O0080,I,1565.0,5703.8,5703.8,5717.7,5739.7,5754.5,5829.5,5858.0,4293.0,4138.8,AMR3,AMR3,0,0,15,35.0,35.0,AMR3,55.2,55.2,AMR3,0,0,0.0,0,2,0,0,0.0,0,0.0,41,46.5,44.4,3.6,T-0230,I-02-03,T-0133,I-02-05
O0081,D,1589.7,5803.9,5803.9,5819.3,5839.9,5852.7,5875.4,5902.9,4313.2,4214.2,AMR2,AMR2,0,0,13,35.1,35.1,AMR2,46.9,46.9,AMR2,0,0,0.0,0,0,0,0,0.0,0,0.0,43,46.9,39.3,0.0,T-0231,D-01-03,T-0056,D-04-04
O0082,H,1608.8,5820.4,5820.4,5833.4,5858.1,5872.6,5900.6,5924.6,4315.8,4211.6,AMR1,AMR1,0,0,15,36.0,36.0,AMR1,53.2,53.2,AMR1,0,0,0.0,0,0,0,0,0.0,0,0.0,42,45.8,43.9,0.0,T-0232,H-03-02,T-0112,H-02-05
O0083,A,1632.4,5881.7,5881.7,5894.8,5925.1,5926.6,5955.1,5995.1,4362.7,4249.3,AMR3,AMR2,0,0,21,42.5,42.5,AMR3,66.2,66.2,AMR2,0,0,0.0,0,0,0,0,0.0,0,0.0,67,65.3,46.6,0.0,T-0233,A-04-02,T-0010,A-01-01
O0084,G,1651.2,5945.3,5945.3,5960.7,5988.1,6004.9,6034.6,6097.2,4446.0,4294.1,AMR3,AMR3,0,0,17,41.9,41.9,AMR3,56.6,56.6,AMR3,0,0,0.0,0,2,0,1,10.1,1,5.1,47,51.1,48.1,13.9,T-0234,G-04-02,T-0096,G-05-04
O0085,H,1675.5,5960.8,5960.8,5973.8,5996.7,6010.2,6037.1,6083.7,4408.2,4285.3,AMR1,AMR1,0,0,15,35.8,35.8,AMR1,52.7,52.7,AMR1,0,0,0.0,0,2,0,0,0.0,0,0.0,40,44.2,43.2,0.0,T-0235,H-06-02,T-0113,H-01-01
O0086,I,1694.7,6018.8,6018.8,6029.7,6057.3,6073.4,6100.2,6123.5,4428.8,4324.1,AMR2,AMR2,0,0,15,36.8,36.8,AMR2,50.3,50.3,AMR2,0,0,0.0,0,0,0,0,0.0,0,0.0,42,47.3,41.3,0.0,T-0236,I-03-03,T-0134,I-01-03
O0087,C,1716.9,6107.4,6107.4,6120.4,6144.4,6147.2,6233.6,6269.7,4552.8,4390.5,AMR1,AMR2,0,0,13,36.1,36.1,AMR1,54.5,54.5,AMR2,0,0,0.0,0,2,0,1,6.7,1,1.7,41,43.0,48.4,10.3,T-0237,C-01-02,T-0036,C-03-02
O0088,A,1734.8,6120.9,6120.9,6131.8,6161.1,6188.5,6219.8,6253.8,4519.0,4386.1,AMR3,AMR3,0,0,21,37.7,37.7,AMR3,63.5,63.5,AMR3,0,0,0.0,0,0,0,0,0.0,0,0.0,67,66.4,39.1,0.0,T-0238,A-01-01,T-0011,A-03-05
O0089,A,1757.3,6216.8,6216.8,6229.2,6255.9,6274.8,6305.2,6340.9,4583.6,4459.5,AMR1,AMR1,0,0,21,39.0,39.0,AMR1,62.8,62.8,AMR1,0,0,0.0,0,0,0,0,0.0,0,0.0,66,65.5,39.7,0.0,T-0239,A-06-02,T-0012,A-02-05
O0090,I,1778.2,6277.5,6277.5,6292.6,6319.4,6359.9,6484.6,6514.2,4736.0,4499.3,AMR3,AMR3,0,0,15,41.0,41.0,AMR3,54.1,54.1,AMR3,0,0,0.0,0,4,0,0,0.0,0,0.0,47,54.9,49.3,4.0,T-0240,I-01-03,T-0135,I-03-05
O0091,I,1794.7,6293.4,6293.4,6307.6,6361.4,6492.3,6516.2,6544.6,4749.9,4498.7,AMR2,AMR1,0,0,15,37.8,37.8,AMR2,52.5,52.5,AMR1,0,0,0.0,0,2,0,0,0.0,0,0.0,43,48.1,44.5,3.6,T-0241,I-04-03,T-0154,I-01-01
O0092,B,1818.3,6496.7,6496.7,6509.4,6534.3,6537.9,6561.8,6589.9,4771.6,4678.4,AMR2,AMR3,0,0,15,35.9,35.9,AMR2,54.7,54.7,AMR3,0,0,0.0,0,0,0,0,0.0,0,0.0,44,46.3,43.3,0.0,T-0242,B-03-01,T-0028,B-06-05
O0093,D,1833.9,6549.8,6549.8,6562.5,6583.7,6596.5,6658.4,6691.2,4857.3,4715.9,AMR2,AMR2,0,0,13,33.0,33.0,AMR2,56.7,56.7,AMR2,0,0,0.0,0,2,0,0,0.0,0,0.0,43,46.9,47.0,3.6,T-0243,D-02-03,T-0057,D-05-02
O0094,J,1850.1,6568.3,6568.3,6581.9,6611.3,6631.5,6662.9,6706.3,4856.2,4718.2,AMR1,AMR1,0,0,21,42.1,42.1,AMR1,62.6,62.6,AMR1,0,0,0.0,0,0,0,1,8.9,1,3.9,63,64.8,44.1,8.9,T-0244,J-02-02,T-0142,J-05-01
O0095,A,1870.9,6648.1,6648.1,6662.6,6693.1,6752.3,6779.1,6816.3,4945.4,4777.2,AMR3,AMR3,0,0,21,42.5,42.5,AMR3,62.2,62.2,AMR3,0,0,0.0,0,0,0,0,0.0,0,0.0,67,66.4,42.6,0.0,T-0245,A-01-03,T-0013,A-03-04
O0096,J,1890.1,6790.0,6790.0,6803.5,6834.0,6840.0,6870.7,6905.1,5015.0,4899.9,AMR1,AMR3,0,0,21,41.5,41.5,AMR1,60.3,60.3,AMR3,0,0,0.0,0,0,0,0,0.0,0,0.0,67,67.9,41.2,0.0,T-0246,J-05-01,T-0143,J-06-04
O0097,E,1910.3,6803.5,6803.5,6817.6,6846.3,6856.2,6882.1,6918.1,5007.8,4893.2,AMR2,AMR1,0,0,19,40.3,40.3,AMR2,57.8,57.8,AMR1,0,0,0.0,0,0,0,1,2.3,0,0.0,61,61.8,40.6,2.3,T-0247,E-05-02,T-0067,E-03-03
O0098,F,1932.0,6866.5,6866.5,6877.5,6912.3,6928.8,6958.4,6993.3,5061.3,4934.5,AMR2,AMR3,0,0,23,43.3,43.3,AMR2,65.2,65.2,AMR3,0,0,0.0,0,0,0,0,0.0,0,0.0,67,67.0,43.3,0.0,T-0248,F-02-03,T-0084,F-04-02
O0099,C,1949.7,6935.9,6935.9,6949.0,6968.4,7017.0,7037.9,7063.7,5114.0,4986.2,AMR2,AMR3,0,0,13,31.6,31.6,AMR2,46.4,46.4,AMR3,0,0,0.0,0,0,0,0,0.0,0,0.0,39,43.4,35.8,0.0,T-0249,C-02-02,T-0037,C-05-02
O0100,H,1971.2,6949.1,6949.1,6965.3,7055.1,7069.3,7093.8,7119.8,5148.6,4977.9,AMR1,AMR1,0,0,15,41.2,41.2,AMR1,50.7,50.7,AMR1,0,0,0.0,0,2,0,0,0.0,0,0.0,43,49.4,46.6,1.6,T-0250,H-01-01,T-0114,H-02-03
O0101,B,1995.4,7043.1,7043.1,7056.0,7082.4,7087.4,7110.2,7138.4,5143.0,5047.7,AMR2,AMR3,0,0,15,37.6,37.6,AMR2,50.2,50.2,AMR3,0,0,0.0,0,0,0,0,0.0,0,0.0,48,49.8,40.5,0.0,T-0251,B-03-03,T-0029,B-03-05
O0102,J,2015.0,7097.9,7097.9,7111.9,7145.1,7162.1,7242.2,7274.7,5259.7,5082.9,AMR2,AMR3,0,0,21,45.5,45.5,AMR2,59.1,59.1,AMR3,0,0,0.0,0,2,0,0,0.0,0,0.0,64,68.8,44.0,1.2,T-0252,J-03-02,T-0144,J-04-04
O0103,D,2030.8,7143.5,7143.5,7156.9,7177.8,7216.0,7287.7,7321.7,5290.9,5112.7,AMR1,AMR2,0,0,13,31.8,31.8,AMR1,56.6,56.6,AMR2,0,0,0.0,0,2,0,0,0.0,0,0.0,47,50.0,45.7,3.6,T-0253,D-05-02,T-0058,D-06-02
O0104,F,2048.4,7265.3,7265.3,7278.0,7310.4,7332.6,7363.1,7448.0,5399.6,5216.9,AMR1,AMR1,0,0,23,44.2,44.2,AMR1,67.0,67.0,AMR1,0,0,0.0,0,0,1,0,0.0,0,0.0,65,66.9,46.0,1.1,T-0254,F-04-02,T-0085,F-06-02
O0105,F,2072.2,7298.4,7298.4,7309.5,7342.1,7345.4,7423.9,7461.9,5389.7,5226.2,AMR3,AMR2,0,0,23,42.0,42.0,AMR3,62.2,62.2,AMR2,0,0,0.0,0,0,1,1,4.6,0,0.0,68,68.6,39.0,6.1,T-0255,F-03-03,T-0086,F-04-05
O0106,I,2088.8,7365.0,7365.0,7377.8,7404.6,7419.4,7446.1,7477.8,5389.0,5276.2,AMR3,AMR3,0,0,15,38.7,38.7,AMR3,54.4,54.4,AMR3,0,0,0.0,0,0,0,1,4.2,0,0.0,41,46.5,47.3,4.2,T-0256,I-01-01,T-0157,I-02-01
O0107,I,2106.8,7471.7,7471.7,7486.5,7724.0,7725.5,7751.6,7777.0,5670.2,5364.9,AMR1,AMR2,0,0,15,40.5,40.5,AMR1,49.7,49.7,AMR2,0,0,0.0,0,7,1,2,0.7,0,0.0,45,53.2,44.4,7.0,T-0259,I-02-01,T-0174,I-03-01
O0108,I,2128.5,7485.6,7485.6,7496.7,7531.1,7544.9,7569.7,7740.4,5611.9,5357.1,AMR2,AMR3,0,0,15,36.6,36.6,AMR2,46.7,46.7,AMR3,0,0,0.0,0,3,1,2,1.5,0,0.0,53,60.9,37.5,9.1,T-0257,I-05-03,T-0158,I-04-01
O0109,B,2152.8,7577.4,7577.4,7592.5,7615.5,7630.3,7655.6,7685.9,5533.1,5424.6,AMR2,AMR2,0,0,15,37.2,37.2,AMR2,57.3,57.3,AMR2,0,0,0.0,0,0,0,0,0.0,0,0.0,43,46.5,47.2,0.0,T-0258,B-04-03,T-0030,B-06-01
O0110,B,2170.4,7738.8,7738.8,7749.6,7771.4,7784.9,7812.9,7843.1,5672.7,5568.4,AMR1,AMR1,0,0,15,32.5,32.5,AMR1,54.9,54.9,AMR1,0,0,0.0,0,0,0,0,0.0,0,0.0,48,50.7,40.1,0.0,T-0260,B-06-01,T-0151,B-01-01
O0111,E,2191.0,7764.1,7764.1,7780.2,7805.8,7824.0,7855.9,7893.6,5702.6,5573.1,AMR3,AMR3,0,0,19,40.8,40.8,AMR3,66.3,66.3,AMR3,0,0,0.0,0,0,0,0,0.0,0,0.0,61,61.7,49.6,0.0,T-0261,E-01-03,T-0068,E-04-04
O0112,F,2212.0,7800.7,7800.7,7811.8,7841.2,7862.1,7895.7,7934.0,5722.0,5588.7,AMR2,AMR2,0,0,23,40.4,40.4,AMR2,68.6,68.6,AMR2,0,0,0.0,0,0,0,0,0.0,0,0.0,68,68.6,43.8,0.0,T-0262,F-06-02,T-0087,F-01-02
O0113,E,2233.9,7866.8,7866.8,7880.7,7907.7,7917.3,7944.2,7979.7,5745.8,5632.9,AMR1,AMR3,0,0,19,40.0,40.0,AMR1,57.6,57.6,AMR3,0,0,0.0,0,0,0,0,0.0,0,0.0,63,63.2,40.1,0.0,T-0263,E-02-03,T-0069,E-06-02
O0114,A,2253.8,7925.9,7925.9,7940.6,7969.6,7991.2,8024.6,8064.7,5810.9,5672.1,AMR1,AMR1,0,0,21,41.2,41.2,AMR1,70.2,70.2,AMR1,0,0,0.0,0,0,0,0,0.0,0,0.0,69,67.9,49.3,0.0,T-0264,A-02-03,T-0014,A-01-04
O0115,E,2275.1,7957.7,7957.7,7969.4,7997.9,8003.4,8031.0,8078.7,5803.6,5682.6,AMR2,AMR3,0,0,19,36.9,36.9,AMR2,61.3,61.3,AMR3,0,0,0.0,0,0,0,2,14.2,1,7.7,60,60.6,40.7,14.2,T-0265,E-06-02,T-0070,E-02-04
O0116,C,2290.2,8018.8,8018.8,8029.3,8051.5,8064.0,8086.1,8113.7,5823.5,5728.6,AMR2,AMR2,0,0,13,29.6,29.6,AMR2,50.9,50.9,AMR2,0,0,0.0,0,0,0,1,1.4,0,0.0,40,42.7,38.3,1.4,T-0266,C-03-02,T-0038,C-02-05
O0117,C,2315.0,8088.4,8088.4,8101.1,8124.1,8157.4,8180.4,8208.5,5893.5,5773.4,AMR1,AMR3,0,0,13,34.8,34.8,AMR1,50.2,50.2,AMR3,0,0,0.0,0,0,0,0,0.0,0,0.0,41,44.0,42.8,0.0,T-0267,C-05-02,T-0039,C-03-04
O0118,G,2334.4,8102.4,8102.4,8112.9,8140.6,8160.7,8190.2,8225.4,5891.0,5768.0,AMR3,AMR1,0,0,17,37.3,37.3,AMR3,58.2,58.2,AMR1,0,0,0.0,0,0,0,1,3.1,0,0.0,51,53.6,45.1,4.2,T-0268,G-05-02,T-0097,G-02-01
O0119,B,2349.5,8165.7,8165.7,8177.9,8206.2,8222.4,8247.8,8279.9,5930.4,5816.2,AMR2,AMR2,0,0,15,38.0,38.0,AMR2,54.2,54.2,AMR2,0,0,0.0,0,0,0,0,0.0,0,0.0,51,53.1,44.9,0.0,T-0269,B-01-01,T-0153,B-02-01
O0120,I,2373.5,8232.2,8232.2,8247.2,8271.7,8287.8,8415.8,8450.9,6077.4,5858.7,AMR3,AMR3,0,0,15,37.8,37.8,AMR3,50.4,50.4,AMR3,0,0,0.0,0,4,0,1,6.4,1,1.4,46,50.8,42.4,13.6,T-0270,I-03-01,T-0175,I-05-01
O0121,J,2396.9,8249.1,8249.1,8260.4,8290.7,8312.9,8342.6,8435.9,6039.0,5852.2,AMR1,AMR1,0,0,21,39.1,39.1,AMR1,63.1,63.1,AMR1,0,0,0.0,0,2,0,0,0.0,0,0.0,67,69.8,41.6,1.8,T-0271,J-04-02,T-0145,J-05-04
O0122,C,2413.3,8351.4,8351.4,8365.9,8387.0,8399.2,8418.8,8462.5,6049.2,5938.1,AMR2,AMR2,0,0,13,34.7,34.7,AMR2,45.5,45.5,AMR2,0,0,0.0,0,0,0,2,18.5,2,8.5,39,42.4,38.0,18.5,T-0272,C-02-03,T-0040,C-04-02
O0123,A,2431.4,8459.6,8459.6,8473.2,8504.1,8525.0,8558.1,8608.5,6177.1,6028.2,AMR1,AMR1,0,0,21,42.8,42.8,AMR1,69.4,69.4,AMR1,0,0,0.0,0,0,0,1,10.8,1,5.8,68,67.1,50.1,10.8,T-0273,A-03-03,T-0015,A-01-05
O0124,D,2448.5,8474.6,8474.6,8490.7,8517.9,8533.4,8559.8,8592.0,6143.5,6026.1,AMR3,AMR3,0,0,13,40.0,40.0,AMR3,53.8,53.8,AMR3,0,0,0.0,0,0,0,0,0.0,0,0.0,48,50.8,51.1,0.0,T-0274,D-06-02,T-0059,D-06-05
O0125,I,2464.6,8490.8,8490.8,8504.4,8531.2,8548.0,8579.0,8621.6,6157.0,6026.2,AMR2,AMR2,0,0,15,37.9,37.9,AMR2,53.8,53.8,AMR2,0,0,0.0,0,0,0,2,15.0,1,7.2,49,53.1,45.9,15.0,T-0275,I-04-01,T-0183,I-06-01
O0126,C,2489.3,8615.7,8615.7,8629.2,8652.0,8664.8,8686.6,8711.2,6221.9,6126.4,AMR3,AMR3,0,0,13,35.4,35.4,AMR3,47.6,47.6,AMR3,0,0,0.0,0,0,0,0,0.0,0,0.0,39,41.9,40.8,0.0,T-0276,C-04-02,T-0041,C-02-01
O0127,C,2512.9,8632.2,8632.2,8645.2,8665.9,8678.4,8698.7,8722.8,6209.9,6119.3,AMR1,AMR1,0,0,13,32.0,32.0,AMR1,46.1,46.1,AMR1,0,0,0.0,0,0,0,0,0.0,0,0.0,38,42.2,35.9,0.0,T-0277,C-03-03,T-0042,C-06-02
O0128,F,2528.2,8645.3,8645.3,8660.5,8695.3,8718.9,8749.2,8785.0,6256.8,6117.1,AMR2,AMR2,0,0,23,47.5,47.5,AMR2,62.8,62.8,AMR2,0,0,0.0,0,0,0,0,0.0,0,0.0,71,71.0,45.1,0.0,T-0278,F-01-02,T-0088,F-01-03
O0129,D,2551.2,8734.9,8734.9,8746.4,8770.3,8785.1,8808.2,8835.1,6283.9,6183.7,AMR3,AMR3,0,0,13,32.9,32.9,AMR3,48.2,48.2,AMR3,0,0,0.0,0,0,0,0,0.0,0,0.0,43,47.0,38.4,0.0,T-0279,D-04-03,T-0060,D-03-03
O0130,B,2567.8,8746.5,8746.5,8760.2,8787.9,8804.1,8829.2,8857.4,6289.6,6178.7,AMR1,AMR1,0,0,15,38.9,38.9,AMR1,53.0,53.0,AMR1,0,0,0.0,0,0,0,0,0.0,0,0.0,47,50.1,44.6,0.0,T-0280,B-02-01,T-0163,B-04-01
O0131,H,2591.5,8808.7,8808.7,8821.4,8843.8,8858.0,8886.1,8968.4,6376.9,6217.2,AMR2,AMR2,0,0,15,34.2,34.2,AMR2,52.5,52.5,AMR2,0,0,0.0,0,0,1,0,0.0,0,0.0,43,47.2,41.4,1.1,T-0281,H-01-03,T-0115,H-01-05
O0132,H,2608.5,8861.4,8861.4,8873.5,8959.0,8973.2,8998.8,9026.1,6417.6,6252.9,AMR3,AMR3,0,0,15,36.8,36.8,AMR3,55.6,55.6,AMR3,0,0,0.0,0,0,1,0,0.0,0,0.0,41,46.0,47.1,1.6,T-0283,H-02-03,T-0116,H-06-01
O0133,D,2626.6,8881.1,8881.1,8896.4,8918.5,8932.6,8953.8,8980.7,6354.1,6254.5,AMR1,AMR1,0,0,13,35.7,35.7,AMR1,48.3,48.3,AMR1,0,0,0.0,0,0,0,0,0.0,0,0.0,40,44.2,41.3,0.0,T-0282,D-03-03,T-0152,D-01-01
O0134,D,2641.8,8992.1,8992.1,9008.4,9032.7,9045.5,9096.8,9195.3,6553.5,6350.3,AMR2,AMR2,0,0,13,39.7,39.7,AMR2,51.9,51.9,AMR2,0,0,0.0,0,5,0,3,34.9,1,30.3,49,54.6,48.9,39.0,T-0284,D-01-01,T-0156,D-03-01
O0135,B,2660.1,9008.5,9008.5,9020.9,9046.6,9061.4,9084.2,9113.1,6453.0,6348.4,AMR1,AMR1,0,0,15,37.2,37.2,AMR1,51.4,51.4,AMR1,0,0,0.0,0,0,0,0,0.0,0,0.0,45,48.5,41.3,0.0,T-0285,B-04-01,T-0168,B-05-01
O0136,I,2678.6,9076.0,9076.0,9089.6,9179.6,9196.4,9269.4,9298.2,6619.6,6397.4,AMR3,AMR3,0,0,15,36.5,36.5,AMR3,56.2,56.2,AMR3,0,0,0.0,0,7,0,0,0.0,0,0.0,43,47.9,46.9,5.5,T-0286,I-05-01,T-0191,I-01-02
O0137,I,2700.4,9175.9,9175.9,9187.1,9214.7,9290.0,9318.1,9343.1,6642.7,6475.5,AMR1,AMR2,0,0,15,35.5,35.5,AMR1,53.3,53.3,AMR2,0,0,0.0,0,0,0,0,0.0,0,0.0,44,48.9,43.0,0.0,T-0287,I-06-01,T-0200,I-02-02
O0138,B,2724.8,9293.7,9293.7,9304.6,9326.7,9341.5,9369.8,9402.2,6677.4,6568.9,AMR1,AMR1,0,0,15,32.1,32.1,AMR1,57.4,57.4,AMR1,0,0,0.0,0,0,0,0,0.0,0,0.0,49,51.5,42.2,0.0,T-0288,B-05-01,T-0170,B-01-02
O0139,E,2741.6,9321.9,9321.9,9337.6,9365.1,9366.8,9394.4,9430.6,6689.0,6580.3,AMR3,AMR2,0,0,19,41.5,41.5,AMR3,64.0,64.0,AMR2,0,0,0.0,0,0,0,0,0.0,0,0.0,58,59.0,48.0,0.0,T-0289,E-03-03,T-0071,E-02-01
O0140,G,2757.7,9384.6,9384.6,9400.0,9426.5,9444.7,9475.2,9502.4,6744.7,6626.9,AMR3,AMR3,0,0,17,39.4,39.4,AMR3,54.4,54.4,AMR3,0,0,0.0,0,0,0,0,0.0,0,0.0,53,56.2,43.4,0.0,T-0290,G-02-01,T-0098,G-02-03
O0141,F,2779.9,9425.9,9425.9,9439.4,9470.9,9497.2,9526.4,9557.8,6777.9,6646.0,AMR1,AMR1,0,0,23,42.5,42.5,AMR1,60.3,60.3,AMR1,0,0,0.0,0,0,0,0,0.0,0,0.0,67,68.0,37.6,0.0,T-0291,F-01-03,T-0089,F-04-01
O0142,I,2801.0,9454.3,9454.3,9466.8,9493.2,9508.0,9588.6,9615.6,6814.6,6653.3,AMR2,AMR2,0,0,15,38.0,38.0,AMR2,53.1,53.1,AMR2,0,0,0.0,0,2,0,0,0.0,0,0.0,45,51.9,45.3,1.5,T-0292,I-01-02,T-0208,I-03-02
O0143,J,2819.9,9577.5,9577.5,9593.0,9624.9,9639.3,9668.9,9759.9,6940.0,6757.6,AMR3,AMR2,0,0,21,44.9,44.9,AMR3,59.9,59.9,AMR2,0,0,0.0,0,2,0,2,0.9,0,0.0,71,71.7,44.2,1.9,T-0293,J-05-02,T-0146,J-03-05
O0144,G,2837.4,9593.1,9593.1,9605.4,9630.6,9646.1,9671.3,9698.5,6861.1,6755.7,AMR1,AMR1,0,0,17,37.4,37.4,AMR1,54.1,54.1,AMR1,0,0,0.0,0,0,0,0,0.0,0,0.0,44,48.8,41.1,0.0,T-0294,G-06-02,T-0099,G-06-04
O0145,I,2857.6,9649.5,9649.5,9665.2,9745.8,9783.6,9813.7,9841.9,6984.3,6791.9,AMR3,AMR2,0,0,15,41.6,41.6,AMR3,55.0,55.0,AMR2,0,0,0.0,0,3,0,0,0.0,0,0.0,45,50.0,50.8,3.6,T-0295,I-02-02,T-0209,I-05-02
O0146,D,2879.8,9743.3,9743.3,9754.0,9812.5,9826.6,9852.5,9950.2,7070.4,6863.5,AMR1,AMR1,0,0,13,29.6,29.6,AMR1,54.0,54.0,AMR1,0,0,0.0,0,4,0,3,10.5,1,4.4,44,48.5,40.9,11.5,T-0296,D-03-01,T-0172,D-04-01
O0147,F,2899.1,9801.0,9801.0,9815.8,9846.7,9868.9,9898.4,9934.5,7035.4,6901.9,AMR3,AMR3,0,0,23,44.8,44.8,AMR3,63.8,63.8,AMR3,0,0,0.0,0,0,0,0,0.0,0,0.0,67,67.9,43.4,0.0,T-0297,F-04-01,T-0090,F-03-05
O0148,B,2917.3,9919.6,9919.6,9932.5,9955.7,9958.2,9985.3,10015.6,7098.3,7002.3,AMR2,AMR3,0,0,15,33.6,33.6,AMR2,55.1,55.1,AMR3,0,0,0.0,0,0,0,0,0.0,0,0.0,51,52.1,41.4,0.0,T-0298,B-01-02,T-0173,B-02-02
O0149,I,2941.3,9971.9,9971.9,9984.6,10010.9,10027.0,10094.5,10129.3,7188.0,7030.6,AMR2,AMR2,0,0,15,37.3,37.3,AMR2,52.4,52.4,AMR2,0,0,0.0,0,2,0,1,5.9,1,0.9,48,52.3,43.9,9.5,T-0299,I-03-02,T-0214,I-06-02
O0150,F,2962.9,9984.7,9984.7,9995.6,10026.8,10049.0,10082.3,10114.9,7152.0,7021.8,AMR1,AMR1,0,0,23,41.2,41.2,AMR1,62.6,62.6,AMR1,0,0,0.0,0,0,0,0,0.0,0,0.0,69,69.4,38.6,0.0,T-0300,F-04-03,T-0161,F-02-01
O0151,I,2984.9,10078.3,10078.3,10100.7,10124.8,10138.6,10220.3,10248.1,7263.2,7093.4,AMR3,AMR1,0,0,15,44.0,44.0,AMR3,49.6,49.6,AMR1,0,0,0.0,0,2,0,0,0.0,0,0.0,47,53.6,47.8,1.3,T-0301,I-05-02,T-0229,I-04-02
O0152,G,3001.8,10200.0,10200.0,10253.2,10281.8,10299.1,10368.8,10454.9,7453.1,7198.2,AMR3,AMR2,0,0,17,40.4,40.4,AMR3,57.8,57.8,AMR2,0,0,0.0,0,4,1,1,9.8,1,4.8,57,62.1,47.8,21.2,T-0302,G-01-03,T-0100,G-02-05
O0153,C,3024.3,10249.9,10249.9,10263.3,10286.9,10340.2,10367.2,10396.8,7372.5,7225.6,AMR2,AMR1,0,0,13,36.1,36.1,AMR2,54.8,54.8,AMR1,0,0,0.0,0,0,0,0,0.0,0,0.0,39,42.9,48.7,2.0,T-0303,C-02-01,T-0043,C-01-03
O0154,G,3045.0,10271.8,10271.8,10286.8,10315.6,10348.9,10377.0,10439.0,7394.0,7226.8,AMR1,AMR3,0,0,17,41.3,41.3,AMR1,54.7,54.7,AMR3,0,0,0.0,0,2,0,0,0.0,0,0.0,49,53.2,45.6,0.0,T-0304,G-02-03,T-0101,G-04-03
O0155,E,3068.3,10420.5,10420.5,10430.9,10455.3,10462.7,10488.5,10526.7,7458.4,7352.2,AMR1,AMR3,0,0,19,33.9,33.9,AMR1,62.2,62.2,AMR3,0,0,0.0,0,0,0,0,0.0,0,0.0,59,60.2,38.6,0.0,T-0305,E-02-01,T-0072,E-03-02
O0156,J,3085.4,10473.5,10473.5,10486.7,10517.3,10533.7,10618.8,10656.8,7571.4,7388.1,AMR1,AMR2,0,0,21,42.9,42.9,AMR1,61.0,61.0,AMR2,0,0,0.0,0,2,0,1,6.8,1,1.8,63,64.8,43.3,10.4,T-0306,J-02-03,T-0147,J-04-05
O0157,H,3107.0,10486.7,10486.7,10497.6,10520.2,10586.5,10617.4,10645.0,7538.0,7379.7,AMR2,AMR3,0,0,15,33.4,33.4,AMR2,55.7,55.7,AMR3,0,0,0.0,0,0,0,0,0.0,0,0.0,40,45.7,43.8,2.5,T-0307,H-06-01,T-0117,H-05-03
O0158,D,3126.4,10594.5,10594.5,10607.1,10629.3,10644.1,10668.7,10699.0,7572.6,7468.1,AMR1,AMR1,0,0,13,32.3,32.3,AMR1,50.1,50.1,AMR1,0,0,0.0,0,0,0,0,0.0,0,0.0,47,50.0,39.7,0.0,T-0308,D-04-01,T-0179,D-06-01
O0159,C,3146.1,10668.7,10668.7,10680.3,10702.8,10714.3,10736.0,10766.9,7620.8,7522.6,AMR3,AMR3,0,0,13,34.0,34.0,AMR3,52.3,52.3,AMR3,0,0,0.0,0,0,0,0,0.0,0,0.0,38,42.6,44.1,0.0,T-0309,C-06-02,T-0044,C-05-04
O0160,I,3162.0,10680.5,10680.5,10695.4,10720.8,10722.7,10746.1,10782.3,7620.3,7518.5,AMR2,AMR1,0,0,15,37.8,37.8,AMR2,50.5,50.5,AMR1,0,0,0.0,0,0,0,1,9.3,1,4.3,43,48.1,42.5,9.3,T-0310,I-04-02,T-0230,I-02-03
O0161,F,3183.3,10737.6,10737.6,10753.9,10788.5,10790.6,10820.2,10852.5,7669.2,7554.3,AMR2,AMR3,0,0,23,48.4,48.4,AMR2,61.1,61.1,AMR3,0,0,0.0,0,0,0,0,0.0,0,0.0,69,68.5,44.3,0.0,T-0311,F-02-01,T-0162,F-03-01
O0162,D,3206.5,10806.0,10806.0,10820.6,10845.1,10876.2,10983.9,11122.6,7916.1,7599.5,AMR1,AMR3,0,0,13,35.8,35.8,AMR1,51.4,51.4,AMR3,0,0,0.0,0,5,1,0,0.0,1,27.9,50,56.6,44.5,39.7,T-0312,D-06-01,T-0198,D-05-01
O0163,D,3224.6,10820.6,10820.6,10833.8,11101.0,11115.8,11141.1,11171.7,7947.1,7596.0,AMR2,AMR2,0,0,13,34.9,34.9,AMR2,54.1,54.1,AMR2,0,0,0.0,0,6,2,0,0.0,1,5.8,45,50.4,46.3,16.7,T-0314,D-05-03,T-0218,D-03-02
O0164,D,3239.8,10943.1,10943.1,10958.0,10994.0,11012.7,11037.5,11065.6,7825.8,7703.3,AMR1,AMR1,0,0,13,38.7,38.7,AMR1,53.1,53.1,AMR1,0,0,0.0,0,0,0,0,0.0,0,0.0,46,51.7,49.1,3.0,T-0313,D-06-03,T-0202,D-01-02
O0165,B,3260.9,11089.3,11089.3,11102.7,11128.4,11144.6,11170.5,11201.3,7940.4,7828.4,AMR1,AMR1,0,0,15,36.6,36.6,AMR1,54.9,54.9,AMR1,0,0,0.0,0,0,0,0,0.0,0,0.0,49,51.6,44.2,0.0,T-0315,B-02-02,T-0189,B-03-02
O0166,J,3280.1,11148.0,11148.0,11160.3,11192.5,11195.4,11224.8,11258.9,7978.8,7867.9,AMR3,AMR2,0,0,21,42.8,42.8,AMR3,63.7,63.7,AMR2,0,0,0.0,0,0,0,0,0.0,0,0.0,60,62.1,45.9,0.0,T-0316,J-03-03,T-0148,J-01-03
O0167,G,3302.3,11214.0,11214.0,11225.0,11254.1,11270.6,11333.2,11366.3,8064.0,7911.7,AMR3,AMR1,0,0,17,38.4,38.4,AMR3,54.7,54.7,AMR1,0,0,0.0,0,2,0,1,7.7,1,2.7,48,52.4,42.7,11.3,T-0317,G-03-03,T-0102,G-05-05
O0168,C,3321.3,11225.0,11225.0,11237.5,11258.4,11303.4,11324.0,11354.5,8033.2,7903.7,AMR1,AMR2,0,0,13,32.5,32.5,AMR1,50.8,50.8,AMR2,0,0,0.0,0,0,0,0,0.0,0,0.0,39,43.4,41.1,0.0,T-0318,C-01-03,T-0045,C-04-03
O0169,B,3343.2,11308.5,11308.5,11320.0,11346.2,11361.7,11385.3,11415.9,8072.7,7965.3,AMR3,AMR3,0,0,15,36.0,36.0,AMR3,53.9,53.9,AMR3,0,0,0.0,0,0,0,0,0.0,0,0.0,46,49.3,42.6,0.0,T-0319,B-03-02,T-0192,B-04-02
O0170,I,3360.3,11378.2,11378.2,11392.4,11417.6,11435.1,11542.0,11609.8,8249.5,8017.9,AMR2,AMR2,0,0,15,36.1,36.1,AMR2,50.4,50.4,AMR2,0,0,0.0,0,5,0,4,33.9,2,20.7,48,53.2,40.7,36.2,T-0320,I-06-02,T-0236,I-03-03
O0171,D,3375.8,11392.5,11392.5,11404.4,11425.9,11482.1,11539.3,11596.0,8220.2,8016.7,AMR1,AMR3,0,0,13,30.9,30.9,AMR1,53.3,53.3,AMR3,0,0,0.0,0,2,0,0,0.0,1,28.2,41,44.0,41.5,33.2,T-0321,D-05-01,T-0219,D-02-02
O0172,H,3395.4,11537.8,11537.8,11554.2,11577.3,11591.8,11614.0,11642.3,8246.9,8142.4,AMR1,AMR1,0,0,15,37.8,37.8,AMR1,51.7,51.7,AMR1,0,0,0.0,0,0,0,0,0.0,0,0.0,42,45.8,44.2,0.0,T-0322,H-03-03,T-0118,H-01-02
O0173,I,3415.7,11619.7,11619.7,11632.5,11655.6,11666.0,11756.1,11784.7,8369.0,8204.0,AMR3,AMR1,0,0,15,35.0,35.0,AMR3,57.5,57.5,AMR1,0,0,0.0,0,1,0,0,0.0,0,0.0,41,48.5,46.7,1.2,T-0323,I-02-03,T-0240,I-01-03
O0174,H,3433.9,11633.5,11633.5,11646.2,11672.5,11686.7,11713.4,11738.7,8304.8,8199.6,AMR2,AMR2,0,0,15,38.1,38.1,AMR2,52.2,52.2,AMR2,0,0,0.0,0,0,0,0,0.0,0,0.0,41,46.0,45.0,0.0,T-0324,H-01-02,T-0119,H-02-01
O0175,I,3457.0,11732.2,11732.2,11746.6,11854.8,11874.3,11955.1,12032.1,8575.1,8275.2,AMR3,AMR3,0,0,15,37.2,37.2,AMR3,54.2,54.2,AMR3,0,0,0.0,0,8,0,0,0.0,0,0.0,46,50.8,45.6,12.0,T-0325,I-03-03,T-0241,I-04-03
O0176,I,3480.3,11801.5,11801.5,11812.3,11859.7,11926.1,11954.5,11982.3,8502.0,8321.2,AMR2,AMR1,0,0,15,35.7,35.7,AMR2,52.7,52.7,AMR1,0,0,0.0,0,0,0,2,19.2,1,13.0,41,45.5,42.6,26.3,T-0326,I-01-03,T-0256,I-01-01
O0177,H,3504.3,11852.0,11852.0,11864.6,11888.1,11933.0,11959.1,12047.1,8542.8,8347.7,AMR1,AMR2,0,0,15,35.2,35.2,AMR1,51.6,51.6,AMR2,0,0,0.0,0,2,0,1,8.6,1,3.6,47,51.2,41.5,10.3,T-0327,H-02-01,T-0120,H-03-05
O0178,D,3521.9,12023.0,12023.0,12036.0,12100.0,12102.2,12126.5,12156.2,8634.3,8501.1,AMR1,AMR3,0,0,13,32.5,32.5,AMR1,53.1,53.1,AMR3,0,0,0.0,0,2,0,1,1.1,0,0.0,39,43.4,42.9,1.1,T-0328,D-01-02,T-0226,D-02-01
O0179,I,3539.7,12075.2,12075.2,12090.0,12112.9,12114.6,12142.8,12172.0,8632.3,8535.5,AMR2,AMR1,0,0,15,36.8,36.8,AMR2,54.1,54.1,AMR1,0,0,0.0,0,0,0,0,0.0,0,0.0,45,50.0,45.1,0.0,T-0329,I-01-01,T-0257,I-05-03
O0180,E,3560.9,12127.7,12127.7,12138.4,12164.4,12179.9,12266.9,12351.7,8790.8,8566.8,AMR2,AMR3,0,0,19,35.0,35.0,AMR2,59.5,59.5,AMR3,0,0,0.0,0,3,0,0,0.0,0,0.0,64,64.0,37.0,7.2,T-0330,E-03-02,T-0073,E-06-01
O0181,E,3576.7,12239.1,12239.1,12253.0,12331.0,12351.2,12380.4,12414.7,8838.0,8662.4,AMR1,AMR1,0,0,19,38.1,38.1,AMR1,63.7,63.7,AMR1,0,0,0.0,0,2,0,0,0.0,0,0.0,61,64.1,44.3,1.4,T-0332,E-04-03,T-0074,E-01-01
O0182,F,3594.4,12254.0,12254.0,12267.1,12299.5,12322.4,12353.3,12389.9,8795.5,8659.6,AMR2,AMR2,0,0,23,43.8,43.8,AMR2,64.2,64.2,AMR2,0,0,0.0,0,0,0,0,0.0,0,0.0,70,70.2,42.8,0.0,T-0331,F-03-01,T-0171,F-01-01
O0183,C,3610.2,12375.4,12375.4,12388.3,12408.1,12413.6,12434.8,12461.8,8851.6,8765.2,AMR3,AMR2,0,0,13,31.8,31.8,AMR3,49.4,49.4,AMR2,0,0,0.0,0,0,0,0,0.0,0,0.0,39,41.9,39.0,0.0,T-0333,C-04-03,T-0186,C-01-01
O0184,C,3629.1,12420.9,12420.9,12436.2,12458.9,12471.1,12495.1,12523.3,8894.2,8791.8,AMR3,AMR3,0,0,13,37.1,37.1,AMR3,52.9,52.9,AMR3,0,0,0.0,0,0,0,0,0.0,0,0.0,39,42.4,47.8,0.0,T-0334,C-01-01,T-0188,C-05-01
O0185,G,3646.2,12438.4,12438.4,12454.1,12478.6,12485.5,12509.3,12540.0,8893.8,8792.2,AMR1,AMR2,0,0,17,39.3,39.3,AMR1,55.2,55.2,AMR2,0,0,0.0,0,0,0,0,0.0,0,0.0,47,50.6,44.1,0.0,T-0335,G-04-03,T-0103,G-05-01
O0186,H,3664.5,12495.4,12495.4,12508.5,12532.9,12603.6,12678.4,12705.4,9040.9,8830.9,AMR1,AMR3,0,0,15,36.6,36.6,AMR1,52.9,52.9,AMR3,0,0,0.0,0,1,0,0,0.0,0,0.0,41,47.9,44.2,1.1,T-0336,H-04-03,T-0165,H-04-01
O0187,G,3680.1,12607.3,12607.3,12623.0,12649.6,12656.7,12684.7,12717.7,9037.6,8927.2,AMR1,AMR2,0,0,17,41.4,41.4,AMR1,55.3,55.3,AMR2,0,0,0.0,0,0,0,1,8.4,1,3.4,45,48.6,46.3,8.4,T-0337,G-05-01,T-0104,G-06-01
O0188,J,3704.2,12666.4,12666.4,12680.2,12709.1,12746.4,12776.8,12814.4,9110.2,8962.2,AMR1,AMR2,0,0,21,41.8,41.8,AMR1,63.2,63.2,AMR2,0,0,0.0,0,0,0,0,0.0,0,0.0,65,66.3,44.4,0.0,T-0338,J-01-03,T-0149,J-06-02
O0189,J,3719.4,12772.8,12772.8,12784.2,12813.3,12836.2,12890.8,12924.3,9204.9,9053.4,AMR1,AMR1,0,0,21,37.2,37.2,AMR1,61.6,61.6,AMR1,0,0,0.0,0,0,1,0,0.0,0,0.0,62,66.9,38.2,1.2,T-0339,J-06-02,T-0150,J-01-04
O0190,F,3739.2,12784.2,12784.2,12799.0,12831.4,12855.0,12885.8,12940.1,9200.9,9045.0,AMR3,AMR3,0,0,23,44.7,44.7,AMR3,65.8,65.8,AMR3,0,0,0.0,0,0,0,1,12.6,1,7.6,69,71.4,45.3,15.6,T-0340,F-01-01,T-0178,F-05-01
O0191,G,3761.7,12866.3,12866.3,12877.4,12903.6,12919.1,12947.5,12976.0,9214.3,9104.6,AMR2,AMR2,0,0,17,37.2,37.2,AMR2,53.6,53.6,AMR2,0,0,0.0,0,0,0,0,0.0,0,0.0,50,53.8,40.4,0.0,T-0341,G-06-01,T-0105,G-01-01
O0192,I,3784.2,12948.0,12948.0,12961.1,12988.7,12999.7,13024.3,13049.7,9265.5,9163.8,AMR1,AMR2,0,0,15,38.2,38.2,AMR1,50.2,50.2,AMR2,0,0,0.0,0,0,0,0,0.0,0,0.0,43,48.1,42.6,0.0,T-0342,I-04-03,T-0259,I-02-01
O0193,H,3808.2,12963.8,12963.8,12976.7,13000.1,13007.0,13095.0,13118.0,9309.8,9155.6,AMR3,AMR1,0,0,15,35.4,35.4,AMR3,48.5,48.5,AMR1,0,0,0.0,0,0,1,0,0.0,0,0.0,43,51.3,38.6,1.1,T-0343,H-04-01,T-0176,H-05-01
O0194,H,3825.9,13073.4,13073.4,13087.9,13116.0,13130.8,13220.4,13248.3,9422.4,9247.5,AMR2,AMR2,0,0,15,39.0,39.0,AMR2,55.2,55.2,AMR2,0,0,0.0,0,4,0,0,0.0,0,0.0,41,45.4,48.9,7.6,T-0344,H-05-03,T-0190,H-02-02
O0195,G,3844.8,13087.9,13087.9,13102.4,13128.8,13141.7,13170.0,13229.4,9384.6,9243.1,AMR3,AMR1,0,0,17,38.4,38.4,AMR3,57.9,57.9,AMR1,0,0,0.0,0,2,0,0,0.0,0,0.0,51,53.7,45.9,0.0,T-0345,G-01-01,T-0166,G-03-01
O0196,H,3861.4,13180.9,13180.9,13195.5,13221.9,13236.7,13265.6,13291.4,9430.0,9319.5,AMR3,AMR3,0,0,15,40.1,40.1,AMR3,54.4,54.4,AMR3,0,0,0.0,0,0,0,0,0.0,0,0.0,41,46.5,49.2,0.0,T-0346,H-05-01,T-0201,H-04-02
O0197,I,3886.2,13253.1,13253.1,13266.3,13293.0,13307.8,13358.3,13384.3,9498.1,9366.9,AMR1,AMR1,0,0,15,39.0,39.0,AMR1,48.6,48.6,AMR1,0,0,0.0,0,2,0,0,0.0,0,0.0,45,51.3,41.8,1.3,T-0347,I-02-01,T-0270,I-03-01
O0198,J,3910.3,13272.0,13272.0,13286.0,13317.5,13384.6,13415.2,13446.8,9536.5,9361.7,AMR2,AMR2,0,0,21,43.0,43.0,AMR2,62.4,62.4,AMR2,0,0,0.0,0,0,0,0,0.0,0,0.0,61,62.9,44.8,0.0,T-0348,J-04-03,T-0159,J-01-01
O0199,B,3931.9,13389.6,13389.6,13402.8,13425.4,13470.5,13548.2,13593.1,9661.2,9457.7,AMR3,AMR2,0,0,15,34.9,34.9,AMR3,56.9,56.9,AMR2,0,0,0.0,0,3,0,2,13.7,1,7.2,49,50.5,44.5,17.3,T-0349,B-04-02,T-0204,B-01-03
O0200,H,3951.2,13408.0,13408.0,13419.6,13478.0,13524.6,13551.3,13579.3,9628.1,9456.8,AMR1,AMR1,0,0,15,34.3,34.3,AMR1,54.4,54.4,AMR1,0,0,0.0,0,2,0,0,0.0,0,0.0,41,46.5,43.4,0.0,T-0350,H-02-02,T-0212,H-05-02
O0201,D,3954.4,13528.3,13528.3,13538.9,13559.1,13571.9,13597.3,13626.7,9672.3,9573.9,AMR3,AMR3,0,0,13,29.9,29.9,AMR3,51.5,51.5,AMR3,0,0,0.0,0,0,0,0,0.0,0,0.0,43,46.9,38.7,0.0,T-0351,D-02-01,T-0228,D-04-02
O0202,F,3958.7,13603.0,13603.0,13619.0,13648.7,13650.4,13679.9,13714.2,9755.5,9644.3,AMR1,AMR3,0,0,23,44.8,44.8,AMR1,66.5,66.5,AMR3,0,0,0.0,0,0,0,0,0.0,0,0.0,63,63.4,46.1,0.0,T-0352,F-05-01,T-0180,F-06-01
O0203,E,3964.7,13619.0,13619.0,13633.6,13659.9,13670.9,13697.8,13734.2,9769.5,9654.3,AMR2,AMR1,0,0,19,40.0,40.0,AMR2,61.0,61.0,AMR1,0,0,0.0,0,0,0,0,0.0,0,0.0,61,60.7,43.5,0.0,T-0353,E-01-01,T-0075,E-05-05
O0204,A,3969.6,13678.1,13678.1,13690.1,13718.4,13737.9,13821.5,13857.1,9887.5,9708.5,AMR2,AMR3,0,0,21,39.4,39.4,AMR2,61.3,61.3,AMR3,0,0,0.0,0,0,1,0,0.0,0,0.0,67,67.3,38.6,1.1,T-0354,A-04-03,T-0155,A-02-01
O0205,C,3973.5,13852.7,13852.7,13864.3,13886.8,13956.6,13990.2,14069.0,10095.5,9879.2,AMR1,AMR1,0,0,13,33.2,33.2,AMR1,52.8,52.8,AMR1,0,0,0.0,0,3,0,1,2.0,1,5.3,45,50.6,43.8,16.9,T-0355,C-05-01,T-0196,C-04-01
O0206,C,3980.3,13864.3,13864.3,13879.8,14196.8,14209.6,14234.4,14258.9,10278.6,9884.0,AMR2,AMR2,0,0,13,39.4,39.4,AMR2,51.0,51.0,AMR2,0,0,0.0,0,8,2,0,0.0,0,0.0,43,50.8,48.2,9.3,T-0358,C-05-03,T-0206,C-06-01
O0207,C,3983.9,13880.8,13880.8,13895.2,14011.0,14022.5,14045.1,14215.6,10231.7,9896.9,AMR3,AMR3,0,0,13,36.2,36.2,AMR3,50.2,50.2,AMR3,0,0,0.0,0,7,1,1,2.0,2,28.1,46,50.6,44.2,42.3,T-0356,C-06-03,T-0199,C-03-01
O0208,H,3990.7,14092.7,14092.7,14105.5,14131.1,14145.9,14172.0,14199.7,10209.0,10102.0,AMR1,AMR1,0,0,15,37.5,37.5,AMR1,53.9,53.9,AMR1,0,0,0.0,0,0,0,0,0.0,0,0.0,43,46.1,46.1,0.0,T-0357,H-04-02,T-0221,H-03-01
O0209,J,3994.4,14223.4,14223.4,14239.0,14266.6,14282.6,14353.8,14389.1,10394.7,10229.0,AMR1,AMR2,0,0,21,42.3,42.3,AMR1,59.1,59.1,AMR2,0,0,0.0,0,0,1,1,4.6,0,0.0,61,64.7,40.8,5.7,T-0359,J-01-01,T-0164,J-02-01
O0210,E,3997.8,14239.3,14239.3,14251.8,14280.5,14305.4,14341.4,14375.7,10377.9,10241.5,AMR3,AMR3,0,0,19,37.9,37.9,AMR3,62.7,62.7,AMR3,0,0,0.0,0,0,0,0,0.0,0,0.0,62,65.4,43.1,3.0,T-0360,E-06-01,T-0169,E-03-01
O0211,G,4003.1,14329.8,14329.8,14341.4,14371.1,14388.6,14417.9,14447.9,10444.8,10326.7,AMR1,AMR1,0,0,17,39.6,39.6,AMR1,56.0,56.0,AMR1,0,0,0.0,0,0,0,0,0.0,0,0.0,52,55.4,45.2,0.0,T-0361,G-03-01,T-0181,G-01-02
O0212,D,4009.8,14399.4,14399.4,14410.5,14434.6,14447.4,14469.6,14499.6,10489.8,10389.6,AMR3,AMR3,0,0,13,34.3,34.3,AMR3,52.4,52.4,AMR3,0,0,0.0,0,0,0,0,0.0,0,0.0,39,43.4,44.0,0.0,T-0362,D-02-02,T-0231,D-01-03
O0213,B,4015.2,14412.8,14412.8,14423.9,14450.1,14466.3,14495.4,14527.0,10511.8,10397.6,AMR2,AMR2,0,0,15,34.8,34.8,AMR2,57.4,57.4,AMR2,0,0,0.0,0,0,0,0,0.0,0,0.0,51,53.1,44.9,0.0,T-0363,B-01-03,T-0205,B-02-03
O0214,C,4020.9,14471.6,14471.6,14482.5,14506.5,14519.0,14540.9,14571.1,10550.2,10450.7,AMR1,AMR1,0,0,13,33.2,33.2,AMR1,53.3,53.3,AMR1,0,0,0.0,0,0,0,0,0.0,0,0.0,40,42.7,44.3,0.0,T-0364,C-03-01,T-0237,C-01-02
O0215,I,4027.1,14523.3,14523.3,14539.6,14626.3,14642.4,14672.3,14699.4,10672.3,10496.2,AMR3,AMR3,0,0,15,41.7,41.7,AMR3,53.7,53.7,AMR3,0,0,0.0,0,2,0,0,0.0,0,0.0,46,50.8,49.6,3.6,T-0365,I-03-01,T-0275,I-04-01
O0216,H,4031.6,14599.8,14599.8,14611.7,14639.8,14654.3,14722.4,14746.5,10714.9,10568.2,AMR1,AMR1,0,0,15,38.3,38.3,AMR1,49.7,49.7,AMR1,0,0,0.0,0,2,0,0,0.0,0,0.0,44,46.9,42.7,0.0,T-0366,H-03-01,T-0232,H-03-02
O0217,A,4037.9,14611.7,14611.7,14625.9,14653.8,14718.8,14751.5,14790.7,10752.8,10573.8,AMR2,AMR2,0,0,21,39.6,39.6,AMR2,70.1,70.1,AMR2,0,0,0.0,0,0,0,0,0.0,0,0.0,67,66.4,47.6,0.0,T-0367,A-02-01,T-0160,A-03-01
O0218,F,4044.8,14723.1,14723.1,14735.5,14767.6,14770.2,14801.0,14838.1,10793.3,10678.3,AMR3,AMR1,0,0,23,44.4,44.4,AMR3,65.6,65.6,AMR1,0,0,0.0,0,0,0,0,0.0,0,0.0,68,67.6,44.8,0.0,T-0368,F-06-01,T-0203,F-02-02
O0219,H,4048.4,14788.5,14788.5,14802.2,14833.1,14847.6,14873.5,14898.0,10849.6,10740.1,AMR3,AMR3,0,0,15,40.6,40.6,AMR3,52.1,52.1,AMR3,0,0,0.0,0,0,0,0,0.0,0,0.0,40,45.3,47.4,2.3,T-0369,H-03-02,T-0235,H-06-02
O0220,I,4054.6,14814.4,14814.4,14830.5,14857.3,14861.8,14889.5,14920.5,10865.9,10759.8,AMR2,AMR1,0,0,15,40.4,40.4,AMR2,55.4,55.4,AMR1,0,0,0.0,0,0,0,0,0.0,0,0.0,47,51.6,50.0,0.0,T-0370,I-04-01,T-0286,I-05-01
O0221,E,4059.4,14876.1,14876.1,14889.2,14918.1,14921.7,14952.6,14991.2,10931.8,10816.7,AMR2,AMR3,0,0,19,40.3,40.3,AMR2,66.2,66.2,AMR3,0,0,0.0,0,0,0,0,0.0,0,0.0,62,62.5,49.0,0.0,T-0371,E-03-01,T-0182,E-04-01
O0222,A,4065.8,14937.6,14937.6,14950.1,14979.7,15000.6,15027.0,15061.8,10996.0,10871.8,AMR2,AMR2,0,0,21,40.4,40.4,AMR2,60.9,60.9,AMR2,0,0,0.0,0,0,0,0,0.0,0,0.0,64,64.1,39.2,0.0,T-0372,A-03-01,T-0177,A-05-01
O0223,I,4072.3,14950.2,14950.2,14963.1,14991.7,15008.5,15077.0,15108.8,11036.5,10877.9,AMR1,AMR1,0,0,15,39.0,39.0,AMR1,56.5,56.5,AMR1,0,0,0.0,0,2,0,0,0.0,0,0.0,49,53.1,49.7,3.6,T-0373,I-05-01,T-0287,I-06-01
O0224,C,4077.8,15052.8,15052.8,15064.8,15089.5,15102.3,15127.5,15153.8,11076.0,10975.0,AMR3,AMR3,0,0,13,35.8,35.8,AMR3,52.7,52.7,AMR3,0,0,0.0,0,0,0,0,0.0,0,0.0,39,41.9,46.3,0.0,T-0374,C-04-01,T-0249,C-02-02
O0225,D,4084.2,15085.5,15085.5,15100.9,15125.1,15132.5,15158.3,15186.1,11101.9,11001.3,AMR2,AMR1,0,0,13,37.9,37.9,AMR2,53.8,53.8,AMR1,0,0,0.0,0,0,0,0,0.0,0,0.0,40,44.2,49.0,0.0,T-0375,D-03-02,T-0243,D-02-03
O0226,H,4090.4,15139.2,15139.2,15153.8,15178.5,15193.3,15216.5,15239.4,11149.0,11048.8,AMR2,AMR2,0,0,15,35.7,35.7,AMR2,46.2,46.2,AMR2,0,0,0.0,0,0,0,1,2.7,0,0.0,41,45.0,36.6,3.8,T-0376,H-05-02,T-0250,H-01-01
O0227,A,4093.4,15177.5,15177.5,15193.0,15222.2,15242.4,15272.1,15312.2,11218.8,11084.1,AMR3,AMR3,0,0,21,43.8,43.8,AMR3,66.5,66.5,AMR3,0,0,0.0,0,0,0,0,0.0,0,0.0,67,66.3,48.2,0.0,T-0377,A-05-01,T-0187,A-01-02
O0228,D,4099.3,15209.8,15209.8,15226.0,15248.3,15263.1,15370.9,15403.3,11304.0,11110.5,AMR1,AMR1,0,0,13,36.0,36.0,AMR1,53.3,53.3,AMR1,0,0,0.0,0,0,2,0,0.0,0,0.0,47,53.9,46.6,2.4,T-0378,D-04-02,T-0253,D-05-02
O0229,F,4104.2,15324.2,15324.2,15334.7,15369.4,15393.0,15426.4,15461.9,11357.7,11220.0,AMR2,AMR2,0,0,23,42.7,42.7,AMR2,67.1,67.1,AMR2,0,0,0.0,0,0,0,0,0.0,0,0.0,69,69.5,44.6,0.0,T-0379,F-02-02,T-0211,F-03-02
O0230,D,4107.5,15362.9,15362.9,15378.8,15402.0,15416.8,15483.0,15513.1,11405.6,11255.4,AMR3,AMR3,0,0,13,36.6,36.6,AMR3,53.4,53.4,AMR3,0,0,0.0,0,2,0,0,0.0,0,0.0,47,50.0,47.3,3.6,T-0380,D-05-02,T-0274,D-06-02
O0231,H,4113.2,15464.1,15464.1,15475.6,15502.4,15516.6,15540.6,15611.9,11498.7,11350.9,AMR1,AMR1,0,0,15,37.4,37.4,AMR1,47.7,47.7,AMR1,0,0,0.0,0,2,0,0,0.0,0,0.0,41,46.0,39.8,0.0,T-0381,H-01-01,T-0281,H-01-03
O0232,H,4120.2,15485.6,15485.6,15496.1,15517.1,15530.6,15606.6,15633.3,11513.1,11365.4,AMR2,AMR2,0,0,15,31.4,31.4,AMR2,54.2,54.2,AMR2,0,0,0.0,0,2,0,0,0.0,0,0.0,40,44.6,40.3,1.5,T-0382,H-06-02,T-0283,H-02-03
O0233,D,4125.0,15536.8,15536.8,15550.1,15576.0,15591.5,15614.7,15646.2,11521.2,11411.8,AMR3,AMR3,0,0,13,35.9,35.9,AMR3,48.6,48.6,AMR3,0,0,0.0,0,0,0,1,2.8,0,0.0,46,49.3,41.8,2.8,T-0383,D-06-02,T-0279,D-04-03
O0234,D,4130.9,15635.6,15635.6,15651.0,15705.6,15712.3,15733.9,15762.9,11632.0,11504.7,AMR1,AMR2,0,0,13,37.7,37.7,AMR1,49.8,49.8,AMR2,0,0,0.0,0,2,0,2,1.2,0,0.0,45,50.3,44.8,2.2,T-0385,D-01-03,T-0282,D-03-03
O0235,H,4134.8,15657.0,15657.0,15673.3,15698.1,15718.4,15741.9,15775.8,11641.0,11522.2,AMR2,AMR1,0,0,15,40.2,40.2,AMR2,48.3,48.3,AMR1,0,0,0.0,0,0,0,1,9.7,1,4.7,39,44.5,43.2,10.8,T-0384,H-01-03,T-0307,H-06-01
O0236,H,4141.1,15696.8,15696.8,15708.2,15733.6,15747.8,15774.4,15798.7,11657.6,11555.7,AMR3,AMR3,0,0,15,35.9,35.9,AMR3,50.0,50.0,AMR3,0,0,0.0,0,0,0,0,0.0,0,0.0,43,47.1,40.6,0.0,T-0386,H-02-03,T-0322,H-03-03
O0237,B,4145.3,15786.6,15786.6,15802.1,15827.8,15850.8,15873.7,15905.8,11760.5,11641.3,AMR2,AMR1,0,0,15,38.7,38.7,AMR2,55.7,55.7,AMR1,0,0,0.0,0,0,0,0,0.0,0,0.0,47,49.1,47.1,0.0,T-0387,B-02-03,T-0213,B-05-02
O0238,H,4148.5,15802.2,15802.2,15813.9,15837.3,15886.2,15914.6,15939.5,11791.0,11653.7,AMR1,AMR2,0,0,15,35.0,35.0,AMR1,53.5,53.5,AMR2,0,0,0.0,0,0,0,0,0.0,0,0.0,40,45.2,43.2,0.0,T-0388,H-06-01,T-0324,H-01-02
O0239,F,4155.3,15822.4,15822.4,15836.2,15916.0,15929.5,15959.1,15992.3,11837.0,11667.1,AMR3,AMR1,0,0,23,44.9,44.9,AMR3,63.5,63.5,AMR1,0,0,0.0,0,2,0,0,0.0,0,0.0,66,69.5,43.2,1.5,T-0389,F-03-02,T-0225,F-05-02
O0240,I,4161.7,15938.9,15938.9,15950.1,16019.7,16037.2,16061.8,16085.8,11924.1,11777.2,AMR3,AMR3,0,0,15,37.5,37.5,AMR3,48.8,48.8,AMR3,0,0,0.0,0,0,1,0,0.0,0,0.0,46,52.3,40.5,1.1,T-0390,I-06-01,T-0292,I-01-02
O0241,C,4166.5,16001.9,16001.9,16013.8,16033.6,16045.1,16100.4,16130.3,11963.8,11835.4,AMR2,AMR2,0,0,13,31.6,31.6,AMR2,53.3,53.3,AMR2,0,0,0.0,0,2,0,1,3.2,0,0.0,40,42.2,42.7,3.2,T-0391,C-06-01,T-0266,C-03-02
O0242,C,4173.3,16018.3,16018.3,16031.4,16051.3,16095.9,16119.7,16149.3,11976.0,11845.0,AMR1,AMR1,0,0,13,32.1,32.1,AMR1,51.8,51.8,AMR1,0,0,0.0,0,0,0,1,2.3,0,0.0,39,42.4,41.7,2.3,T-0392,C-01-02,T-0267,C-05-02
O0243,C,4178.2,16109.5,16109.5,16123.4,16145.8,16154.0,16214.4,16296.1,12117.9,11931.3,AMR3,AMR2,0,0,13,35.4,35.4,AMR3,51.9,51.9,AMR2,0,0,0.0,0,4,0,0,0.0,0,0.0,39,42.3,45.1,5.0,T-0393,C-02-02,T-0272,C-02-03
O0244,H,4181.8,16173.0,16173.0,16184.4,16210.2,16253.2,16283.7,16309.6,12127.8,11991.2,AMR1,AMR3,0,0,15,36.3,36.3,AMR1,49.7,49.7,AMR3,0,0,0.0,0,1,0,2,4.1,0,0.0,43,47.8,40.7,5.1,T-0394,H-01-02,T-0327,H-02-01
O0245,I,4188.8,16199.2,16199.2,16215.3,16238.4,16277.7,16302.9,16328.3,12139.5,12010.4,AMR3,AMR1,0,0,15,38.3,38.3,AMR3,51.8,51.8,AMR1,0,0,0.0,0,0,0,0,0.0,0,0.0,41,45.5,44.3,0.0,T-0395,I-01-02,T-0295,I-02-02
O0246,G,4194.2,16319.8,16319.8,16335.0,16360.4,16384.1,16411.1,16436.3,12242.1,12125.6,AMR2,AMR3,0,0,17,38.1,38.1,AMR2,52.9,52.9,AMR3,0,0,0.0,0,0,0,0,0.0,0,0.0,49,52.2,40.6,0.0,T-0396,G-01-02,T-0185,G-04-01
O0247,I,4199.0,16335.0,16335.0,16346.4,16369.3,16430.5,16459.2,16488.0,12289.0,12136.0,AMR3,AMR2,0,0,15,33.4,33.4,AMR3,56.7,56.7,AMR2,0,0,0.0,0,0,0,0,0.0,0,0.0,43,47.5,44.3,0.0,T-0397,I-02-02,T-0299,I-03-02
O0248,C,4204.3,16352.0,16352.0,16364.7,16436.1,16448.6,16472.1,16501.8,12297.5,12147.7,AMR1,AMR1,0,0,13,32.0,32.0,AMR1,50.6,50.6,AMR1,0,0,0.0,0,2,0,1,2.3,0,0.0,40,44.2,40.4,5.9,T-0398,C-03-02,T-0276,C-04-02
O0249,C,4209.8,16460.0,16460.0,16471.0,16492.2,16505.0,16528.3,16555.5,12345.7,12250.2,AMR3,AMR3,0,0,13,31.3,31.3,AMR3,50.6,50.6,AMR3,0,0,0.0,0,0,0,0,0.0,0,0.0,41,43.0,39.7,0.0,T-0399,C-05-02,T-0277,C-03-03
O0250,D,4213.7,16511.7,16511.7,16527.5,16551.7,16564.5,16637.5,16718.1,12504.4,12298.0,AMR2,AMR2,0,0,13,39.1,39.1,AMR2,54.6,54.6,AMR2,0,0,0.0,0,2,1,0,0.0,0,0.0,41,46.8,51.0,1.1,T-0400,D-02-03,T-0284,D-01-01
O0251,F,4218.4,16527.6,16527.6,16541.4,16573.7,16595.9,16630.5,16733.6,12515.2,12309.2,AMR1,AMR1,0,0,23,45.2,45.2,AMR1,67.8,67.8,AMR1,0,0,0.0,0,2,0,1,12.5,1,7.5,69,69.4,47.8,15.6,T-0401,F-05-02,T-0248,F-02-03
O0252,H,4221.5,16627.5,16627.5,16639.5,16665.2,16679.4,16704.9,16748.5,12527.0,12406.0,AMR3,AMR3,0,0,15,36.8,36.8,AMR3,52.7,52.7,AMR3,0,0,0.0,0,0,0,2,17.1,2,7.1,41,45.5,44.2,17.1,T-0402,H-02-01,T-0336,H-04-03
O0253,D,4227.9,16741.8,16741.8,16753.6,16822.6,16835.4,16915.4,16971.7,12743.8,12513.9,AMR2,AMR2,0,0,13,35.7,35.7,AMR2,54.0,54.0,AMR2,0,0,0.0,0,2,2,3,1.9,1,2.4,47,55.1,47.0,11.4,T-0404,D-01-01,T-0296,D-03-01
O0254,J,4234.1,16757.3,16757.3,16768.2,16798.3,16812.2,16844.6,16877.9,12643.8,12523.2,AMR1,AMR3,0,0,21,40.1,40.1,AMR1,62.4,62.4,AMR3,0,0,0.0,0,0,0,0,0.0,0,0.0,63,64.8,41.9,0.0,T-0403,J-02-01,T-0167,J-04-01
O0255,D,4238.8,16818.5,16818.5,16831.9,16855.2,16901.6,16956.4,16988.0,12749.2,12579.7,AMR1,AMR3,0,0,13,35.0,35.0,AMR1,47.6,47.6,AMR3,0,0,0.0,0,0,1,0,0.0,0,0.0,46,52.1,39.9,7.1,T-0405,D-03-03,T-0308,D-04-01
O0256,D,4245.1,16917.0,16917.0,16931.2,16956.8,16970.9,16997.9,17128.1,12883.0,12671.9,AMR1,AMR1,0,0,13,35.6,35.6,AMR1,55.5,55.5,AMR1,0,0,0.0,0,4,0,2,1.0,0,0.0,46,49.5,48.4,6.0,T-0406,D-03-01,T-0312,D-06-01
O0257,E,4250.5,16995.4,16995.4,17007.8,17035.0,17058.1,17083.1,17143.5,12893.0,12744.9,AMR2,AMR3,0,0,19,37.1,37.1,AMR2,60.1,60.1,AMR3,0,0,0.0,0,1,0,1,13.4,2,12.6,61,62.7,39.7,22.6,T-0407,E-04-01,T-0193,E-01-02
O0258,J,4254.0,17113.0,17113.0,17126.8,17160.7,17167.2,17197.1,17276.7,13022.7,12859.0,AMR2,AMR3,0,0,21,45.2,45.2,AMR2,59.6,59.6,AMR3,0,0,0.0,0,2,0,0,0.0,0,0.0,67,67.9,44.2,0.0,T-0408,J-04-01,T-0184,J-06-01
O0259,I,4260.7,17151.8,17151.8,17164.7,17191.9,17208.0,17236.7,17289.2,13028.5,12891.1,AMR1,AMR1,0,0,15,38.4,38.4,AMR1,48.7,48.7,AMR1,0,0,0.0,0,0,0,2,11.2,2,15.2,46,50.6,41.3,29.4,T-0409,I-03-02,T-0301,I-05-02
O0260,I,4264.1,17182.9,17182.9,17195.7,17269.8,17286.6,17370.1,17401.0,13136.9,12918.8,AMR2,AMR2,0,0,15,36.9,36.9,AMR2,54.4,54.4,AMR2,0,0,0.0,0,4,0,0,0.0,0,0.0,49,55.4,45.5,3.4,T-0410,I-05-03,T-0310,I-04-02
O0261,C,4268.4,17355.9,17355.9,17367.9,17393.1,17405.9,17430.3,17459.9,13191.5,13087.5,AMR3,AMR3,0,0,13,36.3,36.3,AMR3,55.2,55.2,AMR3,0,0,0.0,0,0,0,0,0.0,0,0.0,39,41.9,49.3,0.0,T-0411,C-04-02,T-0303,C-02-01
O0262,G,4275.2,17368.0,17368.0,17383.6,17412.8,17424.7,17515.9,17546.9,13271.7,13092.8,AMR1,AMR2,0,0,17,43.9,43.9,AMR1,58.8,58.8,AMR2,0,0,0.0,0,2,0,0,0.0,0,0.0,49,54.1,52.3,1.2,T-0412,G-04-01,T-0223,G-03-02
O0263,J,4282.0,17483.6,17483.6,17506.7,17537.8,17547.7,17580.6,17625.8,13343.8,13201.6,AMR3,AMR1,0,0,21,50.9,50.9,AMR3,64.8,64.8,AMR1,0,0,0.0,0,0,0,1,12.5,1,7.5,64,64.7,55.1,12.5,T-0414,J-06-01,T-0207,J-03-01
O0264,B,4287.3,17496.8,17496.8,17511.2,17532.9,17560.7,17581.3,17611.7,13324.4,13209.5,AMR1,AMR3,0,0,15,33.0,33.0,AMR1,53.7,53.7,AMR3,0,0,0.0,0,0,0,1,2.2,0,0.0,43,45.5,39.4,2.2,T-0413,B-05-02,T-0222,B-06-02
O0265,H,4292.4,17570.6,17570.6,17585.0,17613.0,17627.5,17650.6,17676.3,13383.9,13278.2,AMR2,AMR2,0,0,15,40.7,40.7,AMR2,48.5,48.5,AMR2,0,0,0.0,0,0,0,0,0.0,0,0.0,42,47.3,43.9,0.0,T-0415,H-03-03,T-0343,H-04-01
O0266,I,4299.4,17635.4,17635.4,17648.8,17675.4,17692.2,17829.5,17862.0,13562.6,13336.0,AMR3,AMR3,0,0,15,37.5,37.5,AMR3,50.3,50.3,AMR3,0,0,0.0,0,4,0,0,0.0,0,0.0,51,53.3,42.0,6.6,T-0416,I-04-02,T-0320,I-06-02
O0267,H,4304.3,17649.5,17649.5,17662.4,17684.6,17699.4,17723.6,17747.1,13442.8,13345.2,AMR1,AMR1,0,0,15,34.2,34.2,AMR1,47.4,47.4,AMR1,0,0,0.0,0,0,0,0,0.0,0,0.0,41,46.5,36.3,0.0,T-0417,H-04-01,T-0344,H-05-03
O0268,I,4307.7,17752.5,17752.5,17765.0,17833.9,17850.7,17877.2,17905.9,13598.2,13444.8,AMR2,AMR2,0,0,15,35.3,35.3,AMR2,55.4,55.4,AMR2,0,0,0.0,0,0,0,0,0.0,1,38.6,43,48.1,44.9,43.6,T-0418,I-05-02,T-0323,I-02-03
O0269,F,4312.6,17832.9,17832.9,17847.3,17878.0,17885.7,17919.2,17953.1,13640.5,13520.3,AMR1,AMR3,0,0,23,42.6,42.6,AMR1,68.1,68.1,AMR3,0,0,0.0,0,0,0,0,0.0,0,0.0,67,67.0,45.5,0.0,T-0419,F-02-03,T-0254,F-04-02
O0270,H,4315.8,17901.6,17901.6,17914.2,17937.6,17952.4,17979.8,18003.2,13687.4,13585.8,AMR1,AMR1,0,0,15,35.1,35.1,AMR1,50.5,50.5,AMR1,0,0,0.0,0,0,0,0,0.0,0,0.0,41,46.5,40.3,0.0,T-0420,H-04-03,T-0346,H-05-01
O0271,G,4319.3,17929.6,17929.6,17941.7,17968.6,17976.8,18004.0,18030.8,13711.5,13610.3,AMR2,AMR3,0,0,17,37.3,37.3,AMR2,51.7,51.7,AMR3,0,0,0.0,0,0,0,0,0.0,0,0.0,52,54.4,38.6,0.0,T-0421,G-03-02,T-0227,G-02-02
O0272,I,4324.9,17986.1,17986.1,17997.1,18027.2,18044.7,18077.7,18105.6,13780.7,13661.2,AMR2,AMR2,0,0,15,37.8,37.8,AMR2,53.3,53.3,AMR2,0,0,0.0,0,0,0,0,0.0,0,0.0,48,53.7,45.3,3.0,T-0422,I-06-02,T-0325,I-03-03
O0273,I,4328.6,18026.9,18026.9,18042.4,18116.1,18157.6,18241.8,18268.9,13940.3,13698.3,AMR1,AMR3,0,0,15,37.3,37.3,AMR1,53.3,53.3,AMR3,0,0,0.0,0,4,0,0,0.0,0,0.0,43,49.9,44.8,5.0,T-0423,I-02-03,T-0326,I-01-03
O0274,H,4333.4,18104.3,18104.3,18119.8,18142.8,18216.7,18244.9,18283.3,13949.9,13770.9,AMR3,AMR1,0,0,15,37.6,37.6,AMR3,53.8,53.8,AMR1,0,0,0.0,0,0,0,2,13.0,1,6.3,41,46.0,46.1,13.0,T-0424,H-05-01,T-0350,H-02-02
O0275,I,4336.9,18224.6,18224.6,18236.5,18263.3,18279.4,18358.7,18383.5,14046.6,13887.7,AMR2,AMR2,0,0,15,37.0,37.0,AMR2,53.9,53.9,AMR2,0,0,0.0,0,1,0,0,0.0,0,0.0,42,47.3,45.1,3.6,T-0425,I-03-03,T-0329,I-01-01
O0276,B,4340.1,18312.0,18312.0,18324.6,18346.6,18360.1,18383.6,18412.7,14072.6,13971.9,AMR1,AMR1,0,0,15,34.5,34.5,AMR1,50.8,50.8,AMR1,0,0,0.0,0,0,0,0,0.0,0,0.0,46,49.2,38.0,0.0,T-0426,B-06-02,T-0242,B-03-01
O0277,I,4343.7,18341.9,18341.9,18352.6,18377.3,18392.1,18467.6,18495.9,14152.2,13998.2,AMR3,AMR3,0,0,15,34.5,34.5,AMR3,50.8,50.8,AMR3,0,0,0.0,0,2,0,0,0.0,0,0.0,47,53.4,39.5,1.2,T-0427,I-01-03,T-0342,I-04-03
O0278,A,4347.6,18455.9,18455.9,18467.4,18495.0,18519.6,18578.5,18613.9,14266.3,14108.3,AMR2,AMR3,0,0,21,36.6,36.6,AMR2,66.1,66.1,AMR3,0,0,0.0,0,1,0,0,0.0,1,19.2,67,68.6,40.6,24.2,T-0428,A-01-02,T-0195,A-03-02
O0279,B,4354.4,18467.5,18467.5,18480.8,18506.2,18593.7,18618.9,18681.9,14327.5,14113.1,AMR1,AMR1,0,0,15,37.0,37.0,AMR1,51.6,51.6,AMR1,0,0,0.0,0,2,0,0,0.0,0,0.0,48,50.3,41.3,1.7,T-0429,B-03-01,T-0251,B-03-03
O0280,H,4361.1,18598.1,18598.1,18613.9,18671.7,18685.9,18711.2,18737.7,14376.6,14237.0,AMR2,AMR2,0,0,15,39.1,39.1,AMR2,52.5,52.5,AMR2,0,0,0.0,0,2,0,0,0.0,0,0.0,41,45.5,46.3,0.0,T-0430,H-02-02,T-0357,H-04-02
O0281,B,4367.4,18637.6,18637.6,18650.4,18674.8,18690.3,18713.2,18751.9,14384.5,14270.2,AMR3,AMR3,0,0,15,34.3,34.3,AMR3,52.6,52.6,AMR3,0,0,0.0,0,0,0,2,9.9,1,3.7,46,49.3,39.6,9.9,T-0431,B-03-03,T-0258,B-04-03
O0282,D,4372.6,18705.6,18705.6,18718.8,18742.8,18757.6,18827.6,18857.1,14484.5,14333.0,AMR1,AMR1,0,0,13,34.7,34.7,AMR1,48.0,48.0,AMR1,0,0,0.0,0,2,0,0,0.0,0,0.0,47,52.0,40.0,1.6,T-0432,D-04-01,T-0313,D-06-03
O0283,F,4376.8,18808.1,18808.1,18822.0,18852.8,18870.1,18968.8,19003.2,14626.4,14431.3,AMR2,AMR3,0,0,23,43.8,43.8,AMR2,66.0,66.0,AMR3,0,0,0.0,0,2,0,0,0.0,0,0.0,67,70.7,44.6,5.6,T-0433,F-04-02,T-0255,F-03-03
O0284,C,4383.5,18822.0,18822.0,18834.1,18857.9,18880.8,18900.8,18928.9,14545.4,14438.5,AMR3,AMR1,0,0,13,35.0,35.0,AMR3,49.8,49.8,AMR1,0,0,0.0,0,0,0,0,0.0,0,0.0,37,41.4,42.6,0.0,T-0434,C-02-01,T-0309,C-06-02
O0285,G,4389.4,18935.5,18935.5,18947.4,18976.9,18995.1,19025.3,19055.5,14666.1,14546.1,AMR2,AMR2,0,0,17,38.9,38.9,AMR2,60.1,60.1,AMR2,0,0,0.0,0,0,0,0,0.0,0,0.0,49,53.2,48.6,0.0,T-0435,G-02-02,T-0234,G-04-02
O0286,I,4394.4,18952.6,18952.6,18967.7,18993.9,19008.7,19074.1,19102.2,14707.8,14558.2,AMR1,AMR1,0,0,15,40.4,40.4,AMR1,53.4,53.4,AMR1,0,0,0.0,0,2,0,0,0.0,0,0.0,43,49.9,48.0,1.6,T-0436,I-01-01,T-0347,I-02-01
O0287,F,4398.7,19065.8,19065.8,19081.7,19111.0,19125.9,19156.5,19187.9,14789.2,14667.1,AMR3,AMR1,0,0,23,43.5,43.5,AMR3,64.7,64.7,AMR1,0,0,0.0,0,0,0,0,0.0,0,0.0,64,64.2,43.0,0.0,T-0437,F-03-03,T-0262,F-06-02
O0288,J,4405.4,19081.8,19081.8,19094.6,19126.4,19133.9,19164.9,19200.0,14794.6,14676.4,AMR2,AMR3,0,0,21,42.9,42.9,AMR2,61.7,61.7,AMR3,0,0,0.0,0,0,0,1,5.6,1,0.6,60,61.1,44.0,5.6,T-0438,J-03-01,T-0220,J-01-02
O0289,I,4410.7,19147.9,19147.9,19163.1,19188.0,19202.8,19255.2,19280.9,14870.2,14737.2,AMR2,AMR2,0,0,15,39.2,39.2,AMR2,51.9,51.9,AMR2,0,0,0.0,0,2,0,0,0.0,0,0.0,43,48.5,45.3,3.6,T-0439,I-02-01,T-0365,I-03-01
O0290,I,4415.0,19227.7,19227.7,19268.2,19293.6,19304.6,19371.4,19454.2,15039.2,14812.7,AMR3,AMR2,0,0,15,34.8,34.8,AMR3,51.1,51.1,AMR2,0,0,0.0,0,3,1,0,0.0,0,0.0,48,54.2,40.1,1.1,T-0440,I-03-01,T-0370,I-04-01
O0291,J,4421.9,19264.9,19264.9,19280.8,19310.1,19334.3,19381.3,19467.1,15045.2,14843.0,AMR1,AMR1,0,0,21,44.3,44.3,AMR1,62.2,62.2,AMR1,0,0,0.0,0,0,0,2,55.6,3,55.8,59,61.3,45.9,70.8,T-0441,J-01-02,T-0244,J-02-02
O0292,H,4426.9,19353.6,19353.6,19366.3,19445.0,19459.8,19488.5,19512.2,15085.3,14926.7,AMR3,AMR3,0,0,15,35.3,35.3,AMR3,52.5,52.5,AMR3,0,0,0.0,0,1,0,0,0.0,0,0.0,43,46.5,42.5,1.1,T-0442,H-04-02,T-0366,H-03-01
O0293,I,4433.4,19477.9,19477.9,19489.3,19513.7,19530.5,19584.9,19650.3,15216.9,15044.5,AMR2,AMR2,0,0,15,33.3,33.3,AMR2,54.4,54.4,AMR2,0,0,0.0,0,4,0,0,0.0,0,0.0,47,51.6,41.9,3.6,T-0443,I-04-01,T-0373,I-05-01
O0294,D,4439.3,19490.8,19490.8,19502.6,19524.9,19560.1,19582.9,19661.9,15222.6,15051.5,AMR1,AMR1,0,0,13,30.8,30.8,AMR1,46.8,46.8,AMR1,0,0,0.0,0,2,0,1,11.0,1,6.0,48,52.2,34.9,12.3,T-0444,D-06-01,T-0314,D-05-03
O0295,E,4444.2,19563.8,19563.8,19577.8,19605.0,19623.2,19652.4,19685.8,15241.6,15119.6,AMR3,AMR3,0,0,19,40.3,40.3,AMR3,59.3,59.3,AMR3,0,0,0.0,0,0,0,0,0.0,0,0.0,61,61.7,42.1,0.0,T-0445,E-01-02,T-0194,E-04-02
O0296,E,4449.9,19675.1,19675.1,19688.7,19716.7,19736.9,19768.5,19805.4,15355.5,15225.2,AMR2,AMR2,0,0,19,39.1,39.1,AMR2,65.2,65.2,AMR2,0,0,0.0,0,0,0,0,0.0,0,0.0,63,63.3,46.8,0.0,T-0446,E-04-02,T-0197,E-05-01
O0297,H,4456.4,19688.8,19688.8,19700.9,19728.0,19744.2,19807.7,19836.3,15379.9,15232.4,AMR1,AMR1,0,0,15,37.5,37.5,AMR1,55.6,55.6,AMR1,0,0,0.0,0,2,0,0,0.0,0,0.0,44,48.2,47.8,1.7,T-0447,H-03-01,T-0369,H-03-02
O0298,G,4462.3,19709.5,19709.5,19723.9,19751.7,19805.7,19835.0,19861.6,15399.3,15247.2,AMR3,AMR3,0,0,17,41.3,41.3,AMR3,55.6,55.6,AMR3,0,0,0.0,0,0,0,0,0.0,0,0.0,47,51.6,46.5,0.0,T-0448,G-04-02,T-0268,G-05-02
O0299,H,4467.7,19829.1,19829.1,19845.4,19870.1,19885.3,19944.9,19972.6,15504.9,15361.4,AMR2,AMR3,0,0,15,39.3,39.3,AMR2,53.8,53.8,AMR3,0,0,0.0,0,0,0,1,1.3,1,23.2,42,47.3,47.8,33.2,T-0449,H-03-02,T-0376,H-05-02
O0300,C,4473.7,19860.0,19860.0,19874.7,19937.4,19950.5,19970.3,20000.0,15526.3,15386.3,AMR1,AMR1,0,0,13,36.0,36.0,AMR1,50.7,50.7,AMR1,0,0,0.0,0,2,0,0,0.0,0,0.0,38,41.1,44.5,3.6,T-0450,C-06-02,T-0318,C-01-03
O0301,D,4479.5,19926.3,19926.3,19941.5,19963.3,19978.1,20060.0,20088.4,15608.9,15446.8,AMR2,AMR2,0,0,13,34.5,34.5,AMR2,51.9,51.9,AMR2,0,0,0.0,0,2,0,0,0.0,0,0.0,51,56.9,43.7,1.6,T-0451,D-04-03,T-0321,D-05-01
O0302,H,4483.7,20045.0,20045.0,20057.9,20084.4,20099.2,20121.8,20149.8,15666.1,15561.3,AMR3,AMR3,0,0,15,36.1,36.1,AMR3,51.8,51.8,AMR3,0,0,0.0,0,0,0,1,2.4,0,0.0,41,45.0,42.6,2.4,T-0452,H-05-02,T-0381,H-01-01
O0303,D,4487.9,20058.0,20058.0,20074.0,20100.0,20152.2,20206.4,20236.8,15748.9,15570.1,AMR1,AMR2,0,0,13,39.5,39.5,AMR1,53.9,53.9,AMR2,0,0,0.0,0,2,0,0,0.0,0,0.0,41,45.0,50.7,0.0,T-0453,D-05-01,T-0328,D-01-02
O0304,D,4493.0,20158.9,20158.9,20171.5,20219.4,20234.2,20255.5,20281.4,15788.4,15665.9,AMR1,AMR1,0,0,13,36.0,36.0,AMR1,47.4,47.4,AMR1,0,0,0.0,0,0,0,0,0.0,1,11.0,43,48.0,40.7,19.0,T-0454,D-05-03,T-0351,D-02-01
O0305,F,4496.7,20207.0,20207.0,20217.9,20247.2,20260.5,20290.6,20325.2,15828.5,15710.3,AMR3,AMR2,0,0,23,40.1,40.1,AMR3,62.4,62.4,AMR2,0,0,0.0,0,0,0,0,0.0,0,0.0,68,67.6,37.3,0.0,T-0455,F-06-02,T-0278,F-01-02
O0306,D,4502.4,20268.1,20268.1,20282.8,20302.8,20305.1,20326.2,20352.0,15849.6,15765.7,AMR3,AMR1,0,0,13,33.8,33.8,AMR3,47.1,47.1,AMR1,0,0,0.0,0,0,0,0,0.0,0,0.0,39,43.4,38.2,0.0,T-0456,D-02-01,T-0362,D-02-02
O0307,H,4507.3,20315.6,20315.6,20330.5,20357.6,20371.8,20511.4,20538.0,16030.7,15808.3,AMR3,AMR3,0,0,15,41.1,41.1,AMR3,51.7,51.7,AMR3,0,0,0.0,0,4,0,0,0.0,0,0.0,43,49.3,47.5,4.2,T-0457,H-01-01,T-0382,H-06-02
O0308,E,4510.3,20348.9,20348.9,20362.9,20390.0,20544.0,20573.6,20606.6,16096.3,15838.6,AMR2,AMR1,0,0,19,38.6,38.6,AMR2,62.8,62.8,AMR1,0,0,0.0,0,0,0,0,0.0,0,0.0,59,59.8,43.9,0.0,T-0458,E-05-01,T-0210,E-02-02
O0309,H,4515.5,20548.4,20548.4,20560.9,20586.6,20600.1,20627.6,20655.9,16140.4,16032.9,AMR2,AMR2,0,0,15,38.1,38.1,AMR2,57.0,57.0,AMR2,0,0,0.0,0,0,0,0,0.0,0,0.0,40,44.2,49.8,0.0,T-0459,H-06-02,T-0384,H-01-03
O0310,J,4519.7,20561.7,20561.7,20575.6,20607.4,20627.6,20687.8,20725.9,16206.2,16042.0,AMR3,AMR3,0,0,21,44.8,44.8,AMR3,61.9,61.9,AMR3,0,0,0.0,0,2,0,0,0.0,0,0.0,65,66.3,46.1,6.6,T-0460,J-02-02,T-0246,J-05-01
O0311,I,4524.5,20661.2,20661.2,20674.1,20698.9,20715.7,20743.0,20771.2,16246.7,16136.7,AMR1,AMR1,0,0,15,35.2,35.2,AMR1,50.7,50.7,AMR1,0,0,0.0,0,0,0,0,0.0,0,0.0,49,53.1,40.1,0.0,T-0461,I-05-01,T-0390,I-06-01
O0312,H,4528.0,20679.6,20679.6,20695.5,20722.7,20736.9,20762.7,20788.0,16260.0,16151.6,AMR2,AMR2,0,0,15,42.2,42.2,AMR2,51.3,51.3,AMR2,0,0,0.0,0,0,0,0,0.0,0,0.0,41,46.0,48.2,0.0,T-0462,H-01-03,T-0386,H-02-03
O0313,A,4532.1,20749.6,20749.6,20764.3,20791.3,20794.9,20820.3,20858.7,16326.6,16217.5,AMR3,AMR1,0,0,21,40.0,40.0,AMR3,64.5,64.5,AMR1,0,0,0.0,0,0,0,0,0.0,0,0.0,64,63.1,42.4,0.0,T-0463,A-03-02,T-0215,A-04-01
O0314,C,4536.3,20853.1,20853.1,20869.5,20890.8,20903.0,20925.5,20957.6,16421.3,16316.8,AMR2,AMR2,0,0,13,36.8,36.8,AMR2,53.0,53.0,AMR2,0,0,0.0,0,0,0,0,0.0,0,0.0,39,42.4,47.6,2.3,T-0464,C-01-03,T-0333,C-04-03
O0315,E,4542.2,20869.5,20869.5,20885.5,20915.2,20933.7,20993.8,21028.6,16486.4,16327.3,AMR3,AMR1,0,0,19,44.8,44.8,AMR3,58.6,58.6,AMR1,0,0,0.0,0,2,0,0,0.0,0,0.0,61,61.7,45.9,3.6,T-0465,E-02-02,T-0247,E-05-02
O0316,D,4547.7,20885.6,20885.6,20899.3,20920.9,20971.6,21024.7,21053.0,16505.3,16337.9,AMR1,AMR3,0,0,13,34.4,34.4,AMR1,51.1,51.1,AMR3,0,0,0.0,0,2,0,0,0.0,0,0.0,43,48.8,42.8,1.2,T-0466,D-01-02,T-0375,D-03-02
O0317,J,4551.7,21008.8,21008.8,21020.3,21053.8,21076.0,21165.0,21201.0,16649.3,16457.1,AMR2,AMR2,0,0,21,42.5,42.5,AMR2,62.5,62.5,AMR2,0,0,0.0,0,2,0,0,0.0,0,0.0,63,64.9,44.4,3.6,T-0467,J-05-01,T-0252,J-03-02
O0318,J,4558.0,21052.3,21052.3,21066.2,21098.2,21137.6,21177.5,21217.6,16659.6,16494.3,AMR1,AMR1,0,0,21,43.4,43.4,AMR1,62.7,62.7,AMR1,0,0,0.0,0,0,0,1,4.1,0,0.0,67,70.8,45.5,9.6,T-0468,J-05-03,T-0271,J-04-02
O0319,A,4561.2,21145.4,21145.4,21160.8,21188.5,21208.7,21238.9,21275.6,16714.4,16584.2,AMR3,AMR3,0,0,21,42.2,42.2,AMR3,64.7,64.7,AMR3,0,0,0.0,0,0,0,0,0.0,0,0.0,63,63.3,44.8,1.9,T-0469,A-04-01,T-0216,A-05-02
O0320,H,4567.1,21224.7,21224.7,21237.9,21260.3,21274.5,21351.0,21374.9,16807.8,16657.6,AMR2,AMR2,0,0,15,34.7,34.7,AMR2,52.1,52.1,AMR2,0,0,0.0,0,0,1,0,0.0,0,0.0,41,46.9,41.5,1.2,T-0470,H-02-03,T-0388,H-06-01
O0321,D,4573.1,21241.3,21241.3,21253.5,21274.2,21299.3,21323.6,21354.6,16781.5,16668.2,AMR1,AMR3,0,0,13,32.0,32.0,AMR1,52.0,52.0,AMR3,0,0,0.0,0,0,0,0,0.0,0,0.0,43,46.9,41.3,0.0,T-0471,D-02-02,T-0378,D-04-02
O0322,H,4579.6,21337.9,21337.9,21350.9,21377.3,21378.3,21405.5,21431.5,16851.9,16758.3,AMR1,AMR3,0,0,15,38.5,38.5,AMR1,54.4,54.4,AMR3,0,0,0.0,0,0,0,0,0.0,0,0.0,41,45.0,47.6,0.0,T-0472,H-05-03,T-0394,H-01-02
O0323,F,4583.6,21392.1,21392.1,21404.6,21438.0,21451.0,21483.0,21516.3,16932.7,16808.5,AMR1,AMR2,0,0,23,43.4,43.4,AMR1,62.0,62.0,AMR2,0,0,0.0,0,0,0,0,0.0,0,0.0,71,71.0,40.2,0.0,T-0473,F-01-02,T-0291,F-01-03
O0324,C,4589.6,21404.6,21404.6,21418.1,21438.8,21455.2,21521.2,21549.5,16959.9,16815.0,AMR2,AMR3,0,0,13,33.3,33.3,AMR2,54.5,54.5,AMR3,0,0,0.0,0,2,0,0,0.0,0,0.0,41,43.3,45.6,1.3,T-0474,C-02-03,T-0334,C-01-01
O0325,D,4596.5,21502.5,21502.5,21514.1,21537.9,21540.0,21565.3,21594.4,16997.9,16906.0,AMR1,AMR2,0,0,13,33.7,33.7,AMR1,51.1,51.1,AMR2,0,0,0.0,0,0,0,0,0.0,0,0.0,44,47.7,42.1,0.0,T-0475,D-03-02,T-0380,D-05-02
O0326,G,4602.4,21552.0,21552.0,21563.7,21591.1,21607.9,21638.3,21730.1,17127.7,16949.6,AMR1,AMR1,0,0,17,38.2,38.2,AMR1,55.7,55.7,AMR1,0,0,0.0,0,2,0,1,9.7,1,4.7,51,54.1,43.5,13.1,T-0476,G-05-02,T-0290,G-02-01
O0327,H,4605.7,21573.2,21573.2,21587.9,21612.7,21618.1,21641.9,21716.7,17111.0,16967.5,AMR3,AMR2,0,0,15,39.4,39.4,AMR3,49.2,49.2,AMR2,0,0,0.0,0,3,0,0,0.0,0,0.0,40,44.2,43.3,0.0,T-0477,H-06-01,T-0402,H-02-01
O0328,H,4609.2,21626.2,21626.2,21640.9,21711.4,21725.6,21752.6,21776.6,17167.4,17017.0,AMR3,AMR3,0,0,15,40.5,40.5,AMR3,50.1,50.1,AMR3,0,0,0.0,0,1,0,0,0.0,1,38.4,43,47.5,45.3,43.4,T-0478,H-01-02,T-0415,H-03-03
O0329,E,4613.7,21740.4,21740.4,21754.8,21784.4,21800.3,21883.8,21918.8,17305.1,17126.7,AMR2,AMR3,0,0,19,41.5,41.5,AMR2,60.2,60.2,AMR3,0,0,0.0,0,0,1,0,0.0,0,0.0,61,63.2,44.2,1.2,T-0479,E-05-02,T-0261,E-01-03
O0330,H,4619.4,21754.9,21754.9,21771.3,21798.8,21813.0,21841.0,21864.8,17245.4,17135.5,AMR1,AMR1,0,0,15,43.0,43.0,AMR1,47.5,47.5,AMR1,0,0,0.0,0,0,0,0,0.0,0,0.0,41,47.5,45.2,3.0,T-0480,H-02-01,T-0417,H-04-01
O0331,I,4623.3,21863.0,21863.0,21876.3,21949.0,21965.5,21992.7,22020.3,17397.0,17239.7,AMR2,AMR2,0,0,15,38.8,38.8,AMR2,53.3,53.3,AMR2,0,0,0.0,0,2,0,1,1.7,0,0.0,46,52.8,46.3,3.1,T-0481,I-06-01,T-0395,I-01-02
O0332,D,4627.5,21930.7,21930.7,21944.3,21970.8,21985.6,22012.0,22125.6,17498.1,17303.2,AMR1,AMR1,0,0,13,37.6,37.6,AMR1,47.3,47.3,AMR1,0,0,0.0,0,5,0,1,2.3,0,0.0,49,52.9,42.2,4.6,T-0482,D-04-02,T-0383,D-06-02
O0333,I,4634.3,21944.3,21944.3,21957.2,21985.0,22006.2,22063.0,22088.5,17454.2,17310.0,AMR3,AMR3,0,0,15,38.2,38.2,AMR3,49.8,49.8,AMR3,0,0,0.0,0,2,0,3,2.8,0,0.0,45,51.7,42.2,4.8,T-0483,I-04-03,T-0397,I-02-02
O0334,B,4637.7,22152.5,22152.5,22207.7,22232.5,22344.6,22367.8,22399.4,17761.7,17514.8,AMR3,AMR3,0,0,15,38.8,38.8,AMR3,56.5,56.5,AMR3,0,0,0.0,0,0,1,0,0.0,0,0.0,45,49.0,48.0,1.1,T-0484,B-04-03,T-0260,B-06-01
O0335,J,4642.5,22232.2,22232.2,22293.3,22322.8,22405.4,22440.0,22474.0,17831.5,17589.7,AMR1,AMR1,0,0,21,43.6,43.6,AMR1,65.3,65.3,AMR1,0,0,0.0,0,0,1,0,0.0,0,0.0,66,69.0,48.3,1.1,T-0485,J-03-02,T-0293,J-05-02
O0336,D,4649.3,22409.8,22409.8,22423.0,22446.0,22460.8,22485.4,22630.3,17981.0,17760.5,AMR2,AMR2,0,0,13,33.7,33.7,AMR2,51.8,51.8,AMR2,0,0,0.0,0,4,0,0,0.0,0,0.0,43,49.3,42.8,3.5,T-0486,D-05-02,T-0385,D-01-03
O0337,G,4654.9,22423.1,22423.1,22438.3,22465.5,22483.7,22509.7,22538.7,17883.8,17768.2,AMR3,AMR3,0,0,17,39.9,39.9,AMR3,56.7,56.7,AMR3,0,0,0.0,0,0,0,0,0.0,0,0.0,47,51.2,46.2,0.0,T-0487,G-02-01,T-0294,G-06-02
O0338,H,4661.7,22554.3,22554.3,22567.5,22591.2,22606.0,22633.7,22658.4,17996.7,17892.6,AMR1,AMR1,0,0,15,36.0,36.0,AMR1,52.1,52.1,AMR1,0,0,0.0,0,0,0,0,0.0,0,0.0,41,46.5,42.8,0.0,T-0488,H-04-01,T-0420,H-04-03
O0339,E,4666.5,22625.7,22625.7,22638.4,22664.9,22708.7,22736.8,22773.0,18106.5,17959.2,AMR3,AMR2,0,0,19,38.3,38.3,AMR3,64.5,64.5,AMR2,0,0,0.0,0,0,0,0,0.0,0,0.0,57,58.2,45.3,0.0,T-0489,E-01-03,T-0263,E-02-03
O0340,H,4673.4,22654.0,22654.0,22668.3,22694.2,22724.0,22798.4,22824.5,18151.1,17980.6,AMR2,AMR3,0,0,15,38.5,38.5,AMR2,51.2,51.2,AMR3,0,0,0.0,0,2,0,0,0.0,0,0.0,42,47.3,44.4,3.6,T-0490,H-03-03,T-0424,H-05-01
O0341,C,4678.0,22778.0,22778.0,22791.8,22814.8,22848.2,22869.0,22897.4,18219.4,18100.0,AMR1,AMR3,0,0,13,35.9,35.9,AMR1,48.9,48.9,AMR3,0,0,0.0,0,0,0,0,0.0,0,0.0,39,43.4,42.6,0.0,T-0491,C-01-01,T-0355,C-05-01
O0342,C,4681.3,22796.7,22796.7,22808.9,22883.9,22921.1,22952.6,22979.1,18297.8,18115.4,AMR2,AMR3,0,0,13,34.5,34.5,AMR2,50.4,50.4,AMR3,0,0,0.0,0,3,0,2,4.4,0,0.0,40,45.6,42.7,9.1,T-0492,C-03-03,T-0356,C-06-03
O0343,D,4687.5,22878.4,22878.4,22889.9,22950.2,22968.1,22991.2,23113.7,18426.2,18190.9,AMR1,AMR1,0,0,13,32.0,32.0,AMR1,50.0,50.0,AMR1,0,0,0.0,0,7,0,0,0.0,0,0.0,44,48.7,39.3,2.3,T-0493,D-06-02,T-0400,D-02-03
O0344,G,4691.3,22935.5,22935.5,22949.4,22977.2,22992.7,23023.3,23055.9,18364.6,18244.2,AMR2,AMR2,0,0,17,41.6,41.6,AMR2,59.9,59.9,AMR2,0,0,0.0,0,0,0,0,0.0,0,0.0,50,53.8,51.1,0.0,T-0494,G-06-02,T-0302,G-01-03
O0345,B,4696.6,23144.1,23144.1,23179.1,23205.0,23213.9,23300.5,23332.4,18635.8,18447.5,AMR2,AMR3,0,0,15,36.3,36.3,AMR2,56.8,56.8,AMR3,0,0,0.0,0,2,1,0,0.0,0,0.0,50,55.8,45.8,3.4,T-0495,B-06-01,T-0269,B-01-01
O0346,G,4702.8,23175.8,23175.8,23216.5,23246.0,23275.6,23350.0,23382.4,18679.6,18473.0,AMR1,AMR2,0,0,17,42.6,42.6,AMR1,56.1,56.1,AMR2,0,0,0.0,0,1,1,0,0.0,0,0.0,55,61.3,48.3,2.2,T-0496,G-01-03,T-0304,G-02-03
O0347,B,4706.9,23326.3,23326.3,23338.9,23363.8,23380.0,23405.0,23436.2,18729.3,18619.4,AMR1,AMR1,0,0,15,35.0,35.0,AMR1,52.9,52.9,AMR1,0,0,0.0,0,0,0,0,0.0,0,0.0,51,53.1,40.6,0.0,T-0497,B-01-01,T-0280,B-02-01
O0348,C,4710.9,23356.1,23356.1,23371.4,23393.8,23455.9,23520.8,23548.8,18837.9,18645.2,AMR3,AMR2,0,0,13,36.8,36.8,AMR3,49.5,49.5,AMR2,0,0,0.0,0,2,0,0,0.0,0,0.0,39,44.8,44.1,1.7,T-0498,C-05-01,T-0358,C-05-03
O0349,B,4713.9,23459.5,23459.5,23471.9,23496.9,23503.5,23530.3,23561.2,18847.3,18745.6,AMR3,AMR1,0,0,15,34.9,34.9,AMR3,55.6,55.6,AMR1,0,0,0.0,0,0,0,1,2.8,0,0.0,47,49.1,43.2,2.8,T-0499,B-02-01,T-0285,B-04-01
O0350,C,4718.2,23513.1,23513.1,23529.4,23549.9,23562.7,23586.2,23613.9,18895.7,18794.9,AMR3,AMR3,0,0,13,35.9,35.9,AMR3,51.3,51.3,AMR3,0,0,0.0,0,0,0,0,0.0,0,0.0,41,43.0,45.0,0.0,T-0500,C-04-03,T-0364,C-03-01
O0351,C,4724.2,23572.5,23572.5,23587.9,23610.7,23627.2,23700.5,23767.6,19043.4,18848.3,AMR2,AMR2,0,0,13,36.5,36.5,AMR2,50.4,50.4,AMR2,0,0,0.0,0,4,0,0,0.0,0,0.0,40,43.6,44.7,8.0,T-0501,C-03-01,T-0374,C-04-01
O0352,C,4729.0,23588.0,23588.0,23599.2,23618.8,23682.2,23705.3,23782.2,19053.2,18859.0,AMR1,AMR1,0,0,13,29.9,29.9,AMR1,50.3,50.3,AMR1,0,0,0.0,0,2,0,2,13.3,1,6.9,39,44.3,38.0,14.6,T-0502,C-05-03,T-0391,C-06-01
O0353,A,4734.0,23685.9,23685.9,23700.7,23730.7,23750.9,23778.4,23812.7,19078.7,18951.9,AMR3,AMR3,0,0,21,43.9,43.9,AMR3,63.5,63.5,AMR3,0,0,0.0,0,0,0,0,0.0,0,0.0,61,61.3,45.3,0.0,T-0503,A-05-02,T-0217,A-06-01
O0354,A,4738.8,23791.3,23791.3,23801.9,23830.0,23836.4,23868.3,23913.7,19174.9,19052.5,AMR2,AMR3,0,0,21,38.6,38.6,AMR2,64.5,64.5,AMR3,0,0,0.0,0,0,0,2,10.5,1,4.2,66,64.5,41.0,10.5,T-0504,A-06-01,T-0224,A-02-02
O0355,C,4745.2,23805.9,23805.9,23816.5,23841.4,23848.9,23875.4,23902.0,19156.8,19060.7,AMR1,AMR2,0,0,13,34.6,34.6,AMR1,53.3,53.3,AMR2,0,0,0.0,0,0,0,0,0.0,0,0.0,39,42.9,45.7,0.0,T-0505,C-04-01,T-0392,C-01-02
O0356,C,4751.1,23854.2,23854.2,23870.1,23893.8,23905.3,23927.8,23957.9,19206.8,19103.1,AMR1,AMR1,0,0,13,39.5,39.5,AMR1,53.8,53.8,AMR1,0,0,0.0,0,0,0,0,0.0,0,0.0,38,41.1,51.1,0.0,T-0506,C-06-01,T-0393,C-02-02
O0357,H,4756.5,23925.7,23925.7,23939.6,23965.1,23981.6,24004.4,24031.8,19275.3,19169.2,AMR2,AMR1,0,0,15,38.5,38.5,AMR2,51.4,51.4,AMR1,0,0,0.0,0,0,0,0,0.0,0,0.0,41,45.0,44.6,0.0,T-0507,H-05-01,T-0430,H-02-02
O0358,H,4762.0,23939.6,23939.6,23954.4,24019.8,24034.6,24061.2,24087.9,19325.9,19177.6,AMR3,AMR3,0,0,15,39.3,39.3,AMR3,53.0,53.0,AMR3,0,0,0.0,0,2,0,0,0.0,0,0.0,43,49.9,47.0,2.0,T-0508,H-04-03,T-0442,H-04-02
O0359,I,4769.0,24018.1,24018.1,24030.7,24087.4,24092.3,24152.3,24178.3,19409.3,19249.1,AMR2,AMR1,0,0,15,34.7,34.7,AMR2,48.4,48.4,AMR1,0,0,0.0,0,4,0,2,0.3,0,0.0,45,51.3,37.3,1.3,T-0509,I-01-02,T-0409,I-03-02
O0360,C,4774.4,24102.2,24102.2,24113.2,24134.8,24204.8,24288.9,24318.7,19544.3,19327.8,AMR2,AMR3,0,0,13,31.7,31.7,AMR2,55.9,55.9,AMR3,0,0,0.0,0,0,1,0,0.0,0,0.0,41,45.0,45.4,1.1,T-0510,C-01-02,T-0398,C-03-02
O0361,J,4780.0,24306.2,24306.2,24317.1,24349.5,24371.7,24404.1,24434.7,19654.7,19526.2,AMR1,AMR1,0,0,21,40.8,40.8,AMR1,63.2,63.2,AMR1,0,0,0.0,0,0,0,0,0.0,0,0.0,61,62.9,43.4,0.0,T-0511,J-04-02,T-0306,J-02-03
O0362,F,4784.8,24317.1,24317.1,24333.4,24368.6,24390.1,24445.9,24486.5,19701.7,19532.3,AMR2,AMR3,0,0,23,49.0,49.0,AMR2,65.5,65.5,AMR3,0,0,0.0,0,1,0,1,4.0,0,0.0,67,71.8,49.3,5.1,T-0512,F-01-03,T-0297,F-04-01
O0363,C,4791.1,24342.4,24342.4,24358.4,24377.9,24418.8,24443.3,24469.4,19678.3,19551.3,AMR3,AMR2,0,0,13,34.6,34.6,AMR3,51.3,51.3,AMR2,0,0,0.0,0,0,0,0,0.0,0,0.0,39,42.4,43.7,0.0,T-0513,C-02-02,T-0399,C-05-02
O0364,E,4795.8,24458.4,24458.4,24471.9,24500.5,24510.2,24542.4,24580.1,19784.3,19662.6,AMR1,AMR3,0,0,19,41.2,41.2,AMR1,65.1,65.1,AMR3,0,0,0.0,0,0,0,0,0.0,0,0.0,63,63.2,48.8,0.0,T-0514,E-02-03,T-0265,E-06-02
O0365,C,4801.5,24493.1,24493.1,24506.6,24528.6,24541.1,24563.8,24593.7,19792.2,19691.6,AMR2,AMR2,0,0,13,33.8,33.8,AMR2,49.6,49.6,AMR2,0,0,0.0,0,0,0,1,2.7,0,0.0,40,44.2,41.2,2.7,T-0515,C-03-02,T-0411,C-04-02
O0366,H,4804.9,24518.7,24518.7,24529.6,24552.4,24566.6,24592.9,24618.6,19813.7,19713.8,AMR1,AMR1,0,0,15,32.8,32.8,AMR1,51.1,51.1,AMR1,0,0,0.0,0,0,0,0,0.0,0,0.0,43,47.1,38.6,0.0,T-0516,H-02-02,T-0447,H-03-01
O0367,H,4810.1,24603.8,24603.8,24614.7,24638.2,24652.7,24681.2,24704.6,19894.5,19793.7,AMR3,AMR3,0,0,15,32.7,32.7,AMR3,52.0,52.0,AMR3,0,0,0.0,0,0,0,0,0.0,0,0.0,44,46.9,39.4,0.0,T-0517,H-03-01,T-0449,H-03-02
O0368,I,4813.6,24617.4,24617.4,24630.0,24716.0,24756.1,24830.9,24856.1,20042.5,19803.8,AMR2,AMR1,0,0,15,35.7,35.7,AMR2,49.3,49.3,AMR1,0,0,0.0,0,3,1,0,0.0,0,0.0,47,53.8,39.2,3.0,T-0518,I-02-02,T-0410,I-05-03
O0369,H,4816.8,24703.0,24703.0,24714.5,24741.6,24784.8,24811.2,24837.1,20020.3,19886.2,AMR1,AMR2,0,0,15,36.9,36.9,AMR1,52.0,52.0,AMR2,0,0,0.0,0,0,0,0,0.0,0,0.0,42,47.3,43.6,0.0,T-0519,H-03-02,T-0452,H-05-02
O0370,D,4820.2,24831.7,24831.7,24845.5,24933.7,24934.8,24959.5,24985.4,20165.2,20011.5,AMR3,AMR1,0,0,13,34.6,34.6,AMR3,50.8,50.8,AMR1,0,0,0.0,0,2,0,0,0.0,0,0.0,43,49.8,42.7,1.5,T-0520,D-01-03,T-0404,D-01-01
O0371,E,4825.1,24923.0,24923.0,24934.7,24962.1,24983.0,25014.2,25049.7,20224.6,20097.9,AMR2,AMR2,0,0,19,35.8,35.8,AMR2,64.9,64.9,AMR2,0,0,0.0,0,0,0,0,0.0,0,0.0,62,62.6,43.2,0.0,T-0521,E-06-02,T-0289,E-03-03
O0372,G,4829.6,24946.5,24946.5,24960.7,24990.4,25058.8,25088.1,25201.3,20371.7,20116.9,AMR3,AMR3,0,0,17,41.4,41.4,AMR3,58.4,58.4,AMR3,0,0,0.0,0,2,1,1,0.1,0,0.0,53,58.1,49.4,1.1,T-0522,G-02-03,T-0317,G-03-03
O0373,G,4835.9,25062.3,25062.3,25077.6,25155.6,25191.6,25220.2,25248.9,20413.0,20226.4,AMR1,AMR1,0,0,17,43.5,43.5,AMR1,57.0,57.0,AMR1,0,0,0.0,0,0,1,0,0.0,0,0.0,49,55.0,50.1,1.2,T-0524,G-05-03,T-0335,G-04-03
O0374,H,4841.6,25077.6,25077.6,25092.2,25115.6,25130.4,25192.5,25218.6,20377.0,20236.0,AMR2,AMR2,0,0,15,37.1,37.1,AMR2,54.0,54.0,AMR2,0,0,0.0,0,2,0,0,0.0,0,0.0,41,45.4,45.8,1.5,T-0523,H-04-02,T-0457,H-01-01
O0375,E,4845.3,25225.0,25225.0,25236.7,25262.4,25287.7,25315.5,25356.4,20511.1,20379.7,AMR3,AMR3,0,0,19,35.7,35.7,AMR3,64.6,64.6,AMR3,0,0,0.0,0,0,0,0,0.0,0,0.0,58,60.3,42.8,3.0,T-0525,E-03-03,T-0305,E-02-01
O0376,D,4849.7,25242.3,25242.3,25255.2,25328.5,25341.3,25367.1,25463.0,20613.3,20392.6,AMR2,AMR2,0,0,13,36.8,36.8,AMR2,50.8,50.8,AMR2,0,0,0.0,0,6,0,1,3.6,0,0.0,43,48.3,44.9,5.9,T-0526,D-01-01,T-0405,D-03-03
O0377,C,4855.3,25320.8,25320.8,25336.2,25356.7,25369.5,25393.0,25418.5,20563.2,20465.5,AMR1,AMR1,0,0,13,33.9,33.9,AMR1,50.2,50.2,AMR1,0,0,0.0,0,0,0,0,0.0,0,0.0,39,41.9,41.9,1.1,T-0527,C-04-02,T-0434,C-02-01
O0378,I,4861.3,25476.2,25476.2,25516.3,25543.2,25574.5,25601.4,25630.0,20768.7,20614.9,AMR1,AMR1,0,0,15,38.3,38.3,AMR1,52.2,52.2,AMR1,0,0,0.0,0,0,1,0,0.0,0,0.0,48,52.4,44.7,1.1,T-0528,I-03-02,T-0416,I-04-02
O0379,H,4865.7,25512.9,25512.9,25577.8,25604.2,25618.4,25640.2,25665.4,20799.7,20647.2,AMR2,AMR2,0,0,15,39.4,39.4,AMR2,49.7,49.7,AMR2,0,0,0.0,0,0,1,0,0.0,0,0.0,41,46.0,43.8,1.1,T-0529,H-01-01,T-0459,H-06-02
O0380,B,4871.0,25578.9,25578.9,25589.8,25614.0,25628.8,25651.1,25682.2,20811.2,20707.9,AMR3,AMR3,0,0,15,34.2,34.2,AMR3,53.1,53.1,AMR3,0,0,0.0,0,0,0,0,0.0,0,0.0,45,48.5,40.0,0.0,T-0530,B-04-01,T-0288,B-05-01
O0381,C,4877.1,25653.7,25653.7,25669.3,25692.0,25704.2,25825.7,25853.4,20976.3,20776.6,AMR1,AMR1,0,0,13,37.4,37.4,AMR1,53.8,53.8,AMR1,0,0,0.0,0,2,0,0,0.0,1,58.1,37,40.4,49.0,63.1,T-0531,C-02-01,T-0450,C-06-02
O0382,I,4881.8,25689.1,25689.1,25701.3,25728.2,25806.2,25833.3,25866.8,20985.0,20807.3,AMR2,AMR3,0,0,15,36.6,36.6,AMR2,50.9,50.9,AMR3,0,0,0.0,0,0,0,1,6.4,1,1.4,47,51.6,41.7,6.4,T-0532,I-04-02,T-0418,I-05-02
O0383,A,4885.9,25809.6,25809.6,25821.5,25854.0,25875.6,25902.0,25935.7,21049.8,20923.7,AMR2,AMR2,0,0,21,41.9,41.9,AMR2,59.8,59.8,AMR2,0,0,0.0,0,0,0,0,0.0,0,0.0,65,64.9,39.6,0.0,T-0533,A-02-02,T-0233,A-04-02
O0384,I,4890.6,25879.1,25879.1,25889.9,25914.4,26017.1,26073.8,26100.8,21210.2,20988.5,AMR1,AMR3,0,0,15,32.8,32.8,AMR1,51.7,51.7,AMR3,0,0,0.0,0,2,0,0,0.0,0,0.0,51,54.6,38.7,1.6,T-0534,I-05-02,T-0422,I-06-02
O0385,I,4896.3,25890.5,25890.5,25905.8,25992.5,26023.4,26056.9,26081.6,21185.3,20994.2,AMR3,AMR1,0,0,15,39.2,39.2,AMR3,53.0,53.0,AMR1,0,0,0.0,0,3,0,0,0.0,0,0.0,45,50.5,46.4,6.6,T-0535,I-05-03,T-0423,I-02-03
O0386,D,4899.5,26053.9,26053.9,26065.4,26088.5,26101.3,26185.1,26219.0,21319.5,21154.4,AMR2,AMR2,0,0,13,33.7,33.7,AMR2,57.3,57.3,AMR2,0,0,0.0,0,2,0,0,0.0,0,0.0,41,47.4,48.3,3.3,T-0536,D-02-03,T-0406,D-03-01
O0387,C,4905.6,26162.2,26162.2,26178.4,26199.8,26212.6,26237.2,26266.0,21360.4,21256.6,AMR1,AMR1,0,0,13,36.7,36.7,AMR1,54.6,54.6,AMR1,0,0,0.0,0,0,0,0,0.0,0,0.0,39,41.9,49.1,0.0,T-0537,C-05-02,T-0464,C-01-03
O0388,D,4910.6,26178.4,26178.4,26192.6,26213.7,26227.8,26310.0,26340.8,21430.2,21267.8,AMR3,AMR3,0,0,13,33.6,33.6,AMR3,51.1,51.1,AMR3,0,0,0.0,0,0,1,0,0.0,0,0.0,46,51.1,42.0,1.2,T-0538,D-03-01,T-0432,D-04-01
O0389,H,4915.7,26294.7,26294.7,26310.6,26335.0,26349.8,26375.0,26401.9,21486.2,21379.0,AMR1,AMR1,0,0,15,39.4,39.4,AMR1,53.3,53.3,AMR1,0,0,0.0,0,0,0,0,0.0,0,0.0,41,45.0,47.4,0.0,T-0539,H-05-02,T-0462,H-01-03
O0390,F,4920.3,26310.4,26310.4,26324.1,26354.2,26364.5,26393.0,26427.0,21506.7,21390.1,AMR2,AMR3,0,0,23,42.9,42.9,AMR2,63.2,63.2,AMR3,0,0,0.0,0,0,0,0,0.0,0,0.0,65,65.4,40.9,0.0,T-0540,F-04-01,T-0300,F-04-03
O0391,H,4925.1,26378.6,26378.6,26392.9,26417.7,26425.6,26449.2,26474.3,21549.2,21453.5,AMR2,AMR1,0,0,15,39.0,39.0,AMR2,49.9,49.9,AMR1,0,0,0.0,0,0,0,0,0.0,0,0.0,40,44.2,43.6,0.0,T-0541,H-06-02,T-0470,H-02-03
O0392,I,4929.9,26431.2,26431.2,26445.1,26470.7,26488.2,26552.1,26582.1,21652.2,21501.3,AMR2,AMR2,0,0,15,36.2,36.2,AMR2,52.6,52.6,AMR2,0,0,0.0,0,2,0,0,0.0,0,0.0,48,54.3,43.0,1.3,T-0542,I-06-02,T-0425,I-03-03
O0393,H,4933.3,26450.7,26450.7,26464.1,26491.8,26506.0,26529.8,26555.1,21621.8,21517.4,AMR3,AMR3,0,0,15,40.2,40.2,AMR3,49.8,49.8,AMR3,0,0,0.0,0,0,0,0,0.0,0,0.0,41,45.5,44.7,0.0,T-0543,H-01-03,T-0472,H-05-03
O0394,J,4939.5,26536.4,26536.4,26548.1,26580.4,26602.6,26686.9,26786.3,21846.8,21596.9,AMR1,AMR1,0,0,21,41.5,41.5,AMR1,58.4,58.4,AMR1,0,0,0.0,0,2,1,1,2.2,0,0.0,65,71.5,39.3,8.9,T-0544,J-05-02,T-0316,J-03-03
O0395,B,4942.9,26578.8,26578.8,26594.1,26616.8,26631.6,26655.1,26687.0,21744.1,21635.9,AMR3,AMR3,0,0,15,37.1,37.1,AMR3,52.1,52.1,AMR3,0,0,0.0,0,0,0,0,0.0,0,0.0,49,51.5,41.9,0.0,T-0545,B-05-01,T-0298,B-01-02
O0396,I,4948.2,26660.8,26660.8,26675.4,26701.5,26710.7,26779.5,26802.8,21854.6,21712.6,AMR2,AMR3,0,0,15,39.8,39.8,AMR2,50.6,50.6,AMR3,0,0,0.0,0,0,0,0,0.0,1,36.7,41,46.5,44.6,41.7,T-0546,I-02-03,T-0427,I-01-03
O0397,D,4954.2,26777.8,26777.8,26788.6,26812.8,26875.3,26913.2,26947.3,21993.1,21823.6,AMR2,AMR3,0,0,13,32.5,32.5,AMR2,51.3,51.3,AMR3,0,0,0.0,0,0,0,0,0.0,1,7.6,47,50.3,41.1,15.6,T-0547,D-04-01,T-0444,D-06-01
O0398,D,4959.3,26811.6,26811.6,26826.7,26921.5,26935.6,26962.5,26995.7,22036.4,21852.3,AMR1,AMR1,0,0,13,36.5,36.5,AMR1,55.0,55.0,AMR1,0,0,0.0,0,3,0,2,22.1,1,15.5,52,58.6,48.8,24.9,T-0548,D-03-03,T-0451,D-04-03
O0399,J,4963.7,26910.3,26910.3,26925.3,26955.0,26971.0,27225.7,27255.0,22291.3,21946.6,AMR2,AMR3,0,0,21,43.8,43.8,AMR2,62.5,62.5,AMR3,0,0,0.0,0,4,1,0,0.0,1,44.9,65,72.3,45.7,52.7,T-0549,J-02-03,T-0338,J-01-03
O0400,D,4967.6,27024.4,27024.4,27037.6,27063.5,27216.7,27242.6,27272.6,22305.0,22056.8,AMR2,AMR1,0,0,13,35.8,35.8,AMR2,52.6,52.6,AMR1,0,0,0.0,0,0,0,0,0.0,0,0.0,46,49.3,45.7,0.0,T-0550,D-06-01,T-0453,D-05-01
O0401,B,4988.6,27221.1,27221.1,27234.9,27257.9,27274.1,27303.3,27333.3,22344.7,22232.5,AMR2,AMR2,0,0,15,34.3,34.3,AMR2,55.9,55.9,AMR2,0,0,0.0,0,0,0,0,0.0,0,0.0,51,53.1,42.9,0.0,T-0551,B-01-02,T-0315,B-02-02
O0402,H,5013.1,27278.7,27278.7,27291.2,27317.7,27331.9,27356.8,27382.4,22369.3,22265.6,AMR3,AMR3,0,0,15,38.1,38.1,AMR3,53.2,53.2,AMR3,0,0,0.0,0,0,0,0,0.0,0,0.0,39,43.5,46.0,0.0,T-0552,H-02-03,T-0477,H-06-01
O0403,J,5035.7,27296.3,27296.3,27307.3,27337.4,27381.4,27444.9,27476.9,22441.2,22260.6,AMR1,AMR1,0,0,21,40.2,40.2,AMR1,62.3,62.3,AMR1,0,0,0.0,0,2,0,0,0.0,0,0.0,65,66.3,41.9,3.6,T-0553,J-01-03,T-0339,J-06-02
O0404,J,5057.5,27412.5,27412.5,27488.5,27521.9,27549.2,27583.1,27639.0,22581.5,22355.0,AMR3,AMR3,0,0,21,44.0,44.0,AMR3,67.3,67.3,AMR3,0,0,0.0,0,0,1,1,12.8,1,7.8,70,74.0,50.7,16.9,T-0554,J-06-02,T-0348,J-04-03
O0405,J,5078.9,27485.2,27485.2,27501.4,27534.4,27555.9,27587.6,27621.8,22542.9,22406.3,AMR2,AMR2,0,0,21,47.5,47.5,AMR2,66.1,66.1,AMR2,0,0,0.0,0,0,0,0,0.0,0,0.0,60,62.1,53.0,0.0,T-0555,J-03-03,T-0359,J-01-01
O0406,F,5102.5,27500.6,27500.6,27515.2,27546.6,27568.8,27602.4,27653.1,22550.6,22398.1,AMR1,AMR1,0,0,23,45.1,45.1,AMR1,65.4,65.4,AMR1,0,0,0.0,0,0,0,2,15.6,1,8.0,69,69.4,45.3,15.6,T-0556,F-04-03,T-0311,F-02-01
O0407,H,5121.9,27645.5,27645.5,27659.3,27680.7,27694.2,27719.5,27745.2,22623.3,22523.6,AMR2,AMR2,0,0,15,35.1,35.1,AMR2,52.2,52.2,AMR2,0,0,0.0,0,0,0,0,0.0,0,0.0,40,44.2,42.0,0.0,T-0557,H-06-01,T-0478,H-01-02
O0408,E,5143.2,27662.7,27662.7,27675.2,27699.5,27717.7,27744.2,27782.0,22638.8,22519.5,AMR3,AMR3,0,0,19,35.9,35.9,AMR3,62.5,62.5,AMR3,0,0,0.0,0,0,0,0,0.0,0,0.0,59,60.2,40.9,0.0,T-0558,E-02-01,T-0330,E-03-02
O0409,I,5158.8,27676.8,27676.8,27692.7,27720.5,27735.3,27763.4,27795.6,22636.8,22518.0,AMR1,AMR1,0,0,15,42.8,42.8,AMR1,53.4,53.4,AMR1,0,0,0.0,0,0,0,1,7.1,1,2.1,41,46.5,50.4,7.1,T-0559,I-01-03,T-0436,I-01-01
O0410,H,5176.9,27768.9,27768.9,27781.1,27804.9,27805.7,27864.7,27890.7,22713.8,22592.0,AMR2,AMR3,0,0,15,35.1,35.1,AMR2,50.7,50.7,AMR3,0,0,0.0,0,2,0,0,0.0,0,0.0,41,45.0,40.5,3.6,T-0560,H-01-02,T-0480,H-02-01
O0411,E,5192.4,27819.3,27819.3,27832.5,27861.0,27880.5,27909.2,27944.1,22751.7,22626.9,AMR1,AMR1,0,0,19,40.0,40.0,AMR1,60.3,60.3,AMR1,0,0,0.0,0,0,0,0,0.0,0,0.0,62,62.5,42.8,0.0,T-0561,E-03-02,T-0332,E-04-03
O0412,B,5213.9,27855.8,27855.8,27869.9,27894.6,27910.8,27936.2,27969.8,22755.9,22641.9,AMR2,AMR2,0,0,15,36.3,36.3,AMR2,57.2,57.2,AMR2,0,0,0.0,0,0,0,0,0.0,0,0.0,49,51.6,46.2,0.0,T-0562,B-02-02,T-0319,B-03-02
O0413,G,5234.8,27914.4,27914.4,27937.9,27966.4,27967.8,27997.1,28026.1,22791.3,22679.6,AMR3,AMR1,0,0,17,50.3,50.3,AMR3,59.0,59.0,AMR1,0,0,0.0,0,0,0,0,0.0,0,0.0,48,51.4,58.9,0.0,T-0563,G-03-03,T-0337,G-05-01
O0414,A,5255.6,27983.9,27983.9,27995.9,28022.3,28042.5,28070.8,28108.4,22852.8,22728.3,AMR3,AMR3,0,0,21,37.5,37.5,AMR3,62.6,62.6,AMR3,0,0,0.0,0,0,0,0,0.0,0,0.0,67,66.3,38.0,0.0,T-0564,A-04-02,T-0238,A-01-01
O0415,J,5279.7,27996.0,27996.0,28008.7,28035.9,28049.8,28077.8,28120.4,22840.7,22716.3,AMR2,AMR1,0,0,21,39.0,39.0,AMR2,57.5,57.5,AMR1,0,0,0.0,0,0,0,1,11.0,1,6.0,59,61.3,35.9,13.3,T-0565,J-01-01,T-0403,J-02-01
O0416,J,5296.6,28056.1,28056.1,28067.5,28099.7,28121.9,28153.7,28185.8,22889.2,22759.5,AMR2,AMR2,0,0,21,41.1,41.1,AMR2,60.6,60.6,AMR2,0,0,0.0,0,0,0,0,0.0,0,0.0,65,66.4,41.1,0.0,T-0566,J-04-03,T-0408,J-04-01
O0417,A,5316.6,28132.1,28132.1,28146.0,28177.1,28198.7,28228.6,28264.6,22948.0,22815.5,AMR3,AMR3,0,0,21,42.5,42.5,AMR3,67.6,67.6,AMR3,0,0,0.0,0,0,0,0,0.0,0,0.0,63,62.9,48.0,0.0,T-0567,A-01-01,T-0239,A-06-02
O0418,F,5332.6,28146.1,28146.1,28168.1,28201.6,28209.5,28238.0,28279.8,22947.2,22813.5,AMR1,AMR2,0,0,23,51.1,51.1,AMR1,63.1,63.1,AMR2,0,0,0.0,0,0,0,1,6.4,1,1.4,69,68.5,49.0,8.3,T-0568,F-02-01,T-0331,F-03-01
O0419,C,5348.5,28225.2,28225.2,28240.3,28262.0,28273.5,28293.8,28324.0,22975.5,22876.7,AMR1,AMR1,0,0,13,36.7,36.7,AMR1,51.7,51.7,AMR1,0,0,0.0,0,0,0,0,0.0,0,0.0,38,41.1,46.2,0.0,T-0569,C-06-02,T-0474,C-02-03
O0420,H,5366.0,28288.3,28288.3,28303.4,28325.8,28340.0,28365.5,28390.9,23024.9,22922.3,AMR3,AMR3,0,0,15,36.6,36.6,AMR3,51.6,51.6,AMR3,0,0,0.0,0,0,0,0,0.0,0,0.0,41,45.5,42.9,0.0,T-0570,H-02-01,T-0488,H-04-01
O0421,J,5386.2,28303.5,28303.5,28319.1,28350.0,28371.9,28403.4,28439.5,23053.3,22917.3,AMR2,AMR2,0,0,21,45.6,45.6,AMR2,62.8,62.8,AMR2,0,0,0.0,0,0,0,0,0.0,0,0.0,65,66.3,47.8,0.0,T-0571,J-02-01,T-0414,J-06-01
O0422,E,5404.9,28347.7,28347.7,28363.0,28390.8,28411.0,28467.2,28500.3,23095.4,22942.8,AMR1,AMR1,0,0,19,40.6,40.6,AMR1,62.0,62.0,AMR1,0,0,0.0,0,2,0,0,0.0,0,0.0,59,63.0,45.1,1.4,T-0572,E-04-03,T-0353,E-01-01
O0423,F,5423.9,28441.1,28441.1,28452.0,28485.4,28508.3,28539.8,28606.3,23182.4,23017.2,AMR3,AMR3,0,0,23,42.6,42.6,AMR3,63.7,63.7,AMR3,0,0,0.0,0,2,0,0,0.0,0,0.0,72,73.6,41.1,1.6,T-0573,F-03-01,T-0340,F-01-01
O0424,F,5444.9,28463.2,28463.2,28478.6,28507.9,28524.0,28584.0,28620.9,23176.0,23018.3,AMR2,AMR1,0,0,23,43.8,43.8,AMR2,65.1,65.1,AMR1,0,0,0.0,0,2,0,1,2.9,0,0.0,65,65.4,43.7,6.5,T-0574,F-05-03,T-0352,F-05-01
O0425,I,5463.2,28531.6,28531.6,28547.2,28569.8,28584.6,28610.6,28636.9,23173.7,23068.4,AMR2,AMR2,0,0,15,37.3,37.3,AMR2,52.5,52.5,AMR2,0,0,0.0,0,0,0,0,0.0,0,0.0,41,46.5,44.0,0.0,T-0575,I-01-01,T-0439,I-02-01
O0426,E,5482.1,28630.0,28630.0,28646.2,28674.5,28713.6,28743.0,28780.8,23298.7,23147.9,AMR3,AMR3,0,0,19,43.6,43.6,AMR3,62.4,62.4,AMR3,0,0,0.0,0,0,0,0,0.0,0,0.0,63,63.2,48.5,0.0,T-0576,E-01-01,T-0360,E-06-01
O0427,J,5505.6,28646.3,28646.3,28661.7,28761.5,28774.1,28806.3,28901.9,23396.3,23140.7,AMR1,AMR2,0,0,21,44.7,44.7,AMR1,62.5,62.5,AMR2,0,0,0.0,0,6,0,1,8.0,1,3.0,69,73.2,46.6,15.6,T-0578,J-04-01,T-0438,J-03-01
O0428,J,5523.9,28661.7,28661.7,28672.6,28708.0,28783.7,28813.5,28888.5,23364.6,23137.8,AMR2,AMR1,0,0,21,36.6,36.6,AMR2,59.6,59.6,AMR1,0,0,0.0,0,2,0,0,0.0,0,0.0,64,67.1,35.6,3.0,T-0577,J-06-01,T-0441,J-01-02
O0429,F,5540.3,28804.5,28804.5,28818.1,28851.5,28875.1,28905.4,28935.9,23395.6,23264.2,AMR3,AMR3,0,0,23,44.5,44.5,AMR3,62.5,62.5,AMR3,0,0,0.0,0,0,0,0,0.0,0,0.0,65,66.0,41.8,0.0,T-0579,F-01-01,T-0368,F-06-01
O0430,G,5565.0,28912.2,28912.2,28923.4,28948.4,28959.6,29018.1,29046.1,23481.1,23347.2,AMR1,AMR3,0,0,17,35.3,35.3,AMR1,57.8,57.8,AMR3,0,0,0.0,0,2,0,0,0.0,0,0.0,45,48.6,42.7,0.0,T-0580,G-05-01,T-0341,G-06-01
O0431,B,5586.0,28925.6,28925.6,28940.8,28964.1,28983.6,29016.7,29057.7,23471.7,23339.6,AMR2,AMR2,0,0,15,36.8,36.8,AMR2,50.1,50.1,AMR2,0,0,0.0,0,0,0,3,13.8,2,10.2,46,49.3,39.6,23.7,T-0581,B-03-02,T-0349,B-04-02
O0432,F,5606.6,28999.0,28999.0,29014.9,29046.5,29068.7,29104.0,29165.4,23558.8,23392.4,AMR1,AMR1,0,0,23,46.6,46.6,AMR1,67.8,67.8,AMR1,0,0,0.0,0,2,0,2,0.9,0,0.0,71,72.3,49.2,1.9,T-0582,F-05-01,T-0379,F-02-02
O0433,I,5628.3,29072.1,29072.1,29086.4,29110.8,29125.6,29154.7,29180.0,23551.7,23443.8,AMR3,AMR3,0,0,15,37.8,37.8,AMR3,52.6,52.6,AMR3,0,0,0.0,0,0,0,0,0.0,0,0.0,43,48.5,44.6,0.0,T-0583,I-02-01,T-0440,I-03-01
O0434,G,5649.7,29086.5,29086.5,29101.1,29151.2,29166.7,29195.1,29227.0,23577.3,23436.8,AMR2,AMR2,0,0,17,40.2,40.2,AMR2,57.0,57.0,AMR2,0,0,0.0,0,2,0,0,0.0,0,0.0,50,53.8,46.8,3.6,T-0584,G-06-01,T-0345,G-01-01
O0435,F,5668.3,29189.1,29189.1,29204.8,29238.1,29250.7,29283.6,29316.8,23648.5,23520.8,AMR1,AMR2,0,0,23,48.9,48.9,AMR1,65.3,65.3,AMR2,0,0,0.0,0,0,0,0,0.0,0,0.0,66,66.1,49.0,0.0,T-0585,F-06-01,T-0389,F-03-02
O0436,D,5685.1,29204.8,29204.8,29220.8,29246.2,29259.0,29309.4,29336.7,23651.6,23519.7,AMR3,AMR1,0,0,13,38.9,38.9,AMR3,49.1,49.1,AMR1,0,0,0.0,0,2,0,0,0.0,0,0.0,45,50.1,45.3,2.2,T-0586,D-05-01,T-0454,D-05-03
O0437,H,5709.6,29286.1,29286.1,29297.9,29324.4,29339.2,29363.5,29388.9,23679.3,23576.5,AMR3,AMR3,0,0,15,37.4,37.4,AMR3,49.8,49.8,AMR3,0,0,0.0,0,0,0,0,0.0,0,0.0,43,46.1,41.9,0.0,T-0587,H-04-01,T-0490,H-03-03
O0438,C,5726.9,29342.6,29342.6,29358.5,29382.8,29395.0,29470.7,29500.8,23773.9,23615.7,AMR2,AMR2,0,0,13,39.3,39.3,AMR2,54.9,54.9,AMR2,0,0,0.0,0,2,0,1,3.6,0,0.0,39,42.9,52.0,3.6,T-0588,C-01-03,T-0491,C-01-01
O0439,B,5742.6,29360.4,29360.4,29373.6,29399.7,29412.6,29436.3,29469.5,23726.9,23617.8,AMR1,AMR3,0,0,15,38.4,38.4,AMR1,52.1,52.1,AMR3,0,0,0.0,0,0,0,0,0.0,0,0.0,49,50.0,43.2,3.0,T-0589,B-04-02,T-0363,B-01-03
O0440,I,5765.4,29465.9,29465.9,29481.9,29562.5,29578.6,29649.2,29714.0,23948.6,23700.5,AMR1,AMR1,0,0,15,38.2,38.2,AMR1,54.2,54.2,AMR1,0,0,0.0,0,8,0,0,0.0,0,0.0,46,50.8,46.6,10.8,T-0591,I-03-01,T-0443,I-04-01
O0441,J,5787.0,29515.9,29515.9,29527.4,29559.2,29619.9,29651.4,29728.6,23941.6,23728.9,AMR3,AMR2,0,0,21,41.6,41.6,AMR3,61.2,61.2,AMR2,0,0,0.0,0,0,0,2,45.2,2,35.2,60,61.1,42.2,48.7,T-0590,J-03-01,T-0460,J-02-02
O0442,C,5807.9,29557.6,29557.6,29573.1,29594.7,29626.8,29648.8,29742.3,23934.4,23749.7,AMR2,AMR3,0,0,13,36.2,36.2,AMR2,48.4,48.4,AMR3,0,0,0.0,0,2,0,2,21.4,2,11.4,47,50.6,42.4,23.2,T-0592,C-01-01,T-0492,C-03-03
O0443,J,5824.8,29737.7,29737.7,29749.0,29778.6,29798.8,29829.6,29865.5,24040.7,23912.9,AMR1,AMR1,0,0,21,40.0,40.0,AMR1,63.4,63.4,AMR1,0,0,0.0,0,0,0,0,0.0,0,0.0,63,64.8,42.8,0.0,T-0593,J-01-02,T-0467,J-05-01
O0444,A,5847.0,29752.3,29752.3,29766.5,29794.8,29812.9,29964.5,30000.9,24153.9,23905.3,AMR2,AMR3,0,0,21,42.4,42.4,AMR2,61.2,61.2,AMR3,0,0,0.0,0,2,1,0,0.0,0,0.0,68,70.7,41.5,3.7,T-0594,A-06-02,T-0245,A-01-03
O0445,D,5865.6,29766.0,29766.0,29777.0,29798.1,29932.1,29956.4,29985.6,24120.0,23900.4,AMR3,AMR2,0,0,13,29.6,29.6,AMR3,51.2,51.2,AMR2,0,0,0.0,0,0,0,0,0.0,0,0.0,41,44.0,38.1,3.5,T-0595,D-04-03,T-0456,D-02-01
O0446,H,5886.7,29939.1,29939.1,29949.8,29973.9,29988.4,30015.7,30041.4,24154.7,24052.4,AMR1,AMR1,0,0,15,33.1,33.1,AMR1,52.7,52.7,AMR1,0,0,0.0,0,0,0,0,0.0,0,0.0,42,47.3,40.5,0.0,T-0596,H-03-03,T-0507,H-05-01
O0447,E,5907.1,30009.3,30009.3,30021.5,30048.4,30065.1,30096.0,30129.0,24221.9,24102.2,AMR2,AMR1,0,0,19,35.8,35.8,AMR2,62.1,62.1,AMR1,0,0,0.0,0,0,0,0,0.0,0,0.0,62,62.6,40.4,0.0,T-0597,E-06-01,T-0371,E-03-01
O0448,D,5931.1,30024.6,30024.6,30039.0,30058.7,30071.5,30142.1,30219.7,24288.6,24093.5,AMR3,AMR3,0,0,13,33.2,33.2,AMR3,56.8,56.8,AMR3,0,0,0.0,0,2,1,2,1.0,0,0.0,41,47.2,47.3,3.1,T-0598,D-02-01,T-0466,D-01-02
O0449,J,5952.9,30120.3,30120.3,30130.8,30160.2,30182.4,30213.5,30247.7,24294.8,24167.4,AMR2,AMR2,0,0,21,37.4,37.4,AMR2,62.0,62.0,AMR2,0,0,0.0,0,0,0,0,0.0,0,0.0,65,66.4,38.8,0.0,T-0599,J-05-01,T-0468,J-05-03
O0450,E,5972.5,30197.3,30197.3,30213.5,30238.4,30243.4,30272.0,30308.8,24336.3,24224.8,AMR1,AMR3,0,0,19,39.4,39.4,AMR1,62.1,62.1,AMR3,0,0,0.0,0,0,0,0,0.0,0,0.0,62,62.5,44.0,0.0,T-0600,E-03-01,T-0407,E-04-01
O0451,G,5992.5,30257.9,30257.9,30268.8,30299.0,30317.2,30348.1,30377.8,24385.3,24265.4,AMR1,AMR1,0,0,17,38.6,38.6,AMR1,58.8,58.8,AMR1,0,0,0.0,0,0,0,0,0.0,0,0.0,51,54.7,47.0,0.0,T-0601,G-01-01,T-0361,G-03-01
O0452,J,6015.7,30271.4,30271.4,30286.0,30316.8,30332.5,30399.4,30433.1,24417.4,24255.7,AMR2,AMR3,0,0,21,44.5,44.5,AMR2,60.1,60.1,AMR3,0,0,0.0,0,2,0,0,0.0,0,0.0,61,66.5,44.0,1.2,T-0602,J-02-02,T-0485,J-03-02
O0453,A,6039.4,30374.9,30374.9,30389.8,30422.2,30443.8,30476.6,30512.1,24472.7,24335.5,AMR2,AMR2,0,0,21,44.8,44.8,AMR2,65.0,65.0,AMR2,0,0,0.0,0,0,0,0,0.0,0,0.0,69,67.9,47.7,0.0,T-0603,A-01-03,T-0264,A-02-03
O0454,I,6063.2,30401.5,30401.5,30413.6,30438.1,30454.9,30534.3,30562.1,24498.9,24338.3,AMR1,AMR1,0,0,15,34.1,34.1,AMR1,55.0,55.0,AMR1,0,0,0.0,0,0,1,0,0.0,0,0.0,47,53.6,43.3,1.2,T-0604,I-04-01,T-0461,I-05-01
O0455,I,6085.3,30508.4,30508.4,30521.5,30571.5,30608.0,30691.6,30722.0,24636.7,24423.1,AMR3,AMR2,0,0,15,35.5,35.5,AMR3,55.6,55.6,AMR2,0,0,0.0,0,4,0,0,0.0,0,0.0,48,51.3,45.3,5.2,T-0605,I-03-03,T-0481,I-06-01
O0456,C,6103.1,30561.5,30561.5,30572.9,30595.8,30621.3,30647.3,30672.6,24569.5,24458.4,AMR2,AMR3,0,0,13,33.4,33.4,AMR2,46.6,46.6,AMR3,0,0,0.0,0,0,0,0,0.0,0,0.0,39,44.8,37.8,3.0,T-0606,C-02-03,T-0498,C-05-01
O0457,I,6122.6,30669.9,30669.9,30684.2,30755.5,30772.3,30800.8,30831.2,24708.6,24547.3,AMR1,AMR1,0,0,15,40.0,40.0,AMR1,55.6,55.6,AMR1,0,0,0.0,0,2,0,0,0.0,0,0.0,49,55.0,49.8,1.4,T-0607,I-05-01,T-0483,I-04-03
O0458,B,6145.9,30738.2,30738.2,30749.8,30774.7,30790.9,30815.8,30848.1,24702.2,24592.3,AMR3,AMR3,0,0,15,34.0,34.0,AMR3,53.9,53.9,AMR3,0,0,0.0,0,0,0,0,0.0,0,0.0,51,53.1,40.6,0.0,T-0608,B-01-03,T-0387,B-02-03
O0459,F,6169.1,30749.9,30749.9,30762.5,30792.5,30816.1,30846.7,30879.2,24710.1,24580.8,AMR2,AMR2,0,0,23,40.1,40.1,AMR2,62.8,62.8,AMR2,0,0,0.0,0,0,0,0,0.0,0,0.0,67,68.0,37.7,0.0,T-0609,F-02-02,T-0401,F-05-02
O0460,G,6188.3,30854.9,30854.9,30865.8,30890.4,30902.9,30971.0,31000.5,24812.2,24666.6,AMR1,AMR2,0,0,17,33.8,33.8,AMR1,52.2,52.2,AMR2,0,0,0.0,0,2,0,0,0.0,0,0.0,52,56.4,35.6,1.3,T-0610,G-03-01,T-0396,G-01-02
O0461,G,6207.0,30871.8,30871.8,30888.0,30912.8,30951.3,31034.0,31061.4,24854.4,24664.8,AMR3,AMR1,0,0,17,40.1,40.1,AMR3,52.7,52.7,AMR1,0,0,0.0,0,0,1,0,0.0,0,0.0,47,54.2,42.4,1.2,T-0611,G-04-03,T-0412,G-04-01
O0462,A,6225.8,31012.4,31012.4,31026.0,31058.6,31080.2,31108.0,31143.9,24918.1,24786.6,AMR3,AMR3,0,0,21,43.7,43.7,AMR3,61.9,61.9,AMR3,0,0,0.0,0,0,0,0,0.0,0,0.0,67,66.4,43.5,0.0,T-0612,A-02-03,T-0273,A-03-03
O0463,F,6250.1,31026.1,31026.1,31037.4,31068.2,31085.1,31117.6,31157.8,24907.7,24776.0,AMR2,AMR1,0,0,23,40.4,40.4,AMR2,65.1,65.1,AMR1,0,0,0.0,0,0,0,1,5.3,1,0.3,70,69.2,40.3,5.3,T-0613,F-03-02,T-0419,F-02-03
O0464,E,6266.4,31092.7,31092.7,31104.8,31133.6,31153.8,31179.5,31269.4,25003.0,24826.3,AMR2,AMR2,0,0,19,38.4,38.4,AMR2,60.0,60.0,AMR2,0,0,0.0,0,2,0,0,0.0,0,0.0,65,65.9,40.9,3.6,T-0614,E-04-01,T-0445,E-01-02
O0465,C,6288.4,31167.6,31167.6,31179.4,31246.9,31259.7,31281.7,31310.2,25021.8,24879.2,AMR3,AMR3,0,0,13,32.3,32.3,AMR3,50.2,50.2,AMR3,0,0,0.0,0,2,0,0,0.0,0,0.0,39,43.4,40.3,0.0,T-0616,C-05-01,T-0500,C-04-03
O0466,J,6308.1,31181.5,31181.5,31192.0,31224.8,31246.3,31278.6,31323.5,25015.4,24873.4,AMR1,AMR1,0,0,21,41.6,41.6,AMR1,61.7,61.7,AMR1,0,0,0.0,0,0,0,1,10.9,1,5.9,64,65.6,42.7,12.2,T-0615,J-03-02,T-0511,J-04-02
O0467,A,6332.1,31293.1,31293.1,31306.8,31335.1,31349.2,31377.4,31413.2,25081.1,24961.0,AMR2,AMR1,0,0,21,40.3,40.3,AMR2,64.7,64.7,AMR1,0,0,0.0,0,0,0,0,0.0,0,0.0,64,63.1,42.9,0.0,T-0617,A-03-03,T-0354,A-04-03
O0468,C,6349.3,31333.9,31333.9,31349.1,31373.7,31386.2,31406.9,31462.4,25113.1,24984.6,AMR3,AMR3,0,0,13,36.8,36.8,AMR3,45.9,45.9,AMR3,0,0,0.0,0,2,0,0,0.0,0,0.0,42,43.8,40.5,4.9,T-0618,C-03-03,T-0501,C-03-01
O0469,J,6373.7,31356.0,31356.0,31369.6,31399.9,31436.9,31469.0,31504.6,25130.9,24982.3,AMR2,AMR1,0,0,21,41.4,41.4,AMR2,64.4,64.4,AMR1,0,0,0.0,0,0,0,0,0.0,0,0.0,65,66.4,45.2,0.0,T-0619,J-04-02,T-0544,J-05-02
O0470,E,6392.9,31454.5,31454.5,31466.2,31492.6,31510.8,31537.2,31571.1,25178.2,25061.6,AMR2,AMR2,0,0,19,37.2,37.2,AMR2,57.0,57.0,AMR2,0,0,0.0,0,0,0,0,0.0,0,0.0,61,61.7,36.7,0.0,T-0620,E-01-02,T-0446,E-04-02
O0471,A,6410.9,31486.1,31486.1,31500.9,31531.4,31551.6,31582.8,31621.6,25210.7,25075.2,AMR3,AMR3,0,0,21,44.4,44.4,AMR3,66.7,66.7,AMR3,0,0,0.0,0,0,0,0,0.0,0,0.0,67,66.3,49.0,0.0,T-0621,A-04-03,T-0367,A-02-01
O0472,J,6430.1,31528.3,31528.3,31541.3,31572.1,31594.3,31669.6,31702.5,25272.4,25098.2,AMR1,AMR1,0,0,21,41.3,41.3,AMR1,66.2,66.2,AMR1,0,0,0.0,0,2,0,0,0.0,0,0.0,61,62.9,46.9,3.6,T-0622,J-05-02,T-0549,J-02-03
O0473,H,6445.8,31641.4,31641.4,31655.5,31682.7,31697.5,31778.8,31805.9,25360.1,25195.6,AMR2,AMR2,0,0,15,40.4,40.4,AMR2,50.3,50.3,AMR2,0,0,0.0,0,2,0,0,0.0,0,0.0,41,46.5,45.4,3.6,T-0623,H-05-01,T-0508,H-04-03
O0474,I,6466.1,31655.5,31655.5,31667.8,31695.6,31726.2,31751.1,31776.0,25309.9,25189.4,AMR3,AMR1,0,0,15,36.8,36.8,AMR3,50.0,50.0,AMR1,0,0,0.0,0,0,0,0,0.0,0,0.0,44,48.9,41.0,0.0,T-0624,I-06-01,T-0509,I-01-02
O0475,C,6483.6,31772.2,31772.2,31783.3,31807.4,31829.6,31874.3,31905.2,25421.6,25288.6,AMR3,AMR2,0,0,13,33.5,33.5,AMR3,54.6,54.6,AMR2,0,0,0.0,0,1,0,0,0.0,1,12.3,42,47.6,45.9,17.3,T-0625,C-03-01,T-0502,C-05-03
O0476,J,6502.8,31799.7,31799.7,31813.5,31878.5,31898.7,31931.5,31964.8,25462.0,25296.9,AMR1,AMR1,0,0,21,43.9,43.9,AMR1,66.3,66.3,AMR1,0,0,0.0,0,3,0,0,0.0,0,0.0,59,61.3,49.6,0.0,T-0626,J-02-03,T-0553,J-01-03
O0477,G,6520.3,31856.6,31856.6,31871.8,31899.2,31916.0,31945.2,31979.1,25458.8,25336.3,AMR3,AMR3,0,0,17,41.7,41.7,AMR3,56.2,56.2,AMR3,0,0,0.0,0,0,0,1,5.1,1,0.1,49,53.1,47.5,5.1,T-0627,G-04-01,T-0421,G-03-02
O0478,B,6541.9,31928.9,31928.9,31943.9,31969.3,31985.5,32010.3,32101.4,25559.5,25387.0,AMR2,AMR2,0,0,15,37.9,37.9,AMR2,54.6,54.6,AMR2,0,0,0.0,0,2,0,2,1.1,0,0.0,47,50.9,45.2,2.1,T-0628,B-02-03,T-0413,B-05-02
O0479,B,6566.6,31988.5,31988.5,32002.9,32086.5,32101.3,32126.3,32155.3,25588.7,25421.9,AMR1,AMR1,0,0,15,35.4,35.4,AMR1,55.7,55.7,AMR1,0,0,0.0,0,2,0,0,0.0,0,0.0,43,46.5,43.8,3.6,T-0630,B-05-03,T-0426,B-06-02
O0480,I,6587.1,32002.8,32002.8,32017.2,32041.1,32055.9,32079.8,32118.4,25531.3,25415.7,AMR3,AMR3,0,0,15,37.4,37.4,AMR3,52.7,52.7,AMR3,0,0,0.0,0,0,0,1,10.0,1,5.0,41,46.5,44.3,10.0,T-0629,I-01-02,T-0518,I-02-02
O0481,H,6602.3,32125.1,32125.1,32139.4,32166.4,32179.0,32204.1,32227.1,25624.8,25522.8,AMR2,AMR1,0,0,15,40.4,40.4,AMR2,49.3,49.3,AMR1,0,0,0.0,0,0,0,0,0.0,0,0.0,41,45.0,44.4,0.0,T-0631,H-04-03,T-0516,H-02-02
O0482,F,6623.6,32142.1,32142.1,32157.3,32187.1,32209.3,32273.4,32312.3,25688.7,25518.5,AMR3,AMR3,0,0,23,44.1,44.1,AMR3,67.7,67.7,AMR3,0,0,0.0,0,2,0,0,0.0,0,0.0,65,66.4,46.6,7.2,T-0632,F-05-02,T-0433,F-04-02
O0483,F,6646.1,32182.3,32182.3,32193.5,32226.6,32250.8,32290.4,32327.4,25681.3,25536.2,AMR2,AMR1,0,0,23,41.8,41.8,AMR2,65.1,65.1,AMR1,0,0,0.0,0,0,0,1,1.7,0,0.0,71,72.9,41.7,6.3,T-0633,F-02-03,T-0437,F-03-03
O0484,B,6664.6,32280.7,32280.7,32292.2,32316.1,32330.9,32358.9,32389.1,25724.5,25616.1,AMR2,AMR2,0,0,15,34.5,34.5,AMR2,56.4,56.4,AMR2,0,0,0.0,0,0,0,0,0.0,0,0.0,47,50.0,43.6,0.0,T-0634,B-05-02,T-0429,B-03-01
O0485,F,6686.9,32336.0,32336.0,32351.8,32384.3,32402.0,32470.2,32503.6,25816.7,25649.1,AMR3,AMR1,0,0,23,47.4,47.4,AMR3,64.2,64.2,AMR1,0,0,0.0,0,0,1,0,0.0,0,0.0,63,66.6,46.4,1.1,T-0635,F-04-02,T-0455,F-06-02
O0486,I,6702.4,32351.1,32351.1,32364.7,32387.2,32412.8,32438.0,32468.3,25765.9,25648.7,AMR1,AMR2,0,0,15,35.2,35.2,AMR1,53.7,53.7,AMR2,0,0,0.0,0,0,0,0,0.0,0,0.0,43,48.5,43.1,0.0,T-0636,I-02-02,T-0528,I-03-02
O0487,C,6725.5,32445.9,32445.9,32461.0,32480.6,32519.6,32542.9,32573.0,25847.5,25720.4,AMR3,AMR2,0,0,13,33.8,33.8,AMR3,53.1,53.1,AMR2,0,0,0.0,0,0,0,0,0.0,0,0.0,39,43.4,44.7,0.0,T-0637,C-04-03,T-0505,C-04-01
O0488,H,6745.1,32523.2,32523.2,32538.5,32564.0,32578.2,32605.3,32633.0,25887.9,25778.1,AMR3,AMR3,0,0,15,39.9,39.9,AMR3,53.9,53.9,AMR3,0,0,0.0,0,0,0,0,0.0,0,0.0,43,47.1,48.5,0.0,T-0638,H-02-02,T-0517,H-03-01
O0489,C,6762.0,32538.6,32538.6,32554.2,32575.6,32588.4,32613.7,32645.1,25883.1,25776.6,AMR1,AMR1,0,0,13,36.1,36.1,AMR1,51.4,51.4,AMR1,0,0,0.0,0,0,0,1,7.0,1,2.0,37,41.4,45.3,7.0,T-0639,C-04-01,T-0506,C-06-01
O0490,H,6784.1,32596.7,32596.7,32609.9,32633.7,32648.2,32674.3,32698.9,25914.8,25812.6,AMR2,AMR2,0,0,15,35.3,35.3,AMR2,50.8,50.8,AMR2,0,0,0.0,0,0,0,0,0.0,0,0.0,44,46.9,40.8,0.0,T-0640,H-03-01,T-0519,H-03-02
O0491,A,6802.1,32656.7,32656.7,32668.5,32697.8,32719.4,32747.6,32785.3,25983.2,25854.6,AMR3,AMR3,0,0,21,38.6,38.6,AMR3,64.1,64.1,AMR3,0,0,0.0,0,0,0,0,0.0,0,0.0,67,66.4,40.6,0.0,T-0641,A-02-01,T-0372,A-03-01
O0492,F,6825.9,32668.8,32668.8,32682.3,32713.5,32722.6,32758.8,32801.7,25975.8,25842.9,AMR1,AMR2,0,0,23,44.6,44.6,AMR1,70.1,70.1,AMR2,0,0,0.0,0,0,0,1,5.5,1,0.5,68,67.6,49.5,6.7,T-0642,F-06-02,T-0473,F-01-02
O0493,I,6846.1,32734.4,32734.4,32748.5,32772.5,32788.6,32849.6,32875.3,26029.2,25888.3,AMR1,AMR1,0,0,15,36.4,36.4,AMR1,48.5,48.5,AMR1,0,0,0.0,0,2,0,0,0.0,0,0.0,46,50.8,39.1,3.6,T-0643,I-03-02,T-0532,I-04-02
O0494,D,6863.6,32829.8,32829.8,32846.1,32870.0,32882.8,32938.9,32965.0,26101.4,25966.2,AMR2,AMR2,0,0,13,39.3,39.3,AMR2,49.1,49.1,AMR2,0,0,0.0,0,0,1,0,0.0,0,0.0,41,46.8,45.7,1.1,T-0644,D-01-02,T-0471,D-02-02
O0495,A,6882.2,32846.1,32846.1,32857.4,32888.6,32909.5,32938.3,32981.4,26099.2,25963.9,AMR3,AMR3,0,0,21,40.8,40.8,AMR3,66.5,66.5,AMR3,0,0,0.0,0,0,0,1,5.1,1,0.1,64,64.1,45.2,5.1,T-0645,A-03-01,T-0377,A-05-01
O0496,F,6899.9,32930.9,32930.9,32942.9,32977.7,32988.7,33018.4,33102.2,26202.3,26031.0,AMR1,AMR2,0,0,23,44.3,44.3,AMR1,64.2,64.2,AMR2,0,0,0.0,0,2,0,0,0.0,0,0.0,71,69.5,43.3,1.4,T-0646,F-01-02,T-0512,F-01-03
O0497,H,6923.8,33001.3,33001.3,33017.2,33086.5,33101.0,33125.3,33150.4,26226.6,26077.5,AMR1,AMR1,0,0,15,37.4,37.4,AMR1,49.1,49.1,AMR1,0,0,0.0,0,2,0,0,0.0,0,0.0,42,47.3,41.2,0.0,T-0648,H-03-02,T-0523,H-04-02
O0498,C,6942.2,33017.2,33017.2,33031.5,33051.5,33063.0,33086.9,33119.5,26177.3,26075.0,AMR3,AMR3,0,0,13,34.2,34.2,AMR3,55.6,55.6,AMR3,0,0,0.0,0,0,0,1,2.1,0,0.0,38,41.1,47.6,2.1,T-0647,C-06-01,T-0510,C-01-02
O0499,F,6964.1,33125.9,33125.9,33136.6,33171.3,33174.1,33207.7,33242.8,26278.7,26161.8,AMR2,AMR1,0,0,23,42.9,42.9,AMR2,69.4,69.4,AMR1,0,0,0.0,0,0,0,0,0.0,0,0.0,67,67.0,47.1,0.0,T-0649,F-01-03,T-0540,F-04-01
O0500,B,6981.8,33143.2,33143.2,33155.9,33179.9,33245.4,33331.5,33360.3,26378.5,26161.4,AMR3,AMR3,0,0,15,35.0,35.0,AMR3,54.4,54.4,AMR3,0,0,0.0,0,2,0,0,0.0,0,0.0,48,50.8,42.1,3.6,T-0650,B-03-01,T-0431,B-03-03
O0501,G,7001.0,33266.5,33266.5,33278.2,33307.6,33310.5,33337.1,33376.7,26375.7,26265.5,AMR1,AMR2,0,0,17,38.6,38.6,AMR1,54.9,54.9,AMR2,0,0,0.0,0,0,0,1,8.0,1,3.0,53,56.2,43.1,8.0,T-0651,G-01-02,T-0435,G-02-02
O0502,C,7026.0,33325.8,33325.8,33341.5,33361.2,33373.4,33397.0,33421.8,26395.8,26299.8,AMR1,AMR1,0,0,13,34.5,34.5,AMR1,48.6,48.6,AMR1,0,0,0.0,0,0,0,0,0.0,0,0.0,39,42.9,40.9,0.0,T-0652,C-01-02,T-0513,C-02-02
O0503,B,7043.9,33384.0,33384.0,33397.5,33422.8,33436.3,33458.5,33487.7,26443.8,26340.1,AMR3,AMR3,0,0,15,38.7,38.7,AMR3,51.1,51.1,AMR3,0,0,0.0,0,0,0,0,0.0,0,0.0,44,47.7,42.5,0.0,T-0653,B-06-02,T-0484,B-04-03
O0504,E,7062.2,33400.4,33400.4,33416.4,33445.1,33445.5,33475.8,33510.0,26447.8,26338.2,AMR2,AMR1,0,0,19,42.2,42.2,AMR2,61.2,61.2,AMR1,0,0,0.0,0,0,0,0,0.0,0,0.0,63,63.3,45.9,0.0,T-0654,E-04-02,T-0458,E-05-01
O0505,G,7081.6,33465.3,33465.3,33476.8,33504.5,33511.4,33537.5,33563.6,26482.0,26383.7,AMR2,AMR3,0,0,17,36.7,36.7,AMR2,52.9,52.9,AMR3,0,0,0.0,0,0,0,0,0.0,0,0.0,49,52.2,39.2,0.0,T-0655,G-02-02,T-0448,G-04-02
O0506,F,7103.5,33522.7,33522.7,33537.1,33568.5,33587.3,33697.3,33732.9,26629.4,26419.2,AMR2,AMR3,0,0,23,44.9,44.9,AMR2,69.7,69.7,AMR3,0,0,0.0,0,2,0,0,0.0,0,0.0,79,78.5,49.4,3.7,T-0656,F-04-01,T-0556,F-04-03
O0507,F,7119.0,33537.2,33537.2,33552.8,33615.5,33638.4,33678.8,33716.1,26597.1,26418.2,AMR1,AMR1,0,0,23,47.4,47.4,AMR1,68.0,68.0,AMR1,0,0,0.0,0,2,0,0,0.0,0,0.0,72,73.6,50.2,6.6,T-0657,F-03-03,T-0568,F-02-01
O0508,E,7144.0,33679.2,33679.2,33692.0,33721.3,33787.3,33894.6,33931.2,26787.2,26535.2,AMR2,AMR1,0,0,19,39.6,39.6,AMR2,61.9,61.9,AMR1,0,0,0.0,0,4,0,0,0.0,0,0.0,59,63.0,44.0,1.3,T-0658,E-05-01,T-0465,E-02-02
O0509,A,7168.8,33825.2,33825.2,33836.8,33866.7,33876.2,33908.6,33947.1,26778.3,26656.4,AMR3,AMR2,0,0,21,40.6,40.6,AMR3,68.6,68.6,AMR2,0,0,0.0,0,0,0,0,0.0,0,0.0,67,65.3,47.1,0.0,T-0659,A-05-01,T-0428,A-01-02
O0510,G,7190.5,33886.9,33886.9,33901.0,33925.2,33942.7,33972.5,33999.1,26808.6,26696.4,AMR3,AMR3,0,0,17,36.6,36.6,AMR3,56.1,56.1,AMR3,0,0,0.0,0,0,0,0,0.0,0,0.0,48,52.4,42.3,0.0,T-0660,G-03-02,T-0476,G-05-02
O0511,C,7210.6,33954.9,33954.9,33967.8,33991.3,34003.5,34025.4,34103.5,26892.9,26744.3,AMR1,AMR1,0,0,13,35.5,35.5,AMR1,47.3,47.3,AMR1,0,0,0.0,0,2,0,1,3.7,0,0.0,41,44.0,40.6,7.3,T-0661,C-02-02,T-0515,C-03-02
O0512,J,7227.0,33970.8,33970.8,33986.6,34017.7,34022.8,34055.6,34090.7,26863.7,26743.8,AMR2,AMR3,0,0,21,46.0,46.0,AMR2,63.1,63.1,AMR3,0,0,0.0,0,0,0,0,0.0,0,0.0,65,66.3,48.5,0.0,T-0662,J-01-03,T-0554,J-06-02
O0513,A,7249.8,34086.6,34086.6,34102.7,34132.3,34153.9,34181.0,34219.9,26970.1,26836.8,AMR2,AMR2,0,0,21,43.2,43.2,AMR2,64.2,64.2,AMR2,0,0,0.0,0,0,0,0,0.0,0,0.0,67,66.4,45.3,0.0,T-0663,A-01-02,T-0463,A-03-02
O0514,F,7265.5,34114.4,34114.4,34129.1,34163.4,34187.0,34218.8,34250.6,26985.1,26848.9,AMR3,AMR3,0,0,23,46.5,46.5,AMR3,61.8,61.8,AMR3,0,0,0.0,0,0,0,0,0.0,0,0.0,69,69.5,43.1,0.0,T-0664,F-02-01,T-0573,F-03-01
O0515,J,7284.3,34129.2,34129.2,34140.6,34171.4,34194.3,34223.9,34267.3,26983.0,26844.9,AMR1,AMR1,0,0,21,38.9,38.9,AMR1,63.1,63.1,AMR1,0,0,0.0,0,0,0,2,8.1,1,0.7,64,65.7,41.4,8.1,T-0665,J-06-02,T-0555,J-03-03
O0516,H,7305.4,34243.6,34243.6,34256.1,34280.8,34291.0,34316.4,34343.0,27037.6,26938.2,AMR2,AMR1,0,0,15,36.3,36.3,AMR2,53.2,53.2,AMR1,0,0,0.0,0,0,0,0,0.0,0,0.0,41,45.0,44.2,0.0,T-0666,H-04-02,T-0529,H-01-01
O0517,B,7324.1,34274.3,34274.3,34286.7,34310.1,34325.6,34347.5,34414.7,27090.6,26950.2,AMR3,AMR3,0,0,15,34.1,34.1,AMR3,51.8,51.8,AMR3,0,0,0.0,0,2,0,0,0.0,0,0.0,46,50.2,38.6,2.0,T-0667,B-03-03,T-0495,B-06-01
O0518,F,7340.5,34295.6,34295.6,34311.1,34342.9,34366.7,34395.0,34429.9,27089.4,26955.1,AMR2,AMR1,0,0,23,45.6,45.6,AMR2,63.9,63.9,AMR1,0,0,0.0,0,0,0,0,0.0,0,0.0,66,66.2,44.3,0.0,T-0668,F-03-01,T-0574,F-05-03
O0519,E,7358.6,34403.5,34403.5,34418.8,34446.6,34453.6,34481.9,34518.4,27159.8,27044.9,AMR2,AMR1,0,0,19,42.2,42.2,AMR2,61.5,61.5,AMR1,0,0,0.0,0,0,0,0,0.0,0,0.0,61,61.7,46.2,0.0,T-0669,E-02-02,T-0479,E-05-02
O0520,A,7383.2,34438.4,34438.4,34452.0,34479.8,34500.7,34530.5,34567.3,27184.1,27055.2,AMR3,AMR3,0,0,21,39.7,39.7,AMR3,66.3,66.3,AMR3,0,0,0.0,0,0,0,0,0.0,0,0.0,64,64.1,43.9,0.0,T-0670,A-03-02,T-0469,A-04-01
O0521,G,7403.2,34464.8,34464.8,34475.3,34500.5,34517.3,34547.3,34584.6,27181.4,27061.6,AMR2,AMR2,0,0,17,34.8,34.8,AMR2,59.2,59.2,AMR2,0,0,0.0,0,0,0,1,4.8,0,0.0,51,54.6,43.6,4.8,T-0671,G-04-02,T-0487,G-02-01
O0522,E,7419.4,34542.1,34542.1,34555.1,34585.0,34591.0,34619.3,34656.0,27236.6,27122.7,AMR1,AMR3,0,0,19,40.4,40.4,AMR1,65.2,65.2,AMR3,0,0,0.0,0,0,0,0,0.0,0,0.0,59,59.8,48.1,0.0,T-0672,E-05-02,T-0489,E-01-03
O0523,J,7438.9,34605.2,34605.2,34621.0,34653.9,34675.4,34739.0,34773.2,27334.3,27166.3,AMR1,AMR1,0,0,21,47.0,47.0,AMR1,61.7,61.7,AMR1,0,0,0.0,0,2,0,0,0.0,0,0.0,60,65.3,48.1,2.1,T-0673,J-03-03,T-0565,J-01-01
O0524,H,7460.8,34621.0,34621.0,34636.8,34663.9,34678.1,34709.9,34737.2,27276.4,27160.2,AMR2,AMR2,0,0,15,42.0,42.0,AMR2,54.8,54.8,AMR2,0,0,0.0,0,0,0,0,0.0,0,0.0,41,47.5,51.5,3.0,T-0674,H-01-01,T-0539,H-05-02
O0525,B,7477.0,34714.3,34714.3,34726.2,34749.5,34762.1,34815.9,34848.9,27371.9,27237.3,AMR3,AMR2,0,0,15,35.1,35.1,AMR3,57.3,57.3,AMR2,0,0,0.0,0,0,1,0,0.0,0,0.0,48,52.3,45.1,1.2,T-0675,B-06-01,T-0497,B-01-01
O0526,H,7493.8,34790.9,34790.9,34806.1,34833.9,34848.7,34874.5,34897.6,27403.8,27297.1,AMR3,AMR3,0,0,15,42.1,42.1,AMR3,50.6,50.6,AMR3,0,0,0.0,0,0,0,0,0.0,0,0.0,39,44.5,47.4,0.0,T-0676,H-05-02,T-0541,H-06-02
O0527,F,7516.9,34806.2,34806.2,34818.7,34851.9,34872.6,34939.1,34977.5,27460.6,27289.3,AMR1,AMR2,0,0,23,44.8,44.8,AMR1,68.6,68.6,AMR2,0,0,0.0,0,2,0,0,0.0,0,0.0,69,72.2,48.2,1.6,T-0677,F-04-03,T-0579,F-01-01
O0528,B,7535.3,34906.3,34906.3,34918.4,34941.9,34958.1,34986.8,35021.4,27486.1,27371.0,AMR1,AMR1,0,0,15,33.1,33.1,AMR1,60.0,60.0,AMR1,0,0,0.0,0,0,0,0,0.0,0,0.0,51,53.1,45.8,0.0,T-0678,B-01-01,T-0499,B-02-01
O0529,E,7555.8,34921.3,34921.3,34936.1,34960.8,34979.0,35008.5,35042.8,27487.0,27365.5,AMR3,AMR3,0,0,19,38.6,38.6,AMR3,64.0,64.0,AMR3,0,0,0.0,0,0,0,0,0.0,0,0.0,57,58.2,45.1,0.0,T-0679,E-01-03,T-0514,E-02-03
O0530,C,7577.9,35001.2,35001.2,35017.4,35043.0,35045.1,35130.5,35158.8,27580.9,27423.3,AMR2,AMR1,0,0,13,40.1,40.1,AMR2,54.3,54.3,AMR1,0,0,0.0,0,2,0,0,0.0,0,0.0,42,47.0,52.2,2.0,T-0680,C-03-02,T-0527,C-04-02
O0531,B,7598.0,35066.5,35066.5,35081.3,35107.2,35113.4,35136.1,35171.8,27573.8,27468.5,AMR3,AMR2,0,0,15,38.2,38.2,AMR3,52.2,52.2,AMR2,0,0,0.0,0,0,0,1,6.9,1,1.9,47,49.1,43.1,6.9,T-0681,B-02-01,T-0530,B-04-01
O0532,D,7620.9,35123.4,35123.4,35139.1,35161.1,35173.9,35288.1,35317.6,27696.7,27502.5,AMR3,AMR3,0,0,13,36.8,36.8,AMR3,50.9,50.9,AMR3,0,0,0.0,0,4,0,0,0.0,0,0.0,43,48.8,45.0,6.6,T-0682,D-02-02,T-0475,D-03-02
O0533,I,7636.1,35199.5,35199.5,35211.2,35287.1,35341.3,35467.3,35498.4,27862.3,27563.4,AMR2,AMR3,0,0,15,35.6,35.6,AMR2,54.5,54.5,AMR3,0,0,0.0,0,2,2,1,1.3,2,10.5,51,58.4,44.3,29.7,T-0683,I-04-02,T-0534,I-05-02
O0534,I,7654.8,35222.6,35222.6,35234.5,35371.0,35376.8,35421.6,35482.3,27827.5,27567.8,AMR1,AMR2,0,0,15,37.8,37.8,AMR1,50.3,50.3,AMR2,0,0,0.0,0,2,2,0,0.0,3,33.6,51,58.5,42.3,56.8,T-0684,I-04-03,T-0535,I-05-03
O0535,B,7676.0,35427.9,35427.9,35441.9,35466.5,35481.3,35506.2,35538.8,27862.8,27751.9,AMR1,AMR1,0,0,15,37.7,37.7,AMR1,57.2,57.2,AMR1,0,0,0.0,0,0,0,0,0.0,0,0.0,45,48.5,47.6,0.0,T-0685,B-04-01,T-0545,B-05-01
O0536,H,7694.1,35506.0,35506.0,35522.0,35543.2,35556.7,35583.4,35606.2,27912.1,27811.9,AMR2,AMR2,0,0,15,37.1,37.1,AMR2,50.7,50.7,AMR2,0,0,0.0,0,0,0,0,0.0,0,0.0,40,44.2,42.5,0.0,T-0686,H-06-02,T-0543,H-01-03
O0537,G,7713.1,35522.1,35522.1,35537.6,35566.8,35585.0,35613.6,35639.0,27925.9,27809.0,AMR3,AMR3,0,0,17,42.2,42.2,AMR3,55.7,55.7,AMR3,0,0,0.0,0,0,0,0,0.0,0,0.0,47,51.2,47.5,0.0,T-0687,G-02-01,T-0494,G-06-02
O0538,F,7728.9,35562.5,35562.5,35578.0,35611.3,35629.9,35703.3,35739.9,28011.0,27833.6,AMR1,AMR2,0,0,23,44.8,44.8,AMR1,69.0,69.0,AMR2,0,0,0.0,0,2,0,0,0.0,0,0.0,67,70.2,48.6,2.8,T-0688,F-01-01,T-0582,F-05-01
O0539,H,7744.6,35662.7,35662.7,35673.6,35700.2,35714.4,35742.1,35770.5,28025.9,27918.1,AMR3,AMR3,0,0,15,36.6,36.6,AMR3,56.3,56.3,AMR3,0,0,0.0,0,0,0,0,0.0,0,0.0,41,46.0,47.6,0.0,T-0689,H-01-03,T-0552,H-02-03
O0540,C,7764.8,35675.7,35675.7,35690.8,35715.1,35727.9,35749.6,35783.6,28018.8,27910.9,AMR1,AMR1,0,0,13,38.5,38.5,AMR1,49.1,49.1,AMR1,0,0,0.0,0,0,0,1,7.8,1,2.8,39,41.9,45.4,7.8,T-0690,C-04-02,T-0531,C-02-01
O0541,C,7786.2,35763.6,35763.6,35776.3,35800.2,35810.4,35832.5,35859.2,28073.0,27977.4,AMR2,AMR1,0,0,13,35.7,35.7,AMR2,48.5,48.5,AMR1,0,0,0.0,0,0,0,0,0.0,0,0.0,39,43.4,42.0,0.0,T-0691,C-02-01,T-0537,C-05-02
O0542,A,7805.5,35794.2,35794.2,35810.3,35839.9,35860.1,35890.5,35929.1,28123.6,27988.7,AMR3,AMR3,0,0,21,44.8,44.8,AMR3,68.7,68.7,AMR3,0,0,0.0,0,0,0,0,0.0,0,0.0,63,63.3,51.4,0.0,T-0692,A-04-01,T-0503,A-05-02
O0543,E,7825.7,35813.8,35813.8,35830.1,35859.6,35877.8,35935.9,35977.8,28152.1,27988.1,AMR2,AMR2,0,0,19,44.9,44.9,AMR2,59.6,59.6,AMR2,0,0,0.0,0,2,0,0,0.0,0,0.0,63,64.5,47.0,6.6,T-0693,E-02-03,T-0521,E-06-02
O0544,D,7842.3,35915.5,35915.5,35931.4,35956.0,35970.1,35994.8,36055.7,28213.4,28073.2,AMR1,AMR1,0,0,13,38.8,38.8,AMR1,53.5,53.5,AMR1,0,0,0.0,0,1,0,0,0.0,0,0.0,44,47.7,49.6,3.6,T-0694,D-03-02,T-0482,D-04-02
O0545,I,7866.8,35954.3,35954.3,35965.7,35993.0,36001.5,36043.7,36073.0,28206.2,28087.5,AMR3,AMR2,0,0,15,36.2,36.2,AMR3,51.7,51.7,AMR2,0,0,0.0,0,0,0,1,15.0,1,10.0,49,53.1,42.1,15.0,T-0695,I-05-02,T-0542,I-06-02
O0546,E,7890.3,36042.3,36042.3,36053.1,36081.9,36096.7,36123.9,36158.5,28268.2,28152.0,AMR3,AMR2,0,0,19,36.3,36.3,AMR3,60.0,60.0,AMR2,0,0,0.0,0,0,0,0,0.0,0,0.0,62,62.6,38.8,0.0,T-0696,E-06-02,T-0525,E-03-03
O0547,I,7911.6,36079.4,36079.4,36094.8,36121.2,36138.7,36167.6,36287.7,28376.1,28167.8,AMR1,AMR1,0,0,15,38.5,38.5,AMR1,57.3,57.3,AMR1,0,0,0.0,0,4,0,0,0.0,0,0.0,50,54.2,50.0,2.3,T-0697,I-06-02,T-0546,I-02-03
O0548,E,7927.9,36103.9,36103.9,36116.5,36143.1,36163.3,36190.6,36226.0,28298.1,28176.0,AMR3,AMR3,0,0,19,36.7,36.7,AMR3,62.9,62.9,AMR3,0,0,0.0,0,0,0,0,0.0,0,0.0,59,59.8,42.1,0.0,T-0698,E-05-03,T-0558,E-02-01
O0549,I,7948.2,36318.6,36318.6,36390.5,36413.5,36443.8,36530.9,36559.0,28610.8,28370.4,AMR3,AMR1,0,0,15,34.2,34.2,AMR3,55.5,55.5,AMR1,0,0,0.0,0,2,1,0,0.0,0,0.0,45,51.1,43.9,4.6,T-0699,I-02-03,T-0559,I-01-03
O0550,J,7964.9,36544.0,36544.0,36556.7,36587.3,36648.1,36708.6,36742.7,28777.8,28579.1,AMR2,AMR1,0,0,21,42.4,42.4,AMR2,65.2,65.2,AMR1,0,0,0.0,0,2,0,0,0.0,0,0.0,63,67.6,47.0,2.6,T-0700,J-01-01,T-0566,J-04-03
O0551,J,7981.6,36556.7,36556.7,36571.4,36645.2,36674.8,36759.6,36791.9,28810.3,28575.1,AMR3,AMR2,0,0,21,41.8,41.8,AMR3,64.0,64.0,AMR2,0,0,0.0,0,4,0,0,0.0,0,0.0,61,65.7,45.2,7.1,T-0702,J-05-03,T-0571,J-02-01
O0552,F,8005.6,36582.7,36582.7,36594.4,36625.9,36728.7,36759.8,36807.5,28801.9,28577.1,AMR1,AMR3,0,0,23,42.3,42.3,AMR1,67.6,67.6,AMR3,0,0,0.0,0,0,0,1,11.5,1,6.5,63,63.4,44.7,13.9,T-0701,F-05-01,T-0585,F-06-01
O0553,A,8021.0,36766.4,36766.4,36782.2,36811.4,36815.6,36844.3,36880.3,28859.3,28745.4,AMR1,AMR2,0,0,21,44.1,44.1,AMR1,67.4,67.4,AMR2,0,0,0.0,0,0,0,0,0.0,0,0.0,61,60.3,49.4,0.0,T-0703,A-05-02,T-0504,A-06-01
O0554,J,8036.5,36871.4,36871.4,36884.9,36916.9,36965.5,36995.3,37035.1,28998.6,28834.9,AMR3,AMR2,0,0,21,44.6,44.6,AMR3,63.6,63.6,AMR2,0,0,0.0,0,0,0,0,0.0,0,0.0,67,64.5,47.6,3.0,T-0704,J-02-01,T-0577,J-06-01
O0555,J,8058.0,36885.0,36885.0,36897.4,36971.3,36973.9,37006.4,37047.6,28989.6,28827.0,AMR1,AMR3,0,0,21,43.0,43.0,AMR1,61.2,61.2,AMR3,0,0,0.0,0,0,1,1,9.2,1,4.2,67,69.8,43.6,12.9,T-0706,J-04-03,T-0578,J-04-01
O0556,A,8079.2,36904.0,36904.0,36917.7,36946.6,36993.5,37021.1,37064.3,28985.1,28824.8,AMR2,AMR1,0,0,21,42.5,42.5,AMR2,65.1,65.1,AMR1,0,0,0.0,0,0,0,1,3.4,0,0.0,66,64.5,45.5,3.4,T-0705,A-06-01,T-0533,A-02-02
O0557,I,8103.1,37058.8,37058.8,37072.5,37157.7,37172.5,37201.2,37225.1,29122.0,28955.7,AMR2,AMR2,0,0,15,40.3,40.3,AMR2,52.8,52.8,AMR2,0,0,0.0,0,2,0,0,0.0,0,0.0,41,46.5,47.3,3.6,T-0708,I-01-03,T-0575,I-01-01
O0558,E,8124.5,37072.5,37072.5,37087.2,37116.3,37134.5,37160.5,37192.9,29068.4,28948.0,AMR3,AMR3,0,0,19,42.9,42.9,AMR3,56.6,56.6,AMR3,0,0,0.0,0,0,0,0,0.0,0,0.0,59,60.2,42.0,0.0,T-0707,E-02-01,T-0561,E-03-02
O0559,G,8141.9,37146.8,37146.8,37161.3,37188.8,37205.6,37237.1,37267.7,29125.8,29004.9,AMR1,AMR1,0,0,17,41.1,41.1,AMR1,58.8,58.8,AMR1,0,0,0.0,0,0,0,0,0.0,0,0.0,51,54.6,49.5,0.0,T-0709,G-05-02,T-0496,G-01-03
O0560,A,8161.5,37218.5,37218.5,37234.7,37265.5,37287.1,37315.1,37354.4,29192.9,29057.0,AMR3,AMR3,0,0,21,44.5,44.5,AMR3,61.6,61.6,AMR3,0,0,0.0,0,0,0,1,5.4,1,0.4,65,64.9,44.0,5.4,T-0710,A-02-02,T-0564,A-04-02
O0561,H,8180.9,37248.8,37248.8,37260.6,37286.8,37291.4,37318.8,37342.1,29161.2,29067.9,AMR2,AMR1,0,0,15,37.1,37.1,AMR2,52.4,52.4,AMR1,0,0,0.0,0,0,0,0,0.0,0,0.0,39,44.5,44.2,0.0,T-0711,H-02-03,T-0557,H-06-01
O0562,J,8197.9,37301.0,37301.0,37316.2,37346.6,37365.8,37450.3,37483.8,29285.9,29103.1,AMR2,AMR1,0,0,21,43.1,43.1,AMR2,61.6,61.6,AMR1,0,0,0.0,0,2,0,0,0.0,0,0.0,63,68.1,44.1,1.3,T-0712,J-04-01,T-0590,J-03-01
O0563,F,8216.0,37475.5,37475.5,37526.0,37554.1,37628.8,37723.1,37803.8,29587.8,29259.5,AMR2,AMR2,0,0,23,41.3,41.3,AMR2,64.6,64.6,AMR2,0,0,0.0,0,3,1,0,0.0,0,0.0,74,79.8,40.7,3.7,T-0713,F-06-01,T-0609,F-02-02
O0564,F,8240.9,37522.7,37522.7,37581.1,37612.4,37633.2,37673.7,37711.2,29470.3,29281.8,AMR1,AMR3,0,0,23,44.8,44.8,AMR1,69.4,69.4,AMR3,0,0,0.0,0,0,1,0,0.0,0,0.0,69,74.2,49.0,4.1,T-0714,F-05-03,T-0613,F-03-02
O0565,F,8257.2,37694.5,37694.5,37706.8,37780.0,37802.9,37836.2,37925.0,29667.8,29437.3,AMR1,AMR1,0,0,23,40.7,40.7,AMR1,68.5,68.5,AMR1,0,0,0.0,0,4,0,0,0.0,0,0.0,68,69.7,44.0,5.7,T-0715,F-03-02,T-0632,F-05-02
O0566,F,8277.8,37734.9,37734.9,37745.3,37793.7,37817.3,37904.8,37942.1,29664.3,29457.1,AMR3,AMR3,0,0,23,41.0,41.0,AMR3,69.2,69.2,AMR3,0,0,0.0,0,2,0,0,0.0,0,0.0,73,75.3,45.0,14.6,T-0716,F-02-02,T-0633,F-02-03
O0567,E,8297.5,37827.5,37827.5,37840.6,37869.8,37889.3,37921.2,37958.8,29661.3,29530.0,AMR2,AMR2,0,0,19,40.6,40.6,AMR2,66.2,66.2,AMR2,0,0,0.0,0,0,0,0,0.0,0,0.0,62,62.5,49.3,0.0,T-0717,E-03-02,T-0572,E-04-03
O0568,B,8315.0,37948.7,37948.7,37962.3,37987.0,38030.7,38080.0,38170.8,29855.8,29633.7,AMR1,AMR2,0,0,15,37.4,37.4,AMR1,52.0,52.0,AMR2,0,0,0.0,0,2,0,0,0.0,1,21.1,51,53.0,42.1,28.4,T-0718,B-05-01,T-0551,B-01-02
O0569,G,8332.9,37965.8,37965.8,37980.7,38082.5,38147.8,38173.2,38203.3,29870.4,29632.9,AMR3,AMR1,0,0,17,38.2,38.2,AMR3,53.2,53.2,AMR1,0,0,0.0,0,4,0,3,2.8,0,0.0,52,55.7,41.0,3.8,T-0720,G-06-02,T-0522,G-02-03
O0570,C,8352.1,37982.5,37982.5,37995.1,38017.9,38079.2,38099.8,38124.1,29772.0,29630.4,AMR2,AMR1,0,0,13,34.5,34.5,AMR2,46.6,46.6,AMR1,0,0,0.0,0,0,0,0,0.0,0,0.0,37,41.4,38.9,0.0,T-0719,C-05-02,T-0569,C-06-02
O0571,F,8376.4,38156.5,38156.5,38171.5,38201.2,38223.4,38253.2,38288.0,29911.6,29780.1,AMR3,AMR3,0,0,23,43.8,43.8,AMR3,64.3,64.3,AMR3,0,0,0.0,0,0,0,0,0.0,0,0.0,65,66.4,42.9,0.0,T-0721,F-05-02,T-0635,F-04-02
O0572,H,8399.0,38194.5,38194.5,38206.7,38233.6,38288.7,38315.5,38340.6,29941.6,29795.5,AMR2,AMR2,0,0,15,39.0,39.0,AMR2,53.1,53.1,AMR2,0,0,0.0,0,0,0,0,0.0,0,0.0,40,44.2,46.8,0.0,T-0722,H-06-01,T-0560,H-01-02
O0573,E,8418.7,38227.0,38227.0,38241.2,38317.4,38336.9,38366.4,38397.8,29979.1,29808.3,AMR1,AMR1,0,0,19,42.6,42.6,AMR1,61.1,61.1,AMR1,0,0,0.0,0,1,0,0,0.0,0,0.0,58,62.3,46.2,1.2,T-0723,E-03-03,T-0576,E-01-01
O0574,G,8433.9,38311.7,38311.7,38325.8,38354.7,38364.3,38390.8,38419.8,29985.9,29877.8,AMR3,AMR2,0,0,17,40.5,40.5,AMR3,56.2,56.2,AMR2,0,0,0.0,0,0,0,0,0.0,0,0.0,49,52.2,46.3,0.0,T-0724,G-01-03,T-0524,G-05-03
O0575,D,8453.5,38372.9,38372.9,38384.8,38406.6,38421.4,38475.8,38506.0,30052.5,29919.4,AMR3,AMR3,0,0,13,31.2,31.2,AMR3,51.3,51.3,AMR3,0,0,0.0,0,1,0,0,0.0,0,0.0,45,50.5,39.8,1.1,T-0725,D-04-02,T-0486,D-05-02
O0576,A,8474.3,38455.3,38455.3,38470.1,38499.0,38519.2,38547.2,38586.1,30111.8,29981.0,AMR1,AMR1,0,0,21,42.8,42.8,AMR1,63.6,63.6,AMR1,0,0,0.0,0,0,0,0,0.0,0,0.0,67,66.3,44.3,0.0,T-0726,A-04-02,T-0567,A-01-01
O0577,J,8492.1,38470.1,38470.1,38483.2,38514.7,38529.7,38558.1,38603.3,30111.2,29978.0,AMR2,AMR3,0,0,21,42.9,42.9,AMR2,63.2,63.2,AMR3,0,0,0.0,0,0,0,1,10.6,1,5.6,60,62.1,45.5,10.6,T-0727,J-03-01,T-0593,J-01-02
O0578,E,8513.9,38536.2,38536.2,38549.0,38576.9,38595.1,38622.1,38658.1,30144.2,30022.3,AMR2,AMR2,0,0,19,39.8,39.8,AMR2,58.2,58.2,AMR2,0,0,0.0,0,0,0,0,0.0,0,0.0,63,63.2,40.5,0.0,T-0728,E-01-01,T-0597,E-06-01
O0579,B,8529.0,38609.8,38609.8,38623.9,38646.9,38663.1,38691.1,38724.0,30195.0,30080.8,AMR1,AMR1,0,0,15,34.6,34.6,AMR1,57.6,57.6,AMR1,0,0,0.0,0,0,0,0,0.0,0,0.0,51,53.1,44.9,0.0,T-0729,B-01-02,T-0562,B-02-02
O0580,E,8545.3,38627.0,38627.0,38642.7,38673.7,38681.8,38710.5,38746.9,30201.6,30081.7,AMR3,AMR2,0,0,19,43.4,43.4,AMR3,63.3,63.3,AMR2,0,0,0.0,0,0,0,0,0.0,0,0.0,62,62.6,49.2,0.0,T-0730,E-06-01,T-0600,E-03-01
O0581,G,8564.0,38694.6,38694.6,38707.6,38732.8,38747.7,38823.0,38851.9,30287.9,30130.6,AMR3,AMR1,0,0,17,35.7,35.7,AMR3,55.5,55.5,AMR1,0,0,0.0,0,2,0,0,0.0,0,0.0,51,56.3,40.8,2.1,T-0731,G-02-03,T-0563,G-03-03
O0582,A,8579.4,38770.6,38770.6,38785.5,38818.6,38840.2,38866.1,38898.6,30319.2,30191.2,AMR2,AMR2,0,0,21,45.5,45.5,AMR2,60.1,60.1,AMR2,0,0,0.0,0,0,0,0,0.0,0,0.0,63,62.9,43.5,0.0,T-0732,A-01-01,T-0594,A-06-02
O0583,E,8598.0,38797.8,38797.8,38810.9,38836.5,38856.0,38883.5,38917.4,30319.4,30199.8,AMR3,AMR3,0,0,19,37.0,37.0,AMR3,58.1,58.1,AMR3,0,0,0.0,0,0,0,0,0.0,0,0.0,62,62.5,37.6,0.0,T-0733,E-03-01,T-0614,E-04-01
O0584,H,8616.9,38875.6,38875.6,38891.8,38915.9,38922.3,39006.9,39030.0,30413.1,30258.7,AMR1,AMR2,0,0,15,39.4,39.4,AMR1,51.0,51.0,AMR2,0,0,0.0,0,2,0,0,0.0,0,0.0,41,45.0,45.1,3.6,T-0734,H-01-02,T-0570,H-02-01
O0585,J,8634.7,38941.1,38941.1,38954.2,38988.4,39040.4,39070.8,39104.6,30469.9,30306.4,AMR3,AMR3,0,0,21,44.0,44.0,AMR3,60.9,60.9,AMR3,0,0,0.0,0,0,0,0,0.0,0,0.0,66,67.2,44.3,0.0,T-0735,J-06-01,T-0599,J-05-01
O0586,C,8655.8,38987.0,38987.0,39003.1,39056.1,39067.6,39092.6,39120.6,30464.8,30331.2,AMR1,AMR1,0,0,13,39.0,39.0,AMR1,54.2,54.2,AMR1,0,0,0.0,0,2,0,0,0.0,0,0.0,40,42.7,51.0,2.0,T-0736,C-06-02,T-0588,C-01-03
O0587,F,8674.8,39053.7,39053.7,39064.6,39096.4,39118.6,39152.1,39182.9,30508.1,30378.9,AMR2,AMR2,0,0,23,41.8,41.8,AMR2,66.0,66.0,AMR2,0,0,0.0,0,0,0,0,0.0,0,0.0,63,64.4,42.6,0.0,T-0737,F-04-02,T-0642,F-06-02
O0588,C,8699.1,39128.3,39128.3,39138.9,39160.2,39172.4,39195.5,39224.4,30525.3,30429.2,AMR3,AMR3,0,0,13,31.0,31.0,AMR3,52.2,52.2,AMR3,0,0,0.0,0,0,0,0,0.0,0,0.0,39,42.9,41.0,0.0,T-0738,C-01-03,T-0592,C-01-01
O0589,G,8720.2,39144.3,39144.3,39155.2,39179.8,39197.3,39222.3,39249.7,30529.5,30424.1,AMR1,AMR1,0,0,17,33.8,33.8,AMR1,52.1,52.1,AMR1,0,0,0.0,0,0,0,0,0.0,0,0.0,48,52.4,35.5,0.0,T-0739,G-03-03,T-0580,G-05-01
O0590,A,8735.6,39206.6,39206.6,39222.0,39250.5,39269.4,39299.5,39335.4,30599.8,30471.0,AMR2,AMR2,0,0,21,43.8,43.8,AMR2,62.7,62.7,AMR2,0,0,0.0,0,0,0,0,0.0,0,0.0,66,65.5,44.4,0.0,T-0740,A-06-02,T-0603,A-01-03
O0591,H,8757.7,39248.1,39248.1,39262.4,39289.7,39303.9,39331.3,39360.3,30602.6,30490.4,AMR3,AMR3,0,0,15,39.3,39.3,AMR3,57.1,57.1,AMR3,0,0,0.0,0,0,0,0,0.0,0,0.0,41,45.5,51.1,1.4,T-0741,H-02-01,T-0587,H-04-01
O0592,J,8777.3,39273.4,39273.4,39286.3,39318.1,39340.3,39372.1,39401.2,30623.9,30496.1,AMR1,AMR1,0,0,21,42.2,42.2,AMR1,61.1,61.1,AMR1,0,0,0.0,0,0,0,0,0.0,0,0.0,61,62.9,42.7,0.0,T-0742,J-05-01,T-0602,J-02-02
O0593,J,8793.7,39359.1,39359.1,39373.7,39405.6,39452.4,39483.3,39644.5,30850.8,30565.4,AMR2,AMR2,0,0,21,45.6,45.6,AMR2,65.1,65.1,AMR2,0,0,0.0,0,6,0,0,0.0,0,0.0,63,65.8,50.1,2.3,T-0743,J-01-02,T-0615,J-03-02
O0594,J,8810.3,39384.0,39384.0,39397.6,39424.4,39500.7,39529.6,39573.8,30763.5,30573.7,AMR3,AMR3,0,0,21,39.5,39.5,AMR3,58.6,58.6,AMR3,0,0,0.0,0,0,0,0,0.0,0,0.0,71,73.0,37.5,3.0,T-0744,J-02-02,T-0619,J-04-02
O0595,J,8833.7,39587.5,39587.5,39599.8,39631.2,39644.8,39673.9,39711.4,30877.7,30753.8,AMR1,AMR3,0,0,21,42.0,42.0,AMR1,56.9,56.9,AMR3,0,0,0.0,0,0,0,0,0.0,0,0.0,66,69.0,38.3,3.0,T-0745,J-03-02,T-0622,J-05-02
O0596,I,8853.8,39652.7,39652.7,39665.8,39693.3,39708.1,39872.0,39897.1,31043.3,30798.9,AMR1,AMR1,0,0,15,39.7,39.7,AMR1,48.7,48.7,AMR1,0,0,0.0,0,4,1,0,0.0,0,0.0,41,46.5,42.6,4.4,T-0746,I-01-01,T-0583,I-02-01
O0597,J,8873.7,39668.2,39668.2,39681.8,39714.3,39739.5,39770.7,39809.9,30936.2,30794.5,AMR2,AMR3,0,0,21,43.6,43.6,AMR2,64.2,64.2,AMR3,0,0,0.0,0,0,0,0,0.0,0,0.0,63,66.3,47.2,3.0,T-0747,J-04-02,T-0626,J-02-03
O0598,A,8893.4,39878.0,39878.0,39891.4,39921.4,39944.8,40058.0,40136.7,31243.3,30984.6,AMR3,AMR3,0,0,21,40.9,40.9,AMR3,62.8,62.8,AMR3,0,0,0.0,0,4,1,0,0.0,0,0.0,71,75.5,41.6,6.0,T-0748,A-01-03,T-0612,A-02-03
O0599,B,8911.8,39891.5,39891.5,39904.0,39931.8,39985.7,40018.4,40047.7,31135.9,30979.7,AMR2,AMR2,0,0,15,37.8,37.8,AMR2,55.6,55.6,AMR2,0,0,0.0,0,0,0,0,0.0,0,0.0,49,53.2,46.1,3.0,T-0749,B-02-02,T-0581,B-03-02
O0600,A,8932.6,39920.8,39920.8,39935.5,39961.6,40032.0,40061.5,40149.7,31217.1,30988.2,AMR1,AMR1,0,0,21,39.9,39.9,AMR1,61.1,61.1,AMR1,0,0,0.0,0,2,0,1,8.5,1,3.5,69,69.8,38.9,12.5,T-0750,A-05-03,T-0617,A-03-03
O0601,G,8936.6,40071.4,40071.4,40084.1,40126.4,40143.2,40172.6,40196.7,31260.1,31134.8,AMR2,AMR2,0,0,17,36.3,36.3,AMR2,55.2,55.2,AMR2,0,0,0.0,0,0,0,0,0.0,1,12.8,45,49.6,41.1,17.8,T-0751,G-05-01,T-0584,G-06-01
O0602,I,8940.6,40160.4,40160.4,40175.3,40202.9,40217.7,40304.3,40331.2,31390.6,31219.8,AMR3,AMR3,0,0,15,41.6,41.6,AMR3,49.8,49.8,AMR3,0,0,0.0,0,2,0,0,0.0,0,0.0,43,48.5,45.6,3.6,T-0752,I-02-01,T-0591,I-03-01
O0603,F,8945.7,40175.4,40175.4,40189.5,40218.6,40279.5,40314.3,40347.9,31402.2,31229.7,AMR1,AMR1,0,0,23,43.1,43.1,AMR1,65.1,65.1,AMR1,0,0,0.0,0,0,0,0,0.0,0,0.0,68,68.6,43.0,0.0,T-0753,F-06-02,T-0646,F-01-02
O0604,C,8951.9,40284.6,40284.6,40295.2,40315.7,40327.9,40353.1,40380.8,31428.9,31332.7,AMR2,AMR2,0,0,13,30.2,30.2,AMR2,53.1,53.1,AMR2,0,0,0.0,0,0,0,0,0.0,0,0.0,39,42.9,41.1,0.0,T-0754,C-01-01,T-0606,C-02-03
O0605,D,8955.0,40354.9,40354.9,40366.7,40389.1,40440.4,40463.6,40495.0,31540.0,31399.9,AMR3,AMR2,0,0,13,31.7,31.7,AMR3,49.8,49.8,AMR2,0,0,0.0,0,0,0,0,0.0,0,0.0,47,50.0,38.8,0.0,T-0755,D-05-02,T-0493,D-06-02
O0606,I,8960.8,40371.6,40371.6,40382.5,40450.0,40466.1,40496.4,40526.6,31565.8,31410.8,AMR1,AMR1,0,0,15,35.4,35.4,AMR1,57.2,57.2,AMR1,0,0,0.0,0,3,0,0,0.0,0,0.0,46,50.8,46.8,6.0,T-0756,I-03-01,T-0604,I-04-01
O0607,G,8966.7,40448.2,40448.2,40464.0,40491.7,40507.2,40534.3,40561.0,31594.3,31481.5,AMR3,AMR3,0,0,17,43.4,43.4,AMR3,50.5,50.5,AMR3,0,0,0.0,0,0,0,0,0.0,0,0.0,50,53.8,43.5,0.0,T-0757,G-06-01,T-0601,G-01-01
O0608,F,8971.9,40518.7,40518.7,40532.2,40565.7,40584.7,40642.6,40678.5,31706.6,31546.8,AMR2,AMR3,0,0,23,44.5,44.5,AMR2,66.8,66.8,AMR3,0,0,0.0,0,0,1,0,0.0,0,0.0,73,73.4,46.1,1.1,T-0758,F-01-02,T-0649,F-01-03
O0609,F,8976.4,40550.3,40550.3,40563.3,40594.7,40614.0,40689.1,40723.9,31747.5,31573.9,AMR1,AMR2,0,0,23,41.9,41.9,AMR1,66.0,66.0,AMR2,0,0,0.0,0,2,0,0,0.0,0,0.0,67,71.8,42.7,2.0,T-0759,F-02-03,T-0656,F-04-01
O0610,H,8980.8,40659.7,40659.7,40673.0,40698.3,40702.2,40729.8,40756.6,31775.8,31678.9,AMR1,AMR3,0,0,15,37.7,37.7,AMR1,54.5,54.5,AMR3,0,0,0.0,0,0,0,0,0.0,0,0.0,43,46.1,46.9,0.0,T-0760,H-04-01,T-0596,H-03-03
O0611,E,8985.8,40713.1,40713.1,40725.4,40752.0,40772.2,40843.3,40879.1,31893.3,31727.3,AMR1,AMR1,0,0,19,36.4,36.4,AMR1,65.3,65.3,AMR1,0,0,0.0,0,2,0,0,0.0,0,0.0,59,59.8,44.2,0.0,T-0761,E-04-01,T-0620,E-01-02
O0612,E,8989.9,40747.6,40747.6,40758.3,40786.0,40848.2,40876.7,40909.8,31919.9,31757.7,AMR2,AMR3,0,0,19,35.9,35.9,AMR2,59.3,59.3,AMR3,0,0,0.0,0,0,0,0,0.0,0,0.0,63,62.3,37.7,0.0,T-0762,E-04-03,T-0654,E-04-02
O0613,F,8995.8,40780.3,40780.3,40795.4,40826.0,40853.5,40883.0,40924.4,31928.6,31784.5,AMR3,AMR2,0,0,23,44.8,44.8,AMR3,63.5,63.5,AMR2,0,0,0.0,0,0,0,1,6.6,1,1.6,67,66.9,43.1,6.6,T-0763,F-04-01,T-0657,F-03-03
O0614,H,9000.7,40902.8,40902.8,40915.6,40941.9,40948.1,41031.6,41055.0,32054.3,31902.1,AMR1,AMR2,0,0,15,37.4,37.4,AMR1,52.1,52.1,AMR2,0,0,0.0,0,2,0,0,0.0,0,0.0,44,50.7,44.2,1.2,T-0764,H-03-03,T-0623,H-05-01
O0615,F,9004.2,40933.5,40933.5,40948.5,40984.0,41007.6,41042.7,41075.5,32071.3,31929.3,AMR3,AMR3,0,0,23,48.0,48.0,AMR3,64.6,64.6,AMR3,0,0,0.0,0,0,0,0,0.0,0,0.0,71,71.0,47.4,0.0,T-0765,F-01-03,T-0664,F-02-01
O0616,B,9010.4,41011.1,41011.1,41022.5,41046.0,41061.5,41087.5,41116.8,32106.4,32000.7,AMR1,AMR1,0,0,15,33.2,33.2,AMR1,55.0,55.0,AMR1,0,0,0.0,0,0,0,0,0.0,0,0.0,46,49.3,40.9,0.0,T-0766,B-03-02,T-0589,B-04-02
O0617,A,9013.6,41078.7,41078.7,41093.4,41121.8,41140.5,41218.5,41257.2,32243.6,32065.1,AMR2,AMR1,0,0,21,40.6,40.6,AMR2,66.4,66.4,AMR1,0,0,0.0,0,2,0,0,0.0,0,0.0,65,67.7,44.9,1.7,T-0767,A-02-03,T-0621,A-04-03
O0618,J,9020.3,41099.2,41099.2,41110.0,41138.7,41160.9,41191.0,41222.8,32202.5,32078.9,AMR3,AMR3,0,0,21,37.0,37.0,AMR3,62.1,62.1,AMR3,0,0,0.0,0,0,0,0,0.0,0,0.0,61,62.9,38.5,0.0,T-0768,J-05-02,T-0662,J-01-03
O0619,E,9024.2,41192.5,41192.5,41205.9,41230.7,41302.0,41362.5,41401.0,32376.8,32168.3,AMR2,AMR3,0,0,19,37.3,37.3,AMR2,59.5,59.5,AMR3,0,0,0.0,0,2,0,0,0.0,0,0.0,61,63.9,39.3,4.3,T-0769,E-01-02,T-0658,E-05-01
O0620,D,9030.0,41338.9,41338.9,41352.2,41376.5,41392.0,41415.0,41491.5,32461.5,32308.9,AMR1,AMR1,0,0,13,34.3,34.3,AMR1,52.8,52.8,AMR1,0,0,0.0,0,1,0,2,0.2,0,0.0,42,46.2,44.4,1.2,T-0770,D-06-02,T-0520,D-01-03
O0621,B,9033.1,41352.2,41352.2,41364.5,41388.3,41403.1,41427.8,41458.5,32425.4,32319.1,AMR2,AMR2,0,0,15,35.2,35.2,AMR2,52.1,52.1,AMR2,0,0,0.0,0,0,0,0,0.0,0,0.0,49,51.5,40.0,0.0,T-0771,B-04-02,T-0608,B-01-03
O0622,H,9037.1,41470.0,41470.0,41482.2,41508.1,41515.2,41599.4,41625.1,32588.0,32432.9,AMR3,AMR1,0,0,15,37.2,37.2,AMR3,52.7,52.7,AMR1,0,0,0.0,0,2,0,0,0.0,0,0.0,41,46.5,44.6,3.6,T-0772,H-05-01,T-0631,H-04-03
O0623,B,9042.0,41482.2,41482.2,41494.7,41519.7,41535.9,41560.2,41594.6,32552.6,32440.2,AMR2,AMR2,0,0,15,35.0,35.0,AMR2,55.4,55.4,AMR2,0,0,0.0,0,0,0,0,0.0,0,0.0,51,53.1,43.1,0.0,T-0773,B-01-03,T-0628,B-02-03
O0624,B,9048.8,41578.4,41578.4,41591.5,41618.9,41635.1,41657.4,41687.9,32639.1,32529.6,AMR3,AMR3,0,0,15,38.0,38.0,AMR3,52.5,52.5,AMR3,0,0,0.0,0,0,0,0,0.0,0,0.0,47,50.1,43.2,0.0,T-0774,B-02-03,T-0630,B-05-03
O0625,F,9054.4,41618.3,41618.3,41629.8,41661.5,41685.1,41719.4,41756.7,32702.3,32563.9,AMR2,AMR2,0,0,23,40.7,40.7,AMR2,69.8,69.8,AMR2,0,0,0.0,0,0,0,0,0.0,0,0.0,69,69.5,45.3,0.0,T-0775,F-02-01,T-0668,F-03-01
O0626,E,9060.0,41648.8,41648.8,41661.0,41691.4,41711.6,41850.6,41883.9,32823.9,32588.8,AMR1,AMR1,0,0,19,40.1,40.1,AMR1,59.7,59.7,AMR1,0,0,0.0,0,2,1,0,0.0,0,0.0,59,62.4,42.3,2.5,T-0776,E-05-01,T-0669,E-02-02
O0627,C,9064.2,41774.9,41774.9,41786.0,41809.1,41821.3,41855.2,41972.1,32907.9,32710.7,AMR3,AMR3,0,0,13,33.3,33.3,AMR3,54.3,54.3,AMR3,0,0,0.0,0,2,1,0,0.0,0,0.0,47,49.6,45.4,6.8,T-0777,C-02-03,T-0616,C-05-01
O0628,C,9069.5,41832.6,41832.6,41844.1,41954.0,41966.8,42049.8,42126.6,33057.1,32763.1,AMR2,AMR2,0,0,13,32.8,32.8,AMR2,48.9,48.9,AMR2,0,0,0.0,0,5,1,0,0.0,0,0.0,41,45.0,39.5,6.9,T-0779,C-05-03,T-0618,C-03-03
O0629,A,9074.1,41907.6,41907.6,41923.0,41949.6,41995.8,42030.6,42069.5,32995.4,32833.5,AMR1,AMR3,0,0,21,40.3,40.3,AMR1,64.6,64.6,AMR3,0,0,0.0,0,0,0,0,0.0,0,0.0,68,69.9,42.8,3.0,T-0778,A-03-03,T-0641,A-02-01
O0630,H,9080.3,42031.0,42031.0,42045.1,42121.7,42136.5,42162.4,42187.1,33106.8,32950.7,AMR1,AMR1,0,0,15,36.0,36.0,AMR1,51.8,51.8,AMR1,0,0,0.0,0,1,0,2,0.2,0,0.0,43,47.9,42.5,1.2,T-0780,H-04-03,T-0638,H-02-02
O0631,C,9083.3,42093.2,42093.2,42108.4,42130.4,42143.2,42168.8,42201.2,33117.9,33009.9,AMR3,AMR3,0,0,13,36.3,36.3,AMR3,53.4,53.4,AMR3,0,0,0.0,0,0,0,1,4.7,0,0.0,41,43.0,47.5,4.7,T-0781,C-05-01,T-0625,C-03-01
O0632,G,9087.5,42150.3,42150.3,42163.5,42192.3,42247.8,42278.1,42307.4,33219.9,33062.8,AMR2,AMR2,0,0,17,39.5,39.5,AMR2,57.8,57.8,AMR2,0,0,0.0,0,0,0,0,0.0,0,0.0,51,54.7,46.9,0.0,T-0782,G-01-01,T-0610,G-03-01
O0633,G,9092.5,42309.8,42309.8,42325.4,42351.3,42368.8,42394.8,42422.5,33330.0,33217.3,AMR3,AMR3,0,0,17,39.8,39.8,AMR3,53.4,53.4,AMR3,0,0,0.0,0,0,0,0,0.0,0,0.0,48,52.4,42.8,0.0,T-0783,G-03-01,T-0611,G-04-03
O0634,E,9096.5,42325.5,42325.5,42339.4,42363.6,42437.1,42468.1,42502.6,33406.1,33229.0,AMR1,AMR1,0,0,19,37.2,37.2,AMR1,62.2,62.2,AMR1,0,0,0.0,0,0,0,0,0.0,0,0.0,61,61.7,41.9,0.0,T-0784,E-02-02,T-0672,E-05-02
O0635,J,9102.5,42339.4,42339.4,42351.3,42438.8,42446.2,42479.4,42514.5,33412.0,33236.9,AMR2,AMR3,0,0,21,38.4,38.4,AMR2,60.6,60.6,AMR3,0,0,0.0,0,2,0,1,2.9,0,0.0,67,69.2,38.4,4.8,T-0785,J-01-03,T-0665,J-06-02
O0636,H,9105.5,42459.0,42459.0,42470.1,42494.7,42508.9,42536.0,42564.4,33458.9,33353.5,AMR2,AMR2,0,0,15,34.8,34.8,AMR2,54.6,54.6,AMR2,0,0,0.0,0,0,0,0,0.0,0,0.0,43,47.1,44.1,0.0,T-0786,H-02-02,T-0640,H-03-01
O0637,I,9111.2,42526.3,42526.3,42541.6,42567.9,42584.7,42736.0,42764.7,33653.5,33415.1,AMR1,AMR1,0,0,15,39.1,39.1,AMR1,52.2,52.2,AMR1,0,0,0.0,0,3,0,0,0.0,0,0.0,49,56.5,45.5,2.8,T-0787,I-04-01,T-0605,I-03-03
O0638,C,9116.3,42541.6,42541.6,42556.0,42578.6,42768.0,42793.2,42820.5,33704.2,33425.3,AMR3,AMR2,0,0,13,35.3,35.3,AMR3,52.2,52.2,AMR2,0,0,0.0,0,0,0,0,0.0,0,0.0,40,44.2,45.3,0.0,T-0788,C-03-01,T-0637,C-04-03
O0639,D,9123.2,42772.4,42772.4,42788.5,42808.8,42821.6,42844.0,42871.5,33748.3,33649.2,AMR3,AMR3,0,0,13,35.5,35.5,AMR3,50.1,50.1,AMR3,0,0,0.0,0,0,0,0,0.0,0,0.0,39,43.4,42.9,0.0,T-0789,D-01-03,T-0526,D-01-01
O0640,H,9127.3,42788.4,42788.4,42800.8,42826.6,42841.1,42865.3,42891.2,33763.9,33661.1,AMR1,AMR1,0,0,15,36.5,36.5,AMR1,50.2,50.2,AMR1,0,0,0.0,0,0,0,0,0.0,0,0.0,44,46.9,41.4,0.0,T-0790,H-03-01,T-0648,H-03-02
O0641,A,9131.5,42845.9,42845.9,42862.0,42894.9,42895.2,42921.9,42958.4,33826.9,33714.4,AMR2,AMR3,0,0,21,46.5,46.5,AMR2,62.4,62.4,AMR3,0,0,0.0,0,0,0,0,0.0,0,0.0,67,65.4,46.8,0.0,T-0791,A-02-01,T-0645,A-03-01
O0642,A,9137.1,42914.9,42914.9,42928.8,42958.9,42979.8,43011.1,43045.4,33908.3,33777.8,AMR1,AMR1,0,0,21,42.3,42.3,AMR1,65.3,65.3,AMR1,0,0,0.0,0,0,0,0,0.0,0,0.0,64,64.1,45.5,0.0,T-0792,A-03-01,T-0659,A-05-01
O0643,H,9141.9,42928.8,42928.8,42940.7,42966.4,42983.2,43050.7,43079.4,33937.5,33786.9,AMR2,AMR2,0,0,15,35.9,35.9,AMR2,55.8,55.8,AMR2,0,0,0.0,0,2,0,0,0.0,0,0.0,42,48.3,46.4,2.5,T-0793,H-03-02,T-0666,H-04-02
O0644,E,9145.4,43025.7,43025.7,43039.2,43070.7,43090.9,43116.5,43153.4,34008.0,33880.3,AMR3,AMR3,0,0,19,42.5,42.5,AMR3,62.7,62.7,AMR3,0,0,0.0,0,0,0,0,0.0,0,0.0,59,59.8,47.7,0.0,T-0794,E-04-02,T-0679,E-01-03
O0645,D,9150.9,43069.1,43069.1,43081.1,43103.6,43117.6,43143.0,43169.9,34019.0,33918.2,AMR1,AMR1,0,0,13,33.6,33.6,AMR1,52.5,52.5,AMR1,0,0,0.0,0,0,0,0,0.0,0,0.0,39,43.4,43.4,0.0,T-0795,D-01-01,T-0536,D-02-03
O0646,G,9154.5,43103.1,43103.1,43117.5,43146.1,43162.9,43187.9,43214.7,34060.2,33948.6,AMR2,AMR2,0,0,17,42.1,42.1,AMR2,51.5,51.5,AMR2,0,0,0.0,0,0,0,0,0.0,0,0.0,47,51.6,43.2,0.0,T-0796,G-04-03,T-0627,G-04-01
O0647,I,9159.1,43177.1,43177.1,43189.6,43216.9,43233.0,43298.0,43328.8,34169.7,34018.0,AMR3,AMR3,0,0,15,38.1,38.1,AMR3,52.8,52.8,AMR3,0,0,0.0,0,1,0,0,0.0,0,0.0,46,50.8,45.1,3.6,T-0797,I-03-03,T-0607,I-05-01
O0648,B,9165.4,43193.6,43193.6,43206.2,43228.8,43243.6,43266.8,43295.9,34130.5,34028.2,AMR1,AMR1,0,0,15,34.3,34.3,AMR1,52.0,52.0,AMR1,0,0,0.0,0,0,0,0,0.0,0,0.0,45,48.5,39.0,0.0,T-0798,B-04-03,T-0634,B-05-02
O0649,A,9171.4,43279.1,43279.1,43293.8,43321.6,43352.5,43384.3,43418.9,34247.5,34107.7,AMR2,AMR3,0,0,21,41.6,41.6,AMR2,64.1,64.1,AMR3,0,0,0.0,0,0,0,0,0.0,0,0.0,67,65.3,43.6,0.0,T-0799,A-05-01,T-0663,A-01-02
O0650,C,9176.5,43319.6,43319.6,43333.2,43420.6,43434.1,43455.1,43482.4,34305.9,34143.1,AMR1,AMR1,0,0,13,33.5,33.5,AMR1,48.0,48.0,AMR1,0,0,0.0,0,0,1,0,0.0,0,0.0,46,49.9,39.3,1.1,T-0800,C-03-03,T-0639,C-04-01
O0651,B,9182.8,43405.7,43405.7,43418.8,43441.4,43442.6,43467.8,43496.1,34313.3,34222.9,AMR2,AMR3,0,0,15,34.8,34.8,AMR2,52.7,52.7,AMR3,0,0,0.0,0,0,0,0,0.0,0,0.0,47,49.0,40.2,0.0,T-0801,B-05-02,T-0650,B-03-01
O0652,I,9188.0,43456.2,43456.2,43469.5,43496.8,43506.1,43558.1,43586.5,34398.5,34268.2,AMR2,AMR1,0,0,15,38.1,38.1,AMR2,50.1,50.1,AMR1,0,0,0.0,0,2,0,0,0.0,0,0.0,51,56.2,42.4,1.3,T-0802,I-05-01,T-0624,I-06-01
O0653,F,9193.7,43513.6,43513.6,43524.9,43558.1,43581.0,43614.5,43721.5,34527.8,34319.9,AMR2,AMR2,0,0,23,42.8,42.8,AMR2,68.5,68.5,AMR2,0,0,0.0,0,2,0,1,10.7,1,5.7,66,67.2,46.1,13.8,T-0803,F-03-01,T-0677,F-04-03
O0654,C,9200.3,43544.5,43544.5,43560.3,43585.4,43598.2,43621.2,43705.6,34505.3,34344.2,AMR3,AMR3,0,0,13,40.0,40.0,AMR3,51.2,51.2,AMR3,0,0,0.0,0,2,0,0,0.0,0,0.0,37,41.4,49.0,0.0,T-0804,C-04-01,T-0647,C-06-01
O0655,C,9203.8,43610.2,43610.2,43625.7,43646.6,43658.1,43677.9,43738.0,34534.2,34406.4,AMR1,AMR1,0,0,13,36.3,36.3,AMR1,50.6,50.6,AMR1,0,0,0.0,0,0,0,3,30.5,3,15.5,38,41.1,44.7,30.5,T-0805,C-06-01,T-0652,C-01-02
O0656,J,9208.6,43729.3,43729.3,43742.8,43775.8,43814.8,43856.8,43887.0,34678.4,34520.7,AMR3,AMR1,0,0,21,43.2,43.2,AMR3,61.4,61.4,AMR1,0,0,0.0,0,0,0,0,0.0,0,0.0,66,69.1,44.0,5.6,T-0806,J-06-02,T-0673,J-03-03
O0657,J,9213.2,43745.2,43745.2,43761.1,43843.6,43855.5,43888.4,43931.3,34718.1,34532.0,AMR2,AMR3,0,0,21,44.5,44.5,AMR2,63.0,63.0,AMR3,0,0,0.0,0,2,0,2,13.0,1,6.8,59,61.3,46.9,13.0,T-0808,J-02-03,T-0700,J-01-01
O0658,H,9218.5,43761.7,43761.7,43774.2,43800.0,43863.8,43891.7,43918.8,34700.3,34543.2,AMR1,AMR2,0,0,15,37.4,37.4,AMR1,56.2,56.2,AMR2,0,0,0.0,0,0,0,0,0.0,0,0.0,41,45.0,48.3,0.0,T-0807,H-04-02,T-0674,H-01-01
O0659,A,9221.8,43910.7,43910.7,43922.7,43950.9,43955.0,43986.2,44020.7,34798.9,34688.9,AMR1,AMR3,0,0,21,37.7,37.7,AMR1,64.9,64.9,AMR3,0,0,0.0,0,0,0,0,0.0,0,0.0,67,65.4,40.5,0.0,T-0809,A-01-02,T-0670,A-03-02
O0660,D,9224.9,43942.5,43942.5,43954.0,43979.0,43991.8,44016.8,44046.2,34821.3,34717.6,AMR2,AMR2,0,0,13,35.6,35.6,AMR2,52.6,52.6,AMR2,0,0,0.0,0,0,0,0,0.0,0,0.0,41,45.4,45.5,0.0,T-0810,D-02-03,T-0538,D-03-01
O0661,F,9231.8,43972.5,43972.5,43985.3,44019.0,44041.9,44076.8,44114.3,34882.5,34740.7,AMR1,AMR1,0,0,23,44.8,44.8,AMR1,69.1,69.1,AMR1,0,0,0.0,0,0,0,0,0.0,0,0.0,70,70.2,48.7,0.0,T-0811,F-03-03,T-0688,F-01-01
O0662,I,9238.8,44044.4,44044.4,44059.5,44115.2,44132.7,44209.1,44233.4,34994.6,34805.6,AMR3,AMR3,0,0,15,36.3,36.3,AMR3,52.1,52.1,AMR3,0,0,0.0,0,4,0,0,0.0,0,0.0,44,48.9,42.6,7.2,T-0812,I-06-01,T-0629,I-01-02
O0663,G,9242.1,44101.2,44101.2,44114.9,44142.5,44159.3,44191.2,44218.7,34976.6,34859.1,AMR2,AMR2,0,0,17,40.4,40.4,AMR2,56.1,56.1,AMR2,0,0,0.0,0,0,0,0,0.0,0,0.0,51,54.6,46.1,0.0,T-0813,G-04-01,T-0651,G-01-02
O0664,D,9247.7,44187.9,44187.9,44200.2,44220.5,44234.6,44350.4,44384.1,35136.4,34940.2,AMR1,AMR1,0,0,13,30.9,30.9,AMR1,53.9,53.9,AMR1,0,0,0.0,0,2,0,0,0.0,1,48.4,44,47.7,42.1,57.1,T-0814,D-03-01,T-0547,D-04-01
O0665,D,9252.3,44261.1,44261.1,44274.3,44368.8,44383.6,44406.5,44434.8,35182.5,35008.8,AMR3,AMR3,0,0,13,33.9,33.9,AMR3,49.4,49.4,AMR3,0,0,0.0,0,2,0,0,0.0,1,6.0,45,53.6,40.6,14.9,T-0815,D-05-03,T-0548,D-03-03
O0666,F,9258.3,44331.9,44331.9,44344.2,44378.1,44401.7,44435.1,44471.6,35213.3,35073.6,AMR2,AMR2,0,0,23,43.7,43.7,AMR2,69.6,69.6,AMR2,0,0,0.0,0,0,0,0,0.0,0,0.0,67,68.0,48.1,0.0,T-0816,F-01-01,T-0701,F-05-01
O0667,I,9264.2,44407.8,44407.8,44418.9,44443.7,44500.3,44527.3,44554.1,35289.9,35143.6,AMR1,AMR2,0,0,15,35.0,35.0,AMR1,54.0,54.0,AMR2,0,0,0.0,0,0,0,0,0.0,0,0.0,41,46.5,43.2,0.0,T-0817,I-01-02,T-0636,I-02-02
O0668,H,9268.2,44515.2,44515.2,44636.2,44659.7,44708.9,44736.5,44763.8,35495.6,35247.0,AMR1,AMR1,0,0,15,36.3,36.3,AMR1,55.6,55.6,AMR1,0,0,0.0,0,2,1,0,0.0,0,0.0,43,48.0,46.6,1.1,T-0818,H-01-01,T-0676,H-05-02
O0669,A,9275.0,44633.8,44633.8,44645.6,44675.5,44711.8,44738.4,44778.5,35503.5,35358.8,AMR3,AMR3,0,0,21,40.0,40.0,AMR3,62.6,62.6,AMR3,0,0,0.0,0,0,0,1,3.8,0,0.0,64,64.1,40.5,3.8,T-0819,A-03-02,T-0692,A-04-01
O0670,C,9281.2,44646.7,44646.7,44661.9,44717.6,44729.8,44755.5,44792.5,35511.3,35365.5,AMR2,AMR2,0,0,13,34.0,34.0,AMR2,53.0,53.0,AMR2,0,0,0.0,0,2,0,1,9.9,1,4.9,41,46.3,44.8,11.1,T-0820,C-01-02,T-0661,C-02-02
O0671,C,9285.0,44787.5,44787.5,44802.2,44823.5,44835.7,44857.4,44887.8,35602.8,35502.5,AMR1,AMR1,0,0,13,35.1,35.1,AMR1,51.2,51.2,AMR1,0,0,0.0,0,0,0,0,0.0,0,0.0,41,44.0,44.1,0.0,T-0821,C-02-02,T-0680,C-03-02
O0672,A,9290.4,44802.2,44802.2,44813.4,44842.9,44902.8,44977.2,45071.5,35781.1,35511.8,AMR3,AMR2,0,0,21,39.8,39.8,AMR3,66.2,66.2,AMR2,0,0,0.0,0,2,1,0,0.0,0,0.0,63,66.5,43.9,2.7,T-0822,A-04-01,T-0703,A-05-02
O0673,D,9296.4,44816.2,44816.2,44826.8,44848.0,44946.2,44972.4,45004.4,35708.0,35519.8,AMR2,AMR1,0,0,13,29.3,29.3,AMR2,53.4,53.4,AMR1,0,0,0.0,0,0,0,0,0.0,0,0.0,47,50.0,40.0,0.0,T-0823,D-04-01,T-0550,D-06-01
O0674,A,9300.2,44949.6,44949.6,44961.0,45048.4,45068.6,45094.0,45127.3,35827.1,35649.4,AMR3,AMR3,0,0,21,36.8,36.8,AMR3,60.4,60.4,AMR3,0,0,0.0,0,2,0,0,0.0,0,0.0,61,61.3,35.1,3.6,T-0824,A-04-03,T-0705,A-06-01
O0675,H,9305.3,45028.1,45028.1,45041.9,45067.0,45081.8,45107.3,45144.3,35839.0,35722.8,AMR1,AMR1,0,0,15,38.0,38.0,AMR1,54.4,54.4,AMR1,0,0,0.0,0,0,0,1,9.8,1,4.8,39,44.5,47.1,9.8,T-0825,H-05-02,T-0686,H-06-02
O0676,E,9310.6,45095.2,45095.2,45108.7,45137.6,45151.0,45176.5,45241.4,35930.8,35784.6,AMR2,AMR3,0,0,19,39.9,39.9,AMR2,58.8,58.8,AMR3,0,0,0.0,0,2,0,1,3.2,0,0.0,59,59.8,41.2,3.2,T-0826,E-05-02,T-0693,E-02-03
O0677,D,9314.9,45157.8,45157.8,45172.6,45233.1,45237.7,45263.4,45295.3,35980.4,35842.9,AMR2,AMR1,0,0,13,36.7,36.7,AMR2,54.3,54.3,AMR1,0,0,0.0,0,2,0,0,0.0,0,0.0,50,54.4,48.3,1.6,T-0828,D-06-01,T-0586,D-05-01
O0678,D,9319.0,45172.7,45172.7,45183.8,45223.6,45248.6,45326.2,45357.2,36038.2,35853.7,AMR1,AMR2,0,0,13,31.0,31.0,AMR1,51.8,51.8,AMR2,0,0,0.0,0,2,0,1,2.0,1,4.3,50,57.0,40.1,13.6,T-0827,D-03-03,T-0595,D-04-03
O0679,C,9324.8,45317.5,45317.5,45332.0,45355.2,45367.7,45389.3,45416.9,36092.1,35992.7,AMR3,AMR3,0,0,13,36.0,36.0,AMR3,48.9,48.9,AMR3,0,0,0.0,0,0,0,0,0.0,0,0.0,40,44.2,42.7,0.0,T-0829,C-03-02,T-0690,C-04-02
O0680,G,9331.5,45332.1,45332.1,45343.3,45373.1,45380.9,45409.6,45439.4,36107.9,36000.6,AMR1,AMR2,0,0,17,38.5,38.5,AMR1,56.2,56.2,AMR2,0,0,0.0,0,0,0,0,0.0,0,0.0,53,55.2,44.3,0.0,T-0830,G-01-02,T-0655,G-02-02
O0681,H,9337.3,45391.3,45391.3,45401.7,45423.7,45437.2,45463.9,45487.8,36150.5,36054.0,AMR1,AMR1,0,0,15,32.3,32.3,AMR1,51.8,51.8,AMR1,0,0,0.0,0,0,0,0,0.0,0,0.0,40,44.2,38.8,0.0,T-0831,H-06-02,T-0689,H-01-03
O0682,D,9341.0,45440.6,45440.6,45455.3,45527.9,45542.7,45564.4,45591.6,36250.6,36099.6,AMR3,AMR3,0,0,13,36.0,36.0,AMR3,49.1,49.1,AMR3,0,0,0.0,0,2,0,0,0.0,0,0.0,41,45.0,42.4,1.5,T-0832,D-05-01,T-0598,D-02-01
O0683,F,9345.3,45510.4,45510.4,45524.3,45554.4,45614.6,45643.0,45686.9,36341.6,36165.1,AMR2,AMR2,0,0,23,43.1,43.1,AMR2,61.7,61.7,AMR2,0,0,0.0,0,0,0,1,7.6,1,2.6,63,64.4,39.6,12.3,T-0833,F-05-01,T-0713,F-06-01
O0684,G,9350.5,45524.4,45524.4,45547.9,45615.5,45618.0,45647.4,45673.4,36322.9,36173.9,AMR1,AMR3,0,0,17,51.0,51.0,AMR1,54.6,54.6,AMR3,0,0,0.0,0,2,0,0,0.0,0,0.0,51,53.7,55.2,3.6,T-0834,G-02-02,T-0660,G-03-02
O0685,D,9354.0,45633.7,45633.7,45649.3,45670.6,45683.4,45771.4,45796.9,36442.9,36279.7,AMR1,AMR1,0,0,13,36.0,36.0,AMR1,51.6,51.6,AMR1,0,0,0.0,0,2,0,0,0.0,0,0.0,41,46.8,44.9,1.3,T-0835,D-02-01,T-0644,D-01-02
O0686,E,9359.6,45758.1,45758.1,45772.1,45802.1,45820.3,45913.2,45947.1,36587.5,36398.5,AMR3,AMR3,0,0,19,43.1,43.1,AMR3,61.7,61.7,AMR3,0,0,0.0,0,1,0,0,0.0,0,0.0,63,66.4,47.3,1.1,T-0836,E-01-03,T-0696,E-06-02
O0687,A,9364.8,45772.2,45772.2,45783.4,45811.4,45830.3,45860.2,45895.0,36530.2,36407.4,AMR2,AMR2,0,0,21,39.1,39.1,AMR2,61.4,61.4,AMR2,0,0,0.0,0,0,0,0,0.0,0,0.0,66,65.5,38.4,0.0,T-0837,A-06-01,T-0710,A-02-02
O0688,A,9369.3,45883.3,45883.3,45894.1,45922.3,45943.9,45972.6,46010.7,36641.4,36514.0,AMR1,AMR1,0,0,21,36.5,36.5,AMR1,66.5,66.5,AMR1,0,0,0.0,0,0,0,0,0.0,0,0.0,65,64.9,40.9,0.0,T-0838,A-02-02,T-0726,A-04-02
O0689,J,9373.0,45918.7,45918.7,45929.6,45958.4,45970.8,46002.4,46038.1,36665.1,36545.7,AMR2,AMR3,0,0,21,38.8,38.8,AMR2,64.0,64.0,AMR3,0,0,0.0,0,0,0,0,0.0,0,0.0,63,64.8,42.2,0.0,T-0839,J-01-01,T-0702,J-05-03
O0690,H,9378.3,45978.6,45978.6,45992.7,46019.4,46033.6,46061.8,46087.9,36709.6,36600.3,AMR2,AMR2,0,0,15,39.9,39.9,AMR2,54.5,54.5,AMR2,0,0,0.0,0,0,0,0,0.0,0,0.0,41,46.0,49.1,0.0,T-0840,H-01-03,T-0711,H-02-03
O0691,D,9385.1,46037.1,46037.1,46049.2,46103.2,46111.6,46171.0,46197.0,36811.9,36652.0,AMR1,AMR2,0,0,13,31.3,31.3,AMR1,49.5,49.5,AMR2,0,0,0.0,0,3,0,0,0.0,0,0.0,39,45.4,38.1,4.7,T-0841,D-01-02,T-0682,D-02-02
O0692,F,9388.6,46095.6,46095.6,46110.2,46141.9,46152.6,46184.6,46220.8,36832.2,36707.0,AMR3,AMR1,0,0,23,46.2,46.2,AMR3,68.9,68.9,AMR1,0,0,0.0,0,0,0,0,0.0,0,0.0,64,64.6,49.9,0.0,T-0842,F-06-01,T-0714,F-05-03
O0693,F,9394.4,46162.8,46162.8,46176.6,46210.0,46220.7,46249.6,46284.8,36890.4,36768.4,AMR3,AMR2,0,0,23,46.3,46.3,AMR3,63.3,63.3,AMR2,0,0,0.0,0,0,0,0,0.0,0,0.0,67,66.9,44.4,0.0,T-0843,F-04-03,T-0715,F-03-02
O0694,F,9399.6,46232.2,46232.2,46256.4,46286.3,46300.9,46331.4,46372.6,36973.0,36832.6,AMR3,AMR1,0,0,23,52.4,52.4,AMR3,60.0,60.0,AMR1,0,0,0.0,0,0,0,1,8.4,1,3.4,70,70.2,47.2,8.4,T-0844,F-03-02,T-0716,F-02-02
O0695,H,9404.7,46246.5,46246.5,46260.9,46286.7,46308.5,46334.9,46360.8,36956.1,36841.8,AMR1,AMR2,0,0,15,35.5,35.5,AMR1,54.0,54.0,AMR2,0,0,0.0,0,0,0,1,3.8,0,0.0,39,44.5,44.2,3.8,T-0845,H-02-03,T-0722,H-06-01
O0696,C,9409.7,46311.9,46311.9,46327.7,46347.4,46360.2,46381.1,46411.4,37001.7,36902.2,AMR3,AMR3,0,0,13,34.6,34.6,AMR3,52.4,52.4,AMR3,0,0,0.0,0,0,0,0,0.0,0,0.0,39,41.9,44.8,0.0,T-0846,C-04-02,T-0691,C-02-01
O0697,B,9414.6,46384.5,46384.5,46397.2,46423.4,46435.1,46511.5,46539.8,37125.2,36969.9,AMR2,AMR3,0,0,15,37.2,37.2,AMR2,56.7,56.7,AMR3,0,0,0.0,0,2,0,0,0.0,0,0.0,44,48.9,46.6,2.5,T-0847,B-03-01,T-0653,B-06-02
O0698,D,9418.9,46396.3,46396.3,46409.5,46432.0,46444.8,46468.3,46495.6,37076.7,36977.4,AMR1,AMR1,0,0,13,34.8,34.8,AMR1,49.0,49.0,AMR1,0,0,0.0,0,0,0,0,0.0,0,0.0,41,45.4,41.1,0.0,T-0848,D-02-02,T-0694,D-03-02
O0699,I,9422.5,46488.1,46488.1,46502.8,46559.2,46563.5,46591.5,46621.3,37198.8,37065.6,AMR2,AMR3,0,0,15,40.4,40.4,AMR2,56.0,56.0,AMR3,0,0,0.0,0,2,0,0,0.0,0,0.0,45,51.9,50.6,1.2,T-0849,I-02-02,T-0643,I-03-02
O0700,I,9426.1,46548.1,46548.1,46559.3,46584.0,46639.2,46682.2,46709.1,37283.0,37122.0,AMR1,AMR1,0,0,15,33.4,33.4,AMR1,51.9,51.9,AMR1,0,0,0.0,0,0,0,1,2.0,0,0.0,59,63.3,39.5,3.0,T-0850,I-05-03,T-0683,I-04-02
O0701,H,9432.4,46574.0,46574.0,46587.8,46675.6,46689.1,46717.1,46745.5,37313.1,37141.6,AMR2,AMR2,0,0,15,37.5,37.5,AMR2,57.6,57.6,AMR2,0,0,0.0,0,4,0,0,0.0,0,0.0,42,47.5,49.8,4.7,T-0851,H-06-01,T-0734,H-01-02
O0702,I,9438.5,46673.2,46673.2,46686.7,46714.6,46730.7,46810.3,46837.5,37399.0,37234.7,AMR3,AMR3,0,0,15,39.7,39.7,AMR3,52.1,52.1,AMR3,0,0,0.0,0,1,0,0,0.0,0,0.0,46,52.8,46.0,1.1,T-0852,I-03-02,T-0684,I-04-03
O0703,B,9442.1,46786.0,46786.0,46798.0,46818.3,46861.2,46913.9,46958.5,37516.4,37343.9,AMR1,AMR3,0,0,15,32.2,32.2,AMR1,55.7,55.7,AMR3,0,0,0.0,0,0,1,1,10.0,1,5.0,48,52.6,40.6,12.4,T-0853,B-06-02,T-0667,B-03-03
O0704,C,9448.0,46798.0,46798.0,46813.4,46879.6,46891.8,46914.6,46941.7,37493.7,37350.0,AMR2,AMR2,0,0,13,37.5,37.5,AMR2,50.6,50.6,AMR2,0,0,0.0,0,2,0,1,3.6,0,0.0,39,42.4,45.9,3.6,T-0854,C-02-01,T-0719,C-05-02
O0705,J,9451.1,46901.6,46901.6,46916.2,46944.1,46987.2,47018.7,47049.8,37598.7,37450.5,AMR1,AMR3,0,0,21,40.8,40.8,AMR1,62.8,62.8,AMR3,0,0,0.0,0,0,0,0,0.0,0,0.0,60,62.1,43.0,0.0,T-0855,J-03-03,T-0704,J-02-01
O0706,D,9457.2,47019.1,47019.1,47032.7,47057.8,47071.9,47141.1,47171.3,37714.1,37561.9,AMR1,AMR1,0,0,13,37.0,37.0,AMR1,50.8,50.8,AMR1,0,0,0.0,0,2,0,0,0.0,0,0.0,44,47.7,45.1,3.6,T-0856,D-03-02,T-0725,D-04-02
O0707,I,9463.0,47032.7,47032.7,47046.7,47075.2,47118.0,47148.2,47183.3,37720.3,37569.7,AMR2,AMR2,0,0,15,40.0,40.0,AMR2,50.1,50.1,AMR2,0,0,0.0,0,0,0,1,9.4,1,4.4,47,51.6,44.3,11.9,T-0857,I-04-02,T-0695,I-05-02
O0708,G,9466.3,47125.9,47125.9,47138.4,47167.3,47184.8,47213.5,47241.4,37775.1,37659.6,AMR3,AMR3,0,0,17,39.7,39.7,AMR3,56.3,56.3,AMR3,0,0,0.0,0,0,0,0,0.0,0,0.0,48,52.4,45.6,0.0,T-0858,G-03-02,T-0671,G-04-02
O0709,I,9471.9,47195.0,47195.0,47210.4,47237.7,47254.5,47330.0,47459.9,37988.0,37723.1,AMR1,AMR1,0,0,15,40.2,40.2,AMR1,46.8,46.8,AMR1,0,0,0.0,0,5,0,3,6.3,1,0.2,61,67.7,41.2,16.1,T-0859,I-05-02,T-0697,I-06-02
O0710,G,9475.0,47210.4,47210.4,47221.0,47246.6,47263.4,47291.8,47322.8,37847.8,37735.4,AMR2,AMR2,0,0,17,35.3,35.3,AMR2,56.1,56.1,AMR2,0,0,0.0,0,0,0,0,0.0,0,0.0,51,54.6,41.0,0.0,T-0860,G-04-02,T-0687,G-02-01
O0711,J,9478.0,47313.5,47313.5,47328.8,47358.4,47376.1,47405.4,47448.3,37970.3,37835.5,AMR3,AMR2,0,0,21,44.0,44.0,AMR3,59.5,59.5,AMR2,0,0,0.0,0,0,0,1,5.4,1,0.4,63,64.8,42.9,9.4,T-0861,J-02-01,T-0706,J-04-03
O0712,A,9484.3,47433.5,47433.5,47448.5,47476.1,47483.6,47514.1,47553.5,38069.2,37949.2,AMR3,AMR1,0,0,21,41.7,41.7,AMR3,67.6,67.6,AMR1,0,0,0.0,0,0,0,0,0.0,0,0.0,67,65.3,47.2,0.0,T-0862,A-04-02,T-0732,A-01-01
O0713,H,9489.4,47472.0,47472.0,47484.4,47544.8,47559.0,47586.6,47610.6,38121.2,37982.6,AMR2,AMR2,0,0,15,33.8,33.8,AMR2,51.8,51.8,AMR2,0,0,0.0,0,1,0,0,0.0,0,0.0,43,49.4,40.3,1.2,T-0863,H-01-02,T-0741,H-02-01
O0714,H,9493.4,47533.4,47533.4,47549.7,47572.6,47577.2,47668.1,47691.9,38198.5,38040.0,AMR3,AMR1,0,0,15,38.3,38.3,AMR3,50.6,50.6,AMR1,0,0,0.0,0,2,0,0,0.0,0,0.0,43,49.3,43.6,1.8,T-0864,H-05-03,T-0760,H-04-01
O0715,D,9498.3,47634.3,47634.3,47646.8,47669.3,47684.1,47709.8,47739.3,38241.0,38136.0,AMR2,AMR2,0,0,13,32.5,32.5,AMR2,51.9,51.9,AMR2,0,0,0.0,0,0,0,0,0.0,0,0.0,45,48.5,41.7,0.0,T-0865,D-04-02,T-0755,D-05-02
O0716,J,9504.0,47650.2,47650.2,47663.0,47694.9,47738.3,47793.5,47829.5,38325.5,38146.2,AMR3,AMR1,0,0,21,42.2,42.2,AMR3,62.4,62.4,AMR1,0,0,0.0,0,1,0,0,0.0,0,0.0,65,66.4,44.0,3.6,T-0866,J-04-03,T-0712,J-04-01
O0717,I,9510.0,47768.7,47768.7,47824.4,47853.8,47870.7,47898.2,47925.6,38415.6,38258.7,AMR3,AMR2,0,0,15,41.7,41.7,AMR3,55.1,55.1,AMR2,0,0,0.0,0,0,1,0,0.0,0,0.0,46,52.3,51.0,1.1,T-0867,I-06-02,T-0699,I-02-03
O0718,C,9515.3,47822.1,47822.1,47836.5,47857.9,47899.0,47922.3,47982.3,38467.0,38306.8,AMR2,AMR3,0,0,13,34.9,34.9,AMR2,51.6,51.6,AMR3,0,0,0.0,0,2,0,0,0.0,0,0.0,43,48.0,44.3,1.4,T-0868,C-05-02,T-0736,C-06-02
O0719,I,9518.9,47853.2,47853.2,47867.7,47921.2,48016.2,48086.0,48113.0,38594.1,38334.3,AMR1,AMR2,0,0,15,36.2,36.2,AMR1,50.4,50.4,AMR2,0,0,0.0,0,1,1,0,0.0,0,0.0,43,52.8,40.8,3.9,T-0869,I-04-03,T-0708,I-01-03
O0720,C,9525.1,48019.9,48019.9,48033.8,48057.1,48065.9,48086.4,48128.0,38602.9,38494.8,AMR1,AMR3,0,0,13,37.1,37.1,AMR1,49.9,49.9,AMR3,0,0,0.0,0,0,0,1,12.0,1,7.0,38,41.1,44.8,13.4,T-0870,C-06-02,T-0738,C-01-03
O0721,I,9531.8,48068.6,48068.6,48091.4,48113.8,48128.6,48205.1,48229.9,38698.1,38536.8,AMR1,AMR1,0,0,15,44.3,44.3,AMR1,50.1,50.1,AMR1,0,0,0.0,0,2,0,0,0.0,0,0.0,41,46.5,48.6,3.6,T-0871,I-01-03,T-0746,I-01-01
O0722,H,9534.9,48155.7,48155.7,48171.5,48193.3,48207.5,48235.4,48259.7,38724.8,38620.8,AMR3,AMR3,0,0,15,36.7,36.7,AMR3,51.3,51.3,AMR3,0,0,0.0,0,0,0,0,0.0,0,0.0,43,47.1,42.7,0.0,T-0872,H-02-01,T-0764,H-03-03
O0723,H,9540.2,48187.7,48187.7,48203.1,48227.7,48242.5,48270.1,48297.4,38757.2,38647.5,AMR2,AMR2,0,0,15,39.1,39.1,AMR2,54.6,54.6,AMR2,0,0,0.0,0,0,0,0,0.0,0,0.0,41,46.5,48.4,0.0,T-0873,H-04-01,T-0772,H-05-01
O0724,I,9547.0,48253.6,48253.6,48269.8,48324.6,48329.7,48466.9,48491.8,38944.8,38706.6,AMR1,AMR2,0,0,15,38.3,38.3,AMR1,53.4,53.4,AMR2,0,0,0.0,0,4,1,0,0.0,1,2.2,43,49.9,45.9,13.9,T-0874,I-01-01,T-0752,I-02-01
O0725,I,9551.2,48314.0,48314.0,48329.6,48352.8,48390.5,48475.8,48505.4,38954.2,38762.8,AMR3,AMR1,0,0,15,37.9,37.9,AMR3,51.4,51.4,AMR1,0,0,0.0,0,0,0,1,3.2,1,47.1,45,51.9,43.5,58.3,T-0875,I-02-03,T-0756,I-03-01
O0726,D,9557.8,48339.4,48339.4,48350.2,48375.7,48471.1,48497.5,48526.5,38968.7,38781.6,AMR1,AMR3,0,0,13,33.8,33.8,AMR1,50.6,50.6,AMR3,0,0,0.0,0,0,0,0,0.0,0,0.0,47,50.0,41.7,0.0,T-0876,D-05-02,T-0770,D-06-02
O0727,H,9563.7,48515.5,48515.5,48531.9,48554.7,48569.5,48594.8,48623.5,39059.8,38951.8,AMR2,AMR2,0,0,15,38.3,38.3,AMR2,53.7,53.7,AMR2,0,0,0.0,0,0,0,0,0.0,0,0.0,41,46.5,46.7,0.0,T-0877,H-05-01,T-0780,H-04-03
O0728,C,9567.1,48532.0,48532.0,48543.1,48564.5,48576.7,48597.5,48654.7,39087.6,38964.9,AMR1,AMR1,0,0,13,31.6,31.6,AMR1,51.2,51.2,AMR1,0,0,0.0,0,2,0,0,0.0,0,0.0,39,42.9,40.6,3.6,T-0878,C-01-03,T-0754,C-01-01
O0729,G,9572.5,48550.2,48550.2,48565.1,48594.3,48640.1,48669.2,48694.6,39122.1,38977.7,AMR3,AMR3,0,0,17,41.6,41.6,AMR3,54.2,54.2,AMR3,0,0,0.0,0,0,0,0,0.0,0,0.0,49,53.2,45.4,0.0,T-0879,G-02-01,T-0709,G-05-02
O0730,H,9579.4,48647.2,48647.2,48662.6,48693.0,48707.5,48730.1,48757.0,39177.6,39067.8,AMR2,AMR2,0,0,15,41.3,41.3,AMR2,50.7,50.7,AMR2,0,0,0.0,0,0,0,0,0.0,0,0.0,42,45.8,46.7,2.8,T-0880,H-03-03,T-0786,H-02-02
O0731,I,9584.4,48678.4,48678.4,48692.7,48719.7,48720.8,48749.1,48774.9,39190.5,39094.0,AMR1,AMR3,0,0,15,40.4,40.4,AMR1,50.8,50.8,AMR3,0,0,0.0,0,0,0,0,0.0,0,0.0,45,50.0,45.4,0.0,T-0881,I-02-01,T-0787,I-04-01
O0732,I,9588.1,48734.5,48734.5,48747.3,48770.1,48780.7,48840.0,48868.2,39280.1,39146.4,AMR1,AMR2,0,0,15,33.9,33.9,AMR1,54.2,54.2,AMR2,0,0,0.0,0,2,0,0,0.0,0,0.0,46,52.5,42.3,1.3,T-0882,I-03-01,T-0797,I-03-03
O0733,D,9594.2,48788.0,48788.0,48799.4,48832.0,48847.5,48871.8,48943.9,39349.7,39193.8,AMR1,AMR1,0,0,13,31.3,31.3,AMR1,54.2,54.2,AMR1,0,0,0.0,0,0,1,0,0.0,0,0.0,48,55.1,42.8,4.1,T-0883,D-06-02,T-0789,D-01-03
O0734,I,9597.5,48829.2,48829.2,48844.3,48871.4,48891.9,48922.4,48956.5,39359.0,39231.7,AMR3,AMR2,0,0,15,39.7,39.7,AMR3,53.5,53.5,AMR2,0,0,0.0,0,0,0,1,7.8,1,2.8,47,51.6,47.4,7.8,T-0884,I-04-01,T-0802,I-05-01
O0735,I,9603.6,48930.2,48930.2,48944.6,49003.6,49020.4,49046.1,49074.6,39471.0,39326.6,AMR3,AMR3,0,0,15,36.2,36.2,AMR3,49.4,49.4,AMR3,0,0,0.0,0,0,1,0,0.0,0,0.0,49,53.5,39.8,1.2,T-0885,I-05-01,T-0812,I-06-01
O0736,H,9608.1,48984.6,48984.6,49000.2,49027.6,49041.8,49069.2,49096.4,39488.3,39376.5,AMR2,AMR2,0,0,15,42.1,42.1,AMR2,53.7,53.7,AMR2,0,0,0.0,0,0,0,0,0.0,0,0.0,43,47.1,50.5,0.0,T-0886,H-02-02,T-0790,H-03-01
O0737,D,9612.5,49003.2,49003.2,49016.8,49038.3,49051.1,49074.0,49113.6,39501.1,39390.7,AMR1,AMR1,0,0,13,34.2,34.2,AMR1,53.9,53.9,AMR1,0,0,0.0,0,0,0,1,8.8,1,3.8,39,43.4,45.4,8.8,T-0887,D-01-03,T-0795,D-01-01
O0738,I,9616.3,49098.3,49098.3,49113.2,49199.8,49217.3,49286.3,49309.9,39693.6,39482.0,AMR3,AMR3,0,0,15,41.6,41.6,AMR3,48.5,48.5,AMR3,0,0,0.0,0,2,1,0,0.0,0,0.0,44,49.1,44.3,4.5,T-0889,I-06-01,T-0817,I-01-02
O0739,C,9619.4,49120.1,49120.1,49131.0,49152.4,49164.6,49186.8,49216.4,39597.0,39500.7,AMR2,AMR2,0,0,13,31.4,31.4,AMR2,52.0,52.0,AMR2,0,0,0.0,0,0,0,0,0.0,0,0.0,39,42.9,41.2,0.0,T-0888,C-01-01,T-0777,C-02-03
O0740,I,9624.8,49193.7,49193.7,49207.2,49231.7,49324.9,49392.2,49416.0,39791.2,39568.9,AMR1,AMR2,0,0,15,36.3,36.3,AMR1,52.1,52.1,AMR2,0,0,0.0,0,2,0,0,0.0,0,0.0,42,47.3,42.6,3.6,T-0890,I-03-03,T-0849,I-02-02
O0741,C,9628.9,49328.6,49328.6,49344.5,49369.1,49371.8,49394.9,49431.2,39802.3,39699.7,AMR1,AMR3,0,0,13,39.6,39.6,AMR1,51.7,51.7,AMR3,0,0,0.0,0,0,0,1,7.4,1,2.4,39,43.4,49.1,7.4,T-0891,C-02-03,T-0779,C-05-03
O0742,B,9635.5,49381.3,49381.3,49393.5,49416.2,49431.7,49454.6,49482.6,39847.1,39745.8,AMR1,AMR1,0,0,15,33.2,33.2,AMR1,52.6,52.6,AMR1,0,0,0.0,0,0,0,0,0.0,0,0.0,44,47.3,38.5,0.0,T-0892,B-03-03,T-0675,B-06-01
O0743,B,9640.6,49439.7,49439.7,49453.9,49475.1,49489.9,49516.7,49547.9,39907.3,39799.1,AMR2,AMR2,0,0,15,34.5,34.5,AMR2,54.7,54.7,AMR2,0,0,0.0,0,0,0,0,0.0,0,0.0,49,51.5,41.9,0.0,T-0893,B-05-03,T-0678,B-01-01
O0744,D,9644.7,49454.9,49454.9,49466.1,49490.2,49503.0,49557.1,49587.6,39942.9,39810.2,AMR3,AMR3,0,0,13,34.4,34.4,AMR3,53.5,53.5,AMR3,0,0,0.0,0,0,1,0,0.0,0,0.0,41,46.8,45.2,1.2,T-0894,D-01-01,T-0810,D-02-03
O0745,H,9648.4,49538.5,49538.5,49549.8,49575.1,49589.6,49618.4,49645.2,39996.8,39890.1,AMR1,AMR1,0,0,15,34.9,34.9,AMR1,55.7,55.7,AMR1,0,0,0.0,0,0,0,0,0.0,0,0.0,44,46.9,45.3,0.0,T-0895,H-03-01,T-0793,H-03-02
O0746,D,9654.5,49571.6,49571.6,49585.0,49605.2,49611.3,49632.6,49662.0,40007.5,39917.1,AMR2,AMR3,0,0,13,32.7,32.7,AMR2,48.9,48.9,AMR3,0,0,0.0,0,0,0,0,0.0,0,0.0,41,45.4,38.9,0.0,T-0896,D-02-03,T-0814,D-03-01
O0747,D,9660.0,49618.0,49618.0,49631.4,49654.6,49690.1,49747.6,49775.2,40115.2,39958.0,AMR2,AMR3,0,0,13,34.1,34.1,AMR2,47.3,47.3,AMR3,0,0,0.0,0,2,0,0,0.0,0,0.0,45,48.5,38.7,3.6,T-0897,D-04-03,T-0815,D-05-03
O0748,I,9663.4,49696.9,49696.9,49712.5,49755.8,49770.6,49801.1,49851.2,40187.8,40033.5,AMR2,AMR2,0,0,15,40.8,40.8,AMR2,55.1,55.1,AMR2,0,0,0.0,0,2,0,0,0.0,1,8.7,45,49.5,50.1,19.4,T-0898,I-01-02,T-0850,I-05-03
O0749,H,9669.8,49737.8,49737.8,49751.8,49779.0,49793.5,49842.9,49868.8,40199.0,40068.0,AMR1,AMR1,0,0,15,39.5,39.5,AMR1,54.5,54.5,AMR1,0,0,0.0,0,2,0,0,0.0,0,0.0,42,47.3,48.7,0.0,T-0899,H-03-02,T-0807,H-04-02
O0750,J,9674.1,49801.7,49801.7,49813.7,49844.9,49867.1,49896.7,49931.0,40256.9,40127.6,AMR3,AMR3,0,0,21,40.7,40.7,AMR3,62.1,62.1,AMR3,0,0,0.0,0,0,0,0,0.0,0,0.0,63,64.9,42.2,0.0,T-0900,J-04-01,T-0727,J-03-01
O0751,D,9677.7,49874.9,49874.9,49886.5,49912.0,49926.1,49953.0,49986.0,40308.3,40197.2,AMR2,AMR2,0,0,13,35.4,35.4,AMR2,56.6,56.6,AMR2,0,0,0.0,0,0,0,0,0.0,0,0.0,44,47.7,49.3,0.0,T-0901,D-03-01,T-0823,D-04-01
O0752,E,9681.9,49892.5,49892.5,49908.2,49935.1,49954.7,50012.8,50047.7,40365.8,40210.6,AMR1,AMR3,0,0,19,39.3,39.3,AMR1,59.5,59.5,AMR3,0,0,0.0,0,2,0,0,0.0,0,0.0,64,64.1,41.3,3.6,T-0902,E-06-02,T-0698,E-05-03
O0753,G,9687.9,49992.7,49992.7,50005.1,50032.4,50049.2,50075.4,50104.1,40416.2,40304.8,AMR1,AMR1,0,0,17,38.8,38.8,AMR1,56.6,56.6,AMR1,0,0,0.0,0,0,0,0,0.0,0,0.0,45,49.6,45.0,0.0,T-0903,G-05-02,T-0720,G-06-02
O0754,I,9692.2,50009.7,50009.7,50020.2,50044.6,50059.4,50135.4,50164.1,40471.9,40317.5,AMR2,AMR2,0,0,15,34.0,34.0,AMR2,54.4,54.4,AMR2,0,0,0.0,0,2,0,0,0.0,0,0.0,45,51.3,42.6,2.2,T-0904,I-02-02,T-0852,I-03-02
O0755,D,9695.6,50118.5,50118.5,50131.8,50157.3,50172.1,50241.2,50271.5,40575.9,40422.9,AMR3,AMR3,0,0,13,36.3,36.3,AMR3,53.8,53.8,AMR3,0,0,0.0,0,2,0,0,0.0,0,0.0,43,47.0,47.4,3.6,T-0905,D-04-01,T-0827,D-03-03
O0756,I,9701.7,50131.9,50131.9,50144.1,50168.6,50184.7,50250.1,50283.8,40582.1,40430.2,AMR1,AMR1,0,0,15,35.0,35.0,AMR1,52.8,52.8,AMR1,0,0,0.0,0,0,0,2,9.4,2,27.8,46,50.8,42.0,43.0,T-0906,I-03-02,T-0857,I-04-02
O0757,J,9705.5,50231.5,50231.5,50245.3,50274.1,50312.5,50344.3,50379.3,40673.8,40526.0,AMR2,AMR1,0,0,21,40.9,40.9,AMR2,62.0,62.0,AMR1,0,0,0.0,0,0,0,0,0.0,0,0.0,66,67.1,42.3,0.0,T-0907,J-03-01,T-0735,J-06-01
O0758,F,9711.8,50335.5,50335.5,50347.8,50378.5,50403.0,50433.6,50468.2,40756.4,40623.7,AMR2,AMR1,0,0,23,40.5,40.5,AMR2,65.9,65.9,AMR1,0,0,0.0,0,0,0,0,0.0,0,0.0,67,67.0,41.2,0.0,T-0908,F-02-02,T-0721,F-05-02
O0759,B,9716.8,50347.8,50347.8,50359.6,50387.4,50443.9,50513.8,50544.3,40827.5,40631.0,AMR3,AMR2,0,0,15,37.1,37.1,AMR3,50.5,50.5,AMR2,0,0,0.0,0,2,0,0,0.0,0,0.0,51,53.1,40.3,3.6,T-0909,B-01-01,T-0681,B-02-01
O0760,F,9722.4,50491.9,50491.9,50570.2,50598.4,50620.6,50653.1,50696.5,40974.1,40769.5,AMR1,AMR1,0,0,23,42.0,42.0,AMR1,65.6,65.6,AMR1,0,0,0.0,0,0,1,1,10.0,1,5.0,67,68.9,42.4,11.1,T-0910,F-05-02,T-0737,F-04-02
O0761,I,9727.2,50568.6,50568.6,50579.8,50608.1,50624.9,50655.0,50682.5,40955.3,40841.4,AMR3,AMR3,0,0,15,37.0,37.0,AMR3,53.2,53.2,AMR3,0,0,0.0,0,0,0,0,0.0,0,0.0,47,51.6,44.4,1.1,T-0911,I-04-02,T-0859,I-05-02
O0762,J,9732.3,50579.9,50579.9,50594.0,50626.1,50649.0,50679.4,50716.0,40983.7,40847.6,AMR2,AMR2,0,0,21,42.9,42.9,AMR2,63.7,63.7,AMR2,0,0,0.0,0,0,0,0,0.0,0,0.0,66,67.2,46.0,0.0,T-0912,J-06-01,T-0742,J-05-01
O0763,E,9737.4,50706.2,50706.2,50721.5,50748.0,50766.2,50838.6,50875.3,41137.9,40968.8,AMR3,AMR3,0,0,19,40.9,40.9,AMR3,64.1,64.1,AMR3,0,0,0.0,0,1,0,0,0.0,0,0.0,57,61.4,47.5,1.1,T-0913,E-02-03,T-0707,E-02-01
O0764,C,9744.0,50721.6,50721.6,50737.6,50757.8,50815.1,50895.1,50920.6,41176.6,40977.6,AMR1,AMR1,0,0,13,35.3,35.3,AMR1,50.8,50.8,AMR1,0,0,0.0,0,2,0,0,0.0,0,0.0,39,43.4,43.9,3.6,T-0914,C-04-03,T-0781,C-05-01
O0765,E,9750.1,50739.7,50739.7,50752.9,50783.4,50874.4,50902.1,50938.6,41188.5,40989.6,AMR2,AMR2,0,0,19,41.2,41.2,AMR2,62.4,62.4,AMR2,0,0,0.0,0,0,0,0,0.0,0,0.0,61,61.8,46.1,0.0,T-0915,E-05-03,T-0717,E-03-02
O0766,I,9755.7,50899.0,50899.0,50911.0,50939.1,50944.3,51017.7,51045.4,41289.7,41143.3,AMR3,AMR1,0,0,15,37.6,37.6,AMR3,53.9,53.9,AMR1,0,0,0.0,0,2,0,0,0.0,0,0.0,57,62.0,45.7,1.4,T-0916,I-05-02,T-0867,I-06-02
O0767,C,9762.5,50955.9,50955.9,50978.9,50999.8,51015.6,51040.1,51067.7,41305.2,41193.4,AMR3,AMR3,0,0,13,43.0,43.0,AMR3,52.2,52.2,AMR3,0,0,0.0,0,0,0,0,0.0,0,0.0,41,43.0,53.0,0.0,T-0917,C-05-01,T-0788,C-03-01
O0768,D,9766.6,50999.6,50999.6,51015.6,51041.1,51056.8,51140.7,51172.8,41406.2,41233.0,AMR2,AMR2,0,0,13,39.8,39.8,AMR2,52.2,52.2,AMR2,0,0,0.0,0,2,0,0,0.0,0,0.0,46,49.2,49.3,6.8,T-0918,D-03-03,T-0828,D-06-01
O0769,D,9771.1,51096.4,51096.4,51108.2,51141.2,51196.5,51278.0,51367.2,41596.1,41325.3,AMR3,AMR2,0,0,13,32.9,32.9,AMR3,52.0,52.0,AMR2,0,0,0.0,0,3,0,2,0.9,1,0.9,45,49.3,42.2,11.3,T-0919,D-05-03,T-0832,D-05-01
O0770,H,9778.1,51125.8,51125.8,51141.2,51210.9,51229.7,51257.6,51283.4,41505.3,41347.7,AMR1,AMR1,0,0,15,38.2,38.2,AMR1,53.9,53.9,AMR1,0,0,0.0,0,0,1,0,0.0,0,0.0,43,49.4,46.8,1.2,T-0920,H-04-02,T-0818,H-01-01
O0771,D,9784.8,51258.4,51258.4,51271.9,51355.6,51390.9,51420.9,51450.7,41665.9,41473.6,AMR3,AMR2,0,0,13,32.0,32.0,AMR3,55.9,55.9,AMR2,0,0,0.0,0,3,0,1,1.4,0,0.0,42,45.8,45.2,7.7,T-0921,D-06-01,T-0835,D-02-01
O0772,D,9789.0,51352.9,51352.9,51364.5,51415.0,51496.7,51571.4,51596.6,41807.6,41563.9,AMR1,AMR1,0,0,13,31.7,31.7,AMR1,51.1,51.1,AMR1,0,0,0.0,0,4,0,0,0.0,0,0.0,41,45.0,40.1,3.6,T-0922,D-05-01,T-0841,D-01-02
O0773,I,9793.9,51401.5,51401.5,51416.9,51512.5,51546.5,51574.4,51612.7,41818.8,41607.6,AMR3,AMR3,0,0,15,38.4,38.4,AMR3,51.9,51.9,AMR3,0,0,0.0,0,2,0,4,9.4,1,2.3,58,64.1,44.5,12.9,T-0923,I-06-02,T-0869,I-04-03
O0774,H,9799.7,51554.4,51554.4,51565.2,51592.1,51606.3,51630.9,51654.6,41854.9,41754.7,AMR2,AMR2,0,0,15,36.8,36.8,AMR2,49.0,49.0,AMR2,0,0,0.0,0,0,0,0,0.0,0,0.0,41,45.5,40.5,0.0,T-0924,H-01-01,T-0825,H-05-02
O0775,H,9806.0,51620.3,51620.3,51633.3,51657.2,51672.0,51696.2,51719.8,41913.8,41814.3,AMR1,AMR1,0,0,15,36.0,36.0,AMR1,49.5,49.5,AMR1,0,0,0.0,0,0,0,0,0.0,0,0.0,39,44.5,40.2,0.0,T-0925,H-05-02,T-0831,H-06-02
O0776,J,9809.4,51636.4,51636.4,51650.0,51684.1,51743.5,51774.7,51828.1,42018.7,41827.0,AMR3,AMR1,0,0,21,45.2,45.2,AMR3,62.9,62.9,AMR1,0,0,0.0,0,2,0,0,0.0,0,0.0,61,62.9,47.5,0.0,T-0926,J-05-01,T-0743,J-01-02
O0777,H,9814.5,51680.2,51680.2,51695.4,51781.5,51820.2,51842.4,51870.6,42056.1,41865.7,AMR2,AMR2,0,0,15,41.0,41.0,AMR2,51.6,51.6,AMR2,0,0,0.0,0,2,0,0,0.0,0,0.0,41,45.0,47.3,3.6,T-0927,H-04-03,T-0840,H-01-03
O0778,I,9819.2,51767.2,51767.2,51782.7,51820.5,51837.3,51917.9,51946.2,42127.0,41948.0,AMR3,AMR3,0,0,15,38.0,38.0,AMR3,51.9,51.9,AMR3,0,0,0.0,0,2,0,0,0.0,1,7.8,43,48.1,44.1,16.4,T-0928,I-04-03,T-0871,I-01-03
O0779,F,9822.9,51899.3,51899.3,51968.0,52000.0,52018.2,52108.9,52141.7,42318.8,42076.4,AMR2,AMR1,0,0,23,46.4,46.4,AMR2,65.4,65.4,AMR1,0,0,0.0,0,2,1,0,0.0,0,0.0,65,70.7,46.6,2.9,T-0929,F-04-02,T-0753,F-06-02
O0780,B,9826.0,51965.7,51965.7,51976.9,52002.0,52025.1,52054.5,52084.7,42258.7,42139.7,AMR1,AMR3,0,0,15,33.8,33.8,AMR1,54.7,54.7,AMR3,0,0,0.0,0,0,0,0,0.0,0,0.0,47,51.7,41.2,3.0,T-0930,B-02-01,T-0685,B-04-01
O0781,D,9831.4,51976.9,51976.9,51991.6,52012.3,52080.0,52101.5,52127.9,42296.5,42145.5,AMR3,AMR2,0,0,13,34.5,34.5,AMR3,49.1,49.1,AMR2,0,0,0.0,0,0,0,0,0.0,0,0.0,39,42.4,40.9,0.0,T-0931,D-02-01,T-0848,D-02-02
O0782,A,9835.5,52108.4,52108.4,52119.1,52149.9,52151.6,52179.2,52213.9,42378.4,42272.9,AMR3,AMR2,0,0,21,39.0,39.0,AMR3,65.0,65.0,AMR2,0,0,0.0,0,0,0,0,0.0,0,0.0,63,61.9,41.9,0.0,T-0932,A-01-01,T-0740,A-06-02
O0783,H,9841.7,52165.4,52165.4,52176.8,52202.4,52215.9,52242.1,52268.9,42427.2,42323.7,AMR1,AMR1,0,0,15,36.9,36.9,AMR1,54.2,54.2,AMR1,0,0,0.0,0,0,0,0,0.0,0,0.0,40,44.2,45.8,0.0,T-0933,H-06-02,T-0845,H-02-03
O0784,I,9845.5,52176.8,52176.8,52191.1,52218.8,52233.6,52331.0,52357.5,42512.0,42331.3,AMR3,AMR3,0,0,15,41.1,41.1,AMR3,52.5,52.5,AMR3,0,0,0.0,0,3,0,0,0.0,0,0.0,41,48.5,47.8,5.3,T-0934,I-01-03,T-0874,I-01-01
O0785,I,9852.4,52272.5,52272.5,52285.6,52344.8,52361.6,52438.4,52464.3,42611.9,42420.1,AMR2,AMR2,0,0,15,38.9,38.9,AMR2,52.5,52.5,AMR2,0,0,0.0,0,2,0,3,21.5,1,15.9,47,54.3,45.6,29.1,T-0935,I-05-03,T-0875,I-02-03
O0786,H,9856.9,52328.2,52328.2,52339.8,52362.6,52376.8,52400.2,52424.7,42567.8,42471.3,AMR1,AMR1,0,0,15,33.5,33.5,AMR1,50.6,50.6,AMR1,0,0,0.0,0,0,0,0,0.0,0,0.0,39,43.5,38.8,0.0,T-0936,H-01-03,T-0851,H-06-01
O0787,J,9862.4,52430.8,52430.8,52444.1,52473.7,52488.0,52559.0,52592.2,42729.8,42568.4,AMR3,AMR2,0,0,21,42.0,42.0,AMR3,65.9,65.9,AMR2,0,0,0.0,0,2,0,0,0.0,0,0.0,59,64.5,47.3,1.2,T-0937,J-01-02,T-0744,J-02-02
O0788,D,9869.1,52448.4,52448.4,52459.4,52479.7,52530.2,52599.6,52628.8,42759.7,42579.3,AMR1,AMR1,0,0,13,30.4,30.4,AMR1,51.3,51.3,AMR1,0,0,0.0,0,2,0,0,0.0,0,0.0,41,45.4,39.0,3.6,T-0938,D-01-02,T-0856,D-03-02
O0789,D,9872.5,52580.6,52580.6,52595.7,52615.2,52618.7,52645.0,52676.3,42803.8,42708.1,AMR3,AMR2,0,0,13,33.7,33.7,AMR3,54.3,54.3,AMR2,0,0,0.0,0,0,0,0,0.0,0,0.0,43,46.9,45.3,0.0,T-0939,D-02-02,T-0865,D-04-02
O0790,I,9878.3,52628.0,52628.0,52643.6,52728.2,52743.0,52772.1,52799.1,42920.8,42749.7,AMR3,AMR3,0,0,15,42.3,42.3,AMR3,56.3,56.3,AMR3,0,0,0.0,0,1,0,0,0.0,0,0.0,43,49.0,52.8,1.1,T-0940,I-01-01,T-0881,I-02-01
O0791,D,9881.9,52709.5,52709.5,52720.1,52743.1,52757.2,52779.7,52813.5,42931.6,42827.6,AMR1,AMR1,0,0,13,31.9,31.9,AMR1,49.3,49.3,AMR1,0,0,0.0,0,0,0,1,3.7,0,0.0,44,47.7,38.5,3.7,T-0941,D-03-02,T-0876,D-05-02
O0792,J,9887.4,52720.1,52720.1,52732.3,52760.7,52785.3,52817.2,52890.9,43003.5,42832.7,AMR2,AMR2,0,0,21,39.7,39.7,AMR2,64.5,64.5,AMR2,0,0,0.0,0,2,0,2,0.3,0,0.0,63,66.2,43.6,1.3,T-0942,J-02-02,T-0745,J-03-02
O0793,D,9892.6,52822.8,52822.8,52837.3,52863.4,52872.3,52897.3,52930.0,43037.4,42930.2,AMR3,AMR1,0,0,13,38.1,38.1,AMR3,52.9,52.9,AMR1,0,0,0.0,0,0,0,0,0.0,0,0.0,47,50.0,48.3,0.0,T-0943,D-04-02,T-0883,D-06-02
O0794,C,9896.9,52879.5,52879.5,52890.0,52911.3,52914.6,52937.3,52963.8,43066.9,42982.6,AMR3,AMR2,0,0,13,30.1,30.1,AMR3,49.3,49.3,AMR2,0,0,0.0,0,0,0,0,0.0,0,0.0,42,43.8,37.2,0.0,T-0944,C-03-01,T-0800,C-03-03
O0795,D,9903.7,52923.8,52923.8,52938.3,53031.6,53046.4,53071.1,53100.3,43196.6,43020.1,AMR3,AMR3,0,0,13,37.5,37.5,AMR3,54.1,54.1,AMR3,0,0,0.0,0,2,0,0,0.0,0,0.0,45,51.4,48.9,1.6,T-0945,D-05-02,T-0887,D-01-03
O0796,I,9910.5,53017.1,53017.1,53029.7,53053.9,53124.3,53206.4,53231.2,43320.7,43106.6,AMR1,AMR1,0,0,15,35.9,35.9,AMR1,52.1,52.1,AMR1,0,0,0.0,0,2,0,0,0.0,0,0.0,43,48.5,42.2,3.6,T-0946,I-02-01,T-0882,I-03-01
O0797,I,9916.3,53029.7,53029.7,53044.2,53127.9,53178.1,53218.3,53245.5,43329.2,43113.4,AMR2,AMR2,0,0,15,39.8,39.8,AMR2,54.2,54.2,AMR2,0,0,0.0,0,2,0,0,0.0,0,0.0,47,54.8,48.2,7.0,T-0947,I-02-03,T-0884,I-04-01
O0798,D,9920.0,53186.0,53186.0,53200.6,53222.8,53238.3,53321.5,53350.6,43430.6,43266.0,AMR3,AMR3,0,0,13,33.5,33.5,AMR3,50.6,50.6,AMR3,0,0,0.0,0,2,0,0,0.0,0,0.0,46,52.2,41.4,1.3,T-0948,D-06-02,T-0894,D-01-01
O0799,H,9923.1,53312.7,53312.7,53324.5,53345.8,53359.3,53385.5,53413.9,43490.8,43389.6,AMR1,AMR1,0,0,15,33.0,33.0,AMR1,55.8,55.8,AMR1,0,0,0.0,0,0,0,0,0.0,0,0.0,40,44.2,43.5,0.0,T-0949,H-06-01,T-0863,H-01-02
O0800,I,9929.2,53324.5,53324.5,53336.5,53360.0,53395.0,53470.3,53501.2,43572.0,43395.3,AMR2,AMR3,0,0,15,33.8,33.8,AMR2,54.3,54.3,AMR3,0,0,0.0,0,0,1,0,0.0,0,0.0,46,50.8,42.3,3.7,T-0950,I-03-01,T-0885,I-05-01
O0801,J,9949.3,53444.0,53444.0,53459.0,53488.2,53514.1,53606.6,53649.4,43700.1,43494.7,AMR1,AMR1,0,0,21,42.5,42.5,AMR1,65.3,65.3,AMR1,0,0,0.0,0,2,0,1,6.9,1,1.9,64,65.6,47.2,10.5,T-0951,J-03-02,T-0747,J-04-02
O0802,I,9967.0,53460.0,53460.0,53472.4,53499.0,53574.7,53606.3,53632.9,43665.9,43493.0,AMR2,AMR3,0,0,15,36.5,36.5,AMR2,50.9,50.9,AMR3,0,0,0.0,0,0,0,0,0.0,0,0.0,49,53.1,41.6,2.5,T-0952,I-04-01,T-0889,I-06-01
O0803,A,9987.4,53582.6,53582.6,53595.0,53621.1,53641.3,53670.2,53713.1,43725.7,43595.2,AMR2,AMR2,0,0,21,37.6,37.6,AMR2,66.1,66.1,AMR2,0,0,0.0,0,0,0,1,2.4,0,0.0,67,66.3,41.6,2.4,T-0953,A-05-02,T-0748,A-01-03
O0804,G,10007.9,53656.6,53656.6,53669.1,53695.8,53711.3,53741.0,53772.9,43765.0,43648.7,AMR3,AMR3,0,0,17,39.1,39.1,AMR3,58.3,58.3,AMR3,0,0,0.0,0,0,0,0,0.0,0,0.0,50,53.8,47.0,0.0,T-0954,G-06-02,T-0724,G-01-03
O0805,D,10030.2,53673.1,53673.1,53685.1,53706.2,53719.0,53781.2,53807.5,43777.3,43642.9,AMR1,AMR1,0,0,13,32.2,32.2,AMR1,50.5,50.5,AMR1,0,0,0.0,0,1,0,0,0.0,0,0.0,41,46.8,40.0,1.2,T-0955,D-01-01,T-0896,D-02-03
O0806,A,10054.0,53774.0,53774.0,53786.5,53814.5,53831.2,53856.4,53925.2,43871.2,43720.0,AMR2,AMR1,0,0,21,40.4,40.4,AMR2,63.1,63.1,AMR1,0,0,0.0,0,0,1,0,0.0,1,0.3,62,62.8,41.4,6.4,T-0956,A-06-02,T-0750,A-05-03
O0807,B,10071.6,53796.6,53796.6,53807.6,53906.0,53948.9,53983.1,54017.5,43945.9,43725.0,AMR3,AMR1,0,0,15,31.3,31.3,AMR3,57.1,57.1,AMR1,0,0,0.0,0,0,2,3,4.0,0,0.0,53,60.5,41.1,8.3,T-0957,B-04-01,T-0718,B-05-01
O0808,B,10095.3,53882.1,53882.1,53896.4,54005.5,54019.0,54045.1,54074.0,43978.7,43786.8,AMR2,AMR2,0,0,15,39.3,39.3,AMR2,51.7,51.7,AMR2,0,0,0.0,0,2,1,0,0.0,0,0.0,48,50.7,43.7,4.8,T-0958,B-06-01,T-0729,B-01-02
O0809,J,10112.4,54003.9,54003.9,54019.7,54050.5,54072.7,54102.9,54135.8,44023.4,43891.5,AMR3,AMR3,0,0,21,44.1,44.1,AMR3,59.8,59.8,AMR3,0,0,0.0,0,0,0,0,0.0,0,0.0,65,66.4,43.3,0.0,T-0959,J-04-02,T-0768,J-05-02
O0810,J,10130.9,54041.2,54041.2,54053.2,54082.9,54097.7,54129.5,54161.6,44030.7,43910.3,AMR1,AMR2,0,0,21,39.2,39.2,AMR1,64.1,64.1,AMR2,0,0,0.0,0,0,0,0,0.0,0,0.0,61,62.9,42.7,0.0,T-0960,J-05-03,T-0785,J-01-03
O0811,J,10150.2,54105.1,54105.1,54116.7,54146.9,54159.5,54193.6,54230.7,44080.5,43954.9,AMR1,AMR3,0,0,21,38.1,38.1,AMR1,66.4,66.4,AMR3,0,0,0.0,0,0,0,0,0.0,0,0.0,67,67.9,43.9,1.2,T-0961,J-05-02,T-0806,J-06-02
O0812,D,10173.0,54169.1,54169.1,54180.4,54200.7,54213.5,54241.1,54404.1,44231.1,43996.1,AMR1,AMR1,0,0,13,30.7,30.7,AMR1,55.7,55.7,AMR1,0,0,0.0,0,5,1,0,0.0,0,0.0,45,49.4,43.7,3.4,T-0962,D-01-03,T-0897,D-04-03
O0813,I,10193.7,54185.3,54185.3,54196.9,54225.5,54242.3,54326.8,54355.1,44161.4,43991.6,AMR2,AMR2,0,0,15,37.7,37.7,AMR2,51.1,51.1,AMR2,0,0,0.0,0,1,0,2,54.3,1,48.3,47,53.7,43.0,56.3,T-0963,I-05-01,T-0890,I-03-03
O0814,C,10214.7,54366.5,54366.5,54382.3,54405.8,54418.3,54443.0,54472.2,44257.5,44151.8,AMR3,AMR3,0,0,13,37.6,37.6,AMR3,53.6,53.6,AMR3,0,0,0.0,0,0,0,0,0.0,0,0.0,40,44.2,49.0,0.0,T-0964,C-03-03,T-0804,C-04-01
O0815,E,10239.5,54405.8,54405.8,54416.9,54441.6,54502.3,54557.0,54593.2,44353.7,44166.3,AMR2,AMR3,0,0,19,34.9,34.9,AMR2,64.1,64.1,AMR3,0,0,0.0,0,2,0,0,0.0,0,0.0,59,60.2,41.5,0.0,T-0965,E-02-01,T-0723,E-03-03
O0816,I,10260.2,54427.8,54427.8,54438.4,54513.9,54567.9,54596.8,54622.5,44362.3,44167.6,AMR1,AMR2,0,0,15,35.5,35.5,AMR1,54.8,54.8,AMR2,0,0,0.0,0,3,0,0,0.0,0,0.0,44,48.9,44.5,6.0,T-0966,I-06-01,T-0898,I-01-02
O0817,C,10283.3,54573.0,54573.0,54583.9,54603.7,54652.6,54685.5,54710.5,44427.2,44289.7,AMR1,AMR2,0,0,13,29.8,29.8,AMR1,50.8,50.8,AMR2,0,0,0.0,0,1,0,0,0.0,1,2.4,37,42.8,38.4,7.4,T-0967,C-04-01,T-0805,C-06-01
O0818,E,10307.5,54666.9,54666.9,54705.6,54730.7,54734.2,54761.1,54794.9,44487.4,44359.4,AMR1,AMR2,0,0,19,34.3,34.3,AMR1,60.9,60.9,AMR2,0,0,0.0,0,0,1,0,0.0,0,0.0,60,62.4,37.7,1.1,T-0968,E-03-02,T-0728,E-01-01
O0819,C,10323.8,54704.0,54704.0,54718.2,54736.6,54748.1,54769.5,54808.4,44484.6,44380.2,AMR3,AMR3,0,0,13,32.5,32.5,AMR3,49.3,49.3,AMR3,0,0,0.0,0,0,0,1,10.9,1,5.9,38,41.1,39.6,12.2,T-0969,C-06-01,T-0820,C-01-02
O0820,F,10340.3,54752.1,54752.1,54763.7,54794.3,54815.2,54848.5,54883.9,44543.6,44411.8,AMR1,AMR1,0,0,23,42.1,42.1,AMR1,63.4,63.4,AMR1,0,0,0.0,0,0,0,0,0.0,0,0.0,68,67.6,40.3,3.0,T-0970,F-06-02,T-0758,F-01-02
O0821,G,10362.9,54818.6,54818.6,54833.0,54859.3,54877.5,54907.3,54939.9,44577.0,44455.7,AMR2,AMR2,0,0,17,38.2,38.2,AMR2,59.1,59.1,AMR2,0,0,0.0,0,0,0,0,0.0,0,0.0,53,56.2,46.9,0.0,T-0971,G-01-03,T-0731,G-02-03
O0822,E,10379.3,54832.1,54832.1,54845.1,54870.5,54888.7,54920.7,54959.3,44580.0,44452.8,AMR3,AMR3,0,0,19,37.5,37.5,AMR3,65.8,65.8,AMR3,0,0,0.0,0,0,0,0,0.0,0,0.0,63,63.2,45.8,0.0,T-0972,E-01-01,T-0730,E-06-01
O0823,H,10398.4,54907.6,54907.6,54920.5,54942.8,54957.0,54983.6,55009.8,44611.4,44509.2,AMR1,AMR1,0,0,15,34.3,34.3,AMR1,53.5,53.5,AMR1,0,0,0.0,0,0,0,0,0.0,0,0.0,41,45.5,42.5,0.0,T-0973,H-01-02,T-0864,H-05-03
O0824,B,10419.8,54963.6,54963.6,54975.1,54998.8,55013.6,55042.5,55074.7,44654.9,44543.8,AMR2,AMR2,0,0,15,34.3,34.3,AMR2,57.8,57.8,AMR2,0,0,0.0,0,0,0,0,0.0,0,0.0,49,51.5,44.8,0.0,T-0974,B-05-01,T-0749,B-02-02
O0825,E,10439.9,54983.0,54983.0,54994.8,55024.7,55033.5,55062.3,55100.0,44660.1,44543.1,AMR3,AMR1,0,0,19,38.4,38.4,AMR3,64.7,64.7,AMR1,0,0,0.0,0,0,0,0,0.0,0,0.0,62,62.6,45.6,0.0,T-0975,E-06-01,T-0733,E-03-01
O0826,F,10464.3,55045.6,55045.6,55056.3,55087.2,55098.4,55129.2,55161.9,44697.6,44581.3,AMR3,AMR2,0,0,23,39.1,39.1,AMR3,61.2,61.2,AMR2,0,0,0.0,0,0,0,0,0.0,0,0.0,71,70.0,35.1,0.0,T-0976,F-01-02,T-0759,F-02-03
O0827,F,10488.8,55110.8,55110.8,55125.2,55154.1,55185.6,55217.2,55250.6,44761.8,44622.0,AMR3,AMR2,0,0,23,42.4,42.4,AMR3,65.7,65.7,AMR2,0,0,0.0,0,0,0,0,0.0,0,0.0,65,65.4,42.9,0.0,T-0977,F-05-03,T-0763,F-04-01
O0828,B,10503.8,55125.3,55125.3,55138.7,55161.5,55229.5,55304.2,55335.3,44831.5,44621.5,AMR1,AMR3,0,0,15,33.7,33.7,AMR1,52.9,52.9,AMR3,0,0,0.0,0,2,0,0,0.0,0,0.0,49,51.6,39.3,3.6,T-0978,B-01-02,T-0766,B-03-02
O0829,F,10528.5,55280.5,55280.5,55348.2,55379.4,55402.1,55470.7,55508.9,44980.4,44752.0,AMR2,AMR1,0,0,23,47.4,47.4,AMR2,65.5,65.5,AMR1,0,0,0.0,0,2,1,0,0.0,0,0.0,71,75.7,47.7,2.4,T-0979,F-04-01,T-0765,F-01-03
O0830,G,10551.5,55345.9,55345.9,55356.8,55383.9,55411.2,55445.7,55476.4,44924.9,44794.4,AMR1,AMR3,0,0,17,35.5,35.5,AMR1,58.8,58.8,AMR3,0,0,0.0,0,0,0,0,0.0,0,0.0,51,56.3,43.9,3.0,T-0980,G-02-03,T-0739,G-03-03
O0831,D,10576.2,55359.0,55359.0,55374.8,55398.4,55442.1,55465.3,55492.1,44915.9,44782.8,AMR3,AMR2,0,0,13,38.5,38.5,AMR3,49.2,49.2,AMR2,0,0,0.0,0,0,0,0,0.0,0,0.0,41,44.4,45.0,0.0,T-0981,D-02-03,T-0901,D-03-01
O0832,E,10593.9,55500.1,55500.1,55526.4,55552.3,55567.6,55619.4,55655.8,45061.9,44906.2,AMR3,AMR2,0,0,19,50.5,50.5,AMR3,61.5,61.5,AMR2,0,0,0.0,0,2,0,0,0.0,0,0.0,62,61.5,54.5,0.0,T-0982,E-03-01,T-0761,E-04-01
O0833,C,10614.3,55515.8,55515.8,55530.6,55555.4,55598.5,55667.3,55693.9,45079.6,44901.5,AMR2,AMR3,0,0,13,38.7,38.7,AMR2,51.7,51.7,AMR3,0,0,0.0,0,2,0,0,0.0,0,0.0,41,44.3,48.2,1.2,T-0983,C-01-02,T-0821,C-02-02
O0834,F,10637.9,55532.6,55532.6,55546.4,55582.2,55649.7,55683.7,55719.9,45082.0,44894.7,AMR1,AMR1,0,0,23,47.1,47.1,AMR1,66.9,66.9,AMR1,0,0,0.0,0,0,0,0,0.0,0,0.0,71,71.0,48.8,0.0,T-0984,F-01-03,T-0775,F-02-01
O0835,A,10660.5,55679.5,55679.5,55695.9,55723.6,55743.6,55770.2,55807.7,45147.2,45019.0,AMR2,AMR1,0,0,21,41.6,41.6,AMR2,61.8,61.8,AMR1,0,0,0.0,0,0,0,0,0.0,0,0.0,69,66.9,41.3,0.0,T-0985,A-01-03,T-0767,A-02-03
O0836,H,10681.8,55717.6,55717.6,55733.5,55810.3,55831.4,55899.1,55926.2,45244.4,45035.8,AMR3,AMR1,0,0,15,39.6,39.6,AMR3,52.1,52.1,AMR1,0,0,0.0,0,0,1,1,1.7,1,33.5,43,49.3,46.4,45.0,T-0986,H-02-03,T-0872,H-02-01
O0837,C,10698.0,55795.9,55795.9,55810.2,55892.5,55904.7,55928.4,55957.9,45259.9,45097.9,AMR2,AMR2,0,0,13,34.3,34.3,AMR2,52.3,52.3,AMR2,0,0,0.0,0,2,0,0,0.0,0,0.0,41,44.0,44.4,3.6,T-0987,C-02-02,T-0829,C-03-02
O0838,G,10717.6,55887.0,55887.0,55900.8,55930.3,55947.8,55974.7,56000.2,45282.6,45169.4,AMR3,AMR3,0,0,17,41.6,41.6,AMR3,52.1,52.1,AMR3,0,0,0.0,0,0,0,0,0.0,0,0.0,48,52.4,43.3,0.0,T-0988,G-03-03,T-0751,G-05-01
O0839,C,10742.5,55951.3,55951.3,55964.8,55990.1,56023.9,56122.2,56152.9,45410.4,45208.8,AMR1,AMR3,0,0,13,37.1,37.1,AMR1,53.8,53.8,AMR3,0,0,0.0,0,3,0,0,0.0,1,13.0,42,49.0,48.7,20.2,T-0989,C-03-02,T-0846,C-04-02
O0840,E,10760.5,55981.6,55981.6,55996.6,56124.0,56124.1,56151.5,56185.9,45425.4,45221.1,AMR2,AMR1,0,0,19,39.1,39.1,AMR2,58.5,58.5,AMR1,0,0,0.0,0,4,0,0,0.0,0,0.0,63,66.6,40.1,1.2,T-0991,E-04-01,T-0762,E-04-03
O0841,E,10782.1,56052.6,56052.6,56068.0,56104.6,56144.2,56171.9,56205.0,45422.9,45270.5,AMR1,AMR2,0,0,19,43.4,43.4,AMR1,61.0,61.0,AMR2,0,0,0.0,0,0,0,0,0.0,0,0.0,60,62.9,46.9,3.0,T-0990,E-03-03,T-0769,E-01-02
O0842,C,10800.8,56176.6,56176.6,56187.9,56211.7,56224.5,56249.3,56278.6,45477.8,45375.8,AMR3,AMR3,0,0,13,34.2,34.2,AMR3,55.3,55.3,AMR3,0,0,0.0,0,0,0,0,0.0,0,0.0,39,41.9,47.3,0.0,T-0992,C-04-02,T-0854,C-02-01
O0843,E,10819.8,56209.6,56209.6,56225.1,56253.5,56276.5,56348.2,56390.1,45570.3,45389.8,AMR1,AMR2,0,0,19,43.0,43.0,AMR1,60.3,60.3,AMR2,0,0,0.0,0,2,0,1,7.9,1,2.9,61,61.7,45.8,11.5,T-0993,E-01-02,T-0776,E-05-01
O0844,D,10841.8,56228.7,56228.7,56240.7,56262.4,56319.4,56349.2,56377.6,45535.8,45386.9,AMR2,AMR3,0,0,13,32.0,32.0,AMR2,52.4,52.4,AMR3,0,0,0.0,0,0,0,0,0.0,0,0.0,44,47.7,41.7,2.5,T-0994,D-03-01,T-0905,D-04-01
O0845,B,10863.3,56327.4,56327.4,56343.7,56367.4,56383.6,56406.2,56436.4,45573.1,45464.1,AMR1,AMR1,0,0,15,37.5,37.5,AMR1,52.5,52.5,AMR1,0,0,0.0,0,0,0,0,0.0,0,0.0,47,50.1,42.7,0.0,T-0995,B-02-02,T-0771,B-04-02
O0846,B,10880.5,56401.3,56401.3,56412.0,56438.5,56454.0,56478.7,56512.9,45632.4,45520.8,AMR3,AMR3,0,0,15,35.5,35.5,AMR3,55.6,55.6,AMR3,0,0,0.0,0,0,0,0,0.0,0,0.0,50,52.3,43.8,0.0,T-0996,B-03-02,T-0773,B-01-03
O0847,I,10901.4,56413.8,56413.8,56429.7,56453.8,56460.1,56488.4,56524.6,45623.2,45512.4,AMR2,AMR1,0,0,15,39.1,39.1,AMR2,51.7,51.7,AMR1,0,0,0.0,0,0,0,1,13.0,1,8.0,41,46.5,45.0,13.0,T-0997,I-01-02,T-0904,I-02-02
O0848,A,10920.8,56468.6,56468.6,56480.0,56510.9,56532.5,56562.4,56633.4,45712.6,45547.8,AMR2,AMR2,0,0,21,39.8,39.8,AMR2,63.0,63.0,AMR2,0,0,0.0,0,0,1,2,2.5,0,0.0,69,69.8,40.7,3.5,T-0998,A-02-03,T-0778,A-03-03
O0849,G,10944.0,56536.6,56536.6,56547.2,56571.9,56588.7,56621.1,56649.8,45705.8,45592.6,AMR3,AMR3,0,0,17,34.4,34.4,AMR3,58.5,58.5,AMR3,0,0,0.0,0,0,0,1,4.3,0,0.0,45,49.6,42.5,4.3,T-0999,G-05-01,T-0757,G-06-01
O0850,B,10960.3,56548.3,56548.3,56560.3,56617.8,56632.6,56661.1,56691.6,45731.3,45588.0,AMR1,AMR1,0,0,15,35.2,35.2,AMR1,55.7,55.7,AMR1,0,0,0.0,0,0,1,0,0.0,0,0.0,51,54.5,43.6,1.2,T-1000,B-04-02,T-0774,B-02-03
O0851,B,10979.2,56657.1,56657.1,56671.9,56695.8,56712.0,56736.8,56769.4,45790.2,45677.9,AMR2,AMR2,0,0,15,36.2,36.2,AMR2,57.1,57.1,AMR2,0,0,0.0,0,0,0,0,0.0,0,0.0,47,50.1,46.0,0.0,T-1001,B-01-03,T-0798,B-04-03
O0852,E,10997.3,56673.5,56673.5,56689.4,56719.8,56740.0,56768.7,56801.7,45804.4,45676.2,AMR3,AMR3,0,0,19,43.8,43.8,AMR3,61.9,61.9,AMR3,0,0,0.0,0,0,0,0,0.0,0,0.0,59,59.8,48.2,0.0,T-1002,E-05-01,T-0784,E-02-02
O0853,C,11016.1,56715.3,56715.3,56725.9,56746.2,56758.4,56782.3,56817.9,45801.8,45699.2,AMR1,AMR1,0,0,13,30.0,30.0,AMR1,54.4,54.4,AMR1,0,0,0.0,0,0,0,1,5.8,1,0.8,39,42.4,42.2,5.8,T-1003,C-02-01,T-0868,C-05-02
O0854,C,11041.0,56793.1,56793.1,56804.2,56825.9,56840.5,56907.7,56934.5,45893.5,45752.1,AMR2,AMR2,0,0,13,31.9,31.9,AMR2,50.7,50.7,AMR2,0,0,0.0,0,2,0,0,0.0,0,0.0,37,42.4,40.4,2.5,T-1004,C-05-02,T-0870,C-06-02
O0855,A,11061.4,56825.4,56825.4,56840.4,56869.4,56888.0,56979.1,57018.9,45957.5,45764.0,AMR3,AMR1,0,0,21,42.3,42.3,AMR3,64.1,64.1,AMR1,0,0,0.0,0,0,1,1,2.2,0,0.0,68,69.9,44.3,3.4,T-1005,A-03-03,T-0791,A-02-01
O0856,D,11080.8,56952.1,56952.1,56965.2,56989.7,57004.5,57028.3,57056.0,45975.2,45871.3,AMR3,AMR3,0,0,13,35.1,35.1,AMR3,49.7,49.7,AMR3,0,0,0.0,0,0,0,0,0.0,0,0.0,43,47.0,42.1,0.0,T-1006,D-04-01,T-0918,D-03-03
O0857,G,11103.2,56965.3,56965.3,56977.8,57002.9,57018.4,57045.3,57076.5,45973.3,45862.1,AMR2,AMR2,0,0,17,37.5,37.5,AMR2,54.8,54.8,AMR2,0,0,0.0,0,0,0,0,0.0,0,0.0,50,53.8,41.9,0.0,T-1007,G-06-01,T-0782,G-01-01
O0858,D,11125.1,57044.4,57044.4,57057.6,57082.5,57096.6,57193.2,57223.4,46098.3,45919.3,AMR1,AMR1,0,0,13,36.4,36.4,AMR1,49.8,49.8,AMR1,0,0,0.0,0,4,0,0,0.0,0,0.0,48,54.1,43.5,3.0,T-1008,D-03-03,T-0919,D-05-03
O0859,C,11149.1,57079.7,57079.7,57093.0,57112.7,57215.1,57238.5,57266.9,46117.8,45930.6,AMR3,AMR2,0,0,13,32.9,32.9,AMR3,53.0,53.0,AMR2,0,0,0.0,0,0,0,0,0.0,0,0.0,38,41.1,43.7,0.0,T-1009,C-06-02,T-0878,C-01-03
O0860,G,11170.0,57218.5,57218.5,57233.2,57261.8,57280.0,57310.3,57340.1,46170.1,46048.5,AMR3,AMR3,0,0,17,40.8,40.8,AMR3,58.3,58.3,AMR3,0,0,0.0,0,0,0,0,0.0,0,0.0,51,54.7,48.7,0.0,T-1010,G-01-01,T-0783,G-03-01
O0861,F,11194.6,57247.1,57247.1,57260.4,57291.0,57319.0,57351.0,57385.5,46190.9,46052.5,AMR1,AMR1,0,0,23,41.4,41.4,AMR1,64.7,64.7,AMR1,0,0,0.0,0,0,0,0,0.0,0,0.0,69,69.5,40.9,0.0,T-1011,F-02-01,T-0803,F-03-01
O0862,B,11212.1,57290.6,57290.6,57302.5,57329.2,57345.4,57367.7,57399.1,46187.0,46078.5,AMR2,AMR2,0,0,15,36.1,36.1,AMR2,51.4,51.4,AMR2,0,0,0.0,0,0,0,1,2.0,0,0.0,47,50.1,40.2,2.0,T-1012,B-02-03,T-0801,B-05-02
O0863,J,11232.6,57363.8,57363.8,57375.0,57409.1,57409.2,57437.5,57469.4,46236.8,46131.2,AMR3,AMR1,0,0,21,42.0,42.0,AMR3,60.4,60.4,AMR1,0,0,0.0,0,0,0,0,0.0,0,0.0,62,63.7,41.8,0.0,T-1013,J-06-02,T-0808,J-02-03
O0864,A,11253.7,57422.8,57422.8,57434.2,57463.4,57485.0,57515.3,57552.8,46299.1,46169.1,AMR2,AMR2,0,0,21,38.1,38.1,AMR2,64.4,64.4,AMR2,0,0,0.0,0,0,0,1,1.6,0,0.0,67,66.4,40.4,1.6,T-1014,A-02-01,T-0792,A-03-01
O0865,J,11270.7,57434.2,57434.2,57447.7,57479.0,57493.1,57525.2,57569.1,46298.4,46163.5,AMR3,AMR1,0,0,21,43.9,43.9,AMR3,65.9,65.9,AMR1,0,0,0.0,0,0,0,1,10.3,1,5.3,59,61.3,49.2,10.3,T-1015,J-01-03,T-0839,J-01-01
O0866,G,11287.6,57500.3,57500.3,57512.6,57540.2,57557.7,57585.0,57614.2,46326.6,46212.7,AMR3,AMR3,0,0,17,38.2,38.2,AMR3,56.2,56.2,AMR3,0,0,0.0,0,0,0,0,0.0,0,0.0,48,52.4,44.0,0.0,T-1016,G-03-01,T-0796,G-04-03
O0867,D,11309.1,57576.5,57576.5,57588.5,57609.6,57624.4,57712.1,57739.3,46430.2,46267.4,AMR2,AMR2,0,0,13,30.6,30.6,AMR2,51.6,51.6,AMR2,0,0,0.0,0,0,1,0,0.0,0,0.0,49,53.1,39.5,1.2,T-1017,D-04-03,T-0921,D-06-01
O0868,D,11327.9,57592.8,57592.8,57606.0,57629.9,57644.7,57678.3,57708.2,46380.3,46264.9,AMR1,AMR1,0,0,13,33.2,33.2,AMR1,54.4,54.4,AMR1,0,0,0.0,0,0,0,1,1.4,0,0.0,47,51.3,44.9,4.4,T-1018,D-05-03,T-0922,D-05-01
O0869,B,11349.3,57694.6,57694.6,57708.0,57729.9,57731.9,57759.0,57788.2,46438.9,46345.3,AMR3,AMR1,0,0,15,34.4,34.4,AMR3,55.5,55.5,AMR1,0,0,0.0,0,0,0,0,0.0,0,0.0,47,49.0,42.6,0.0,T-1019,B-05-02,T-0847,B-03-01
O0870,A,11373.2,57744.7,57744.7,57758.7,57787.4,57808.3,57880.7,57918.2,46545.0,46371.5,AMR3,AMR3,0,0,21,41.0,41.0,AMR3,64.2,64.2,AMR3,0,0,0.0,0,2,0,0,0.0,0,0.0,64,67.9,43.1,2.1,T-1020,A-03-01,T-0799,A-05-01
O0871,C,11397.5,57763.0,57763.0,57775.8,57798.0,57811.9,57839.7,57870.1,46472.6,46365.5,AMR2,AMR1,0,0,13,34.1,34.1,AMR2,54.4,54.4,AMR1,0,0,0.0,0,0,0,0,0.0,0,0.0,39,43.9,46.3,3.0,T-1021,C-01-03,T-0888,C-01-01
O0872,J,11421.2,57855.8,57855.8,57867.5,57895.3,57915.5,57948.2,57981.3,46560.1,46434.6,AMR2,AMR2,0,0,21,38.6,38.6,AMR2,64.0,64.0,AMR2,0,0,0.0,0,0,0,0,0.0,0,0.0,61,63.3,42.0,0.0,T-1022,J-01-01,T-0855,J-03-03
O0873,C,11439.8,57893.8,57893.8,57907.7,57932.9,57941.9,58016.8,58046.4,46606.6,46454.0,AMR1,AMR3,0,0,13,38.2,38.2,AMR1,54.4,54.4,AMR3,0,0,0.0,0,2,0,0,0.0,0,0.0,39,43.9,50.4,1.9,T-1023,C-01-01,T-0891,C-02-03
O0874,B,11464.4,57996.1,57996.1,58009.8,58037.3,58052.8,58076.2,58108.1,46643.7,46531.7,AMR1,AMR1,0,0,15,39.5,39.5,AMR1,57.0,57.0,AMR1,0,0,0.0,0,0,0,0,0.0,0,0.0,44,47.3,49.2,0.0,T-1024,B-03-01,T-0853,B-06-02
O0875,A,11485.2,58009.8,58009.8,58020.4,58048.8,58069.0,58102.1,58169.5,46684.3,46524.6,AMR2,AMR2,0,0,21,38.1,38.1,AMR2,68.2,68.2,AMR2,0,0,0.0,0,1,0,0,0.0,0,0.0,67,67.6,44.2,1.2,T-1025,A-05-01,T-0809,A-01-02
O0876,A,11502.4,58072.4,58072.4,58088.0,58148.9,58169.1,58201.4,58235.8,46733.4,46570.0,AMR3,AMR3,0,0,21,45.5,45.5,AMR3,64.9,64.9,AMR3,0,0,0.0,0,1,0,0,0.0,0,0.0,65,64.8,48.3,3.6,T-1026,A-05-03,T-0819,A-03-02
O0877,I,11522.5,58131.8,58131.8,58146.5,58171.1,58185.9,58263.7,58288.5,46766.0,46609.3,AMR1,AMR1,0,0,15,38.4,38.4,AMR1,50.1,50.1,AMR1,0,0,0.0,0,2,0,0,0.0,0,0.0,45,50.9,42.7,1.3,T-1027,I-02-02,T-0906,I-03-02
O0878,G,11541.7,58243.8,58243.8,58259.9,58286.1,58302.9,58331.7,58357.3,46815.6,46702.1,AMR2,AMR2,0,0,17,41.4,41.4,AMR2,54.1,54.1,AMR2,0,0,0.0,0,0,0,0,0.0,0,0.0,47,51.6,45.1,0.0,T-1028,G-04-03,T-0813,G-04-01
O0879,I,11563.1,58259.5,58259.5,58273.8,58299.9,58312.2,58440.0,58523.4,46960.3,46696.4,AMR3,AMR1,0,0,15,38.7,38.7,AMR3,54.5,54.5,AMR1,0,0,0.0,0,6,0,1,9.9,1,4.9,46,50.8,47.4,20.3,T-1029,I-03-02,T-0911,I-04-02
O0880,B,11579.6,58362.1,58362.1,58374.9,58397.4,58410.9,58436.8,58506.5,46926.9,46782.5,AMR3,AMR3,0,0,15,35.2,35.2,AMR3,54.0,54.0,AMR3,0,0,0.0,0,2,0,0,0.0,0,0.0,46,49.2,41.9,0.0,T-1030,B-06-02,T-0892,B-03-03
O0881,D,11595.4,58435.6,58435.6,58447.1,58473.8,58488.6,58510.6,58539.5,46944.1,46840.2,AMR2,AMR2,0,0,13,35.7,35.7,AMR2,51.1,51.1,AMR2,0,0,0.0,0,0,0,0,0.0,0,0.0,41,45.0,44.1,0.0,T-1031,D-05-01,T-0931,D-02-01
O0882,G,11615.8,58530.2,58530.2,58543.2,58569.6,58586.4,58617.5,58648.2,47032.4,46914.4,AMR3,AMR3,0,0,17,38.5,38.5,AMR3,58.5,58.5,AMR3,0,0,0.0,0,0,0,0,0.0,0,0.0,51,54.6,46.6,0.0,T-1032,G-04-01,T-0830,G-01-02
O0883,B,11637.1,58547.1,58547.1,58562.0,58584.8,58600.3,58626.2,58663.5,47026.4,46910.0,AMR1,AMR1,0,0,15,36.0,36.0,AMR1,56.6,56.6,AMR1,0,0,0.0,0,0,0,1,6.3,1,1.3,46,49.3,45.3,6.3,T-1033,B-03-03,T-0893,B-05-03
O0884,D,11659.1,58563.2,58563.2,58578.8,58603.2,58616.0,58641.5,58680.6,47021.5,46904.1,AMR2,AMR2,0,0,13,39.1,39.1,AMR2,56.5,56.5,AMR2,0,0,0.0,0,0,0,1,8.3,1,3.3,39,43.4,52.9,8.3,T-1034,D-02-01,T-0938,D-01-02
O0885,G,11676.5,58671.9,58671.9,58684.2,58712.5,58751.0,58777.1,58805.5,47129.0,46995.4,AMR3,AMR1,0,0,17,38.1,38.1,AMR3,52.2,52.2,AMR1,0,0,0.0,0,0,0,0,0.0,0,0.0,53,55.2,39.9,0.0,T-1035,G-01-02,T-0834,G-02-02
O0886,J,11696.1,58687.2,58687.2,58700.7,58730.8,58772.1,58803.6,58836.2,47140.1,46991.1,AMR1,AMR3,0,0,21,42.7,42.7,AMR1,65.3,65.3,AMR3,0,0,0.0,0,0,0,0,0.0,0,0.0,59,60.3,47.4,0.0,T-1036,J-02-03,T-0861,J-02-01
O0887,C,11714.2,58704.3,58704.3,58718.8,58781.8,58794.0,58817.8,58852.3,47138.1,46990.1,AMR2,AMR2,0,0,13,32.9,32.9,AMR2,54.2,54.2,AMR2,0,0,0.0,0,1,0,1,4.8,0,0.0,41,47.1,44.9,6.0,T-1037,C-02-03,T-0914,C-04-03
O0888,C,11729.3,58829.2,58829.2,58843.3,58863.2,58913.7,58936.1,58966.4,47237.1,47099.9,AMR1,AMR1,0,0,13,33.1,33.1,AMR1,51.3,51.3,AMR1,0,0,0.0,0,0,0,0,0.0,0,0.0,39,43.4,42.2,1.1,T-1038,C-04-03,T-0917,C-05-01
O0889,H,11744.4,58859.9,58859.9,58875.4,58900.8,58917.1,58943.7,58978.3,47233.9,47115.5,AMR3,AMR3,0,0,15,40.0,40.0,AMR3,48.8,48.8,AMR3,0,0,0.0,0,0,0,1,11.1,1,6.1,41,45.5,43.5,13.1,T-1039,H-02-01,T-0873,H-04-01
O0890,E,11764.6,58920.6,58920.6,58932.0,58960.8,58979.0,59008.5,59046.8,47282.2,47156.0,AMR2,AMR2,0,0,19,39.3,39.3,AMR2,64.5,64.5,AMR2,0,0,0.0,0,0,0,0,0.0,0,0.0,61,61.7,46.3,0.0,T-1040,E-02-02,T-0794,E-04-02
O0891,E,11783.4,58990.1,58990.1,59003.3,59030.5,59050.7,59076.9,59111.5,47328.1,47206.7,AMR1,AMR1,0,0,19,37.9,37.9,AMR1,57.5,57.5,AMR1,0,0,0.0,0,0,0,0,0.0,0,0.0,63,63.3,37.9,0.0,T-1041,E-04-03,T-0826,E-05-02
O0892,A,11807.2,59003.3,59003.3,59015.1,59042.6,59064.2,59096.2,59134.1,47326.9,47196.1,AMR3,AMR3,0,0,21,36.8,36.8,AMR3,69.6,69.6,AMR3,0,0,0.0,0,0,0,0,0.0,0,0.0,65,64.9,44.3,0.0,T-1042,A-01-02,T-0822,A-04-01
O0893,E,11830.3,59070.5,59070.5,59083.7,59111.8,59132.0,59221.5,59304.2,47473.9,47240.2,AMR2,AMR2,0,0,19,38.8,38.8,AMR2,63.7,63.7,AMR2,0,0,0.0,0,1,1,0,0.0,1,44.2,61,62.7,45.0,50.3,T-1043,E-04-02,T-0836,E-01-03
O0894,J,11845.9,59164.2,59164.2,59179.2,59206.1,59291.4,59325.6,59359.8,47513.9,47318.3,AMR3,AMR3,0,0,21,41.0,41.0,AMR3,65.1,65.1,AMR3,0,0,0.0,0,0,0,0,0.0,0,0.0,63,64.8,45.5,0.0,T-1044,J-02-01,T-0866,J-04-03
O0895,H,11861.7,59196.2,59196.2,59209.2,59309.4,59323.2,59391.5,59416.5,47554.8,47334.5,AMR1,AMR1,0,0,15,35.8,35.8,AMR1,48.1,48.1,AMR1,0,0,0.0,0,4,0,2,0.9,0,0.0,55,62.8,38.6,4.4,T-1045,H-04-01,T-0877,H-05-01
O0896,H,11880.3,59372.5,59372.5,59388.8,59413.3,59428.1,59451.7,59478.7,47598.4,47492.2,AMR2,AMR2,0,0,15,39.9,39.9,AMR2,50.7,50.7,AMR2,0,0,0.0,0,0,0,0,0.0,0,0.0,43,46.1,45.3,0.0,T-1046,H-05-03,T-0880,H-03-03
O0897,C,11897.0,59388.8,59388.8,59400.6,59422.8,59435.6,59458.4,59493.3,47596.3,47491.8,AMR3,AMR3,0,0,13,33.1,33.1,AMR3,51.1,51.1,AMR3,0,0,0.0,0,0,0,1,6.7,1,1.7,41,43.0,42.0,6.7,T-1047,C-05-01,T-0944,C-03-01
O0898,J,11919.7,59440.2,59440.2,59455.1,59484.6,59502.4,59569.0,59600.1,47680.4,47520.5,AMR1,AMR2,0,0,21,42.7,42.7,AMR1,61.0,61.0,AMR2,0,0,0.0,0,2,0,0,0.0,0,0.0,64,65.6,43.1,3.6,T-1048,J-03-03,T-0900,J-04-01
O0899,D,11941.9,59536.6,59536.6,59548.6,59575.7,59591.2,59615.8,59642.5,47700.6,47594.7,AMR3,AMR3,0,0,13,35.8,35.8,AMR3,51.5,51.5,AMR3,0,0,0.0,0,0,0,0,0.0,0,0.0,42,45.8,44.6,0.0,T-1049,D-06-01,T-0939,D-02-02
O0900,A,11962.0,59549.7,59549.7,59564.3,59593.7,59613.9,59640.9,59677.0,47715.0,47587.7,AMR1,AMR1,0,0,21,43.1,43.1,AMR1,62.8,62.8,AMR1,0,0,0.0,0,0,0,0,0.0,0,0.0,63,63.3,43.8,0.0,T-1050,A-04-01,T-0824,A-04-03
O0901,H,11979.5,59623.8,59623.8,59636.2,59661.5,59666.2,59694.2,59718.8,47739.3,47644.3,AMR2,AMR3,0,0,15,36.8,36.8,AMR2,53.8,53.8,AMR3,0,0,0.0,0,0,0,0,0.0,0,0.0,41,45.0,45.3,0.0,T-1051,H-05-01,T-0886,H-02-02
O0902,C,11998.3,59676.3,59676.3,59689.1,59710.0,59722.5,59746.4,59776.8,47778.5,47678.0,AMR2,AMR2,0,0,13,32.0,32.0,AMR2,54.4,54.4,AMR2,0,0,0.0,0,0,0,0,0.0,0,0.0,42,43.8,44.2,0.0,T-1052,C-03-01,T-0964,C-03-03
O0903,A,12022.6,59700.7,59700.7,59714.0,59745.4,59766.3,59792.8,59826.7,47804.1,47678.1,AMR1,AMR1,0,0,21,43.0,43.0,AMR1,62.1,62.1,AMR1,0,0,0.0,0,0,0,0,0.0,0,0.0,62,62.1,43.0,0.0,T-1053,A-03-02,T-0837,A-06-01
O0904,D,12039.9,59742.5,59742.5,59758.1,59780.4,59793.2,59872.9,59901.0,47861.1,47702.6,AMR3,AMR3,0,0,13,37.0,37.0,AMR3,53.0,53.0,AMR3,0,0,0.0,0,2,0,0,0.0,0,0.0,43,47.8,47.3,1.2,T-1054,D-01-02,T-0941,D-03-02
O0905,F,12064.0,59853.5,59853.5,59868.3,59899.8,59922.7,59956.5,59992.5,47928.5,47789.5,AMR2,AMR2,0,0,23,44.6,44.6,AMR2,68.0,68.0,AMR2,0,0,0.0,0,0,0,0,0.0,0,0.0,68,68.7,47.4,0.0,T-1055,F-03-01,T-0811,F-03-03
O0906,J,12087.3,59868.4,59868.4,59882.6,59912.9,59926.1,59960.0,60008.1,47920.8,47781.1,AMR1,AMR3,0,0,21,42.0,42.0,AMR1,66.4,66.4,AMR3,0,0,0.0,0,0,0,1,12.3,1,7.3,63,64.9,47.8,13.8,T-1056,J-04-01,T-0907,J-03-01
O0907,A,12103.5,59935.1,59935.1,59950.0,59978.2,59997.1,60029.1,60065.3,47961.8,47831.6,AMR1,AMR1,0,0,21,43.0,43.0,AMR1,64.9,64.9,AMR1,0,0,0.0,0,0,0,0,0.0,0,0.0,66,65.5,45.8,0.0,T-1057,A-06-01,T-0838,A-02-02
O0908,I,12120.7,60016.2,60016.2,60027.6,60055.1,60071.9,60133.4,60163.7,48043.0,47895.5,AMR2,AMR2,0,0,15,36.4,36.4,AMR2,54.7,54.7,AMR2,0,0,0.0,0,2,0,0,0.0,0,0.0,47,51.6,45.3,3.6,T-1058,I-04-02,T-0916,I-05-02
O0909,B,12145.3,60031.8,60031.8,60042.3,60066.0,60080.8,60109.9,60140.5,47995.2,47886.5,AMR3,AMR3,0,0,15,33.3,33.3,AMR3,56.4,56.4,AMR3,0,0,0.0,0,0,0,0,0.0,0,0.0,49,51.5,42.4,0.0,T-1059,B-04-03,T-0909,B-01-01
O0910,E,12168.9,60122.7,60122.7,60133.4,60164.2,60184.4,60271.0,60312.4,48143.5,47953.8,AMR1,AMR1,0,0,19,39.0,39.0,AMR1,61.2,61.2,AMR1,0,0,0.0,0,1,0,1,2.8,0,0.0,65,64.8,42.7,6.4,T-1060,E-05-02,T-0902,E-06-02
O0911,H,12184.8,60164.2,60164.2,60177.9,60201.2,60243.4,60272.4,60296.1,48111.3,47979.4,AMR3,AMR3,0,0,15,36.1,36.1,AMR3,51.8,51.8,AMR3,0,0,0.0,0,0,0,0,0.0,0,0.0,43,47.1,42.6,0.0,T-1061,H-02-02,T-0895,H-03-01
O0912,E,12203.5,60248.5,60248.5,60263.2,60292.5,60310.7,60337.2,60371.2,48167.7,48045.0,AMR2,AMR2,0,0,19,41.5,41.5,AMR2,60.7,60.7,AMR2,0,0,0.0,0,0,0,0,0.0,0,0.0,57,58.2,44.7,1.6,T-1062,E-01-03,T-0913,E-02-03
O0913,J,12226.3,60319.8,60319.8,60331.8,60364.9,60394.9,60464.9,60499.4,48273.1,48093.5,AMR3,AMR2,0,0,21,43.4,43.4,AMR3,58.0,58.0,AMR2,0,0,0.0,0,2,0,0,0.0,0,0.0,68,66.3,40.8,6.6,T-1063,J-03-01,T-0912,J-06-01
O0914,J,12246.0,60336.1,60336.1,60350.9,60411.7,60414.4,60470.6,60516.3,48270.3,48090.1,AMR1,AMR3,0,0,21,45.4,45.4,AMR1,66.0,66.0,AMR3,0,0,0.0,0,2,0,2,9.3,2,18.1,65,66.4,50.8,36.2,T-1064,J-04-03,T-0926,J-05-01
O0915,D,12270.9,60473.0,60473.0,60483.8,60503.0,60515.8,60600.7,60633.0,48362.1,48202.1,AMR1,AMR1,0,0,13,29.1,29.1,AMR1,53.6,53.6,AMR1,0,0,0.0,0,2,0,0,0.0,0,0.0,45,49.3,40.0,1.3,T-1065,D-02-02,T-0943,D-04-02
O0916,D,12294.9,60583.3,60583.3,60596.6,60620.5,60634.6,60658.6,60689.3,48394.4,48288.4,AMR2,AMR2,0,0,13,33.6,33.6,AMR2,51.4,51.4,AMR2,0,0,0.0,0,0,0,1,1.9,0,0.0,44,47.7,42.3,1.9,T-1066,D-03-02,T-0945,D-05-02
O0917,G,12310.0,60596.6,60596.6,60607.8,60634.9,60653.1,60681.6,60708.1,48398.1,48286.6,AMR3,AMR3,0,0,17,35.8,35.8,AMR3,53.2,53.2,AMR3,0,0,0.0,0,0,0,0,0.0,0,0.0,51,54.7,38.6,0.0,T-1067,G-02-02,T-0858,G-03-02
O0918,F,12327.3,60658.9,60658.9,60672.8,60704.7,60713.0,60746.5,60779.9,48452.6,48331.6,AMR1,AMR2,0,0,23,43.3,43.3,AMR1,64.6,64.6,AMR2,0,0,0.0,0,0,0,0,0.0,0,0.0,71,70.0,42.7,0.0,T-1068,F-02-03,T-0816,F-01-01
O0919,A,12350.7,60728.3,60728.3,60741.8,60770.5,60792.1,60818.2,60854.3,48503.6,48377.6,AMR1,AMR1,0,0,21,39.7,39.7,AMR1,61.9,61.9,AMR1,0,0,0.0,0,0,0,0,0.0,0,0.0,65,64.9,39.5,0.0,T-1069,A-02-02,T-0862,A-04-02
O0920,G,12365.7,60741.8,60741.8,60757.4,60782.2,60799.7,60829.7,60866.1,48500.4,48376.1,AMR3,AMR3,0,0,17,38.7,38.7,AMR3,55.2,55.2,AMR3,0,0,0.0,0,0,0,1,10.9,1,5.9,48,52.4,43.5,10.9,T-1070,G-03-02,T-0860,G-04-02
O0921,B,12388.0,60803.6,60803.6,60819.1,60845.0,60861.2,60890.3,60919.4,48531.4,48415.6,AMR2,AMR2,0,0,15,37.8,37.8,AMR2,54.9,54.9,AMR2,0,0,0.0,0,0,0,1,1.1,0,0.0,51,53.1,45.4,1.1,T-1071,B-01-01,T-0930,B-02-01
O0922,D,12408.3,60878.0,60878.0,60888.8,60913.7,60928.5,60981.0,61012.0,48603.7,48469.7,AMR1,AMR1,0,0,13,33.2,33.2,AMR1,53.7,53.7,AMR1,0,0,0.0,0,1,0,0,0.0,0,0.0,47,50.0,44.2,3.6,T-1072,D-04-02,T-0948,D-06-02
O0923,A,12428.2,60889.8,60889.8,60905.5,60934.9,60955.1,60985.3,61079.6,48651.4,48461.6,AMR3,AMR3,0,0,21,44.2,44.2,AMR3,65.3,65.3,AMR3,0,0,0.0,0,0,1,0,0.0,0,0.0,69,67.8,47.4,1.1,T-1073,A-04-02,T-0932,A-01-01
O0924,B,12450.3,60967.6,60967.6,60978.3,61062.0,61078.2,61101.0,61133.0,48682.7,48517.3,AMR2,AMR2,0,0,15,34.7,34.7,AMR2,54.5,54.5,AMR2,0,0,0.0,0,0,1,0,0.0,0,0.0,47,50.1,41.9,3.9,T-1074,B-02-01,T-0957,B-04-01
O0925,I,12474.5,61035.7,61035.7,61047.7,61073.7,61090.5,61219.0,61249.5,48775.0,48561.2,AMR1,AMR1,0,0,15,35.5,35.5,AMR1,54.5,54.5,AMR1,0,0,0.0,0,4,0,1,3.6,0,0.0,49,53.1,44.2,7.2,T-1075,I-05-02,T-0923,I-06-02
O0926,F,12496.6,61150.3,61150.3,61164.4,61199.2,61208.5,61236.4,61270.5,48773.9,48653.7,AMR3,AMR2,0,0,23,46.4,46.4,AMR3,62.7,62.7,AMR2,0,0,0.0,0,0,0,0,0.0,0,0.0,67,67.0,43.9,0.0,T-1076,F-01-01,T-0833,F-05-01
O0927,B,12521.3,61222.8,61222.8,61233.4,61259.8,61273.2,61320.7,61351.1,48829.8,48701.5,AMR3,AMR1,0,0,15,36.1,36.1,AMR3,53.9,53.9,AMR1,0,0,0.0,0,2,0,0,0.0,0,0.0,43,48.1,42.7,1.6,T-1077,B-04-01,T-0958,B-06-01
O0928,C,12537.3,61350.2,61350.2,61366.2,61391.8,61404.3,61425.8,61453.3,48916.0,48812.9,AMR2,AMR2,0,0,13,39.9,39.9,AMR2,48.7,48.7,AMR2,0,0,0.0,0,0,0,0,0.0,0,0.0,40,44.2,46.4,0.0,T-1078,C-03-03,T-0967,C-04-01
O0929,B,12560.5,61366.2,61366.2,61379.9,61400.2,61413.7,61438.6,61465.9,48905.4,48805.7,AMR3,AMR3,0,0,15,33.9,33.9,AMR3,51.9,51.9,AMR3,0,0,0.0,0,0,0,0,0.0,0,0.0,44,47.7,38.5,0.0,T-1079,B-06-01,T-0974,B-05-01
O0930,G,12581.1,61380.0,61380.0,61396.0,61419.6,61436.4,61468.3,61499.4,48918.3,48798.9,AMR1,AMR1,0,0,17,38.7,38.7,AMR1,59.7,59.7,AMR1,0,0,0.0,0,0,0,0,0.0,0,0.0,51,54.6,48.0,0.0,T-1080,G-04-02,T-0879,G-02-01
O0931,D,12605.8,61477.0,61477.0,61487.6,61514.1,61523.1,61547.2,61575.4,48969.6,48871.2,AMR2,AMR1,0,0,13,34.6,34.6,AMR2,52.5,52.5,AMR1,0,0,0.0,0,0,0,0,0.0,0,0.0,41,45.0,44.4,0.0,T-1081,D-05-02,T-0955,D-01-01
O0932,F,12623.4,61489.6,61489.6,61500.1,61532.0,61554.2,61588.0,61623.2,48999.8,48866.2,AMR3,AMR3,0,0,23,41.5,41.5,AMR3,70.7,70.7,AMR3,0,0,0.0,0,0,0,0,0.0,0,0.0,63,64.4,47.0,0.0,T-1082,F-05-01,T-0842,F-06-01
O0933,F,12645.4,61530.3,61530.3,61542.7,61573.4,61599.1,61693.7,61730.2,49084.8,48884.9,AMR2,AMR1,0,0,23,41.4,41.4,AMR2,70.4,70.4,AMR1,0,0,0.0,0,2,0,0,0.0,0,0.0,66,66.2,46.6,3.6,T-1083,F-03-03,T-0843,F-04-03
O0934,D,12664.9,61659.3,61659.3,61700.1,61721.2,61734.0,61806.1,61836.1,49171.2,48994.4,AMR3,AMR3,0,0,13,35.7,35.7,AMR3,56.2,56.2,AMR3,0,0,0.0,0,2,1,2,0.8,0,0.0,57,61.8,49.2,2.9,T-1084,D-01-01,T-0962,D-01-03
O0935,C,12689.4,61697.8,61697.8,61712.1,61734.2,61747.0,61770.4,61798.7,49109.3,49008.4,AMR2,AMR2,0,0,13,35.5,35.5,AMR2,53.4,53.4,AMR2,0,0,0.0,0,0,0,0,0.0,0,0.0,37,41.4,46.7,0.0,T-1085,C-04-01,T-0969,C-06-01
O0936,B,12705.5,61788.4,61788.4,61802.2,61823.9,61838.7,61867.8,61954.1,49248.6,49082.9,AMR1,AMR1,0,0,15,34.6,34.6,AMR1,55.4,55.4,AMR1,0,0,0.0,0,2,0,0,0.0,0,0.0,49,51.5,42.7,3.6,T-1086,B-05-01,T-0978,B-01-02
O0937,F,12725.0,61822.4,61822.4,61837.5,61866.4,61929.2,61960.3,62049.2,49324.2,49097.4,AMR2,AMR3,0,0,23,43.9,43.9,AMR2,61.8,61.8,AMR3,0,0,0.0,0,2,0,0,0.0,0,0.0,68,70.0,40.5,1.7,T-1087,F-06-01,T-0844,F-03-02
O0938,F,12741.2,61859.8,61859.8,61871.5,61904.6,61945.3,62032.4,62111.8,49370.6,49118.6,AMR3,AMR2,0,0,23,43.9,43.9,AMR3,64.3,64.3,AMR2,0,0,0.0,0,4,0,0,0.0,0,0.0,69,69.4,43.0,3.6,T-1088,F-04-03,T-0908,F-02-02
O0939,H,12760.7,61977.8,61977.8,61989.8,62017.5,62032.0,62102.4,62131.5,49370.8,49217.1,AMR1,AMR1,0,0,15,38.0,38.0,AMR1,52.8,52.8,AMR1,0,0,0.0,0,2,0,0,0.0,0,0.0,44,48.2,45.5,2.0,T-1089,H-03-01,T-0899,H-03-02
O0940,B,12784.2,62072.9,62072.9,62083.3,62109.1,62125.3,62150.0,62179.4,49395.2,49288.7,AMR3,AMR3,0,0,15,33.7,33.7,AMR3,50.8,50.8,AMR3,0,0,0.0,0,0,0,0,0.0,0,0.0,51,53.1,37.2,0.0,T-1090,B-01-02,T-0995,B-02-02
O0941,E,12807.3,62135.5,62135.5,62151.0,62179.5,62200.4,62291.5,62340.6,49533.3,49328.2,AMR2,AMR2,0,0,19,40.7,40.7,AMR2,62.6,62.6,AMR2,0,0,0.0,0,2,0,1,10.7,1,5.7,64,64.1,45.8,16.8,T-1091,E-06-02,T-0915,E-05-03
O0942,A,12829.2,62155.2,62155.2,62168.3,62196.2,62261.4,62290.6,62326.3,49497.1,49326.0,AMR1,AMR1,0,0,21,38.5,38.5,AMR1,64.6,64.6,AMR1,0,0,0.0,0,0,0,0,0.0,0,0.0,65,64.9,41.0,0.0,T-1092,A-01-01,T-0953,A-05-02
O0943,F,12852.6,62266.4,62266.4,62281.7,62313.6,62337.2,62369.9,62403.4,49550.8,49413.8,AMR3,AMR3,0,0,23,44.7,44.7,AMR3,65.9,65.9,AMR3,0,0,0.0,0,0,0,0,0.0,0,0.0,67,68.0,45.4,0.0,T-1093,F-02-02,T-0910,F-05-02
O0944,D,12868.5,62350.0,62350.0,62365.8,62392.1,62407.6,62484.2,62513.0,49644.5,49481.5,AMR1,AMR1,0,0,13,38.8,38.8,AMR1,55.4,55.4,AMR1,0,0,0.0,0,2,0,2,0.5,0,0.0,46,51.6,51.5,1.5,T-1094,D-06-02,T-0981,D-02-03
O0945,A,12887.5,62365.8,62365.8,62381.0,62409.4,62429.6,62457.6,62489.4,49601.9,49478.3,AMR2,AMR2,0,0,21,42.7,42.7,AMR2,61.5,61.5,AMR2,0,0,0.0,0,0,0,0,0.0,0,0.0,61,61.3,42.1,0.0,T-1095,A-05-02,T-0956,A-06-02
O0946,C,12905.1,62473.6,62473.6,62484.7,62506.0,62513.1,62532.6,62557.7,49652.6,49568.5,AMR3,AMR2,0,0,13,32.3,32.3,AMR3,45.8,45.8,AMR2,0,0,0.0,0,0,0,0,0.0,0,0.0,38,41.1,35.9,0.0,T-1096,C-06-01,T-0983,C-01-02
O0947,H,12929.6,62517.5,62517.5,62532.7,62560.0,62574.5,62601.6,62627.7,49698.1,49587.9,AMR3,AMR3,0,0,15,40.8,40.8,AMR3,52.9,52.9,AMR3,0,0,0.0,0,0,0,0,0.0,0,0.0,42,47.3,48.4,0.0,T-1097,H-03-02,T-0920,H-04-02
O0948,D,12952.1,62536.7,62536.7,62547.8,62571.2,62610.5,62633.5,62664.0,49711.9,49584.6,AMR1,AMR2,0,0,13,33.6,33.6,AMR1,51.7,51.7,AMR2,0,0,0.0,0,0,0,0,0.0,0,0.0,41,45.4,42.6,0.0,T-1098,D-01-03,T-0994,D-03-01
O0949,C,12971.7,62617.2,62617.2,62632.6,62654.0,62666.2,62689.4,62717.5,49745.8,49645.5,AMR1,AMR1,0,0,13,35.9,35.9,AMR1,51.5,51.5,AMR1,0,0,0.0,0,0,0,0,0.0,0,0.0,39,42.9,45.2,0.0,T-1099,C-01-02,T-0987,C-02-02
O0950,D,12986.8,62651.4,62651.4,62665.9,62687.5,62688.9,62711.7,62739.7,49752.9,49664.6,AMR3,AMR2,0,0,13,34.4,34.4,AMR3,47.5,47.5,AMR2,0,0,0.0,0,0,0,0,0.0,0,0.0,44,47.7,39.2,0.0,T-1100,D-03-01,T-1006,D-04-01
O0951,G,13003.8,62701.6,62701.6,62712.1,62740.9,62741.2,62766.4,62793.2,49789.4,49697.8,AMR3,AMR1,0,0,17,36.8,36.8,AMR3,52.7,52.7,AMR1,0,0,0.0,0,0,0,0,0.0,0,0.0,49,52.2,39.1,0.0,T-1101,G-02-01,T-0903,G-05-02
O0952,B,13025.7,62759.1,62759.1,62771.6,62797.0,62816.9,62876.3,62907.6,49881.9,49733.4,AMR3,AMR1,0,0,15,35.4,35.4,AMR3,52.3,52.3,AMR1,0,0,0.0,0,0,0,1,1.0,1,19.6,55,59.4,40.4,28.8,T-1102,B-02-02,T-0996,B-03-02
O0953,B,13046.5,62771.7,62771.7,62786.3,62863.3,62869.8,62894.9,62924.1,49877.6,49725.2,AMR2,AMR3,0,0,15,38.8,38.8,AMR2,51.7,51.7,AMR3,0,0,0.0,0,2,0,1,2.3,0,0.0,45,48.5,43.2,2.3,T-1103,B-05-03,T-1000,B-04-02
O0954,D,13071.5,62878.1,62878.1,62890.0,62914.9,62929.7,62988.8,63017.0,49945.5,49806.6,AMR2,AMR2,0,0,13,34.3,34.3,AMR2,50.7,50.7,AMR2,0,0,0.0,0,1,0,0,0.0,0,0.0,43,49.0,42.3,1.1,T-1104,D-04-01,T-1008,D-03-03
O0955,C,13090.9,62968.4,62968.4,62981.2,63001.0,63013.2,63036.7,63065.1,49974.2,49877.5,AMR1,AMR1,0,0,13,31.7,31.7,AMR1,51.0,51.0,AMR1,0,0,0.0,0,0,0,0,0.0,0,0.0,41,44.0,40.5,0.0,T-1105,C-02-02,T-0989,C-03-02
O0956,F,13115.0,62981.2,62981.2,62992.6,63024.3,63040.7,63070.5,63105.1,49990.1,49866.2,AMR3,AMR2,0,0,23,41.4,41.4,AMR3,65.1,65.1,AMR2,0,0,0.0,0,0,0,0,0.0,0,0.0,66,66.2,41.3,0.0,T-1106,F-03-02,T-0929,F-04-02
O0957,H,13130.4,63048.3,63048.3,63060.3,63087.4,63088.8,63111.2,63135.0,50004.6,49917.9,AMR3,AMR1,0,0,15,38.2,38.2,AMR3,47.4,47.4,AMR1,0,0,0.0,0,0,0,0,0.0,0,0.0,41,45.0,40.3,0.0,T-1107,H-04-02,T-0924,H-01-01
O0958,J,13147.1,63102.2,63102.2,63113.1,63146.1,63158.7,63188.8,63222.2,50075.1,49955.1,AMR3,AMR1,0,0,21,41.4,41.4,AMR3,63.7,63.7,AMR1,0,0,0.0,0,0,0,0,0.0,0,0.0,61,62.9,44.5,0.0,T-1108,J-05-01,T-0937,J-01-02
O0959,G,13170.3,63128.8,63128.8,63143.0,63170.1,63186.9,63215.0,63242.2,50071.9,49958.5,AMR2,AMR2,0,0,17,40.4,40.4,AMR2,57.0,57.0,AMR2,0,0,0.0,0,0,0,0,0.0,0,0.0,45,49.6,47.0,0.0,T-1109,G-05-02,T-0954,G-06-02
O0960,G,13185.6,63168.3,63168.3,63182.1,63208.0,63228.2,63257.9,63286.1,50100.5,49982.7,AMR3,AMR3,0,0,17,38.8,38.8,AMR3,54.6,54.6,AMR3,0,0,0.0,0,0,0,0,0.0,0,0.0,51,54.6,43.0,0.0,T-1110,G-05-03,T-0971,G-01-03
O0961,C,13204.1,63245.9,63245.9,63260.3,63285.1,63309.8,63377.6,63408.6,50204.5,50041.8,AMR1,AMR3,0,0,13,37.5,37.5,AMR1,52.8,52.8,AMR3,0,0,0.0,0,0,1,0,0.0,1,3.8,42,47.6,48.1,11.3,T-1111,C-03-02,T-0992,C-04-02
O0962,C,13221.9,63265.9,63265.9,63276.8,63331.8,63377.1,63397.6,63425.1,50203.2,50044.0,AMR2,AMR2,0,0,13,32.5,32.5,AMR2,48.2,48.2,AMR2,0,0,0.0,0,2,0,0,0.0,0,0.0,39,42.9,38.5,3.6,T-1112,C-05-03,T-1003,C-02-01
O0963,J,13243.1,63331.3,63331.3,63345.3,63379.0,63401.9,63433.9,63466.8,50223.7,50088.2,AMR1,AMR1,0,0,21,44.4,44.4,AMR1,65.1,65.1,AMR1,0,0,0.0,0,0,0,0,0.0,0,0.0,62,63.7,48.9,0.0,T-1113,J-06-01,T-0942,J-02-02
O0964,H,13264.5,63432.3,63432.3,63443.7,63466.4,63490.5,63513.7,63539.2,50274.7,50167.8,AMR3,AMR1,0,0,15,33.2,33.2,AMR3,48.4,48.4,AMR1,0,0,0.0,0,0,0,0,0.0,0,0.0,41,46.5,36.3,0.0,T-1114,H-01-01,T-0925,H-05-02
O0965,H,13288.4,63448.8,63448.8,63465.0,63521.1,63535.6,63562.1,63586.2,50297.8,50160.4,AMR2,AMR2,0,0,15,40.6,40.6,AMR2,50.3,50.3,AMR2,0,0,0.0,0,2,0,0,0.0,0,0.0,42,47.3,45.6,3.6,T-1115,H-03-03,T-0927,H-04-03
O0966,G,13304.3,63511.9,63511.9,63526.9,63550.9,63562.9,63623.9,63651.4,50347.1,50207.6,AMR3,AMR1,0,0,17,38.9,38.9,AMR3,53.3,53.3,AMR1,0,0,0.0,0,2,0,0,0.0,0,0.0,50,55.4,41.8,2.3,T-1116,G-06-02,T-0980,G-02-03
O0967,I,13323.5,63598.0,63598.0,63612.4,63641.9,63663.8,63748.6,63791.6,50468.1,50274.5,AMR3,AMR3,0,0,15,40.6,40.6,AMR3,55.9,55.9,AMR3,0,0,0.0,0,2,0,2,13.5,1,7.4,48,52.4,50.7,17.1,T-1117,I-06-02,T-0928,I-04-03
O0968,I,13344.8,63612.5,63612.5,63627.1,63650.3,63719.8,63748.3,63775.8,50431.0,50267.7,AMR2,AMR1,0,0,15,36.1,36.1,AMR2,53.7,53.7,AMR1,0,0,0.0,0,0,0,0,0.0,0,0.0,42,47.3,44.0,2.5,T-1118,I-03-03,T-0934,I-01-03
O0969,F,13369.7,63727.7,63727.7,63739.0,63769.5,63791.7,63824.7,63858.5,50488.8,50358.0,AMR2,AMR2,0,0,23,40.9,40.9,AMR2,68.5,68.5,AMR2,0,0,0.0,0,0,0,0,0.0,0,0.0,63,64.4,44.2,0.0,T-1119,F-04-02,T-0970,F-06-02
O0970,H,13390.1,63799.5,63799.5,63814.9,63842.3,63857.1,63926.0,63957.7,50567.6,50409.4,AMR1,AMR1,0,0,15,41.9,41.9,AMR1,56.1,56.1,AMR1,0,0,0.0,0,2,0,1,4.7,0,0.0,39,44.5,52.7,8.3,T-1120,H-05-02,T-0933,H-06-02
O0971,I,13414.2,63815.3,63815.3,63830.3,63857.9,63882.2,63911.5,63940.9,50526.7,50401.1,AMR3,AMR2,0,0,15,41.7,41.7,AMR3,55.4,55.4,AMR2,0,0,0.0,0,0,0,0,0.0,0,0.0,45,50.0,51.3,0.0,T-1121,I-01-03,T-0935,I-05-03
O0972,C,13433.1,63915.5,63915.5,63927.3,63947.9,63960.1,63981.9,64011.3,50578.2,50482.4,AMR3,AMR3,0,0,13,31.5,31.5,AMR3,51.9,51.9,AMR3,0,0,0.0,0,0,0,0,0.0,0,0.0,39,42.4,41.2,0.0,T-1122,C-02-01,T-1004,C-05-02
O0973,D,13451.3,63967.4,63967.4,63981.8,64006.1,64018.9,64068.9,64100.1,50648.8,50516.1,AMR2,AMR2,0,0,13,37.8,37.8,AMR2,53.4,53.4,AMR2,0,0,0.0,0,0,1,0,0.0,0,0.0,45,50.3,48.5,1.1,T-1123,D-02-03,T-1017,D-04-03
O0974,E,13475.3,63981.4,63981.4,63993.9,64022.4,64040.6,64065.6,64112.0,50636.7,50506.1,AMR1,AMR1,0,0,19,40.1,40.1,AMR1,56.5,56.5,AMR1,0,0,0.0,0,0,0,1,11.5,1,6.5,57,58.2,39.1,15.1,T-1124,E-02-03,T-0965,E-02-01
O0975,H,13498.3,64059.6,64059.6,64074.0,64099.7,64113.2,64136.0,64161.6,50663.3,50561.3,AMR3,AMR3,0,0,15,40.0,40.0,AMR3,49.6,49.6,AMR3,0,0,0.0,0,0,0,0,0.0,0,0.0,40,44.2,44.3,0.0,T-1125,H-06-02,T-0936,H-01-03
O0976,J,13516.9,64123.8,64123.8,64139.1,64167.0,64188.0,64215.2,64253.0,50736.1,50606.9,AMR2,AMR1,0,0,21,42.3,42.3,AMR2,57.8,57.8,AMR1,0,0,0.0,0,0,0,0,0.0,0,0.0,63,65.7,39.5,3.0,T-1126,J-01-02,T-0951,J-03-02
O0977,B,13541.7,64139.2,64139.2,64150.0,64172.5,64243.2,64269.4,64299.2,50757.5,50597.5,AMR1,AMR3,0,0,15,31.6,31.6,AMR1,53.7,53.7,AMR3,0,0,0.0,0,0,0,0,0.0,0,0.0,50,51.3,38.0,0.0,T-1127,B-03-02,T-1001,B-01-03
O0978,E,13563.2,64247.3,64247.3,64260.3,64289.1,64307.3,64334.1,64369.2,50806.0,50684.1,AMR2,AMR2,0,0,19,40.9,40.9,AMR2,60.1,60.1,AMR2,0,0,0.0,0,0,0,0,0.0,0,0.0,59,60.2,43.5,0.0,T-1128,E-02-01,T-0968,E-03-02
O0979,A,13586.4,64276.7,64276.7,64291.9,64321.2,64322.9,64353.8,64390.9,50804.5,50690.3,AMR1,AMR3,0,0,21,44.4,44.4,AMR1,65.7,65.7,AMR3,0,0,0.0,0,0,0,0,0.0,0,0.0,66,64.5,48.0,0.0,T-1129,A-06-02,T-0985,A-01-03
O0980,G,13607.1,64340.1,64340.1,64355.9,64386.4,64392.9,64421.7,64449.7,50842.6,50733.0,AMR1,AMR2,0,0,17,42.2,42.2,AMR1,56.0,56.0,AMR2,0,0,0.0,0,0,0,1,1.6,0,0.0,51,53.7,47.8,1.6,T-1130,G-01-03,T-0988,G-03-03
O0981,C,13631.5,64404.6,64404.6,64417.1,64439.1,64451.9,64475.8,64505.3,50873.8,50773.1,AMR1,AMR1,0,0,13,33.6,33.6,AMR1,55.1,55.1,AMR1,0,0,0.0,0,0,0,0,0.0,0,0.0,37,41.4,46.5,0.0,T-1131,C-04-02,T-1009,C-06-02
O0982,F,13648.9,64417.1,64417.1,64430.1,64463.4,64473.4,64502.9,64540.7,50891.8,50768.2,AMR3,AMR2,0,0,23,45.4,45.4,AMR3,65.0,65.0,AMR2,0,0,0.0,0,0,0,0,0.0,0,0.0,69,68.4,45.2,0.0,T-1132,F-05-02,T-0976,F-01-02
O0983,J,13670.8,64485.6,64485.6,64496.7,64528.1,64529.0,64561.4,64594.8,50924.0,50814.8,AMR3,AMR1,0,0,21,41.6,41.6,AMR3,62.5,62.5,AMR1,0,0,0.0,0,0,0,0,0.0,0,0.0,63,64.8,43.5,0.0,T-1133,J-02-02,T-0959,J-04-02
O0984,F,13692.9,64548.3,64548.3,64561.8,64596.8,64618.5,64678.4,64711.7,51018.8,50855.4,AMR3,AMR1,0,0,23,46.0,46.0,AMR3,64.1,64.1,AMR1,0,0,0.0,0,2,0,0,0.0,0,0.0,67,67.0,44.9,3.6,T-1134,F-01-02,T-0977,F-05-03
O0985,J,13713.5,64564.4,64564.4,64580.7,64610.5,64647.1,64679.4,64724.3,51010.8,50850.9,AMR2,AMR2,0,0,21,44.4,44.4,AMR2,61.1,61.1,AMR2,0,0,0.0,0,0,0,1,10.4,1,5.4,64,65.6,44.9,12.8,T-1135,J-03-02,T-0960,J-05-03
O0986,H,13736.9,64652.2,64652.2,64663.3,64689.9,64705.3,64732.0,64759.4,51022.5,50915.3,AMR3,AMR3,0,0,15,36.8,36.8,AMR3,56.8,56.8,AMR3,0,0,0.0,0,0,0,0,0.0,0,0.0,39,43.5,48.3,0.0,T-1136,H-01-03,T-0949,H-06-01
O0987,H,13755.0,64735.4,64735.4,64751.1,64777.5,64791.0,64813.6,64839.3,51084.3,50980.4,AMR1,AMR1,0,0,15,42.0,42.0,AMR1,49.5,49.5,AMR1,0,0,0.0,0,0,0,0,0.0,0,0.0,40,44.2,46.2,0.0,T-1137,H-06-01,T-0973,H-01-02
O0988,D,13770.9,64751.1,64751.1,64764.7,64828.0,64842.1,64906.6,64970.9,51200.0,50980.2,AMR2,AMR2,0,0,13,37.1,37.1,AMR2,51.1,51.1,AMR2,0,0,0.0,0,6,0,2,0.7,0,0.0,48,53.6,45.5,1.7,T-1138,D-03-03,T-1018,D-05-03
O0989,I,13788.1,64817.2,64817.2,64832.9,64857.3,64874.1,64911.8,64983.2,51195.1,51029.1,AMR3,AMR3,0,0,15,37.6,37.6,AMR3,50.7,50.7,AMR3,0,0,0.0,0,2,0,2,11.7,2,11.2,43,47.6,42.5,24.9,T-1139,I-04-03,T-0940,I-01-01
O0990,J,13803.1,64906.3,64906.3,64917.7,64946.8,64969.0,65003.6,65038.0,51234.9,51103.2,AMR1,AMR1,0,0,21,38.0,38.0,AMR1,65.7,65.7,AMR1,0,0,0.0,0,0,0,0,0.0,0,0.0,65,66.4,43.1,0.0,T-1140,J-04-02,T-0961,J-05-02
O0991,F,13826.1,64994.6,64994.6,65007.4,65040.2,65061.7,65094.7,65191.5,51365.4,51168.5,AMR2,AMR1,0,0,23,45.5,45.5,AMR2,63.6,63.6,AMR1,0,0,0.0,0,2,0,0,0.0,0,0.0,68,69.6,43.9,9.2,T-1141,F-06-02,T-0979,F-04-01
O0992,F,13842.9,65006.9,65006.9,65021.7,65163.3,65172.3,65207.5,65245.8,51402.9,51164.0,AMR3,AMR2,0,0,23,42.2,42.2,AMR3,70.2,70.2,AMR2,0,0,0.0,0,0,1,0,0.0,1,46.9,71,71.9,47.2,53.8,T-1142,F-05-03,T-0984,F-01-03
O0993,J,13858.1,65185.5,65185.5,65200.4,65230.0,65252.2,65286.2,65319.2,51461.1,51327.4,AMR3,AMR3,0,0,21,42.0,42.0,AMR3,62.2,62.2,AMR3,0,0,0.0,0,0,0,0,0.0,0,0.0,67,67.9,43.6,0.0,T-1143,J-05-02,T-1013,J-06-02
O0994,B,13882.3,65215.2,65215.2,65229.5,65253.9,65268.7,65293.6,65385.2,51502.9,51332.9,AMR1,AMR1,0,0,15,37.8,37.8,AMR1,55.6,55.6,AMR1,0,0,0.0,0,0,1,0,0.0,0,0.0,49,52.8,46.1,1.1,T-1144,B-04-02,T-1012,B-02-03
O0995,B,13905.9,65272.1,65272.1,65284.1,65369.6,65385.8,65408.8,65437.1,51531.2,51366.2,AMR2,AMR2,0,0,15,35.3,35.3,AMR2,51.0,51.0,AMR2,0,0,0.0,0,0,1,1,1.0,0,0.0,49,53.5,39.0,1.1,T-1145,B-01-03,T-1019,B-05-02
O0996,G,13928.0,65342.9,65342.9,65357.8,65384.1,65402.3,65429.6,65455.9,51527.9,51414.9,AMR3,AMR3,0,0,17,38.7,38.7,AMR3,51.8,51.8,AMR3,0,0,0.0,0,0,0,1,1.5,0,0.0,49,53.2,40.1,1.5,T-1146,G-02-03,T-0999,G-05-01
O0997,E,13944.0,65408.9,65408.9,65422.4,65449.6,65460.8,65489.7,65521.9,51577.9,51464.9,AMR1,AMR2,0,0,19,39.0,39.0,AMR1,61.3,61.3,AMR2,0,0,0.0,0,0,0,0,0.0,0,0.0,58,59.0,42.8,0.0,T-1147,E-03-02,T-0972,E-01-01
O0998,C,13960.3,65469.1,65469.1,65480.9,65503.1,65515.9,65582.7,65617.3,51657.0,51508.8,AMR1,AMR1,0,0,13,33.1,33.1,AMR1,49.4,49.4,AMR1,0,0,0.0,0,2,0,3,7.2,1,1.9,43,47.7,40.3,8.2,T-1148,C-05-02,T-1021,C-01-03
O0999,H,13984.8,65480.9,65480.9,65495.4,65520.0,65545.6,65578.7,65602.7,51617.9,51496.1,AMR3,AMR2,0,0,15,38.2,38.2,AMR3,51.9,51.9,AMR2,0,0,0.0,0,0,0,0,0.0,0,0.0,43,48.4,44.8,3.0,T-1149,H-01-02,T-0986,H-02-03
O1000,I,14003.0,65577.0,65577.0,65589.5,65611.4,65626.2,65677.8,65701.4,51698.4,51574.0,AMR3,AMR3,0,0,15,33.5,33.5,AMR3,49.1,49.1,AMR3,0,0,0.0,0,2,0,0,0.0,0,0.0,41,46.5,36.8,3.6,T-1150,I-01-01,T-0946,I-02-01
