주문ID,저장구역,발생시각(s),작업시작(배정)시각(s),입고장 도착(s),RFID 통과(s),저장구역 적치완료(s),출고 작업 배정(s),피킹 완료(s),출고완료(s),총처리시간(s),주문 대응시간(s),입고 배정 AMR,출고 배정 AMR,출고 연속 수행,배정 당시 AMR-입고장 거리(m),배정 당시 AMR-피킹위치 거리(m),입고 배차비용(s),입고 최소 가능비용(s),입고 최소비용 AMR,출고 배차비용(s),출고 최소 가능비용(s),출고 최소비용 AMR,배차 비효율,추가 이동거리(m),추가 예상시간(s),수동 배차 확인 개입,경로충돌,정면충돌,병목 횟수,병목 대기(s),장시간정체 개입,장시간정체 개입시간(s),이동거리(m),이동시간(s),작업시간(s),대기시간(s),입고 토트,적치 슬롯,출고 토트,피킹 슬롯
O0001,B,0.0,0.0,10.5,21.8,47.0,76.7,104.4,166.5,166.5,0.0,AMR1,AMR2,0,15,15,44.5,43.8,AMR2,57.6,57.6,AMR2,1,1,0.7,0,0,0,2,28.6,2,18.6,66,63.9,44.3,28.6,T-0151,B-01-01,T-0016,B-01-05
O0002,D,22.4,22.4,32.2,42.7,64.5,80.6,103.7,135.5,113.1,0.0,AMR2,AMR1,0,14,13,41.2,41.2,AMR2,53.1,53.1,AMR1,0,0,0.0,0,0,0,0,0.0,0,0.0,57,55.2,41.8,0.0,T-0152,D-01-01,T-0046,D-04-03
O0003,B,38.8,38.8,64.5,77.5,134.6,150.2,177.2,208.8,170.0,0.0,AMR3,AMR3,0,31,15,59.7,57.3,AMR1,58.8,58.8,AMR3,1,31,2.4,0,0,0,0,0.0,2,23.6,78,75.3,45.5,33.6,T-0153,B-02-01,T-0017,B-05-03
O0004,I,61.2,174.2,174.2,187.7,212.4,232.5,261.4,289.6,228.4,113.0,AMR1,AMR3,0,0,15,37.4,37.4,AMR1,54.5,54.5,AMR3,0,0,0.0,0,0,0,0,0.0,0,0.0,45,49.2,46.1,0.0,T-0154,I-01-01,T-0121,I-04-03
O0005,A,82.1,198.2,198.2,210.9,238.4,247.6,278.0,317.8,235.7,116.1,AMR2,AMR1,0,0,21,37.7,37.7,AMR2,64.9,64.9,AMR1,0,0,0.0,0,0,0,1,1.0,0,0.0,71,68.8,40.5,1.1,T-0155,A-02-01,T-0001,A-02-03
O0006,D,98.1,268.2,268.2,283.9,307.0,313.3,334.4,364.6,266.5,170.1,AMR2,AMR3,0,0,13,37.1,37.1,AMR2,51.5,51.5,AMR3,0,0,0.0,0,0,0,0,0.0,0,0.0,40,44.2,45.9,0.0,T-0156,D-03-01,T-0047,D-01-02
O0007,I,119.1,327.5,327.5,342.0,364.3,378.5,405.8,434.3,315.2,208.4,AMR2,AMR2,0,0,15,36.0,36.0,AMR2,54.7,54.7,AMR2,0,0,0.0,0,0,0,0,0.0,0,0.0,43,47.7,44.9,0.0,T-0157,I-02-01,T-0122,I-03-02
O0008,I,141.2,351.5,351.5,365.1,392.6,402.3,426.9,455.8,314.6,210.3,AMR1,AMR3,0,0,15,38.7,38.7,AMR1,52.4,52.4,AMR3,0,0,0.0,0,0,0,0,0.0,0,0.0,45,49.3,45.3,0.0,T-0158,I-04-01,T-0123,I-03-01
O0009,J,158.4,419.2,419.2,433.1,461.8,482.5,512.5,545.5,387.1,260.8,AMR1,AMR3,0,0,21,41.8,41.8,AMR1,61.0,61.0,AMR3,0,0,0.0,0,0,0,0,0.0,0,0.0,63,63.4,42.2,0.0,T-0159,J-01-01,T-0136,J-04-02
O0010,A,181.5,458.0,458.0,469.1,498.5,517.6,548.4,595.6,414.1,276.5,AMR2,AMR2,0,0,21,38.8,38.8,AMR2,69.2,69.2,AMR2,0,0,0.0,0,0,0,1,10.0,1,5.0,64,62.6,45.9,10.0,T-0160,A-03-01,T-0002,A-05-03
O0011,F,203.5,485.6,485.6,501.8,535.1,556.9,586.1,616.3,412.8,282.1,AMR1,AMR1,0,0,23,47.1,47.1,AMR1,60.6,60.6,AMR1,0,0,0.0,0,0,0,0,0.0,0,0.0,67,66.4,42.5,0.0,T-0161,F-02-01,T-0076,F-05-05
O0012,F,220.1,581.2,581.2,592.5,626.2,643.0,672.6,706.8,486.7,361.1,AMR3,AMR1,0,0,23,43.4,43.4,AMR3,63.2,63.2,AMR1,0,0,0.0,0,0,0,0,0.0,0,0.0,70,67.4,41.4,0.0,T-0162,F-03-01,T-0077,F-01-01
O0013,B,236.0,619.3,619.3,629.7,655.9,664.3,693.6,723.0,487.0,383.3,AMR2,AMR3,0,0,15,35.7,35.7,AMR2,55.4,55.4,AMR3,0,0,0.0,0,0,0,1,2.0,0,0.0,47,49.4,43.8,2.1,T-0163,B-04-01,T-0018,B-05-04
O0014,J,259.5,679.1,679.1,694.9,726.7,730.5,761.7,796.2,536.7,419.6,AMR2,AMR1,0,0,21,46.8,46.8,AMR2,62.6,62.6,AMR1,0,0,0.0,0,0,0,0,0.0,0,0.0,65,64.5,48.8,0.0,T-0164,J-02-01,T-0137,J-06-03
O0015,H,282.6,749.1,749.1,763.7,790.5,805.3,832.3,857.1,574.5,466.5,AMR2,AMR2,0,0,15,40.6,40.6,AMR2,53.2,53.2,AMR2,0,0,0.0,0,0,0,0,0.0,0,0.0,41,44.7,48.5,0.0,T-0165,H-04-01,T-0106,H-02-04
O0016,G,298.8,772.7,772.7,784.3,814.0,829.9,855.6,884.3,585.5,473.9,AMR3,AMR1,0,0,17,39.7,39.7,AMR3,55.8,55.8,AMR1,0,0,0.0,0,0,0,0,0.0,0,0.0,48,50.6,45.1,0.0,T-0166,G-03-01,T-0091,G-05-02
O0017,J,319.3,846.9,846.9,860.8,894.4,908.0,937.8,968.5,649.2,527.6,AMR3,AMR1,0,0,21,45.1,45.1,AMR3,60.4,60.4,AMR1,0,0,0.0,0,0,0,0,0.0,0,0.0,63,63.1,44.9,0.0,T-0167,J-04-01,T-0138,J-03-03
O0018,B,340.1,880.8,880.8,896.2,921.2,928.8,959.0,989.7,649.6,540.7,AMR2,AMR3,0,0,15,39.5,39.5,AMR2,58.6,58.6,AMR3,0,0,0.0,0,0,0,0,0.0,0,0.0,47,50.4,50.8,0.1,T-0168,B-05-01,T-0019,B-04-02
O0019,E,361.7,943.4,943.4,954.9,981.0,992.2,1019.2,1057.4,695.7,581.7,AMR2,AMR1,0,0,19,35.9,35.9,AMR2,64.0,64.0,AMR1,0,0,0.0,0,0,0,0,0.0,0,0.0,60,60.4,42.4,0.0,T-0169,E-03-01,T-0061,E-01-04
O0020,B,385.3,1016.4,1016.4,1027.2,1049.8,1065.4,1090.6,1121.0,735.7,631.1,AMR3,AMR3,0,0,15,30.9,30.9,AMR3,55.8,55.8,AMR3,0,0,0.0,0,0,0,0,0.0,0,0.0,47,49.6,39.4,0.0,T-0170,B-01-02,T-0020,B-04-05
O0021,F,403.0,1037.1,1037.1,1052.7,1088.1,1089.1,1125.0,1157.6,754.6,634.1,AMR2,AMR1,0,0,23,48.6,48.6,AMR2,64.4,64.4,AMR1,0,0,0.0,0,0,0,0,0.0,0,0.0,73,71.6,47.8,0.1,T-0171,F-01-01,T-0078,F-01-04
O0022,D,421.7,1110.9,1110.9,1122.2,1143.0,1144.7,1172.3,1199.7,778.0,689.2,AMR2,AMR3,0,0,13,29.6,29.6,AMR2,50.7,50.7,AMR3,0,0,0.0,0,0,0,0,0.0,0,0.0,47,49.4,37.6,0.1,T-0172,D-04-01,T-0048,D-05-05
O0023,B,439.4,1159.2,1159.2,1172.2,1194.7,1210.3,1235.2,1264.7,825.3,719.8,AMR2,AMR2,0,0,15,33.0,33.0,AMR2,53.1,53.1,AMR2,0,0,0.0,0,0,0,0,0.0,0,0.0,49,51.1,38.8,0.0,T-0173,B-02-02,T-0021,B-03-04
O0024,I,460.8,1183.3,1183.3,1197.2,1223.9,1234.4,1259.9,1284.8,824.0,722.5,AMR1,AMR3,0,0,15,39.0,39.0,AMR1,47.8,47.8,AMR3,0,0,0.0,0,0,0,0,0.0,0,0.0,46,50.0,41.0,0.0,T-0174,I-03-01,T-0124,I-05-03
O0025,H,478.2,1250.4,1250.4,1262.4,1288.0,1288.4,1311.4,1339.4,861.2,772.2,AMR1,AMR2,0,0,15,36.8,36.8,AMR1,50.4,50.4,AMR2,0,0,0.0,0,0,0,0,0.0,0,0.0,43,46.7,41.9,0.0,T-0175,H-05-01,T-0107,H-03-04
O0026,I,495.9,1312.5,1312.5,1327.3,1353.5,1363.1,1389.8,1414.0,918.1,816.6,AMR3,AMR2,0,0,15,38.6,38.6,AMR3,51.8,51.8,AMR2,0,0,0.0,0,0,0,0,0.0,0,0.0,43,47.3,44.6,0.0,T-0176,I-05-01,T-0125,I-01-05
O0027,A,517.8,1327.8,1327.8,1341.1,1369.4,1379.7,1409.6,1444.3,926.5,810.0,AMR1,AMR3,0,0,21,40.7,40.7,AMR1,68.8,68.8,AMR3,0,0,0.0,0,0,0,0,0.0,0,0.0,61,58.8,47.4,0.0,T-0177,A-05-01,T-0003,A-06-03
O0028,F,541.0,1398.8,1398.8,1412.9,1445.3,1465.7,1498.7,1534.3,993.3,857.8,AMR1,AMR1,0,0,23,45.7,45.7,AMR1,65.9,65.9,AMR1,0,0,0.0,0,0,0,0,0.0,0,0.0,71,68.7,46.4,0.0,T-0178,F-05-01,T-0079,F-01-05
O0029,D,558.6,1437.7,1437.7,1451.9,1478.4,1493.3,1518.8,1549.6,991.0,879.1,AMR2,AMR2,0,0,13,37.4,37.4,AMR2,49.5,49.5,AMR2,0,0,0.0,0,0,0,1,4.0,0,0.0,46,48.8,44.2,4.0,T-0179,D-06-01,T-0049,D-05-01
O0030,F,582.4,1469.6,1469.6,1484.2,1516.9,1536.0,1571.3,1603.7,1021.3,887.2,AMR3,AMR3,0,0,23,47.3,47.3,AMR3,66.1,66.1,AMR3,0,0,0.0,0,0,0,0,0.0,0,0.0,68,66.8,48.2,0.0,T-0180,F-06-01,T-0080,F-02-04
O0031,G,604.0,1560.0,1560.0,1574.8,1602.8,1620.4,1646.2,1673.7,1069.7,956.0,AMR1,AMR1,0,0,17,40.4,40.4,AMR1,53.7,53.7,AMR1,0,0,0.0,0,0,0,0,0.0,0,0.0,49,52.4,43.7,0.0,T-0181,G-01-02,T-0092,G-04-01
O0032,E,623.5,1584.3,1584.3,1596.8,1625.1,1644.4,1670.7,1700.9,1077.4,960.8,AMR2,AMR3,0,0,19,38.3,38.3,AMR2,58.2,58.2,AMR3,0,0,0.0,0,0,0,0,0.0,0,0.0,59,58.3,39.0,0.0,T-0182,E-04-01,T-0062,E-02-05
O0033,I,641.0,1663.5,1663.5,1676.1,1705.0,1721.9,1749.4,1774.6,1133.6,1022.5,AMR2,AMR2,0,0,15,38.2,38.2,AMR2,53.2,53.2,AMR2,0,0,0.0,0,0,0,0,0.0,0,0.0,44,48.6,45.6,0.0,T-0183,I-06-01,T-0126,I-02-04
O0034,J,658.6,1697.4,1697.4,1709.2,1740.9,1762.0,1792.0,1826.6,1168.0,1038.8,AMR1,AMR1,0,0,21,40.3,40.3,AMR1,64.5,64.5,AMR1,0,0,0.0,0,0,0,0,0.0,0,0.0,64,63.9,44.2,0.0,T-0184,J-06-01,T-0139,J-03-01
O0035,G,682.6,1724.6,1724.6,1738.2,1761.8,1779.0,1805.1,1843.8,1161.2,1042.0,AMR3,AMR3,0,0,17,36.4,36.4,AMR3,55.7,55.7,AMR3,0,0,0.0,0,0,0,1,8.0,1,3.0,49,52.3,41.7,8.0,T-0185,G-04-01,T-0093,G-03-05
O0036,C,699.8,1803.3,1803.3,1814.8,1839.6,1850.3,1874.3,1903.7,1203.9,1103.5,AMR2,AMR1,0,0,13,35.4,35.4,AMR2,53.1,53.1,AMR1,0,0,0.0,0,0,0,0,0.0,0,0.0,39,43.4,46.3,0.0,T-0186,C-01-01,T-0031,C-04-01
O0037,A,719.8,1862.8,1862.8,1876.2,1908.9,1927.4,1953.6,1986.6,1266.8,1143.0,AMR2,AMR1,0,0,21,43.6,43.6,AMR2,61.4,61.4,AMR1,0,0,0.0,0,0,0,0,0.0,0,0.0,65,62.4,42.9,0.0,T-0187,A-01-02,T-0004,A-05-04
O0038,C,736.3,1886.5,1886.5,1900.0,1920.0,1947.7,1974.7,2003.8,1267.5,1150.2,AMR3,AMR2,0,0,13,32.6,32.6,AMR3,52.2,52.2,AMR2,0,0,0.0,0,0,0,1,3.0,0,0.0,41,43.9,42.6,3.1,T-0188,C-04-01,T-0032,C-05-03
O0039,B,755.5,1960.8,1960.8,1972.1,1997.9,2010.3,2036.4,2067.4,1311.9,1205.3,AMR3,AMR1,0,0,15,35.4,35.4,AMR3,53.5,53.5,AMR1,0,0,0.0,0,0,0,0,0.0,0,0.0,52,52.6,41.6,0.0,T-0189,B-03-02,T-0022,B-01-03
O0040,H,774.3,2034.5,2034.5,2047.7,2073.3,2091.1,2114.6,2141.7,1367.4,1260.2,AMR2,AMR1,0,0,15,38.0,38.0,AMR2,50.5,50.5,AMR1,0,0,0.0,0,0,0,0,0.0,0,0.0,41,46.2,43.2,0.0,T-0190,H-02-02,T-0108,H-04-02
O0041,I,791.8,2049.8,2049.8,2061.9,2087.6,2105.5,2130.0,2158.8,1367.0,1258.0,AMR3,AMR2,0,0,15,37.0,37.0,AMR3,51.7,51.7,AMR2,0,0,0.0,0,0,0,0,0.0,0,0.0,45,48.2,42.9,0.0,T-0191,I-01-02,T-0127,I-05-02
O0042,B,813.6,2119.8,2119.8,2133.1,2159.6,2165.4,2191.3,2219.2,1405.6,1306.2,AMR3,AMR1,0,0,15,38.9,38.9,AMR3,51.5,51.5,AMR1,0,0,0.0,0,0,0,0,0.0,0,0.0,51,50.5,43.1,0.0,T-0192,B-04-02,T-0023,B-01-04
O0043,E,837.5,2179.8,2179.8,2195.5,2225.5,2242.9,2272.2,2308.2,1470.7,1342.3,AMR3,AMR1,0,0,19,43.8,43.8,AMR3,60.7,60.7,AMR1,0,0,0.0,0,0,0,0,0.0,0,0.0,65,64.0,47.0,0.0,T-0193,E-01-02,T-0063,E-06-03
O0044,E,855.9,2203.5,2203.5,2216.4,2245.4,2259.9,2291.3,2329.3,1473.4,1347.6,AMR2,AMR3,0,0,19,36.4,36.4,AMR2,60.1,60.1,AMR3,0,0,0.0,0,0,0,1,6.0,1,1.0,67,66.2,39.0,6.1,T-0194,E-04-02,T-0064,E-05-01
O0045,A,872.5,2278.8,2278.8,2292.9,2320.8,2331.9,2362.6,2394.3,1521.8,1406.3,AMR2,AMR1,0,0,21,40.3,40.3,AMR2,63.6,63.6,AMR1,0,0,0.0,0,0,0,0,0.0,0,0.0,64,62.6,41.8,0.0,T-0195,A-03-02,T-0005,A-04-01
O0046,C,897.2,2350.9,2350.9,2361.7,2386.1,2398.9,2423.1,2452.9,1555.7,1453.7,AMR2,AMR2,0,0,13,34.3,34.3,AMR2,54.1,54.1,AMR2,0,0,0.0,0,0,0,0,0.0,0,0.0,41,43.0,46.2,0.0,T-0196,C-05-01,T-0033,C-03-01
O0047,E,921.3,2375.0,2375.0,2387.1,2416.3,2423.0,2452.4,2485.6,1564.3,1453.7,AMR3,AMR1,0,0,19,38.8,38.8,AMR3,64.3,64.3,AMR1,0,0,0.0,0,0,0,0,0.0,0,0.0,59,58.3,45.6,0.0,T-0197,E-05-01,T-0065,E-02-02
O0048,D,941.4,2441.7,2441.7,2454.6,2479.2,2493.4,2519.7,2549.6,1608.2,1500.3,AMR3,AMR3,0,0,13,35.0,35.0,AMR3,54.9,54.9,AMR3,0,0,0.0,0,0,0,0,0.0,0,0.0,43,46.5,47.2,0.0,T-0198,D-05-01,T-0050,D-03-02
O0049,C,960.1,2476.6,2476.6,2488.2,2510.8,2517.3,2541.8,2569.3,1609.2,1516.5,AMR2,AMR1,0,0,13,32.5,32.5,AMR2,53.2,53.2,AMR1,0,0,0.0,0,0,0,0,0.0,0,0.0,40,42.7,43.5,0.0,T-0199,C-03-01,T-0034,C-01-04
O0050,I,984.7,2531.3,2531.3,2542.6,2564.5,2573.3,2601.8,2631.8,1647.1,1546.6,AMR2,AMR3,0,0,15,32.4,32.4,AMR2,54.4,54.4,AMR3,0,0,0.0,0,0,0,0,0.0,0,0.0,47,50.7,41.0,0.0,T-0200,I-02-02,T-0128,I-06-03
O0051,H,1005.7,2597.0,2597.0,2610.2,2632.6,2655.5,2682.7,2707.2,1701.5,1591.3,AMR1,AMR3,0,0,15,34.8,34.8,AMR1,51.1,51.1,AMR3,0,0,0.0,0,0,0,0,0.0,0,0.0,43,46.6,40.6,0.1,T-0201,H-04-02,T-0109,H-05-05
O0052,F,1021.8,2611.7,2611.7,2625.2,2656.3,2670.4,2703.2,2733.5,1711.7,1589.9,AMR2,AMR1,0,0,23,42.2,42.2,AMR2,64.0,64.0,AMR1,0,0,0.0,0,0,0,0,0.0,0,0.0,69,66.7,41.0,0.0,T-0202,F-02-02,T-0081,F-03-04
O0053,D,1039.2,2692.1,2692.1,2703.0,2722.3,2730.9,2758.0,2785.0,1745.8,1652.9,AMR2,AMR3,0,0,13,29.3,29.3,AMR2,49.3,49.3,AMR3,0,0,0.0,0,0,0,0,0.0,0,0.0,47,48.4,35.9,0.0,T-0203,D-01-02,T-0051,D-06-04
O0054,B,1063.6,2743.5,2743.5,2758.0,2781.6,2797.2,2822.3,2851.0,1787.4,1679.9,AMR2,AMR2,0,0,15,35.6,35.6,AMR2,56.0,56.0,AMR2,0,0,0.0,0,0,0,0,0.0,0,0.0,45,47.6,44.3,0.0,T-0204,B-01-03,T-0024,B-06-04
O0055,B,1083.5,2767.2,2767.2,2783.5,2808.0,2821.7,2850.9,2880.5,1797.0,1683.7,AMR1,AMR3,0,0,15,38.3,38.3,AMR1,56.0,56.0,AMR3,0,0,0.0,0,0,0,1,1.0,0,0.0,49,51.6,47.0,1.0,T-0205,B-02-03,T-0025,B-05-02
O0056,C,1106.2,2838.0,2838.0,2848.5,2871.2,2874.7,2896.9,2924.0,1817.8,1731.8,AMR1,AMR2,0,0,13,33.1,33.1,AMR1,49.5,49.5,AMR2,0,0,0.0,0,0,0,0,0.0,0,0.0,40,42.0,40.4,0.1,T-0206,C-06-01,T-0035,C-06-05
O0057,I,1125.9,2886.7,2886.7,2898.6,2926.8,2947.7,2974.5,3002.0,1876.1,1760.8,AMR1,AMR2,0,0,15,38.5,38.5,AMR1,50.2,50.2,AMR2,0,0,0.0,0,0,0,0,0.0,0,0.0,48,51.5,42.9,0.0,T-0207,I-03-02,T-0129,I-06-05
O0058,J,1143.6,2911.2,2911.2,2925.5,2954.6,2963.3,2993.4,3024.7,1881.1,1767.6,AMR3,AMR1,0,0,21,41.8,41.8,AMR3,59.8,59.8,AMR1,0,0,0.0,0,0,0,0,0.0,0,0.0,64,63.8,41.0,0.0,T-0208,J-03-01,T-0140,J-05-02
O0059,I,1168.2,2983.3,2983.3,2995.0,3019.0,3025.7,3054.5,3082.5,1914.3,1815.1,AMR3,AMR2,0,0,15,33.3,33.3,AMR3,51.7,51.7,AMR2,0,0,0.0,0,0,0,0,0.0,0,0.0,49,53.2,39.2,0.1,T-0209,I-05-02,T-0130,I-04-05
O0060,E,1190.1,3042.2,3042.2,3054.7,3084.5,3106.2,3140.5,3173.8,1983.7,1852.1,AMR3,AMR2,0,0,19,41.4,41.4,AMR3,63.9,63.9,AMR2,0,0,0.0,0,0,0,0,0.0,0,0.0,65,62.1,47.8,0.0,T-0210,E-02-02,T-0066,E-04-03
O0061,F,1215.0,3066.4,3066.4,3080.8,3114.0,3122.9,3151.3,3195.2,1980.2,1851.4,AMR1,AMR3,0,0,23,46.0,46.0,AMR1,64.7,64.7,AMR3,0,0,0.0,0,0,0,1,12.0,1,7.0,64,62.4,45.5,12.0,T-0211,F-03-02,T-0082,F-06-03
O0062,H,1239.0,3144.1,3144.1,3156.2,3182.7,3197.5,3223.8,3250.7,2011.7,1905.1,AMR1,AMR2,0,0,15,37.8,37.8,AMR1,52.6,52.6,AMR2,0,0,0.0,0,0,0,0,0.0,0,0.0,43,46.7,45.1,0.0,T-0212,H-05-02,T-0110,H-03-01
O0063,B,1256.5,3212.5,3212.5,3225.8,3248.1,3262.3,3288.5,3318.7,2062.2,1956.0,AMR1,AMR1,0,0,15,34.7,34.7,AMR1,58.6,58.6,AMR1,0,0,0.0,0,0,0,0,0.0,0,0.0,43,46.0,46.0,0.0,T-0213,B-05-02,T-0026,B-06-02
O0064,I,1271.7,3236.9,3236.9,3252.9,3277.1,3286.4,3315.3,3340.9,2069.2,1965.2,AMR3,AMR2,0,0,15,37.0,37.0,AMR3,51.9,51.9,AMR2,0,0,0.0,0,0,0,0,0.0,0,0.0,48,51.6,43.1,0.0,T-0214,I-06-02,T-0131,I-04-02
O0065,A,1292.6,3304.0,3304.0,3318.1,3345.6,3364.0,3392.5,3425.8,2133.2,2011.4,AMR3,AMR3,0,0,21,40.7,40.7,AMR3,65.0,65.0,AMR3,0,0,0.0,0,0,0,0,0.0,0,0.0,61,59.8,43.6,0.0,T-0215,A-04-01,T-0006,A-06-01
O0066,A,1314.7,3342.4,3342.4,3354.4,3383.8,3404.6,3436.8,3470.8,2156.1,2027.7,AMR1,AMR1,0,0,21,40.5,40.5,AMR1,63.9,63.9,AMR1,0,0,0.0,0,0,0,0,0.0,0,0.0,69,65.3,42.3,0.0,T-0216,A-05-02,T-0007,A-01-03
O0067,A,1330.4,3366.6,3366.6,3382.9,3412.9,3430.0,3457.9,3499.3,2168.9,2036.2,AMR2,AMR2,0,0,21,46.2,46.2,AMR2,63.5,63.5,AMR2,0,0,0.0,0,0,0,1,4.0,0,0.0,66,64.0,47.6,4.0,T-0217,A-06-02,T-0008,A-02-02
O0068,D,1346.1,3454.5,3454.5,3467.6,3492.1,3494.5,3516.5,3545.5,2199.4,2108.4,AMR3,AMR1,0,0,13,35.9,35.9,AMR3,51.2,51.2,AMR1,0,0,0.0,0,0,0,0,0.0,0,0.0,40,44.2,44.4,0.0,T-0218,D-03-02,T-0052,D-02-02
O0069,D,1367.8,3508.6,3508.6,3520.6,3540.8,3553.0,3576.1,3603.7,2235.9,2140.8,AMR3,AMR3,0,0,13,31.3,31.3,AMR3,51.4,51.4,AMR3,0,0,0.0,0,0,0,0,0.0,0,0.0,39,42.9,40.0,0.0,T-0219,D-02-02,T-0053,D-02-01
O0070,J,1384.1,3533.0,3533.0,3545.7,3576.5,3577.2,3609.2,3638.6,2254.5,2148.9,AMR2,AMR1,0,0,21,41.7,41.7,AMR2,61.3,61.3,AMR1,0,0,0.0,0,0,0,0,0.0,0,0.0,61,62.5,42.4,0.0,T-0220,J-01-02,T-0141,J-03-02
O0071,H,1403.8,3595.9,3595.9,3612.2,3636.9,3652.4,3677.7,3703.7,2299.9,2192.1,AMR2,AMR2,0,0,15,39.4,39.4,AMR2,50.7,50.7,AMR2,0,0,0.0,0,0,0,0,0.0,0,0.0,44,47.5,44.8,0.0,T-0221,H-03-01,T-0111,H-03-02
O0072,B,1420.7,3627.4,3627.4,3641.3,3665.8,3676.3,3701.6,3731.1,2310.4,2206.7,AMR3,AMR1,0,0,15,38.3,38.3,AMR3,52.6,52.6,AMR1,0,0,0.0,0,0,0,0,0.0,0,0.0,50,49.6,43.6,0.0,T-0222,B-06-02,T-0027,B-03-01
O0073,G,1440.0,3689.7,3689.7,3702.5,3730.4,3747.3,3775.7,3806.1,2366.1,2249.7,AMR3,AMR3,0,0,17,39.1,39.1,AMR3,56.2,56.2,AMR3,0,0,0.0,0,0,0,0,0.0,0,0.0,52,54.6,44.9,0.0,T-0223,G-03-02,T-0094,G-02-02
O0074,A,1459.7,3727.4,3727.4,3742.6,3773.1,3790.8,3822.7,3856.3,2396.6,2267.7,AMR2,AMR2,0,0,21,45.6,45.6,AMR2,66.7,66.7,AMR2,0,0,0.0,0,0,0,0,0.0,0,0.0,62,61.0,50.2,0.0,T-0224,A-06-01,T-0009,A-04-02
O0075,F,1475.3,3754.8,3754.8,3765.3,3798.4,3818.8,3852.0,3885.5,2410.2,2279.5,AMR1,AMR1,0,0,23,42.7,42.7,AMR1,70.1,70.1,AMR1,0,0,0.0,0,0,0,0,0.0,0,0.0,63,62.7,47.6,0.0,T-0225,F-05-02,T-0083,F-06-04
O0076,D,1492.8,3842.8,3842.8,3858.2,3884.4,3896.6,3922.3,3951.3,2458.5,2350.0,AMR3,AMR3,0,0,13,36.4,36.4,AMR3,51.9,51.9,AMR3,0,0,0.0,0,0,0,0,0.0,0,0.0,43,48.2,45.6,2.5,T-0226,D-02-01,T-0054,D-05-04
O0077,G,1512.3,3880.0,3880.0,3891.9,3919.4,3937.0,3966.2,3994.7,2482.4,2367.7,AMR2,AMR2,0,0,17,37.0,37.0,AMR2,55.1,55.1,AMR2,0,0,0.0,0,0,0,0,0.0,0,0.0,53,55.4,41.7,0.0,T-0227,G-02-02,T-0095,G-02-04
O0078,D,1530.1,3909.2,3909.2,3921.5,3945.2,3959.4,3980.4,4011.9,2481.8,2379.1,AMR1,AMR1,0,0,13,33.5,33.5,AMR1,48.2,48.2,AMR1,0,0,0.0,0,0,0,1,5.0,0,0.0,41,44.5,39.0,5.0,T-0228,D-04-02,T-0055,D-02-03
O0079,I,1549.5,3983.0,3983.0,3995.4,4021.0,4037.2,4062.1,4092.6,2543.1,2433.5,AMR3,AMR3,0,0,15,35.6,35.6,AMR3,52.4,52.4,AMR3,0,0,0.0,0,0,0,0,0.0,0,0.0,47,51.2,42.2,0.0,T-0229,I-04-02,T-0132,I-04-04
O0080,I,1565.0,4018.4,4018.4,4032.3,4054.2,4068.4,4094.9,4123.4,2558.4,2453.4,AMR2,AMR2,0,0,15,35.0,35.0,AMR2,55.2,55.2,AMR2,0,0,0.0,0,0,0,0,0.0,0,0.0,41,46.4,44.4,0.0,T-0230,I-02-03,T-0133,I-02-05
O0081,D,1589.7,4042.6,4042.6,4058.0,4078.6,4092.8,4115.5,4142.5,2552.8,2452.9,AMR1,AMR1,0,0,13,35.1,35.1,AMR1,46.9,46.9,AMR1,0,0,0.0,0,0,0,0,0.0,0,0.0,43,46.4,39.3,0.0,T-0231,D-01-03,T-0056,D-04-04
O0082,H,1608.8,4117.3,4117.3,4130.3,4154.9,4170.4,4199.2,4223.2,2614.4,2508.5,AMR3,AMR3,0,0,15,36.0,36.0,AMR3,53.2,53.2,AMR3,0,0,0.0,0,0,0,0,0.0,0,0.0,42,46.5,43.9,0.0,T-0232,H-03-02,T-0112,H-02-05
O0083,A,1632.4,4147.1,4147.1,4160.2,4192.1,4211.9,4241.4,4279.9,2647.5,2514.7,AMR2,AMR2,0,0,21,42.5,42.5,AMR2,66.2,66.2,AMR2,0,0,0.0,0,0,0,0,0.0,0,0.0,69,66.4,46.6,0.0,T-0233,A-02-02,T-0010,A-01-01
O0084,G,1651.2,4173.3,4173.3,4188.7,4216.0,4232.2,4261.7,4293.4,2642.2,2522.1,AMR1,AMR1,0,0,17,41.9,41.9,AMR1,56.6,56.6,AMR1,0,0,0.0,0,0,0,1,5.0,0,0.0,47,50.8,48.1,5.0,T-0234,G-04-02,T-0096,G-05-04
O0085,H,1675.5,4255.9,4255.9,4268.9,4291.7,4303.6,4330.3,4354.9,2679.4,2580.4,AMR3,AMR2,0,0,15,35.8,35.8,AMR3,52.7,52.7,AMR2,0,0,0.0,0,0,0,0,0.0,0,0.0,40,43.9,43.2,0.0,T-0235,H-06-02,T-0113,H-01-01
O0086,I,1694.7,4317.2,4317.2,4328.1,4355.6,4378.6,4405.2,4428.0,2733.3,2622.5,AMR3,AMR2,0,0,15,36.8,36.8,AMR3,50.3,50.3,AMR2,0,0,0.0,0,0,0,0,0.0,0,0.0,42,46.5,41.3,0.0,T-0236,I-03-03,T-0134,I-01-03
O0087,C,1716.9,4341.1,4341.1,4354.1,4378.1,4394.1,4420.1,4449.5,2732.6,2624.2,AMR1,AMR3,0,0,13,36.1,36.1,AMR1,54.5,54.5,AMR3,0,0,0.0,0,0,0,0,0.0,0,0.0,41,44.0,48.4,0.0,T-0237,C-01-02,T-0036,C-03-02
O0088,A,1734.8,4406.3,4406.3,4417.2,4446.5,4451.7,4482.0,4514.5,2779.7,2671.5,AMR1,AMR2,0,0,21,37.7,37.7,AMR1,63.5,63.5,AMR2,0,0,0.0,0,0,0,0,0.0,0,0.0,67,63.9,39.1,0.0,T-0238,A-01-01,T-0011,A-03-05
O0089,A,1757.3,4472.3,4472.3,4484.7,4512.2,4530.6,4561.0,4595.2,2837.9,2715.0,AMR1,AMR1,0,0,21,39.0,39.0,AMR1,62.8,62.8,AMR1,0,0,0.0,0,0,0,0,0.0,0,0.0,67,64.8,39.7,0.0,T-0239,A-04-02,T-0012,A-02-05
O0090,I,1778.2,4496.2,4496.2,4511.3,4538.0,4554.2,4580.3,4615.4,2837.2,2718.0,AMR3,AMR2,0,0,15,41.0,41.0,AMR3,54.1,54.1,AMR2,0,0,0.0,0,0,0,1,6.0,1,1.0,43,47.7,49.3,6.0,T-0240,I-01-03,T-0135,I-03-05
O0091,I,1794.7,4569.2,4569.2,4583.4,4609.4,4618.9,4642.6,4670.5,2875.8,2774.5,AMR3,AMR1,0,0,15,37.8,37.8,AMR3,52.5,52.5,AMR1,0,0,0.0,0,0,0,0,0.0,0,0.0,43,47.3,44.5,0.0,T-0241,I-04-03,T-0154,I-01-01
O0092,B,1818.3,4643.1,4643.1,4655.8,4680.7,4694.2,4718.1,4745.7,2927.4,2824.8,AMR2,AMR1,0,0,15,35.9,35.9,AMR2,54.7,54.7,AMR1,0,0,0.0,0,0,0,0,0.0,0,0.0,44,45.8,43.3,0.0,T-0242,B-03-01,T-0028,B-06-05
O0093,D,1833.9,4660.0,4660.0,4672.7,4697.9,4709.6,4738.6,4770.0,2936.1,2826.1,AMR3,AMR2,0,0,13,33.0,33.0,AMR3,56.7,56.7,AMR2,0,0,0.0,0,0,0,1,2.0,0,0.0,47,47.8,47.0,3.5,T-0243,D-02-03,T-0057,D-05-02
O0094,J,1850.1,4722.1,4722.1,4735.7,4765.0,4769.4,4800.6,4833.6,2983.5,2872.0,AMR3,AMR1,0,0,21,42.1,42.1,AMR3,62.6,62.6,AMR1,0,0,0.0,0,0,0,0,0.0,0,0.0,63,63.0,44.1,0.0,T-0244,J-02-02,T-0142,J-05-01
O0095,A,1870.9,4793.7,4793.7,4808.2,4838.7,4857.3,4883.1,4918.8,3047.9,2922.8,AMR2,AMR1,0,0,21,42.5,42.5,AMR2,62.2,62.2,AMR1,0,0,0.0,0,0,0,0,0.0,0,0.0,67,63.9,42.6,0.0,T-0245,A-01-03,T-0013,A-03-04
O0096,J,1890.1,4812.4,4812.4,4825.9,4856.3,4877.7,4908.2,4941.1,3051.0,2922.3,AMR3,AMR3,0,0,21,41.5,41.5,AMR3,60.3,60.3,AMR3,0,0,0.0,0,0,0,0,0.0,0,0.0,67,66.1,41.2,0.0,T-0246,J-05-01,T-0143,J-06-04
O0097,E,1910.3,4897.9,4897.9,4912.0,4940.7,4942.5,4967.4,4999.6,3089.3,2987.6,AMR2,AMR1,0,0,19,40.3,40.3,AMR2,57.8,57.8,AMR1,0,0,0.0,0,0,0,0,0.0,0,0.0,61,59.3,40.6,0.0,T-0247,E-05-02,T-0067,E-03-03
O0098,F,1932.0,4961.1,4961.1,4972.1,5006.8,5023.3,5052.7,5086.1,3154.1,3029.1,AMR2,AMR1,0,0,23,43.3,43.3,AMR2,65.2,65.2,AMR1,0,0,0.0,0,0,0,0,0.0,0,0.0,67,65.2,43.3,0.0,T-0248,F-02-03,T-0084,F-04-02
O0099,C,1949.7,4984.8,4984.8,4997.9,5017.3,5035.5,5055.4,5100.2,3150.5,3035.1,AMR3,AMR3,0,0,13,31.6,31.6,AMR3,46.4,46.4,AMR3,0,0,0.0,0,0,0,1,19.0,1,14.0,39,42.4,35.8,19.0,T-0249,C-02-02,T-0037,C-05-02
O0100,H,1971.2,5057.6,5057.6,5073.8,5099.6,5109.8,5160.0,5186.0,3214.8,3086.4,AMR2,AMR1,0,0,15,41.2,41.2,AMR2,50.7,50.7,AMR1,0,0,0.0,0,0,0,1,24.0,1,19.0,43,47.5,46.6,24.1,T-0250,H-01-01,T-0114,H-02-03
O0101,B,1995.4,5133.9,5133.9,5146.8,5173.2,5188.1,5211.9,5239.6,3244.2,3138.5,AMR3,AMR3,0,0,15,37.6,37.6,AMR3,50.2,50.2,AMR3,0,0,0.0,0,0,0,0,0.0,0,0.0,48,50.3,40.5,0.0,T-0251,B-03-03,T-0029,B-03-05
O0102,J,2015.0,5148.8,5148.8,5162.8,5195.9,5212.7,5242.4,5273.4,3258.4,3133.8,AMR2,AMR1,0,0,21,45.5,45.5,AMR2,59.1,59.1,AMR1,0,0,0.0,0,0,0,0,0.0,0,0.0,64,63.8,44.0,0.0,T-0252,J-03-02,T-0144,J-04-04
O0103,D,2030.8,5232.6,5232.6,5246.0,5266.9,5281.1,5308.5,5342.0,3311.2,3201.8,AMR2,AMR2,0,0,13,31.8,31.8,AMR2,56.6,56.6,AMR2,0,0,0.0,0,0,0,0,0.0,0,0.0,47,49.5,45.7,0.0,T-0253,D-05-02,T-0058,D-06-02
O0104,F,2048.4,5263.3,5263.3,5276.0,5308.3,5328.7,5359.0,5392.3,3343.9,3214.9,AMR3,AMR3,0,0,23,44.2,44.2,AMR3,67.0,67.0,AMR3,0,0,0.0,0,0,0,0,0.0,0,0.0,63,62.6,46.0,0.0,T-0254,F-04-02,T-0085,F-06-02
O0105,F,2072.2,5305.1,5305.1,5316.2,5348.7,5365.7,5393.6,5425.5,3353.3,3232.9,AMR1,AMR2,0,0,23,42.0,42.0,AMR1,62.2,62.2,AMR2,0,0,0.0,0,0,0,0,0.0,0,0.0,66,64.4,39.0,0.0,T-0255,F-03-03,T-0086,F-04-05
O0106,I,2088.8,5386.8,5386.8,5399.6,5426.3,5440.5,5467.0,5494.0,3405.2,3298.0,AMR1,AMR1,0,0,15,38.7,38.7,AMR1,54.4,54.4,AMR1,0,0,0.0,0,0,0,0,0.0,0,0.0,41,45.7,47.3,0.0,T-0256,I-01-01,T-0157,I-02-01
O0107,I,2106.8,5416.0,5416.0,5430.8,5459.0,5475.6,5502.2,5533.4,3426.6,3309.2,AMR3,AMR3,0,0,15,40.5,40.5,AMR3,49.7,49.7,AMR3,0,0,0.0,0,0,0,1,5.0,0,0.0,47,51.4,44.4,5.0,T-0257,I-05-03,T-0158,I-04-01
O0108,I,2128.5,5449.2,5449.2,5460.3,5489.0,5506.3,5530.2,5554.1,3425.6,3320.7,AMR2,AMR2,0,0,15,36.6,36.6,AMR2,46.7,46.7,AMR2,0,0,0.0,0,0,0,0,0.0,0,0.0,46,50.1,37.5,0.0,T-0258,I-06-03,T-0174,I-03-01
O0109,B,2152.8,5530.7,5530.7,5545.8,5568.8,5580.8,5608.6,5638.4,3485.6,3377.9,AMR1,AMR2,0,0,15,37.2,37.2,AMR1,57.3,57.3,AMR2,0,0,0.0,0,0,0,0,0.0,0,0.0,45,48.4,47.2,0.1,T-0259,B-04-03,T-0030,B-06-01
O0110,B,2170.4,5557.1,5557.1,5567.9,5594.1,5598.4,5627.8,5656.6,3486.2,3386.7,AMR3,AMR1,0,0,15,32.5,32.5,AMR3,54.9,54.9,AMR1,0,0,0.0,0,0,0,0,0.0,0,0.0,51,51.5,40.1,3.6,T-0260,B-05-03,T-0151,B-01-01
O0111,E,2191.0,5615.7,5615.7,5631.8,5657.4,5662.1,5696.8,5732.1,3541.1,3424.7,AMR3,AMR2,0,0,19,40.8,40.8,AMR3,66.3,66.3,AMR2,0,0,0.0,0,0,0,0,0.0,0,0.0,65,62.1,49.6,0.0,T-0261,E-01-03,T-0068,E-04-04
O0112,F,2212.0,5678.8,5678.8,5689.9,5719.2,5738.3,5771.7,5808.5,3596.5,3466.8,AMR3,AMR3,0,0,23,40.4,40.4,AMR3,68.6,68.6,AMR3,0,0,0.0,0,0,0,0,0.0,0,0.0,68,66.8,43.8,0.0,T-0262,F-06-02,T-0087,F-01-02
O0113,E,2233.9,5703.3,5703.3,5717.2,5744.2,5762.8,5791.1,5828.2,3594.3,3469.4,AMR1,AMR2,0,0,19,40.0,40.0,AMR1,57.6,57.6,AMR2,0,0,0.0,0,0,0,1,4.0,0,0.0,65,62.2,40.1,4.0,T-0263,E-02-03,T-0069,E-06-02
O0114,A,2253.8,5779.6,5779.6,5794.3,5823.3,5832.2,5866.1,5904.7,3650.9,3525.8,AMR1,AMR3,0,0,21,41.2,41.2,AMR1,70.2,70.2,AMR3,0,0,0.0,0,0,0,0,0.0,0,0.0,69,66.8,49.3,0.1,T-0264,A-02-03,T-0014,A-01-04
O0115,E,2275.1,5852.1,5852.1,5863.8,5892.3,5911.4,5939.0,5971.0,3695.9,3577.0,AMR1,AMR1,0,0,19,36.9,36.9,AMR1,61.3,61.3,AMR1,0,0,0.0,0,0,0,0,0.0,0,0.0,60,59.1,40.7,0.0,T-0265,E-06-02,T-0070,E-02-04
O0116,C,2290.2,5875.9,5875.9,5886.4,5907.2,5935.4,5957.5,5988.1,3697.9,3585.7,AMR2,AMR3,0,0,13,29.6,29.6,AMR2,50.9,50.9,AMR3,0,0,0.0,0,0,0,1,3.0,0,0.0,40,42.7,38.3,3.0,T-0266,C-03-02,T-0038,C-02-05
O0117,C,2315.0,5949.7,5949.7,5962.4,5985.4,5994.7,6016.7,6045.7,3730.7,3634.7,AMR2,AMR1,0,0,13,34.8,34.8,AMR2,50.2,50.2,AMR1,0,0,0.0,0,0,0,0,0.0,0,0.0,41,43.9,42.8,0.0,T-0267,C-05-02,T-0039,C-03-04
O0118,G,2334.4,6018.8,6018.8,6029.3,6056.9,6069.4,6098.2,6129.8,3795.4,3684.4,AMR3,AMR1,0,0,17,37.3,37.3,AMR3,58.2,58.2,AMR1,0,0,0.0,0,0,0,0,0.0,0,0.0,51,53.4,45.1,0.0,T-0268,G-05-02,T-0097,G-02-01
O0119,B,2349.5,6032.2,6032.2,6044.4,6072.7,6086.7,6114.6,6148.2,3798.7,3682.7,AMR2,AMR3,0,0,15,38.0,38.0,AMR2,54.2,54.2,AMR3,0,0,0.0,0,0,0,1,2.0,0,0.0,53,54.0,44.9,3.1,T-0269,B-01-01,T-0153,B-02-01
O0120,I,2373.5,6103.3,6103.3,6118.3,6141.9,6153.5,6178.3,6208.0,3834.5,3729.8,AMR2,AMR1,0,0,15,37.8,37.8,AMR2,50.4,50.4,AMR1,0,0,0.0,0,0,0,1,1.5,0,0.0,45,49.2,42.4,1.5,T-0270,I-02-01,T-0176,I-05-01
O0121,J,2396.9,6168.1,6168.1,6179.4,6209.6,6231.7,6276.2,6317.4,3920.5,3771.2,AMR2,AMR1,0,0,21,39.1,39.1,AMR2,63.1,63.1,AMR1,0,0,0.0,0,0,0,1,6.0,2,9.0,65,65.0,41.6,20.6,T-0271,J-04-02,T-0145,J-05-04
O0122,C,2413.3,6191.9,6191.9,6206.4,6227.5,6244.7,6264.3,6289.5,3876.2,3778.6,AMR3,AMR3,0,0,13,34.7,34.7,AMR3,45.5,45.5,AMR3,0,0,0.0,0,0,0,0,0.0,0,0.0,39,42.4,38.0,0.0,T-0272,C-02-03,T-0040,C-04-02
O0123,A,2431.4,6266.0,6266.0,6279.6,6310.5,6313.2,6346.7,6383.9,3952.5,3834.6,AMR2,AMR3,0,0,21,42.8,42.8,AMR2,69.4,69.4,AMR3,0,0,0.0,0,0,0,0,0.0,0,0.0,70,65.1,50.1,0.0,T-0273,A-03-03,T-0015,A-01-05
O0124,D,2448.5,6332.6,6332.6,6348.7,6375.9,6391.2,6417.6,6449.3,4000.8,3884.1,AMR2,AMR2,0,0,13,40.0,40.0,AMR2,53.8,53.8,AMR2,0,0,0.0,0,0,0,0,0.0,0,0.0,48,50.3,51.1,0.0,T-0274,D-06-02,T-0059,D-06-05
O0125,I,2464.6,6357.1,6357.1,6370.7,6396.6,6415.6,6447.0,6474.1,4009.5,3892.5,AMR1,AMR3,0,0,15,37.9,37.9,AMR1,53.8,53.8,AMR3,0,0,0.0,0,0,0,0,0.0,0,0.0,48,52.1,45.9,0.0,T-0275,I-03-01,T-0183,I-06-01
O0126,C,2489.3,6431.7,6431.7,6445.2,6468.0,6473.0,6495.8,6520.4,4031.1,3942.4,AMR1,AMR2,0,0,13,35.4,35.4,AMR1,47.6,47.6,AMR2,0,0,0.0,0,0,0,0,0.0,0,0.0,39,42.9,40.8,0.0,T-0276,C-04-02,T-0041,C-02-01
O0127,C,2512.9,6485.8,6485.8,6498.8,6518.7,6530.9,6550.2,6574.3,4061.4,3972.9,AMR1,AMR1,0,0,13,32.0,32.0,AMR1,46.1,46.1,AMR1,0,0,0.0,0,0,0,0,0.0,0,0.0,37,40.4,35.9,0.0,T-0277,C-02-01,T-0042,C-06-02
O0128,F,2528.2,6509.8,6509.8,6525.0,6559.7,6581.5,6611.6,6645.9,4117.7,3981.6,AMR3,AMR3,0,0,23,47.5,47.5,AMR3,62.8,62.8,AMR3,0,0,0.0,0,0,0,0,0.0,0,0.0,71,69.2,45.1,0.0,T-0278,F-01-02,T-0088,F-01-03
O0129,D,2551.2,6544.1,6544.1,6555.6,6579.5,6595.7,6618.8,6661.2,4110.0,3992.9,AMR2,AMR2,0,0,13,32.9,32.9,AMR2,48.2,48.2,AMR2,0,0,0.0,0,0,0,1,16.0,1,11.0,43,46.5,38.4,16.0,T-0279,D-04-03,T-0060,D-03-03
O0130,B,2567.8,6620.0,6620.0,6633.7,6661.4,6669.6,6693.7,6721.4,4153.6,4052.2,AMR1,AMR3,0,0,15,38.9,38.9,AMR1,53.0,53.0,AMR3,0,0,0.0,0,0,0,0,0.0,0,0.0,47,48.6,44.6,0.0,T-0280,B-02-01,T-0163,B-04-01
O0131,H,2591.5,6693.9,6693.9,6706.6,6728.9,6745.1,6776.5,6800.7,4209.2,4102.4,AMR2,AMR3,0,0,15,34.2,34.2,AMR2,52.5,52.5,AMR3,0,0,0.0,0,0,0,1,2.0,0,0.0,43,47.1,41.4,2.1,T-0281,H-01-03,T-0115,H-01-05
O0132,H,2608.5,6710.4,6710.4,6722.5,6760.6,6774.8,6800.2,6831.1,4222.6,4101.9,AMR1,AMR1,0,0,15,36.8,36.8,AMR1,55.6,55.6,AMR1,0,0,0.0,0,0,0,1,3.6,1,7.6,39,43.2,47.1,16.2,T-0282,H-02-03,T-0116,H-06-01
O0133,D,2626.6,6760.1,6760.1,6775.4,6800.5,6814.0,6835.2,6866.1,4239.5,4133.5,AMR2,AMR2,0,0,13,35.7,35.7,AMR2,48.3,48.3,AMR2,0,0,0.0,0,0,0,1,4.0,0,0.0,40,44.2,41.3,7.0,T-0283,D-03-03,T-0152,D-01-01
O0134,D,2641.8,6838.4,6838.4,6854.7,6879.0,6889.8,6917.4,6946.0,4304.2,4196.6,AMR3,AMR2,0,0,13,39.7,39.7,AMR3,51.9,51.9,AMR2,0,0,0.0,0,0,0,0,0.0,0,0.0,43,47.9,48.9,0.0,T-0284,D-01-01,T-0156,D-03-01
O0135,B,2660.1,6862.8,6862.8,6875.2,6900.9,6902.8,6928.1,6964.5,4304.4,4202.7,AMR1,AMR3,0,0,15,37.2,37.2,AMR1,51.4,51.4,AMR3,0,0,0.0,0,0,0,1,8.0,1,3.0,47,50.4,41.3,8.1,T-0285,B-04-01,T-0168,B-05-01
O0136,I,2678.6,6917.1,6917.1,6930.7,6956.0,6969.7,6996.7,7028.0,4349.4,4238.5,AMR1,AMR2,0,0,15,36.5,36.5,AMR1,56.2,56.2,AMR2,0,0,0.0,0,0,0,1,3.0,0,0.0,43,47.3,46.9,3.0,T-0286,I-04-01,T-0191,I-01-02
O0137,I,2700.4,6986.2,6986.2,6997.4,7024.1,7040.3,7068.2,7092.7,4392.3,4285.8,AMR1,AMR1,0,0,15,35.5,35.5,AMR1,53.3,53.3,AMR1,0,0,0.0,0,0,0,0,0.0,0,0.0,43,47.3,43.0,0.0,T-0287,I-05-01,T-0200,I-02-02
O0138,B,2724.8,7010.2,7010.2,7021.1,7043.2,7064.7,7093.4,7124.4,4399.6,4285.4,AMR3,AMR2,0,0,15,32.1,32.1,AMR3,57.4,57.4,AMR2,0,0,0.0,0,0,0,0,0.0,0,0.0,51,50.5,42.2,0.0,T-0288,B-05-01,T-0170,B-01-02
O0139,E,2741.6,7079.4,7079.4,7095.1,7122.6,7140.3,7167.9,7202.6,4461.0,4337.8,AMR3,AMR3,0,0,19,41.5,41.5,AMR3,64.0,64.0,AMR3,0,0,0.0,0,0,0,0,0.0,0,0.0,58,57.5,48.0,0.0,T-0289,E-03-03,T-0071,E-02-01
O0140,G,2757.7,7116.4,7116.4,7131.8,7158.2,7175.8,7206.1,7242.8,4485.1,4358.7,AMR1,AMR1,0,0,17,39.4,39.4,AMR1,54.4,54.4,AMR1,0,0,0.0,0,0,0,1,10.0,1,5.0,53,55.4,43.4,10.0,T-0290,G-02-01,T-0098,G-02-03
O0141,F,2779.9,7148.1,7148.1,7161.6,7193.0,7214.8,7243.8,7273.7,4493.8,4368.2,AMR2,AMR2,0,0,23,42.5,42.5,AMR2,60.3,60.3,AMR2,0,0,0.0,0,0,0,0,0.0,0,0.0,67,66.2,37.6,0.0,T-0291,F-01-03,T-0089,F-04-01
O0142,I,2801.0,7239.3,7239.3,7251.8,7280.5,7297.4,7325.1,7351.6,4550.6,4438.3,AMR3,AMR2,0,0,15,38.0,38.0,AMR3,53.1,53.1,AMR2,0,0,0.0,0,0,0,0,0.0,0,0.0,46,50.1,45.3,0.0,T-0292,I-06-01,T-0207,I-03-02
O0143,J,2819.9,7266.5,7266.5,7282.0,7313.8,7314.4,7343.8,7374.4,4554.5,4446.6,AMR1,AMR3,0,0,21,44.9,44.9,AMR1,59.9,59.9,AMR3,0,0,0.0,0,0,0,0,0.0,0,0.0,63,63.1,44.2,0.0,T-0293,J-05-02,T-0146,J-03-05
O0144,G,2837.4,7335.2,7335.2,7347.5,7372.6,7375.3,7423.8,7450.5,4613.1,4497.8,AMR1,AMR2,0,0,17,37.4,37.4,AMR1,54.1,54.1,AMR2,0,0,0.0,0,0,0,0,0.0,1,18.0,44,48.4,41.1,23.1,T-0294,G-06-02,T-0099,G-06-04
O0145,I,2857.6,7399.1,7399.1,7414.8,7441.5,7455.7,7485.8,7513.5,4655.9,4541.5,AMR3,AMR3,0,0,15,41.6,41.6,AMR3,55.0,55.0,AMR3,0,0,0.0,0,0,0,0,0.0,0,0.0,45,49.4,50.8,0.0,T-0295,I-01-02,T-0209,I-05-02
O0146,D,2879.8,7414.5,7414.5,7425.2,7445.8,7469.9,7495.8,7533.7,4653.9,4534.7,AMR1,AMR1,0,0,13,29.6,29.6,AMR1,54.0,54.0,AMR1,0,0,0.0,0,0,0,1,7.0,1,2.0,44,47.2,40.9,7.0,T-0296,D-03-01,T-0172,D-04-01
O0147,F,2899.1,7494.2,7494.2,7509.0,7539.8,7560.2,7589.5,7624.1,4725.0,4595.1,AMR2,AMR2,0,0,23,44.8,44.8,AMR2,63.8,63.8,AMR2,0,0,0.0,0,0,0,0,0.0,0,0.0,67,66.1,43.4,0.0,T-0297,F-04-01,T-0090,F-03-05
O0148,B,2917.3,7537.2,7537.2,7550.1,7570.9,7583.8,7611.9,7641.7,4724.4,4619.9,AMR3,AMR3,0,0,15,33.6,33.6,AMR3,55.1,55.1,AMR3,0,0,0.0,0,0,0,0,0.0,0,0.0,48,50.2,41.4,0.0,T-0298,B-06-01,T-0173,B-02-02
O0149,I,2941.3,7563.0,7563.0,7575.7,7601.1,7615.3,7643.4,7677.3,4736.0,4621.7,AMR1,AMR1,0,0,15,37.3,37.3,AMR1,52.4,52.4,AMR1,0,0,0.0,0,0,0,1,5.0,0,0.0,47,51.2,43.9,5.0,T-0299,I-02-02,T-0214,I-06-02
O0150,F,2962.9,7647.8,7647.8,7658.7,7689.8,7701.0,7733.1,7764.2,4801.3,4684.9,AMR2,AMR1,0,0,23,41.2,41.2,AMR2,62.6,62.6,AMR1,0,0,0.0,0,0,0,0,0.0,0,0.0,69,66.6,38.6,0.0,T-0300,F-04-03,T-0161,F-02-01
O0151,I,2984.9,7671.4,7671.4,7693.8,7717.0,7722.2,7746.1,7783.4,4798.5,4686.5,AMR3,AMR2,0,0,15,44.0,44.0,AMR3,49.6,49.6,AMR2,0,0,0.0,0,0,0,1,10.0,1,5.0,46,49.0,47.8,10.0,T-0301,I-03-02,T-0229,I-04-02
O0152,G,3001.8,7738.5,7738.5,7751.9,7781.3,7787.9,7818.2,7848.8,4847.0,4736.7,AMR3,AMR1,0,0,17,40.4,40.4,AMR3,57.8,57.8,AMR1,0,0,0.0,0,0,0,0,0.0,0,0.0,53,55.8,47.8,0.1,T-0302,G-01-03,T-0100,G-02-05
O0153,C,3024.3,7805.9,7805.9,7819.3,7842.1,7853.6,7877.6,7907.2,4882.9,4781.6,AMR3,AMR3,0,0,13,36.1,36.1,AMR3,54.8,54.8,AMR3,0,0,0.0,0,0,0,0,0.0,0,0.0,38,41.1,48.7,0.0,T-0303,C-06-02,T-0043,C-01-03
O0154,G,3045.0,7830.1,7830.1,7845.1,7873.8,7877.5,7904.4,7930.8,4885.8,4785.1,AMR2,AMR1,0,0,17,41.3,41.3,AMR2,54.7,54.7,AMR1,0,0,0.0,0,0,0,0,0.0,0,0.0,49,51.4,45.6,0.0,T-0304,G-02-03,T-0101,G-04-03
O0155,E,3068.3,7895.4,7895.4,7905.8,7930.2,7930.9,7959.7,7996.4,4928.1,4827.1,AMR2,AMR3,0,0,19,33.9,33.9,AMR2,62.2,62.2,AMR3,0,0,0.0,0,0,0,0,0.0,0,0.0,61,61.7,38.6,0.0,T-0305,E-02-01,T-0072,E-03-02
O0156,J,3085.4,7948.2,7948.2,7961.4,7991.9,8010.3,8043.2,8072.9,4987.5,4862.8,AMR2,AMR2,0,0,21,42.9,42.9,AMR2,61.0,61.0,AMR2,0,0,0.0,0,0,0,0,0.0,0,0.0,63,63.0,43.3,0.0,T-0306,J-02-03,T-0147,J-04-05
O0157,H,3107.0,7972.5,7972.5,7983.4,8005.9,8034.1,8062.3,8092.9,4985.9,4865.5,AMR1,AMR3,0,0,15,33.4,33.4,AMR1,55.7,55.7,AMR3,0,0,0.0,0,0,0,1,3.0,0,0.0,40,45.4,43.8,3.0,T-0307,H-06-01,T-0117,H-05-03
O0158,D,3126.4,8050.4,8050.4,8063.0,8085.2,8096.6,8122.6,8152.8,5026.4,4924.0,AMR1,AMR2,0,0,13,32.3,32.3,AMR1,50.1,50.1,AMR2,0,0,0.0,0,0,0,0,0.0,0,0.0,49,51.3,39.7,0.0,T-0308,D-04-01,T-0179,D-06-01
O0159,C,3146.1,8120.6,8120.6,8132.2,8155.5,8176.5,8198.2,8229.1,5083.0,4974.5,AMR3,AMR2,0,0,13,34.0,34.0,AMR3,52.3,52.3,AMR2,0,0,0.0,0,0,0,0,0.0,0,0.0,39,43.4,44.1,0.0,T-0309,C-01-03,T-0044,C-05-04
O0160,I,3162.0,8135.4,8135.4,8150.3,8175.6,8188.7,8210.9,8244.4,5082.4,4973.4,AMR1,AMR3,0,0,15,37.8,37.8,AMR1,50.5,50.5,AMR3,0,0,0.0,0,0,0,2,6.6,0,0.0,43,46.8,42.5,6.6,T-0310,I-04-02,T-0230,I-02-03
O0161,F,3183.3,8205.8,8205.8,8222.1,8256.6,8277.1,8307.9,8338.7,5155.4,5022.5,AMR1,AMR3,0,0,23,48.4,48.4,AMR1,61.1,61.1,AMR3,0,0,0.0,0,0,0,0,0.0,0,0.0,69,68.1,44.3,0.0,T-0311,F-02-01,T-0162,F-03-01
O0162,D,3206.5,8252.8,8252.8,8267.4,8291.9,8306.8,8330.6,8361.0,5154.5,5046.3,AMR2,AMR2,0,0,13,35.8,35.8,AMR2,51.4,51.4,AMR2,0,0,0.0,0,0,0,0,0.0,0,0.0,46,48.8,44.5,0.0,T-0312,D-06-01,T-0198,D-05-01
O0163,D,3224.6,8280.0,8280.0,8293.2,8317.4,8333.4,8358.0,8386.8,5162.2,5055.4,AMR1,AMR1,0,0,13,34.9,34.9,AMR1,54.1,54.1,AMR1,0,0,0.0,0,0,0,0,0.0,0,0.0,41,44.5,46.3,0.0,T-0313,D-05-03,T-0203,D-01-02
O0164,D,3239.8,8362.4,8362.4,8377.3,8403.6,8410.5,8436.0,8464.9,5225.1,5122.6,AMR3,AMR1,0,0,13,38.7,38.7,AMR3,53.1,53.1,AMR1,0,0,0.0,0,0,0,0,0.0,0,0.0,43,46.5,49.1,0.0,T-0314,D-05-01,T-0218,D-03-02
O0165,B,3260.9,8386.7,8386.7,8400.1,8425.8,8441.4,8467.3,8497.6,5236.7,5125.8,AMR2,AMR2,0,0,15,36.6,36.6,AMR2,54.9,54.9,AMR2,0,0,0.0,0,0,0,0,0.0,0,0.0,49,51.1,44.2,0.0,T-0315,B-01-02,T-0189,B-03-02
O0166,J,3280.1,8424.8,8424.8,8437.1,8469.2,8488.6,8517.8,8550.4,5270.3,5144.7,AMR3,AMR1,0,0,21,42.8,42.8,AMR3,63.7,63.7,AMR1,0,0,0.0,0,0,0,0,0.0,0,0.0,60,60.3,45.9,0.0,T-0316,J-03-03,T-0148,J-01-03
O0167,G,3302.3,8508.9,8508.9,8519.9,8548.9,8565.8,8595.2,8620.1,5317.8,5206.6,AMR3,AMR3,0,0,17,38.4,38.4,AMR3,54.7,54.7,AMR3,0,0,0.0,0,0,0,0,0.0,0,0.0,48,51.6,42.7,0.0,T-0317,G-03-03,T-0102,G-05-05
O0168,C,3321.3,8533.3,8533.3,8545.8,8567.5,8590.1,8610.7,8643.2,5321.9,5212.0,AMR2,AMR1,0,0,13,32.5,32.5,AMR2,50.8,50.8,AMR1,0,0,0.0,0,0,0,1,2.0,0,0.0,40,44.2,41.1,2.0,T-0318,C-03-03,T-0045,C-04-03
O0169,B,3343.2,8603.0,8603.0,8614.5,8641.5,8643.8,8666.4,8696.5,5353.3,5259.8,AMR2,AMR3,0,0,15,36.0,36.0,AMR2,53.9,53.9,AMR3,0,0,0.0,0,0,0,0,0.0,0,0.0,47,48.6,42.6,0.0,T-0319,B-02-02,T-0192,B-04-02
O0170,I,3360.3,8667.9,8667.9,8682.1,8706.4,8720.2,8745.8,8771.9,5411.6,5307.6,AMR1,AMR3,0,0,15,36.1,36.1,AMR1,50.4,50.4,AMR3,0,0,0.0,0,0,0,0,0.0,0,0.0,45,49.5,40.7,0.0,T-0320,I-05-02,T-0236,I-03-03
O0171,D,3375.8,8684.1,8684.1,8696.0,8715.9,8737.2,8764.7,8792.3,5416.5,5308.3,AMR2,AMR1,0,0,13,30.9,30.9,AMR2,53.3,53.3,AMR1,0,0,0.0,0,0,0,0,0.0,0,0.0,41,44.3,41.5,1.1,T-0321,D-01-02,T-0219,D-02-02
O0172,H,3395.4,8750.1,8750.1,8766.5,8789.5,8795.6,8817.6,8845.9,5450.5,5354.7,AMR2,AMR3,0,0,15,37.8,37.8,AMR2,51.7,51.7,AMR3,0,0,0.0,0,0,0,0,0.0,0,0.0,42,45.5,44.2,0.0,T-0322,H-03-03,T-0118,H-01-02
O0173,I,3415.7,8820.0,8820.0,8832.8,8858.2,8869.6,8898.1,8926.2,5510.5,5404.3,AMR1,AMR3,0,0,15,35.0,35.0,AMR1,57.5,57.5,AMR3,0,0,0.0,0,0,0,0,0.0,0,0.0,44,48.1,46.7,0.0,T-0323,I-06-02,T-0240,I-01-03
O0174,H,3433.9,8836.0,8836.0,8848.7,8874.9,8887.1,8915.1,8940.4,5506.5,5402.1,AMR2,AMR1,0,0,15,38.1,38.1,AMR2,52.2,52.2,AMR1,0,0,0.0,0,0,0,0,0.0,0,0.0,43,47.1,45.0,0.1,T-0324,H-01-02,T-0119,H-02-01
O0175,I,3457.0,8902.1,8902.1,8916.5,8940.1,8949.9,8978.6,9006.7,5549.7,5445.1,AMR2,AMR3,0,0,15,37.2,37.2,AMR2,54.2,54.2,AMR3,0,0,0.0,0,0,0,0,0.0,0,0.0,45,49.2,45.6,0.0,T-0325,I-01-03,T-0241,I-04-03
O0176,I,3480.3,8964.3,8964.3,8975.1,9000.8,9015.0,9039.5,9066.8,5586.5,5484.0,AMR2,AMR2,0,0,15,35.7,35.7,AMR2,52.7,52.7,AMR2,0,0,0.0,0,0,0,0,0.0,0,0.0,41,45.7,42.6,0.0,T-0326,I-02-03,T-0256,I-01-01
O0177,H,3504.3,8988.1,8988.1,9000.7,9024.1,9039.4,9064.3,9091.6,5587.3,5483.8,AMR1,AMR3,0,0,15,35.2,35.2,AMR1,51.6,51.6,AMR3,0,0,0.0,0,0,0,0,0.0,0,0.0,43,46.7,41.5,0.0,T-0327,H-02-01,T-0120,H-03-05
O0178,D,3521.9,9056.3,9056.3,9069.3,9093.2,9105.4,9129.7,9157.8,5635.9,5534.4,AMR1,AMR1,0,0,13,32.5,32.5,AMR1,53.1,53.1,AMR1,0,0,0.0,0,0,0,0,0.0,0,0.0,41,46.4,42.9,0.0,T-0328,D-02-02,T-0226,D-02-01
O0179,I,3539.7,9090.5,9090.5,9105.3,9132.7,9147.3,9175.3,9207.2,5667.5,5550.8,AMR2,AMR2,0,0,15,36.8,36.8,AMR2,54.1,54.1,AMR2,0,0,0.0,0,0,0,0,0.0,0,0.0,49,52.5,45.1,4.5,T-0329,I-01-01,T-0257,I-05-03
O0180,E,3560.9,9115.3,9115.3,9126.0,9152.0,9169.7,9198.4,9232.5,5671.6,5554.4,AMR3,AMR3,0,0,19,35.0,35.0,AMR3,59.5,59.5,AMR3,0,0,0.0,0,0,0,0,0.0,0,0.0,64,62.5,37.0,0.0,T-0330,E-03-02,T-0073,E-06-01
O0181,E,3576.7,9193.5,9193.5,9207.4,9234.9,9256.2,9285.8,9318.6,5741.9,5616.8,AMR1,AMR3,0,0,19,38.1,38.1,AMR1,63.7,63.7,AMR3,0,0,0.0,0,0,0,0,0.0,0,0.0,60,59.5,44.3,0.0,T-0331,E-06-01,T-0074,E-01-01
O0182,F,3594.4,9230.9,9230.9,9244.0,9276.3,9297.4,9328.1,9363.2,5768.8,5636.5,AMR2,AMR2,0,0,23,43.8,43.8,AMR2,64.2,64.2,AMR2,0,0,0.0,0,0,0,0,0.0,0,0.0,70,68.4,42.8,0.0,T-0332,F-03-01,T-0171,F-01-01
O0183,C,3610.2,9259.2,9259.2,9272.1,9291.9,9310.7,9331.9,9378.9,5768.7,5649.0,AMR1,AMR1,0,0,13,31.8,31.8,AMR1,49.4,49.4,AMR1,0,0,0.0,0,0,0,1,20.0,1,15.0,39,41.9,39.0,20.0,T-0333,C-04-03,T-0186,C-01-01
O0184,C,3629.1,9342.3,9342.3,9357.6,9380.3,9386.9,9411.9,9440.1,5811.0,5713.2,AMR3,AMR2,0,0,13,37.1,37.1,AMR3,52.9,52.9,AMR2,0,0,0.0,0,0,0,0,0.0,0,0.0,39,43.4,47.8,0.0,T-0334,C-01-01,T-0188,C-04-01
O0185,G,3646.2,9410.6,9410.6,9426.3,9450.7,9463.8,9488.4,9518.6,5872.4,5764.4,AMR1,AMR2,0,0,17,39.3,39.3,AMR1,55.2,55.2,AMR2,0,0,0.0,0,0,0,0,0.0,0,0.0,47,49.8,44.1,1.0,T-0335,G-04-03,T-0103,G-05-01
O0186,H,3664.5,9426.6,9426.6,9439.7,9464.0,9479.8,9505.8,9534.4,5869.9,5762.1,AMR3,AMR3,0,0,15,36.6,36.6,AMR3,52.9,52.9,AMR3,0,0,0.0,0,0,0,1,1.6,0,0.0,41,46.2,44.2,1.6,T-0336,H-04-03,T-0165,H-04-01
O0187,G,3680.1,9497.8,9497.8,9513.5,9540.0,9542.3,9570.1,9594.2,5914.1,5817.7,AMR1,AMR2,0,0,17,41.4,41.4,AMR1,55.3,55.3,AMR2,0,0,0.0,0,0,0,0,0.0,0,0.0,45,47.8,46.3,0.0,T-0337,G-05-01,T-0104,G-06-01
O0188,J,3704.2,9566.1,9566.1,9579.9,9608.7,9617.9,9648.1,9684.2,5980.0,5861.9,AMR3,AMR2,0,0,21,41.8,41.8,AMR3,63.2,63.2,AMR2,0,0,0.0,0,0,0,0,0.0,0,0.0,65,64.5,44.4,0.0,T-0338,J-01-03,T-0149,J-06-02
O0189,J,3719.4,9583.6,9583.6,9595.0,9623.2,9637.1,9664.8,9702.8,5983.4,5864.2,AMR1,AMR3,0,0,21,37.2,37.2,AMR1,61.6,61.6,AMR3,0,0,0.0,0,0,0,1,6.0,1,1.0,61,61.1,38.2,6.0,T-0339,J-04-03,T-0150,J-01-04
O0190,F,3739.2,9657.6,9657.6,9672.4,9704.7,9707.9,9737.5,9771.3,6032.1,5918.4,AMR1,AMR2,0,0,23,44.7,44.7,AMR1,65.8,65.8,AMR2,0,0,0.0,0,0,0,0,0.0,0,0.0,67,65.2,45.3,0.0,T-0340,F-01-01,T-0178,F-05-01
O0191,G,3761.7,9731.5,9731.5,9742.6,9768.7,9783.6,9811.8,9839.8,6078.1,5969.8,AMR3,AMR3,0,0,17,37.2,37.2,AMR3,53.6,53.6,AMR3,0,0,0.0,0,0,0,0,0.0,0,0.0,50,53.0,40.4,0.0,T-0341,G-06-01,T-0105,G-01-01
O0192,I,3784.2,9753.9,9753.9,9767.0,9793.7,9808.0,9834.5,9862.3,6078.1,5969.7,AMR1,AMR2,0,0,15,38.2,38.2,AMR1,50.2,50.2,AMR2,0,0,0.0,0,0,0,0,0.0,0,0.0,48,51.5,42.6,0.0,T-0342,I-03-03,T-0258,I-06-03
O0193,H,3808.2,9824.2,9824.2,9837.1,9860.4,9863.5,9889.1,9912.1,6103.9,6016.0,AMR1,AMR3,0,0,15,35.4,35.4,AMR1,48.5,48.5,AMR3,0,0,0.0,0,0,0,1,1.0,0,0.0,41,45.2,38.6,1.0,T-0343,H-04-01,T-0175,H-05-01
O0194,H,3825.9,9879.7,9879.7,9894.2,9919.5,9935.8,9961.7,9989.6,6163.7,6053.8,AMR1,AMR3,0,0,15,39.0,39.0,AMR1,55.2,55.2,AMR3,0,0,0.0,0,0,0,0,0.0,0,0.0,41,44.7,48.9,0.0,T-0344,H-05-01,T-0190,H-02-02
O0195,G,3844.8,9904.0,9904.0,9918.5,9944.8,9951.3,9979.4,10009.3,6164.5,6059.2,AMR2,AMR1,0,0,17,38.4,38.4,AMR2,57.9,57.9,AMR1,0,0,0.0,0,0,0,0,0.0,0,0.0,51,52.9,45.9,0.0,T-0345,G-01-01,T-0166,G-03-01
O0196,H,3861.4,9969.4,9969.4,9984.0,10010.3,10013.3,10042.0,10067.8,6206.4,6108.0,AMR2,AMR3,0,0,15,40.1,40.1,AMR2,54.4,54.4,AMR3,0,0,0.0,0,0,0,0,0.0,0,0.0,41,46.2,49.2,0.0,T-0346,H-02-02,T-0201,H-04-02
O0197,I,3886.2,10037.0,10037.0,10050.2,10078.4,10091.5,10115.0,10139.2,6253.0,6150.8,AMR1,AMR3,0,0,15,39.0,39.0,AMR1,48.6,48.6,AMR3,0,0,0.0,0,0,0,0,0.0,0,0.0,43,47.3,41.8,0.0,T-0347,I-04-03,T-0270,I-02-01
O0198,J,3910.3,10051.5,10051.5,10065.5,10097.7,10108.6,10139.0,10169.1,6258.8,6141.2,AMR2,AMR1,0,0,21,43.0,43.0,AMR2,62.4,62.4,AMR1,0,0,0.0,0,0,0,0,0.0,0,0.0,62,61.9,44.8,0.0,T-0348,J-06-02,T-0159,J-01-01
O0199,B,3931.9,10129.8,10129.8,10143.0,10166.4,10181.3,10210.3,10241.0,6309.1,6197.9,AMR2,AMR2,0,0,15,34.9,34.9,AMR2,56.9,56.9,AMR2,0,0,0.0,0,0,0,0,0.0,0,0.0,50,51.8,44.5,0.0,T-0349,B-03-02,T-0204,B-01-03
O0200,H,3951.2,10162.9,10162.9,10174.5,10198.0,10212.8,10239.3,10267.3,6316.1,6211.7,AMR3,AMR3,0,0,15,34.3,34.3,AMR3,54.4,54.4,AMR3,0,0,0.0,0,0,0,0,0.0,0,0.0,41,46.2,43.4,0.0,T-0350,H-04-02,T-0212,H-05-02
O0201,D,3954.4,10192.8,10192.8,10203.4,10223.6,10235.8,10261.2,10290.1,6335.7,6238.4,AMR1,AMR1,0,0,13,29.9,29.9,AMR1,51.5,51.5,AMR1,0,0,0.0,0,0,0,0,0.0,0,0.0,43,46.4,38.7,0.0,T-0351,D-02-01,T-0228,D-04-02
O0202,F,3958.7,10264.7,10264.7,10280.7,10310.3,10314.8,10344.1,10376.9,6418.2,6306.0,AMR2,AMR1,0,0,23,44.8,44.8,AMR2,66.5,66.5,AMR1,0,0,0.0,0,0,0,0,0.0,0,0.0,63,61.6,46.1,0.0,T-0352,F-05-01,T-0180,F-06-01
O0203,E,3964.7,10291.0,10291.0,10305.6,10332.9,10335.7,10365.4,10399.4,6434.7,6326.3,AMR3,AMR2,0,0,19,40.0,40.0,AMR3,61.0,61.0,AMR2,0,0,0.0,0,0,0,0,0.0,0,0.0,65,62.1,43.5,0.0,T-0353,E-01-01,T-0075,E-05-05
O0204,A,3969.6,10352.3,10352.3,10364.3,10392.6,10400.6,10431.0,10464.2,6494.6,6382.7,AMR3,AMR1,0,0,21,39.4,39.4,AMR3,61.3,61.3,AMR1,0,0,0.0,0,0,0,0,0.0,0,0.0,69,65.3,38.6,0.0,T-0354,A-04-03,T-0155,A-02-01
O0205,C,3973.5,10419.0,10419.0,10430.6,10453.1,10465.9,10509.7,10539.0,6565.5,6445.5,AMR3,AMR3,0,0,13,33.2,33.2,AMR3,52.8,52.8,AMR3,0,0,0.0,0,0,0,1,6.0,2,9.6,39,43.8,43.8,19.6,T-0355,C-04-01,T-0196,C-05-01
O0206,C,3980.3,10443.1,10443.1,10458.6,10485.0,10495.9,10521.1,10552.8,6572.5,6462.8,AMR2,AMR1,0,0,13,39.4,39.4,AMR2,51.0,51.0,AMR1,0,0,0.0,0,0,0,1,6.0,1,1.0,43,44.6,48.2,6.0,T-0356,C-05-03,T-0199,C-03-01
O0207,C,3983.9,10511.2,10511.2,10525.6,10551.1,10562.7,10584.9,10611.2,6627.3,6527.3,AMR2,AMR3,0,0,13,36.2,36.2,AMR2,50.2,50.2,AMR3,0,0,0.0,0,0,0,1,2.0,0,0.0,38,42.2,44.2,2.0,T-0357,C-03-01,T-0206,C-06-01
O0208,H,3990.7,10586.5,10586.5,10599.3,10624.8,10634.9,10660.8,10689.4,6698.7,6595.8,AMR1,AMR3,0,0,15,37.5,37.5,AMR1,53.9,53.9,AMR3,0,0,0.0,0,0,0,0,0.0,0,0.0,43,46.7,46.1,0.0,T-0358,H-05-02,T-0221,H-03-01
O0209,J,3994.4,10599.6,10599.6,10615.2,10642.7,10650.6,10680.1,10709.3,6714.9,6605.2,AMR2,AMR1,0,0,21,42.3,42.3,AMR2,59.1,59.1,AMR1,0,0,0.0,0,0,0,0,0.0,0,0.0,61,60.9,40.8,0.1,T-0359,J-01-01,T-0164,J-02-01
O0210,E,3997.8,10669.1,10669.1,10681.6,10709.5,10713.1,10743.3,10776.1,6778.3,6671.3,AMR2,AMR3,0,0,19,37.9,37.9,AMR2,62.7,62.7,AMR3,0,0,0.0,0,0,0,0,0.0,0,0.0,61,60.3,43.1,0.0,T-0360,E-04-03,T-0169,E-03-01
O0211,G,4003.1,10737.0,10737.0,10748.6,10778.2,10799.8,10827.9,10857.4,6854.3,6733.9,AMR1,AMR3,0,0,17,39.6,39.6,AMR1,56.0,56.0,AMR3,0,0,0.0,0,0,0,0,0.0,0,0.0,52,53.6,45.2,0.0,T-0361,G-03-01,T-0181,G-01-02
O0212,D,4009.8,10757.7,10757.7,10768.8,10793.7,10817.1,10838.3,10875.8,6866.0,6747.9,AMR2,AMR1,0,0,13,34.3,34.3,AMR2,52.4,52.4,AMR1,0,0,0.0,0,0,0,1,8.0,1,3.0,40,42.7,44.0,8.0,T-0362,D-03-02,T-0231,D-01-03
O0213,B,4015.2,10831.2,10831.2,10842.3,10866.9,10881.1,10910.6,10940.8,6925.6,6816.0,AMR2,AMR3,0,0,15,34.8,34.8,AMR2,57.4,57.4,AMR3,0,0,0.0,0,0,0,0,0.0,0,0.0,51,50.5,44.9,0.0,T-0363,B-04-02,T-0205,B-02-03
O0214,C,4020.9,10905.5,10905.5,10916.4,10939.6,10952.8,10975.7,11005.9,6985.0,6884.6,AMR1,AMR1,0,0,13,33.2,33.2,AMR1,53.3,53.3,AMR1,0,0,0.0,0,0,0,0,0.0,0,0.0,39,42.9,44.3,0.0,T-0364,C-05-01,T-0237,C-01-02
O0215,I,4027.1,10920.1,10920.1,10936.4,10962.6,10976.5,11005.5,11031.3,7004.2,6893.0,AMR2,AMR3,0,0,15,41.7,41.7,AMR2,53.7,53.7,AMR3,0,0,0.0,0,0,0,0,0.0,0,0.0,43,47.7,49.6,0.0,T-0365,I-02-01,T-0275,I-03-01
O0216,H,4031.6,10990.8,10990.8,11002.7,11030.7,11046.2,11071.5,11096.5,7064.9,6959.2,AMR2,AMR2,0,0,15,38.3,38.3,AMR2,49.7,49.7,AMR2,0,0,0.0,0,0,0,0,0.0,0,0.0,44,47.5,42.7,0.0,T-0366,H-03-01,T-0232,H-03-02
O0217,A,4037.9,11029.6,11029.6,11043.8,11071.7,11091.5,11124.2,11161.9,7124.0,6991.7,AMR1,AMR1,0,0,21,39.6,39.6,AMR1,70.1,70.1,AMR1,0,0,0.0,0,0,0,0,0.0,0,0.0,67,64.9,47.6,0.0,T-0367,A-02-01,T-0160,A-03-01
O0218,F,4044.8,11055.0,11055.0,11067.4,11099.4,11120.2,11151.4,11187.0,7142.2,7010.2,AMR3,AMR2,0,0,23,44.4,44.4,AMR3,65.6,65.6,AMR2,0,0,0.0,0,0,0,0,0.0,0,0.0,68,66.4,44.8,0.0,T-0368,F-06-01,T-0202,F-02-02
O0219,H,4048.4,11140.1,11140.1,11153.8,11182.3,11185.6,11211.3,11235.8,7187.4,7091.7,AMR3,AMR1,0,0,15,40.6,40.6,AMR3,52.1,52.1,AMR1,0,0,0.0,0,0,0,0,0.0,0,0.0,40,45.0,47.4,0.0,T-0369,H-03-02,T-0235,H-06-02
O0220,I,4054.6,11201.8,11201.8,11217.9,11243.8,11259.5,11287.0,11317.5,7262.9,7147.2,AMR3,AMR1,0,0,15,40.4,40.4,AMR3,55.4,55.4,AMR1,0,0,0.0,0,0,0,0,0.0,0,0.0,46,50.0,50.0,0.0,T-0370,I-03-01,T-0286,I-04-01
O0221,E,4059.4,11225.7,11225.7,11238.8,11267.7,11275.3,11309.0,11345.2,7285.8,7166.3,AMR2,AMR3,0,0,19,40.3,40.3,AMR2,66.2,66.2,AMR3,0,0,0.0,0,0,0,0,0.0,0,0.0,66,62.9,49.0,0.0,T-0371,E-03-01,T-0182,E-04-01
O0222,A,4065.8,11293.4,11293.4,11305.9,11335.5,11341.2,11366.6,11399.9,7334.1,7227.6,AMR2,AMR1,0,0,21,40.4,40.4,AMR2,60.9,60.9,AMR1,0,0,0.0,0,0,0,0,0.0,0,0.0,64,61.6,39.2,0.0,T-0372,A-03-01,T-0177,A-05-01
O0223,I,4072.3,11360.6,11360.6,11373.5,11402.0,11423.6,11466.7,11509.2,7436.9,7288.3,AMR2,AMR1,0,0,15,39.0,39.0,AMR2,56.5,56.5,AMR1,0,0,0.0,0,0,0,1,12.0,2,14.0,49,53.2,49.7,24.1,T-0373,I-04-01,T-0287,I-05-01
O0224,C,4077.8,11384.9,11384.9,11396.9,11420.8,11435.3,11461.9,11488.2,7410.4,7307.1,AMR3,AMR3,0,0,13,35.8,35.8,AMR3,52.7,52.7,AMR3,0,0,0.0,0,0,0,0,0.0,0,0.0,38,42.5,46.3,0.0,T-0374,C-06-01,T-0249,C-02-02
O0225,D,4084.2,11452.2,11452.2,11467.6,11492.6,11511.9,11537.7,11565.0,7480.8,7368.0,AMR2,AMR3,0,0,13,37.9,37.9,AMR2,53.8,53.8,AMR3,0,0,0.0,0,0,0,0,0.0,0,0.0,41,44.5,49.0,0.0,T-0375,D-04-02,T-0243,D-02-03
O0226,H,4090.4,11535.9,11535.9,11550.5,11571.6,11588.7,11610.6,11633.5,7543.1,7445.5,AMR1,AMR3,0,0,15,35.7,35.7,AMR1,46.2,46.2,AMR3,0,0,0.0,0,0,0,0,0.0,0,0.0,40,43.9,36.6,0.0,T-0376,H-06-02,T-0250,H-01-01
O0227,A,4093.4,11552.6,11552.6,11568.1,11597.3,11603.1,11633.2,11670.9,7577.5,7459.2,AMR2,AMR1,0,0,21,43.8,43.8,AMR2,66.5,66.5,AMR1,0,0,0.0,0,0,0,0,0.0,0,0.0,69,64.3,48.2,0.0,T-0377,A-05-01,T-0187,A-01-02
O0228,D,4099.3,11621.7,11621.7,11637.9,11660.4,11672.6,11696.8,11728.7,7629.4,7522.4,AMR2,AMR2,0,0,13,36.0,36.0,AMR2,53.3,53.3,AMR2,0,0,0.0,0,0,0,0,0.0,0,0.0,43,48.2,46.6,0.0,T-0378,D-01-03,T-0253,D-05-02
O0229,F,4104.2,11657.2,11657.2,11667.7,11702.3,11724.1,11757.3,11791.3,7687.1,7553.0,AMR3,AMR3,0,0,23,42.7,42.7,AMR3,67.1,67.1,AMR3,0,0,0.0,0,0,0,0,0.0,0,0.0,69,67.7,44.6,0.0,T-0379,F-02-02,T-0211,F-03-02
O0230,D,4107.5,11696.6,11696.6,11712.5,11735.7,11752.4,11781.9,11810.6,7703.1,7589.1,AMR1,AMR2,0,0,13,36.6,36.6,AMR1,53.4,53.4,AMR2,0,0,0.0,0,0,0,0,0.0,0,0.0,49,50.0,47.3,0.0,T-0380,D-05-02,T-0274,D-06-02
O0231,H,4113.2,11766.9,11766.9,11778.4,11805.1,11815.0,11840.7,11864.2,7751.0,7653.7,AMR1,AMR3,0,0,15,37.4,37.4,AMR1,47.7,47.7,AMR3,0,0,0.0,0,0,0,0,0.0,0,0.0,43,47.5,39.8,0.1,T-0381,H-01-01,T-0281,H-01-03
O0232,H,4120.2,11829.3,11829.3,11839.8,11861.5,11876.3,11902.4,11929.1,7808.9,7709.1,AMR1,AMR1,0,0,15,31.4,31.4,AMR1,54.2,54.2,AMR1,0,0,0.0,0,0,0,0,0.0,0,0.0,41,44.7,40.3,0.0,T-0382,H-05-03,T-0282,H-02-03
O0233,D,4125.0,11853.3,11853.3,11866.6,11892.5,11899.9,11923.1,11951.3,7826.3,7728.3,AMR2,AMR3,0,0,13,35.9,35.9,AMR2,48.6,48.6,AMR3,0,0,0.0,0,0,0,0,0.0,0,0.0,46,48.8,41.8,0.0,T-0383,D-06-02,T-0279,D-04-03
O0234,D,4130.9,11915.4,11915.4,11930.8,11954.0,11981.5,12004.5,12033.0,7902.1,7784.5,AMR2,AMR3,0,0,13,37.7,37.7,AMR2,49.8,49.8,AMR3,0,0,0.0,0,0,0,0,0.0,0,0.0,41,45.3,44.8,0.0,T-0384,D-02-03,T-0283,D-03-03
O0235,H,4134.8,11952.8,11952.8,11969.1,11993.8,12008.0,12030.3,12053.4,7918.6,7818.0,AMR1,AMR1,0,0,15,40.2,40.2,AMR1,48.3,48.3,AMR1,0,0,0.0,0,0,0,0,0.0,0,0.0,39,43.2,43.2,0.0,T-0385,H-01-03,T-0307,H-06-01
O0236,H,4141.1,11984.2,11984.2,11995.6,12022.5,12036.7,12062.1,12087.3,7946.2,7843.1,AMR2,AMR2,0,0,15,35.9,35.9,AMR2,50.0,50.0,AMR2,0,0,0.0,0,0,0,0,0.0,0,0.0,45,48.3,40.6,0.0,T-0386,H-02-03,T-0322,H-03-03
O0237,B,4145.3,12060.7,12060.7,12076.2,12101.9,12111.0,12133.9,12165.5,8020.2,7915.4,AMR3,AMR2,0,0,15,38.7,38.7,AMR3,55.7,55.7,AMR2,0,0,0.0,0,0,0,0,0.0,0,0.0,47,48.6,47.1,0.0,T-0387,B-01-03,T-0213,B-05-02
O0238,H,4148.5,12085.1,12085.1,12096.8,12120.1,12126.5,12154.7,12179.6,8031.1,7936.6,AMR1,AMR3,0,0,15,35.0,35.0,AMR1,53.5,53.5,AMR3,0,0,0.0,0,0,0,0,0.0,0,0.0,40,44.9,43.2,0.0,T-0388,H-06-01,T-0324,H-01-02
O0239,F,4155.3,12140.6,12140.6,12154.4,12187.1,12189.2,12218.6,12250.3,8095.0,7985.3,AMR1,AMR2,0,0,23,44.9,44.9,AMR1,63.5,63.5,AMR2,0,0,0.0,0,0,0,0,0.0,0,0.0,66,64.4,43.2,0.0,T-0389,F-03-02,T-0225,F-05-02
O0240,I,4161.7,12213.3,12213.3,12224.5,12253.2,12274.0,12300.5,12326.9,8165.2,8051.6,AMR3,AMR2,0,0,15,37.5,37.5,AMR3,48.8,48.8,AMR2,0,0,0.0,0,0,0,0,0.0,0,0.0,49,52.3,40.5,0.0,T-0390,I-05-01,T-0292,I-06-01
O0241,C,4166.5,12235.6,12235.6,12247.5,12268.1,12286.3,12309.6,12348.5,8182.0,8069.1,AMR1,AMR1,0,0,13,31.6,31.6,AMR1,53.3,53.3,AMR1,0,0,0.0,0,0,0,1,9.0,1,4.0,41,43.0,42.7,9.0,T-0391,C-01-02,T-0266,C-03-02
O0242,C,4173.3,12302.4,12302.4,12315.5,12335.4,12350.6,12373.1,12402.7,8229.4,8129.1,AMR3,AMR2,0,0,13,32.1,32.1,AMR3,51.8,51.8,AMR2,0,0,0.0,0,0,0,0,0.0,0,0.0,39,43.4,41.7,0.0,T-0392,C-02-02,T-0267,C-05-02
O0243,C,4178.2,12363.6,12363.6,12377.5,12400.7,12414.2,12434.7,12464.9,8286.7,8185.4,AMR3,AMR3,0,0,13,35.4,35.4,AMR3,51.9,51.9,AMR3,0,0,0.0,0,0,0,0,0.0,0,0.0,40,42.7,45.1,0.0,T-0393,C-03-02,T-0272,C-02-03
O0244,H,4181.8,12388.2,12388.2,12399.6,12425.3,12438.4,12463.1,12487.7,8305.9,8206.4,AMR1,AMR2,0,0,15,36.3,36.3,AMR1,49.7,49.7,AMR2,0,0,0.0,0,0,0,1,1.0,0,0.0,41,44.7,40.7,1.0,T-0394,H-01-02,T-0327,H-02-01
O0245,I,4188.8,12454.6,12454.6,12470.7,12496.2,12512.4,12538.8,12563.7,8374.9,8265.8,AMR1,AMR2,0,0,15,38.3,38.3,AMR1,51.8,51.8,AMR2,0,0,0.0,0,0,0,0,0.0,0,0.0,44,48.6,44.3,0.0,T-0395,I-06-01,T-0295,I-01-02
O0246,G,4194.2,12488.6,12488.6,12503.8,12529.1,12546.7,12574.5,12599.2,8405.0,8294.4,AMR3,AMR3,0,0,17,38.1,38.1,AMR3,52.9,52.9,AMR3,0,0,0.0,0,0,0,0,0.0,0,0.0,49,52.4,40.6,0.0,T-0396,G-01-02,T-0185,G-04-01
O0247,I,4199.0,12515.9,12515.9,12527.3,12551.7,12567.9,12596.7,12623.7,8424.7,8316.9,AMR1,AMR1,0,0,15,33.4,33.4,AMR1,56.7,56.7,AMR1,0,0,0.0,0,0,0,0,0.0,0,0.0,43,47.3,44.3,0.0,T-0397,I-05-03,T-0299,I-02-02
O0248,C,4204.3,12592.4,12592.4,12605.1,12625.3,12638.1,12661.6,12689.0,8484.7,8388.1,AMR2,AMR2,0,0,13,32.0,32.0,AMR2,50.6,50.6,AMR2,0,0,0.0,0,0,0,0,0.0,0,0.0,39,43.4,40.4,0.0,T-0398,C-05-02,T-0276,C-04-02
O0249,C,4209.8,12622.9,12622.9,12633.9,12655.1,12667.3,12690.9,12729.7,8519.9,8413.1,AMR3,AMR3,0,0,13,31.3,31.3,AMR3,50.6,50.6,AMR3,0,0,0.0,0,0,0,1,12.0,1,7.0,39,42.9,39.7,12.0,T-0399,C-02-03,T-0277,C-02-01
O0250,D,4213.7,12647.4,12647.4,12663.2,12688.2,12701.7,12726.5,12755.6,8541.9,8433.7,AMR1,AMR1,0,0,13,39.1,39.1,AMR1,54.6,54.6,AMR1,0,0,0.0,0,0,0,0,0.0,0,0.0,40,43.7,51.0,0.0,T-0400,D-03-03,T-0284,D-01-01
O0251,F,4218.4,12725.7,12725.7,12739.5,12771.7,12779.3,12812.7,12847.7,8629.3,8507.3,AMR2,AMR1,0,0,23,45.2,45.2,AMR2,67.8,67.8,AMR1,0,0,0.0,0,0,0,0,0.0,0,0.0,69,66.6,47.8,0.0,T-0401,F-05-02,T-0248,F-02-03
O0252,H,4221.5,12753.4,12753.4,12765.4,12791.0,12800.1,12825.4,12862.9,8641.4,8531.9,AMR3,AMR2,0,0,15,36.8,36.8,AMR3,52.7,52.7,AMR2,0,0,0.0,0,0,0,1,11.0,1,6.0,41,45.2,44.2,11.0,T-0402,H-02-01,T-0336,H-04-03
O0253,D,4227.9,12814.2,12814.2,12826.0,12850.8,12871.4,12899.4,12929.7,8701.8,8586.3,AMR3,AMR1,0,0,13,35.7,35.7,AMR3,54.0,54.0,AMR1,0,0,0.0,0,0,0,0,0.0,0,0.0,43,47.9,47.0,0.0,T-0403,D-01-01,T-0296,D-03-01
O0254,J,4234.1,12884.6,12884.6,12895.5,12925.5,12943.9,12976.1,13007.9,8773.8,8650.5,AMR3,AMR3,0,0,21,40.1,40.1,AMR3,62.4,62.4,AMR3,0,0,0.0,0,0,0,0,0.0,0,0.0,63,63.0,41.9,0.0,T-0404,J-02-01,T-0167,J-04-01
O0255,D,4238.8,12908.6,12908.6,12922.0,12945.3,12968.4,12993.5,13025.7,8786.9,8669.8,AMR2,AMR1,0,0,13,35.0,35.0,AMR2,47.6,47.6,AMR1,0,0,0.0,0,0,0,1,5.0,0,0.0,48,49.1,39.9,5.0,T-0405,D-03-01,T-0308,D-04-01
O0256,D,4245.1,12981.8,12981.8,12996.0,13022.9,13031.6,13060.0,13091.9,8846.8,8736.7,AMR2,AMR3,0,0,13,35.6,35.6,AMR2,55.5,55.5,AMR3,0,0,0.0,0,0,0,0,0.0,0,0.0,49,50.0,48.4,3.0,T-0406,D-04-01,T-0312,D-06-01
O0257,E,4250.5,13055.4,13055.4,13067.8,13095.0,13115.6,13140.6,13174.0,8923.5,8804.9,AMR1,AMR3,0,0,19,37.1,37.1,AMR1,60.1,60.1,AMR3,0,0,0.0,0,0,0,0,0.0,0,0.0,59,58.3,39.7,0.0,T-0407,E-04-01,T-0193,E-01-02
O0258,J,4254.0,13070.1,13070.1,13083.9,13117.8,13134.4,13164.7,13197.7,8943.7,8816.1,AMR2,AMR1,0,0,21,45.2,45.2,AMR2,59.6,59.6,AMR1,0,0,0.0,0,0,0,0,0.0,0,0.0,67,66.8,44.2,0.0,T-0408,J-04-01,T-0184,J-06-01
O0259,I,4260.7,13155.8,13155.8,13168.7,13195.0,13197.7,13221.7,13249.0,8988.3,8895.1,AMR2,AMR3,0,0,15,38.4,38.4,AMR2,48.7,48.7,AMR3,0,0,0.0,0,0,0,0,0.0,0,0.0,45,49.2,41.3,0.0,T-0409,I-01-02,T-0301,I-03-02
O0260,I,4264.1,13221.4,13221.4,13234.2,13259.1,13272.7,13299.3,13329.7,9065.6,8957.3,AMR1,AMR3,0,0,15,36.9,36.9,AMR1,54.4,54.4,AMR3,0,0,0.0,0,0,0,0,0.0,0,0.0,45,49.2,45.5,0.0,T-0410,I-02-02,T-0310,I-04-02
O0261,C,4268.4,13236.8,13236.8,13248.8,13274.0,13287.3,13312.0,13346.4,9078.0,8968.4,AMR2,AMR1,0,0,13,36.3,36.3,AMR2,55.2,55.2,AMR1,0,0,0.0,0,0,0,2,5.6,0,0.0,37,41.4,49.3,5.6,T-0411,C-02-01,T-0303,C-06-02
O0262,G,4275.2,13300.2,13300.2,13315.8,13344.9,13353.4,13381.8,13412.3,9137.1,9025.0,AMR2,AMR3,0,0,17,43.9,43.9,AMR2,58.8,58.8,AMR3,0,0,0.0,0,0,0,0,0.0,0,0.0,49,51.3,52.3,0.0,T-0412,G-04-01,T-0223,G-03-02
O0263,J,4282.0,13377.1,13377.1,13400.2,13431.2,13436.0,13469.7,13500.9,9218.9,9095.1,AMR1,AMR3,0,0,21,50.9,50.9,AMR1,64.8,64.8,AMR3,0,0,0.0,0,0,0,0,0.0,0,0.0,64,63.9,55.1,0.0,T-0414,J-06-01,T-0208,J-03-01
O0264,B,4287.3,13394.1,13394.1,13406.3,13428.0,13450.2,13471.8,13520.7,9233.4,9106.8,AMR2,AMR2,0,0,15,33.0,33.0,AMR2,53.7,53.7,AMR2,0,0,0.0,0,0,0,1,19.0,1,14.0,43,46.0,39.4,19.0,T-0413,B-05-02,T-0222,B-06-02
O0265,H,4292.4,13471.3,13471.3,13485.7,13513.6,13524.6,13547.5,13573.2,9280.8,9178.9,AMR1,AMR3,0,0,15,40.7,40.7,AMR1,48.5,48.5,AMR3,0,0,0.0,0,0,0,0,0.0,0,0.0,42,47.0,43.9,0.0,T-0415,H-03-03,T-0343,H-04-01
O0266,I,4299.4,13540.1,13540.1,13553.5,13579.2,13596.9,13621.8,13649.8,9350.4,9240.7,AMR1,AMR3,0,0,15,37.5,37.5,AMR1,50.3,50.3,AMR3,0,0,0.0,0,0,0,0,0.0,0,0.0,46,50.0,42.0,0.0,T-0416,I-03-02,T-0320,I-05-02
O0267,H,4304.3,13564.4,13564.4,13577.3,13599.4,13612.7,13638.2,13662.7,9358.4,9260.1,AMR2,AMR1,0,0,15,34.2,34.2,AMR2,47.4,47.4,AMR1,0,0,0.0,0,0,0,2,2.0,0,0.0,43,46.6,36.3,2.1,T-0417,H-04-01,T-0344,H-05-01
O0268,I,4307.7,13628.2,13628.2,13640.7,13665.9,13673.5,13701.9,13733.0,9425.3,9320.5,AMR2,AMR3,0,0,15,35.3,35.3,AMR2,55.4,55.4,AMR3,0,0,0.0,0,0,0,0,0.0,0,0.0,49,52.3,44.9,0.0,T-0418,I-04-02,T-0323,I-06-02
O0269,F,4312.6,13697.4,13697.4,13711.8,13742.4,13756.7,13790.0,13822.4,9509.8,9384.8,AMR1,AMR3,0,0,23,42.6,42.6,AMR1,68.1,68.1,AMR3,0,0,0.0,0,0,0,0,0.0,0,0.0,67,65.2,45.5,0.0,T-0419,F-02-03,T-0254,F-04-02
O0270,H,4315.8,13714.1,13714.1,13726.7,13750.0,13771.8,13798.0,13834.9,9519.1,9398.3,AMR2,AMR2,0,0,15,35.1,35.1,AMR2,50.5,50.5,AMR2,0,0,0.0,0,0,0,1,14.0,1,9.0,41,44.7,40.3,14.0,T-0420,H-05-01,T-0346,H-02-02
O0271,G,4319.3,13794.2,13794.2,13806.3,13833.1,13846.1,13873.1,13899.4,9580.1,9474.9,AMR1,AMR3,0,0,17,37.3,37.3,AMR1,51.7,51.7,AMR3,0,0,0.0,0,0,0,0,0.0,0,0.0,52,53.6,38.6,0.0,T-0421,G-03-02,T-0227,G-02-02
O0272,I,4324.9,13863.0,13863.0,13874.0,13903.2,13923.1,13949.4,13975.5,9650.6,9538.1,AMR1,AMR3,0,0,15,37.8,37.8,AMR1,53.3,53.3,AMR3,0,0,0.0,0,0,0,0,0.0,0,0.0,43,47.3,45.3,0.0,T-0422,I-05-02,T-0325,I-01-03
O0273,I,4328.6,13886.6,13886.6,13902.1,13928.7,13939.4,13965.2,13991.8,9663.2,9558.0,AMR2,AMR1,0,0,15,37.3,37.3,AMR2,53.3,53.3,AMR1,0,0,0.0,0,0,0,0,0.0,0,0.0,46,49.7,44.8,0.0,T-0423,I-06-02,T-0326,I-02-03
O0274,H,4333.4,13957.0,13957.0,13972.5,13995.4,13999.2,14027.2,14053.1,9719.7,9623.6,AMR2,AMR3,0,0,15,37.6,37.6,AMR2,53.8,53.8,AMR3,0,0,0.0,0,0,0,0,0.0,0,0.0,41,46.2,46.1,0.0,T-0424,H-02-02,T-0350,H-04-02
O0275,I,4336.9,14013.6,14013.6,14025.5,14051.4,14065.6,14094.3,14118.6,9781.7,9676.7,AMR2,AMR2,0,0,15,37.0,37.0,AMR2,53.9,53.9,AMR2,0,0,0.0,0,0,0,0,0.0,0,0.0,41,45.7,45.1,0.0,T-0425,I-01-03,T-0329,I-01-01
O0276,B,4340.1,14037.5,14037.5,14050.1,14072.1,14089.8,14115.1,14142.8,9802.7,9697.4,AMR1,AMR3,0,0,15,34.5,34.5,AMR1,50.8,50.8,AMR3,0,0,0.0,0,0,0,0,0.0,0,0.0,50,49.6,38.0,0.0,T-0426,B-06-02,T-0242,B-03-01
O0277,I,4343.7,14103.0,14103.0,14113.7,14138.3,14142.3,14167.2,14195.7,9852.0,9759.3,AMR1,AMR2,0,0,15,34.5,34.5,AMR1,50.8,50.8,AMR2,0,0,0.0,0,0,0,1,1.5,0,0.0,43,47.7,39.5,1.5,T-0427,I-01-01,T-0342,I-03-03
O0278,A,4347.6,14156.5,14156.5,14168.0,14195.6,14215.4,14247.9,14281.8,9934.2,9808.9,AMR1,AMR1,0,0,21,36.6,36.6,AMR1,66.1,66.1,AMR1,0,0,0.0,0,0,0,0,0.0,0,0.0,67,64.9,40.6,0.0,T-0428,A-01-02,T-0195,A-03-02
O0279,B,4354.4,14180.5,14180.5,14193.8,14219.2,14239.4,14267.1,14300.8,9946.4,9826.1,AMR3,AMR2,0,0,15,37.0,37.0,AMR3,51.6,51.6,AMR2,0,0,0.0,0,0,0,1,6.0,1,1.0,50,52.7,41.3,6.1,T-0429,B-03-01,T-0251,B-03-03
O0280,H,4361.1,14255.1,14255.1,14270.9,14295.0,14305.5,14356.1,14382.6,10021.5,9894.0,AMR3,AMR1,0,0,15,39.1,39.1,AMR3,52.5,52.5,AMR1,0,0,0.0,0,0,0,1,24.0,1,19.0,43,46.6,46.3,24.1,T-0430,H-04-02,T-0358,H-05-02
O0281,B,4367.4,14329.5,14329.5,14342.3,14366.3,14381.9,14404.8,14434.3,10066.9,9962.1,AMR2,AMR2,0,0,15,34.3,34.3,AMR2,52.6,52.6,AMR2,0,0,0.0,0,0,0,0,0.0,0,0.0,47,49.6,39.6,0.0,T-0431,B-02-03,T-0259,B-04-03
O0282,D,4372.6,14344.8,14344.8,14358.0,14382.8,14406.3,14428.9,14457.1,10084.5,9972.2,AMR3,AMR1,0,0,13,34.7,34.7,AMR3,48.0,48.0,AMR1,0,0,0.0,0,0,0,0,0.0,0,0.0,46,48.8,40.0,0.0,T-0432,D-06-01,T-0313,D-05-03
O0283,F,4376.8,14421.7,14421.7,14435.6,14466.3,14481.8,14517.4,14548.3,10171.5,10044.9,AMR3,AMR1,0,0,23,43.8,43.8,AMR3,66.0,66.0,AMR1,0,0,0.0,0,0,0,0,0.0,0,0.0,67,66.5,44.6,0.0,T-0433,F-04-02,T-0255,F-03-03
O0284,C,4383.5,14458.0,14458.0,14470.1,14493.9,14506.7,14526.4,14569.3,10185.8,10074.5,AMR2,AMR2,0,0,13,35.0,35.0,AMR2,49.8,49.8,AMR2,0,0,0.0,0,0,0,1,14.0,1,9.0,39,41.9,42.6,14.0,T-0434,C-04-02,T-0309,C-01-03
O0285,G,4389.4,14486.7,14486.7,14498.6,14528.0,14545.6,14575.6,14605.3,10215.9,10097.3,AMR3,AMR3,0,0,17,38.9,38.9,AMR3,60.1,60.1,AMR3,0,0,0.0,0,0,0,0,0.0,0,0.0,49,52.4,48.6,0.0,T-0435,G-02-02,T-0234,G-04-02
O0286,I,4394.4,14572.0,14572.0,14587.1,14613.2,14629.0,14655.3,14685.0,10290.6,10177.6,AMR1,AMR3,0,0,15,40.4,40.4,AMR1,53.4,53.4,AMR3,0,0,0.0,0,0,0,0,0.0,0,0.0,45,49.2,48.0,0.0,T-0436,I-02-03,T-0347,I-04-03
O0287,F,4398.7,14596.0,14596.0,14611.9,14641.1,14643.4,14673.8,14703.7,10305.0,10197.3,AMR2,AMR1,0,0,23,43.5,43.5,AMR2,64.7,64.7,AMR1,0,0,0.0,0,0,0,0,0.0,0,0.0,64,62.4,43.0,0.0,T-0437,F-03-03,T-0262,F-06-02
O0288,J,4405.4,14665.2,14665.2,14678.0,14709.7,14729.4,14761.6,14789.6,10384.2,10259.8,AMR2,AMR2,0,0,21,42.9,42.9,AMR2,61.7,61.7,AMR2,0,0,0.0,0,0,0,0,0.0,0,0.0,60,60.7,44.0,0.0,T-0438,J-03-01,T-0220,J-01-02
O0289,I,4410.7,14708.7,14708.7,14723.9,14749.5,14765.6,14792.7,14817.1,10406.4,10298.0,AMR3,AMR3,0,0,15,39.2,39.2,AMR3,51.9,51.9,AMR3,0,0,0.0,0,0,0,0,0.0,0,0.0,42,47.0,45.3,0.0,T-0439,I-03-03,T-0365,I-02-01
O0290,I,4415.0,14732.4,14732.4,14743.5,14769.6,14787.9,14812.3,14840.1,10425.1,10317.4,AMR1,AMR1,0,0,15,34.8,34.8,AMR1,51.1,51.1,AMR1,0,0,0.0,0,0,0,0,0.0,0,0.0,45,49.3,40.1,0.0,T-0440,I-04-03,T-0370,I-03-01
O0291,J,4421.9,14813.3,14813.3,14829.2,14858.4,14864.8,14897.9,14926.6,10504.7,10391.4,AMR2,AMR1,0,0,21,44.3,44.3,AMR2,62.2,62.2,AMR1,0,0,0.0,0,0,0,0,0.0,0,0.0,61,60.9,45.9,0.1,T-0441,J-01-02,T-0244,J-02-02
O0292,H,4426.9,14840.8,14840.8,14853.5,14876.9,14883.8,14912.3,14941.9,10515.0,10413.9,AMR3,AMR2,0,0,15,35.3,35.3,AMR3,52.5,52.5,AMR2,0,0,0.0,0,0,0,1,5.0,0,0.0,43,46.7,42.5,5.0,T-0442,H-05-02,T-0366,H-03-01
O0293,I,4433.4,14898.7,14898.7,14910.1,14932.8,14950.3,14978.9,15007.3,10573.9,10465.3,AMR3,AMR1,0,0,15,33.3,33.3,AMR3,54.4,54.4,AMR1,0,0,0.0,0,0,0,0,0.0,0,0.0,45,49.2,41.9,0.0,T-0443,I-02-01,T-0373,I-04-01
O0294,D,4439.3,14965.0,14965.0,14976.8,14998.3,15012.5,15035.3,15062.1,10622.8,10525.7,AMR3,AMR3,0,0,13,30.8,30.8,AMR3,46.8,46.8,AMR3,0,0,0.0,0,0,0,0,0.0,0,0.0,45,48.0,34.9,0.0,T-0444,D-04-03,T-0314,D-05-01
O0295,E,4444.2,14989.6,14989.6,15003.6,15031.8,15037.0,15069.0,15100.0,10655.8,10545.4,AMR2,AMR1,0,0,19,40.3,40.3,AMR2,59.3,59.3,AMR1,0,0,0.0,0,0,0,0,0.0,0,0.0,65,63.1,42.1,0.0,T-0445,E-01-02,T-0194,E-04-02
O0296,E,4449.9,15054.2,15054.2,15067.8,15095.8,15114.2,15145.8,15181.2,10731.3,10604.3,AMR2,AMR2,0,0,19,39.1,39.1,AMR2,65.2,65.2,AMR2,0,0,0.0,0,0,0,0,0.0,0,0.0,63,61.8,46.8,0.0,T-0446,E-05-03,T-0197,E-05-01
O0297,H,4456.4,15085.8,15085.8,15097.9,15124.9,15138.7,15166.4,15198.0,10741.6,10629.4,AMR3,AMR1,0,0,15,37.5,37.5,AMR3,55.6,55.6,AMR1,0,0,0.0,0,0,0,1,3.0,0,0.0,44,47.5,47.8,3.1,T-0447,H-03-01,T-0369,H-03-02
O0298,G,4462.3,15154.4,15154.4,15168.8,15196.5,15204.9,15257.5,15283.6,10821.3,10692.1,AMR3,AMR2,0,0,17,41.3,41.3,AMR3,55.6,55.6,AMR2,0,0,0.0,0,0,0,0,0.0,1,18.0,47,51.2,46.5,23.1,T-0448,G-04-02,T-0268,G-05-02
O0299,H,4467.7,15228.7,15228.7,15245.0,15269.6,15285.1,15310.8,15337.2,10869.5,10761.0,AMR1,AMR1,0,0,15,39.3,39.3,AMR1,53.8,53.8,AMR1,0,0,0.0,0,0,0,0,0.0,0,0.0,40,45.2,47.8,0.0,T-0449,H-03-02,T-0376,H-06-02
O0300,C,4473.7,15245.7,15245.7,15260.4,15281.8,15309.3,15329.8,15359.9,10886.2,10772.0,AMR3,AMR2,0,0,13,36.0,36.0,AMR3,50.7,50.7,AMR2,0,0,0.0,0,0,0,0,0.0,0,0.0,40,42.2,44.5,0.0,T-0450,C-06-02,T-0318,C-03-03
O0301,D,4479.5,15321.3,15321.3,15336.5,15358.3,15360.9,15386.3,15412.1,10932.6,10841.8,AMR3,AMR1,0,0,13,34.5,34.5,AMR3,51.9,51.9,AMR1,0,0,0.0,0,0,0,0,0.0,0,0.0,41,44.5,43.7,0.0,T-0451,D-05-01,T-0321,D-01-02
O0302,H,4483.7,15384.6,15384.6,15397.5,15420.7,15435.8,15458.2,15486.2,11002.5,10900.9,AMR2,AMR1,0,0,15,36.1,36.1,AMR2,51.8,51.8,AMR1,0,0,0.0,0,0,0,0,0.0,0,0.0,40,43.9,42.6,0.0,T-0452,H-06-02,T-0381,H-01-01
O0303,D,4487.9,15401.3,15401.3,15417.3,15443.2,15449.2,15474.0,15503.9,11016.0,10913.4,AMR3,AMR2,0,0,13,39.5,39.5,AMR3,53.9,53.9,AMR2,0,0,0.0,0,0,0,0,0.0,0,0.0,41,44.3,50.7,1.6,T-0453,D-01-02,T-0328,D-02-02
O0304,D,4493.0,15461.4,15461.4,15474.0,15498.3,15509.9,15557.1,15582.5,11089.5,10968.4,AMR3,AMR1,0,0,13,36.0,36.0,AMR3,47.4,47.4,AMR1,0,0,0.0,0,0,0,0,0.0,1,19.0,41,44.7,40.7,24.1,T-0454,D-02-02,T-0351,D-02-01
O0305,F,4496.7,15533.6,15533.6,15544.5,15573.7,15592.8,15623.7,15656.8,11160.1,11036.9,AMR2,AMR2,0,0,23,40.1,40.1,AMR2,62.4,62.4,AMR2,0,0,0.0,0,0,0,0,0.0,0,0.0,68,66.8,37.3,0.0,T-0455,F-06-02,T-0278,F-01-02
O0306,D,4502.4,15546.5,15546.5,15561.2,15581.2,15605.4,15627.2,15673.8,11171.4,11044.1,AMR3,AMR3,0,0,13,33.8,33.8,AMR3,47.1,47.1,AMR3,0,0,0.0,0,0,0,1,20.0,1,15.0,41,44.9,38.2,20.0,T-0456,D-02-01,T-0362,D-03-02
O0307,H,4507.3,15629.2,15629.2,15644.1,15671.1,15680.5,15704.4,15732.3,11225.0,11121.9,AMR1,AMR2,0,0,15,41.1,41.1,AMR1,51.7,51.7,AMR2,0,0,0.0,0,0,0,0,0.0,0,0.0,41,46.2,47.5,0.0,T-0457,H-01-01,T-0382,H-05-03
O0308,E,4510.3,15704.5,15704.5,15718.5,15745.6,15756.0,15785.6,15817.1,11306.8,11194.2,AMR3,AMR2,0,0,19,38.6,38.6,AMR3,62.8,62.8,AMR2,0,0,0.0,0,0,0,0,0.0,0,0.0,59,58.3,43.9,0.0,T-0458,E-05-01,T-0210,E-02-02
O0309,H,4515.5,15719.3,15719.3,15731.8,15758.2,15775.0,15802.3,15835.6,11320.1,11203.8,AMR1,AMR3,0,0,15,38.1,38.1,AMR1,57.0,57.0,AMR3,0,0,0.0,0,0,0,1,5.0,0,0.0,41,44.7,49.8,5.0,T-0459,H-04-03,T-0385,H-01-03
O0310,J,4519.7,15790.0,15790.0,15803.9,15835.6,15840.8,15872.2,15904.3,11384.6,11270.3,AMR1,AMR2,0,0,21,44.8,44.8,AMR1,61.9,61.9,AMR2,0,0,0.0,0,0,0,0,0.0,0,0.0,63,63.0,46.1,0.0,T-0460,J-02-02,T-0246,J-05-01
O0311,I,4524.5,15860.0,15860.0,15872.9,15896.8,15912.3,15938.7,15965.6,11441.1,11335.5,AMR1,AMR1,0,0,15,35.2,35.2,AMR1,50.7,50.7,AMR1,0,0,0.0,0,0,0,0,0.0,0,0.0,46,50.0,40.1,0.0,T-0461,I-03-01,T-0390,I-05-01
O0312,H,4528.0,15884.3,15884.3,15900.2,15927.3,15936.0,15963.1,15988.4,11460.4,11356.3,AMR3,AMR2,0,0,15,42.2,42.2,AMR3,51.3,51.3,AMR2,0,0,0.0,0,0,0,0,0.0,0,0.0,43,47.1,48.2,0.1,T-0462,H-01-03,T-0386,H-02-03
O0313,A,4532.1,15950.5,15950.5,15965.2,15992.2,16011.3,16037.7,16074.6,11542.5,11418.4,AMR3,AMR3,0,0,21,40.0,40.0,AMR3,64.5,64.5,AMR3,0,0,0.0,0,0,0,0,0.0,0,0.0,64,62.6,42.4,0.0,T-0463,A-03-02,T-0215,A-04-01
O0314,C,4536.3,15989.3,15989.3,16005.7,16027.0,16039.2,16061.7,16093.1,11556.8,11453.0,AMR1,AMR1,0,0,13,36.8,36.8,AMR1,53.0,53.0,AMR1,0,0,0.0,0,0,0,1,1.6,0,0.0,39,42.4,47.6,1.6,T-0464,C-01-03,T-0333,C-04-03
O0315,E,4542.2,16014.7,16014.7,16030.7,16060.4,16076.8,16103.9,16137.2,11595.0,11472.5,AMR2,AMR2,0,0,19,44.8,44.8,AMR2,58.6,58.6,AMR2,0,0,0.0,0,0,0,0,0.0,0,0.0,61,60.2,45.9,0.0,T-0465,E-02-02,T-0247,E-05-02
O0316,D,4547.7,16101.3,16101.3,16115.0,16137.4,16160.9,16189.0,16216.7,11669.0,11553.6,AMR3,AMR2,0,0,13,34.4,34.4,AMR3,51.1,51.1,AMR2,0,0,0.0,0,0,0,0,0.0,0,0.0,48,49.1,42.8,0.0,T-0466,D-03-02,T-0375,D-04-02
O0317,J,4551.7,16125.8,16125.8,16137.3,16170.7,16174.9,16203.0,16241.5,11689.8,11574.1,AMR1,AMR3,0,0,21,42.5,42.5,AMR1,62.5,62.5,AMR3,0,0,0.0,0,0,0,1,4.0,0,0.0,63,63.1,44.4,4.0,T-0467,J-05-01,T-0252,J-03-02
O0318,J,4558.0,16196.1,16196.1,16210.0,16241.1,16260.8,16291.0,16325.5,11767.5,11638.1,AMR1,AMR1,0,0,21,43.4,43.4,AMR1,62.7,62.7,AMR1,0,0,0.0,0,0,0,0,0.0,0,0.0,64,64.2,45.5,0.0,T-0468,J-03-02,T-0271,J-04-02
O0319,A,4561.2,16240.4,16240.4,16255.8,16283.5,16301.9,16332.1,16365.4,11804.2,11679.2,AMR2,AMR2,0,0,21,42.2,42.2,AMR2,64.7,64.7,AMR2,0,0,0.0,0,0,0,0,0.0,0,0.0,63,61.8,44.8,0.0,T-0469,A-04-01,T-0216,A-05-02
O0320,H,4567.1,16265.2,16265.2,16278.4,16300.7,16316.9,16342.2,16380.1,11813.0,11698.1,AMR3,AMR3,0,0,15,34.7,34.7,AMR3,52.1,52.1,AMR3,0,0,0.0,0,0,0,1,14.0,1,9.0,39,43.2,41.5,14.0,T-0470,H-02-03,T-0388,H-06-01
O0321,D,4573.1,16349.2,16349.2,16361.4,16383.7,16389.1,16412.0,16440.4,11867.3,11776.1,AMR1,AMR2,0,0,13,32.0,32.0,AMR1,52.0,52.0,AMR2,0,0,0.0,0,0,0,0,0.0,0,0.0,41,44.5,41.3,0.0,T-0471,D-04-02,T-0378,D-01-03
O0322,H,4579.6,16412.8,16412.8,16425.8,16451.3,16464.1,16491.1,16517.1,11937.5,11833.2,AMR3,AMR2,0,0,15,38.5,38.5,AMR3,54.4,54.4,AMR2,0,0,0.0,0,0,0,0,0.0,0,0.0,40,43.9,47.6,0.0,T-0472,H-06-01,T-0394,H-01-02
O0323,F,4583.6,16427.9,16427.9,16440.4,16473.7,16477.8,16509.6,16541.4,11957.8,11844.3,AMR1,AMR3,0,0,23,43.4,43.4,AMR1,62.0,62.0,AMR3,0,0,0.0,0,0,0,0,0.0,0,0.0,71,68.2,40.2,1.0,T-0473,F-01-02,T-0291,F-01-03
O0324,C,4589.6,16500.4,16500.4,16513.9,16535.4,16540.8,16565.8,16594.1,12004.5,11910.8,AMR1,AMR2,0,0,13,33.3,33.3,AMR1,54.5,54.5,AMR2,0,0,0.0,0,0,0,0,0.0,0,0.0,40,42.7,45.6,0.0,T-0474,C-03-03,T-0334,C-01-01
O0325,D,4596.5,16554.9,16554.9,16566.5,16589.5,16601.7,16627.0,16655.6,12059.1,11958.4,AMR1,AMR1,0,0,13,33.7,33.7,AMR1,51.1,51.1,AMR1,0,0,0.0,0,0,0,0,0.0,0,0.0,43,46.4,42.1,0.0,T-0475,D-01-03,T-0380,D-05-02
O0326,G,4602.4,16579.1,16579.1,16590.8,16618.1,16625.8,16655.0,16683.1,12080.7,11976.7,AMR3,AMR2,0,0,17,38.2,38.2,AMR3,55.7,55.7,AMR2,0,0,0.0,0,0,0,0,0.0,0,0.0,51,52.8,43.5,0.0,T-0476,G-05-02,T-0290,G-02-01
O0327,H,4605.7,16642.3,16642.3,16657.0,16682.5,16696.7,16721.3,16745.5,12139.8,12036.6,AMR3,AMR3,0,0,15,39.4,39.4,AMR3,49.2,49.2,AMR3,0,0,0.0,0,0,0,0,0.0,0,0.0,41,45.7,43.3,0.0,T-0477,H-01-02,T-0402,H-02-01
O0328,H,4609.2,16679.3,16679.3,16694.0,16720.6,16735.4,16761.2,16786.1,12176.9,12070.1,AMR1,AMR1,0,0,15,40.5,40.5,AMR1,50.1,50.1,AMR1,0,0,0.0,0,0,0,0,0.0,0,0.0,43,46.7,45.3,0.0,T-0478,H-05-03,T-0415,H-03-03
O0329,E,4613.7,16706.8,16706.8,16721.2,16750.8,16769.2,16794.2,16827.7,12214.0,12093.1,AMR2,AMR3,0,0,19,41.5,41.5,AMR2,60.2,60.2,AMR3,0,0,0.0,0,0,0,0,0.0,0,0.0,59,58.3,44.2,0.0,T-0479,E-04-02,T-0261,E-01-03
O0330,H,4619.4,16788.2,16788.2,16804.6,16832.0,16851.4,16875.2,16899.0,12279.6,12168.8,AMR2,AMR3,0,0,15,43.0,43.0,AMR2,47.5,47.5,AMR3,0,0,0.0,0,0,0,0,0.0,0,0.0,41,46.2,45.2,0.0,T-0480,H-02-01,T-0417,H-04-01
O0331,I,4623.3,16812.8,16812.8,16826.1,16854.0,16866.2,16892.6,16922.6,12299.3,12189.5,AMR1,AMR2,0,0,15,38.8,38.8,AMR1,53.3,53.3,AMR2,0,0,0.0,0,0,0,0,0.0,0,0.0,49,51.3,46.3,0.0,T-0481,I-04-01,T-0395,I-06-01
O0332,D,4627.5,16883.2,16883.2,16896.8,16923.3,16937.5,16961.6,16989.1,12361.6,12255.7,AMR1,AMR1,0,0,13,37.6,37.6,AMR1,47.3,47.3,AMR1,0,0,0.0,0,0,0,0,0.0,0,0.0,47,49.5,42.2,0.0,T-0482,D-05-02,T-0383,D-06-02
O0333,I,4634.3,16922.7,16922.7,16935.6,16963.3,16979.9,17005.2,17032.8,12398.5,12288.4,AMR3,AMR3,0,0,15,38.2,38.2,AMR3,49.8,49.8,AMR3,0,0,0.0,0,0,0,0,0.0,0,0.0,47,51.3,42.2,0.0,T-0483,I-05-01,T-0397,I-05-03
O0334,B,4637.7,16947.3,16947.3,16962.2,16987.8,17002.7,17026.6,17059.0,12421.3,12309.6,AMR2,AMR2,0,0,15,38.8,38.8,AMR2,56.5,56.5,AMR2,0,0,0.0,0,0,0,0,0.0,0,0.0,46,48.8,48.0,0.0,T-0484,B-03-03,T-0260,B-05-03
O0335,J,4642.5,17026.8,17026.8,17042.6,17072.8,17082.7,17118.6,17151.1,12508.6,12384.3,AMR1,AMR2,0,0,21,43.6,43.6,AMR1,65.3,65.3,AMR2,0,0,0.0,0,0,0,0,0.0,0,0.0,67,66.0,48.3,0.1,T-0485,J-04-02,T-0293,J-05-02
O0336,D,4649.3,17056.5,17056.5,17069.7,17093.5,17103.2,17127.8,17167.3,12518.0,12407.2,AMR3,AMR1,0,0,13,33.7,33.7,AMR3,51.8,51.8,AMR1,0,0,0.0,0,0,0,1,13.0,1,8.0,42,45.3,42.8,13.0,T-0486,D-06-02,T-0384,D-02-03
O0337,G,4654.9,17118.4,17118.4,17133.6,17160.7,17174.8,17199.6,17228.1,12573.2,12463.5,AMR3,AMR2,0,0,17,39.9,39.9,AMR3,56.7,56.7,AMR2,0,0,0.0,0,0,0,0,0.0,0,0.0,47,49.4,46.2,0.0,T-0487,G-02-01,T-0294,G-06-02
O0338,H,4661.7,17192.3,17192.3,17205.5,17229.1,17251.8,17279.8,17304.5,12642.8,12530.6,AMR3,AMR2,0,0,15,36.0,36.0,AMR3,52.1,52.1,AMR2,0,0,0.0,0,0,0,0,0.0,0,0.0,43,46.6,42.8,0.1,T-0488,H-04-01,T-0420,H-05-01
O0339,E,4666.5,17216.0,17216.0,17228.7,17256.8,17266.9,17295.0,17329.7,12663.2,12549.5,AMR1,AMR3,0,0,19,38.3,38.3,AMR1,64.5,64.5,AMR3,0,0,0.0,0,0,0,0,0.0,0,0.0,59,58.3,45.3,0.0,T-0489,E-05-02,T-0263,E-02-03
O0340,H,4673.4,17286.2,17286.2,17300.5,17325.5,17328.2,17353.4,17379.0,12705.6,12612.8,AMR1,AMR2,0,0,15,38.5,38.5,AMR1,51.2,51.2,AMR2,0,0,0.0,0,0,0,0,0.0,0,0.0,41,45.7,44.4,0.0,T-0490,H-05-01,T-0424,H-02-02
O0341,C,4678.0,17343.3,17343.3,17357.1,17380.1,17402.7,17423.5,17452.3,12774.3,12665.3,AMR1,AMR2,0,0,13,35.9,35.9,AMR1,48.9,48.9,AMR2,0,0,0.0,0,0,0,0,0.0,0,0.0,39,43.8,42.6,0.0,T-0491,C-01-01,T-0355,C-04-01
O0342,C,4681.3,17367.4,17367.4,17379.6,17402.8,17417.6,17440.5,17469.3,12788.0,12686.1,AMR3,AMR3,0,0,13,34.5,34.5,AMR3,50.4,50.4,AMR3,0,0,0.0,0,0,0,1,1.0,0,0.0,39,43.4,42.7,1.0,T-0492,C-04-03,T-0356,C-05-03
O0343,D,4687.5,17430.3,17430.3,17441.8,17463.2,17476.0,17502.8,17530.3,12842.8,12742.8,AMR1,AMR2,0,0,13,32.0,32.0,AMR1,50.0,50.0,AMR2,0,0,0.0,0,0,0,0,0.0,0,0.0,43,47.9,39.3,0.0,T-0493,D-02-03,T-0400,D-03-03
O0344,G,4691.3,17489.0,17489.0,17502.9,17530.6,17554.0,17584.0,17616.1,12924.8,12797.7,AMR1,AMR2,0,0,17,41.6,41.6,AMR1,59.9,59.9,AMR2,0,0,0.0,0,0,0,0,0.0,0,0.0,50,52.6,51.1,0.0,T-0494,G-06-02,T-0302,G-01-03
O0345,B,4696.6,17513.0,17513.0,17523.5,17550.2,17569.0,17597.2,17634.1,12937.5,12816.4,AMR3,AMR3,0,0,15,36.3,36.3,AMR3,56.8,56.8,AMR3,0,0,0.0,0,0,0,1,5.0,0,0.0,49,51.5,45.8,5.0,T-0495,B-04-03,T-0269,B-01-01
O0346,G,4702.8,17584.5,17584.5,17599.2,17629.6,17639.8,17691.1,17723.0,13020.2,12881.7,AMR1,AMR2,0,0,17,42.6,42.6,AMR1,56.1,56.1,AMR2,0,0,0.0,0,0,0,0,0.0,1,19.0,53,55.9,48.3,24.1,T-0496,G-01-03,T-0304,G-02-03
O0347,B,4706.9,17663.8,17663.8,17676.4,17701.3,17716.9,17741.9,17772.6,13065.7,12956.9,AMR3,AMR3,0,0,15,35.0,35.0,AMR3,52.9,52.9,AMR3,0,0,0.0,0,0,0,0,0.0,0,0.0,51,52.6,40.6,0.0,T-0497,B-01-01,T-0280,B-02-01
O0348,C,4710.9,17682.2,17682.2,17697.5,17719.9,17732.7,17754.2,17791.1,13080.2,12971.3,AMR1,AMR1,0,0,13,36.8,36.8,AMR1,49.5,49.5,AMR1,0,0,0.0,0,0,0,1,9.0,1,4.0,41,43.0,44.1,9.0,T-0498,C-04-01,T-0357,C-03-01
O0349,B,4713.9,17756.7,17756.7,17769.1,17794.1,17796.3,17823.1,17850.7,13136.8,13042.8,AMR2,AMR3,0,0,15,34.9,34.9,AMR2,55.6,55.6,AMR3,0,0,0.0,0,0,0,0,0.0,0,0.0,47,48.6,43.2,0.0,T-0499,B-02-01,T-0285,B-04-01
O0350,C,4718.2,17820.8,17820.8,17837.1,17858.4,17874.4,17900.3,17928.5,13210.3,13102.6,AMR1,AMR3,0,0,13,35.9,35.9,AMR1,51.3,51.3,AMR3,0,0,0.0,0,0,0,0,0.0,0,0.0,40,44.6,45.0,2.1,T-0500,C-03-01,T-0364,C-05-01
O0351,C,4724.2,17837.1,17837.1,17852.5,17874.5,17886.9,17909.6,17947.1,13222.9,13112.9,AMR2,AMR1,0,0,13,36.5,36.5,AMR2,50.4,50.4,AMR1,0,0,0.0,0,0,0,1,9.0,1,4.0,39,43.8,44.7,9.1,T-0501,C-05-03,T-0374,C-06-01
O0352,C,4729.0,17901.7,17901.7,17912.9,17934.1,17952.2,17973.6,18001.3,13272.3,13172.7,AMR2,AMR3,0,0,13,29.9,29.9,AMR2,50.3,50.3,AMR3,0,0,0.0,0,0,0,0,0.0,0,0.0,41,43.5,38.0,0.0,T-0502,C-05-01,T-0391,C-01-02
O0353,A,4734.0,17976.8,17976.8,17991.6,18021.6,18025.0,18051.5,18086.7,13352.7,13242.8,AMR1,AMR3,0,0,21,43.9,43.9,AMR1,63.5,63.5,AMR3,0,0,0.0,0,0,0,0,0.0,0,0.0,61,59.2,45.3,2.0,T-0503,A-05-02,T-0217,A-06-02
O0354,A,4738.8,17992.0,17992.0,18002.6,18041.6,18048.5,18079.3,18109.8,13371.0,13253.2,AMR2,AMR1,0,0,21,38.6,38.6,AMR2,64.5,64.5,AMR1,0,0,0.0,0,0,0,0,0.0,1,2.0,61,59.8,41.0,10.1,T-0504,A-05-03,T-0224,A-06-01
O0355,C,4745.2,18069.4,18069.4,18080.0,18104.1,18110.4,18135.9,18162.5,13417.3,13324.2,AMR2,AMR3,0,0,13,34.6,34.6,AMR2,53.3,53.3,AMR3,0,0,0.0,0,0,0,0,0.0,0,0.0,38,41.1,45.7,0.0,T-0505,C-06-01,T-0392,C-02-02
O0356,C,4751.1,18134.5,18134.5,18150.4,18174.9,18186.2,18210.4,18240.9,13489.8,13383.4,AMR1,AMR3,0,0,13,39.5,39.5,AMR1,53.8,53.8,AMR3,0,0,0.0,0,0,0,0,0.0,0,0.0,41,44.0,51.1,0.0,T-0506,C-01-02,T-0393,C-03-02
O0357,H,4756.5,18150.6,18150.6,18164.5,18190.0,18199.1,18221.7,18257.1,13500.6,13394.1,AMR2,AMR1,0,0,15,38.5,38.5,AMR2,51.4,51.4,AMR1,0,0,0.0,0,0,0,2,7.5,1,1.0,41,45.3,44.6,7.5,T-0507,H-02-02,T-0430,H-04-02
O0358,H,4762.0,18213.2,18213.2,18228.0,18253.3,18264.6,18315.5,18342.2,13580.2,13451.2,AMR2,AMR3,0,0,15,39.3,39.3,AMR2,53.0,53.0,AMR3,0,0,0.0,0,0,0,1,24.0,1,19.0,43,46.6,47.0,24.1,T-0508,H-04-02,T-0442,H-05-02
O0359,I,4769.0,18288.8,18288.8,18301.4,18326.7,18343.6,18366.9,18393.6,13624.6,13519.8,AMR1,AMR1,0,0,15,34.7,34.7,AMR1,48.4,48.4,AMR1,0,0,0.0,0,0,0,1,2.5,0,0.0,44,48.1,37.3,2.5,T-0509,I-06-01,T-0409,I-01-02
O0360,C,4774.4,18304.1,18304.1,18315.1,18336.7,18355.9,18381.2,18414.1,13639.7,13529.7,AMR2,AMR2,0,0,13,31.7,31.7,AMR2,55.9,55.9,AMR2,0,0,0.0,0,0,0,1,3.0,0,0.0,39,42.4,45.4,3.0,T-0510,C-02-02,T-0398,C-05-02
O0361,J,4780.0,18379.9,18379.9,18390.8,18423.1,18441.8,18474.4,18503.5,13723.5,13599.9,AMR3,AMR2,0,0,21,40.8,40.8,AMR3,63.2,63.2,AMR2,0,0,0.0,0,0,0,0,0.0,0,0.0,61,61.5,43.4,0.0,T-0511,J-05-02,T-0306,J-02-03
O0362,F,4784.8,18417.3,18417.3,18433.6,18468.7,18490.5,18519.5,18554.6,13769.8,13632.5,AMR1,AMR1,0,0,23,49.0,49.0,AMR1,65.5,65.5,AMR1,0,0,0.0,0,0,0,0,0.0,0,0.0,67,66.2,49.3,0.0,T-0512,F-01-03,T-0297,F-04-01
O0363,C,4791.1,18445.1,18445.1,18461.1,18481.4,18502.9,18528.4,18567.0,13775.9,13654.0,AMR3,AMR3,0,0,13,34.6,34.6,AMR3,51.3,51.3,AMR3,0,0,0.0,0,0,0,1,13.0,1,8.0,40,43.7,43.7,13.0,T-0513,C-03-02,T-0399,C-02-03
O0364,E,4795.8,18527.2,18527.2,18540.7,18569.3,18578.3,18611.9,18647.2,13851.4,13731.4,AMR2,AMR1,0,0,19,41.2,41.2,AMR2,65.1,65.1,AMR1,0,0,0.0,0,0,0,0,0.0,0,0.0,65,62.2,48.8,0.0,T-0514,E-01-03,T-0265,E-06-02
O0365,C,4801.5,18594.7,18594.7,18608.2,18629.4,18642.2,18663.9,18690.6,13889.1,13793.2,AMR2,AMR2,0,0,13,33.8,33.8,AMR2,49.6,49.6,AMR2,0,0,0.0,0,0,0,0,0.0,0,0.0,39,41.9,41.2,0.0,T-0515,C-05-02,T-0411,C-02-01
O0366,H,4804.9,18618.7,18618.7,18629.6,18653.9,18670.9,18696.0,18722.6,13917.7,13813.8,AMR3,AMR1,0,0,15,32.8,32.8,AMR3,51.1,51.1,AMR1,0,0,0.0,0,0,0,0,0.0,0,0.0,45,48.3,38.6,0.0,T-0516,H-05-02,T-0447,H-03-01
O0367,H,4810.1,18685.7,18685.7,18696.6,18720.0,18735.5,18763.8,18788.1,13978.0,13875.6,AMR3,AMR3,0,0,15,32.7,32.7,AMR3,52.0,52.0,AMR3,0,0,0.0,0,0,0,0,0.0,0,0.0,44,47.5,39.4,0.0,T-0517,H-03-01,T-0449,H-03-02
O0368,I,4813.6,18714.3,18714.3,18726.9,18753.7,18767.9,18793.7,18824.8,14011.2,13900.7,AMR2,AMR2,0,0,15,35.7,35.7,AMR2,49.3,49.3,AMR2,0,0,0.0,0,0,0,1,8.0,1,3.0,43,49.1,39.2,8.0,T-0518,I-01-02,T-0410,I-02-02
O0369,H,4816.8,18746.3,18746.3,18757.8,18784.8,18800.3,18825.8,18850.4,14033.6,13929.5,AMR1,AMR1,0,0,15,36.9,36.9,AMR1,52.0,52.0,AMR1,0,0,0.0,0,0,0,0,0.0,0,0.0,40,45.0,43.6,0.0,T-0519,H-03-03,T-0452,H-06-02
O0370,D,4820.2,18824.8,18824.8,18838.6,18861.1,18874.1,18898.8,18924.2,14104.0,14004.6,AMR3,AMR1,0,0,13,34.6,34.6,AMR3,50.8,50.8,AMR1,0,0,0.0,0,0,0,0,0.0,0,0.0,40,43.7,42.7,0.0,T-0520,D-03-03,T-0403,D-01-01
O0371,E,4825.1,18848.5,18848.5,18860.2,18887.6,18906.7,18937.9,18971.9,14146.8,14023.4,AMR2,AMR2,0,0,19,35.8,35.8,AMR2,64.9,64.9,AMR2,0,0,0.0,0,0,0,0,0.0,0,0.0,62,61.1,43.2,0.0,T-0521,E-06-02,T-0289,E-03-03
O0372,G,4829.6,18887.6,18887.6,18901.8,18931.4,18947.9,18976.0,19006.4,14176.8,14058.0,AMR3,AMR1,0,0,17,41.4,41.4,AMR3,58.4,58.4,AMR1,0,0,0.0,0,0,0,0,0.0,0,0.0,51,52.9,49.4,0.0,T-0522,G-02-03,T-0317,G-03-03
O0373,G,4835.9,18966.0,18966.0,18981.3,19011.1,19030.1,19057.5,19085.7,14249.8,14130.1,AMR3,AMR1,0,0,17,43.5,43.5,AMR3,57.0,57.0,AMR1,0,0,0.0,0,0,0,0,0.0,0,0.0,48,50.6,50.1,0.0,T-0523,G-03-03,T-0335,G-04-03
O0374,H,4841.6,18995.6,18995.6,19010.2,19034.3,19047.0,19074.5,19100.6,14259.0,14154.0,AMR2,AMR3,0,0,15,37.1,37.1,AMR2,54.0,54.0,AMR3,0,0,0.0,0,0,0,0,0.0,0,0.0,42,46.5,45.8,0.0,T-0524,H-03-02,T-0457,H-01-01
O0375,E,4845.3,19062.8,19062.8,19074.5,19099.4,19109.4,19139.1,19174.2,14328.9,14217.5,AMR2,AMR1,0,0,19,35.7,35.7,AMR2,64.6,64.6,AMR1,0,0,0.0,0,0,0,0,0.0,0,0.0,59,58.5,42.8,0.1,T-0525,E-02-03,T-0305,E-02-01
O0376,D,4849.7,19125.8,19125.8,19138.7,19163.5,19175.7,19201.5,19227.8,14378.1,14276.1,AMR2,AMR2,0,0,13,36.8,36.8,AMR2,50.8,50.8,AMR2,0,0,0.0,0,0,0,0,0.0,0,0.0,41,44.9,44.9,0.0,T-0526,D-01-01,T-0405,D-03-01
O0377,C,4855.3,19150.3,19150.3,19165.7,19185.1,19199.9,19224.4,19250.4,14395.1,14295.0,AMR3,AMR1,0,0,13,33.9,33.9,AMR3,50.2,50.2,AMR1,0,0,0.0,0,0,0,0,0.0,0,0.0,39,43.4,41.9,0.0,T-0527,C-02-01,T-0434,C-04-02
O0378,I,4861.3,19212.3,19212.3,19224.5,19251.4,19251.5,19277.5,19306.3,14445.0,14351.0,AMR3,AMR2,0,0,15,38.3,38.3,AMR3,52.2,52.2,AMR2,0,0,0.0,0,0,0,1,1.5,0,0.0,43,47.7,44.7,1.5,T-0528,I-02-02,T-0416,I-03-02
O0379,H,4865.7,19265.6,19265.6,19279.5,19305.8,19322.0,19345.3,19371.8,14506.1,14399.9,AMR3,AMR3,0,0,15,39.4,39.4,AMR3,49.7,49.7,AMR3,0,0,0.0,0,0,0,0,0.0,0,0.0,41,46.2,43.8,0.0,T-0529,H-01-01,T-0459,H-04-03
O0380,B,4871.0,19290.1,19290.1,19301.0,19325.2,19346.0,19370.8,19401.4,14530.4,14419.1,AMR1,AMR2,0,0,15,34.2,34.2,AMR1,53.1,53.1,AMR2,0,0,0.0,0,0,0,0,0.0,0,0.0,47,50.4,40.0,0.1,T-0530,B-04-01,T-0288,B-05-01
O0381,C,4877.1,19360.4,19360.4,19376.0,19398.7,19411.5,19435.9,19463.6,14586.5,14483.3,AMR1,AMR1,0,0,13,37.4,37.4,AMR1,53.8,53.8,AMR1,0,0,0.0,0,0,0,0,0.0,0,0.0,37,41.4,49.0,0.0,T-0531,C-04-02,T-0450,C-06-02
O0382,I,4881.8,19395.5,19395.5,19407.7,19433.7,19449.2,19476.1,19502.7,14620.9,14513.7,AMR3,AMR3,0,0,15,36.6,36.6,AMR3,50.9,50.9,AMR3,0,0,0.0,0,0,0,0,0.0,0,0.0,46,50.0,41.7,0.0,T-0532,I-03-02,T-0418,I-04-02
O0383,A,4885.9,19425.1,19425.1,19437.0,19467.1,19487.3,19515.5,19548.4,14662.5,14539.2,AMR2,AMR1,0,0,21,41.9,41.9,AMR2,59.8,59.8,AMR1,0,0,0.0,0,0,0,0,0.0,0,0.0,68,63.5,39.6,0.0,T-0533,A-06-01,T-0233,A-02-02
O0384,I,4890.6,19505.2,19505.2,19516.0,19540.4,19556.6,19598.9,19625.5,14734.9,14614.6,AMR2,AMR2,0,0,15,32.8,32.8,AMR2,51.7,51.7,AMR2,0,0,0.0,0,0,0,0,0.0,1,5.6,47,50.8,38.7,14.6,T-0534,I-04-02,T-0422,I-05-02
O0385,I,4896.3,19529.4,19529.4,19544.7,19571.0,19585.1,19615.1,19643.2,14746.9,14633.1,AMR3,AMR1,0,0,15,39.2,39.2,AMR3,53.0,53.0,AMR1,0,0,0.0,0,0,0,1,1.0,0,0.0,49,52.3,46.4,1.0,T-0535,I-05-03,T-0423,I-06-02
O0386,D,4899.5,19601.2,19601.2,19612.7,19636.6,19649.2,19679.5,19711.2,14811.7,14701.7,AMR3,AMR2,0,0,13,33.7,33.7,AMR3,57.3,57.3,AMR2,0,0,0.0,0,0,0,0,0.0,0,0.0,48,49.1,48.3,0.0,T-0536,D-03-01,T-0406,D-04-01
O0387,C,4905.6,19672.9,19672.9,19689.1,19709.7,19723.6,19749.2,19778.0,14872.4,14767.3,AMR1,AMR1,0,0,13,36.7,36.7,AMR1,54.6,54.6,AMR1,0,0,0.0,0,0,0,0,0.0,0,0.0,38,42.1,49.1,0.0,T-0537,C-06-02,T-0464,C-01-03
O0388,D,4910.6,19689.3,19689.3,19703.5,19725.4,19747.9,19773.6,19803.8,14893.2,14778.7,AMR3,AMR2,0,0,13,33.6,33.6,AMR3,51.1,51.1,AMR2,0,0,0.0,0,0,0,0,0.0,0,0.0,49,50.0,42.0,0.0,T-0538,D-04-01,T-0432,D-06-01
O0389,H,4915.7,19762.6,19762.6,19778.5,19802.0,19815.5,19842.0,19868.9,14953.2,14846.9,AMR3,AMR3,0,0,15,39.4,39.4,AMR3,53.3,53.3,AMR3,0,0,0.0,0,0,0,0,0.0,0,0.0,40,43.9,47.4,1.5,T-0539,H-06-02,T-0462,H-01-03
O0390,F,4920.3,19801.7,19801.7,19815.4,19845.4,19865.8,19895.1,19927.6,15007.3,14881.4,AMR1,AMR1,0,0,23,42.9,42.9,AMR1,63.2,63.2,AMR1,0,0,0.0,0,0,0,0,0.0,0,0.0,65,64.6,40.9,0.0,T-0540,F-04-01,T-0300,F-04-03
O0391,H,4925.1,19827.5,19827.5,19841.8,19867.3,19882.1,19905.5,19941.6,15016.5,14902.4,AMR2,AMR2,0,0,15,39.0,39.0,AMR2,49.9,49.9,AMR2,0,0,0.0,0,0,0,1,11.0,1,6.0,41,44.7,43.6,11.0,T-0541,H-04-03,T-0470,H-02-03
O0392,I,4929.9,19906.6,19906.6,19920.5,19945.2,19951.3,19974.8,20003.5,15073.6,14976.7,AMR3,AMR1,0,0,15,36.2,36.2,AMR3,52.6,52.6,AMR1,0,0,0.0,0,0,0,0,0.0,0,0.0,43,47.8,43.0,0.0,T-0542,I-05-02,T-0425,I-01-03
O0393,H,4933.3,19967.4,19967.4,19980.8,20008.4,20027.2,20051.1,20075.1,15141.8,15034.1,AMR3,AMR1,0,0,15,40.2,40.2,AMR3,49.8,49.8,AMR1,0,0,0.0,0,0,0,0,0.0,0,0.0,39,44.2,44.7,0.0,T-0543,H-01-03,T-0472,H-06-01
O0394,J,4939.5,19991.3,19991.3,20003.0,20033.6,20041.6,20069.9,20099.1,15159.6,15051.8,AMR2,AMR3,0,0,21,41.5,41.5,AMR2,58.4,58.4,AMR3,0,0,0.0,0,0,0,0,0.0,0,0.0,61,60.5,39.3,0.0,T-0544,J-02-03,T-0316,J-03-03
O0395,B,4942.9,20060.0,20060.0,20075.3,20098.0,20098.8,20119.2,20147.7,15204.8,15117.1,AMR2,AMR1,0,0,15,37.1,37.1,AMR2,52.1,52.1,AMR1,0,0,0.0,0,0,0,0,0.0,0,0.0,43,45.0,41.9,0.0,T-0545,B-05-01,T-0298,B-06-01
O0396,I,4948.2,20113.2,20113.2,20127.8,20156.2,20171.4,20198.3,20221.1,15272.9,15165.0,AMR2,AMR1,0,0,15,39.8,39.8,AMR2,50.6,50.6,AMR1,0,0,0.0,0,0,0,0,0.0,0,0.0,44,48.1,44.6,0.0,T-0546,I-06-02,T-0427,I-01-01
O0397,D,4954.2,20136.8,20136.8,20147.6,20172.6,20189.1,20214.7,20243.2,15289.0,15182.6,AMR3,AMR2,0,0,13,32.5,32.5,AMR3,51.3,51.3,AMR2,0,0,0.0,0,0,0,0,0.0,0,0.0,46,48.8,41.1,0.0,T-0547,D-06-01,T-0444,D-04-03
O0398,D,4959.3,20204.5,20204.5,20219.6,20243.5,20244.8,20298.6,20329.5,15370.2,15245.2,AMR3,AMR1,0,0,13,36.5,36.5,AMR3,55.0,55.0,AMR1,0,0,0.0,0,0,0,0,0.0,1,19.0,47,50.8,48.8,24.1,T-0548,D-04-03,T-0451,D-05-01
O0399,J,4963.7,20268.9,20268.9,20283.9,20314.3,20334.0,20366.8,20394.6,15430.9,15305.2,AMR2,AMR2,0,0,21,43.8,43.8,AMR2,62.5,62.5,AMR2,0,0,0.0,0,0,0,0,0.0,0,0.0,60,60.3,45.7,0.0,T-0549,J-03-03,T-0338,J-01-03
O0400,D,4967.6,20283.7,20283.7,20296.9,20322.0,20348.2,20372.7,20414.1,15446.5,15316.1,AMR3,AMR3,0,0,13,35.8,35.8,AMR3,52.6,52.6,AMR3,0,0,0.0,0,0,0,1,14.0,1,9.0,41,44.5,45.7,14.0,T-0550,D-05-03,T-0453,D-01-02
O0401,B,4988.6,20372.2,20372.2,20386.0,20406.6,20418.3,20447.9,20476.5,15487.9,15383.6,AMR1,AMR2,0,0,15,34.3,34.3,AMR1,55.9,55.9,AMR2,0,0,0.0,0,0,0,0,0.0,0,0.0,50,49.7,42.9,0.0,T-0551,B-06-01,T-0315,B-01-02
O0402,H,5013.1,20431.5,20431.5,20444.0,20469.6,20483.1,20508.5,20534.9,15521.8,15418.4,AMR1,AMR1,0,0,15,38.1,38.1,AMR1,53.2,53.2,AMR1,0,0,0.0,0,0,0,0,0.0,0,0.0,40,43.9,46.0,0.0,T-0552,H-06-01,T-0477,H-01-02
O0403,J,5035.7,20455.8,20455.8,20466.8,20496.8,20507.2,20541.4,20571.1,15535.4,15420.1,AMR3,AMR2,0,0,21,40.2,40.2,AMR3,62.3,62.3,AMR2,0,0,0.0,0,0,0,0,0.0,0,0.0,63,63.0,41.9,0.0,T-0553,J-01-03,T-0339,J-04-03
O0404,J,5057.5,20526.2,20526.2,20540.1,20572.6,20594.8,20629.2,20666.3,15608.8,15468.7,AMR3,AMR2,0,0,21,44.0,44.0,AMR3,67.3,67.3,AMR2,0,0,0.0,0,0,0,0,0.0,0,0.0,69,67.2,50.7,0.0,T-0554,J-05-03,T-0348,J-06-02
O0405,J,5078.9,20558.6,20558.6,20574.8,20630.6,20651.0,20682.5,20715.2,15636.3,15479.7,AMR1,AMR1,0,0,21,47.5,47.5,AMR1,66.1,66.1,AMR1,0,0,0.0,0,0,0,0,0.0,1,16.0,61,62.2,53.0,21.0,T-0555,J-04-03,T-0359,J-01-01
O0406,F,5102.5,20616.0,20616.0,20630.6,20661.9,20682.3,20715.7,20749.3,15646.8,15513.5,AMR3,AMR3,0,0,23,45.1,45.1,AMR3,65.4,65.4,AMR3,0,0,0.0,0,0,0,0,0.0,0,0.0,69,67.6,45.3,0.0,T-0556,F-04-03,T-0311,F-02-01
O0407,H,5121.9,20706.0,20706.0,20719.8,20741.9,20756.1,20781.2,20807.4,15685.5,15584.1,AMR2,AMR2,0,0,15,35.1,35.1,AMR2,52.2,52.2,AMR2,0,0,0.0,0,0,0,0,0.0,0,0.0,41,45.2,42.0,0.0,T-0557,H-01-02,T-0478,H-05-03
O0408,E,5143.2,20738.9,20738.9,20751.4,20775.7,20780.0,20809.5,20845.8,15702.6,15595.7,AMR1,AMR3,0,0,19,35.9,35.9,AMR1,62.5,62.5,AMR3,0,0,0.0,0,0,0,0,0.0,0,0.0,61,61.7,40.9,0.0,T-0558,E-02-01,T-0330,E-03-02
O0409,I,5158.8,20797.7,20797.7,20813.6,20841.3,20855.5,20883.4,20908.0,15749.2,15638.9,AMR1,AMR1,0,0,15,42.8,42.8,AMR1,53.4,53.4,AMR1,0,0,0.0,0,0,0,0,0.0,0,0.0,41,45.7,50.4,0.0,T-0559,I-01-01,T-0436,I-02-03
O0410,H,5176.9,20831.1,20831.1,20843.3,20867.0,20879.5,20905.3,20931.3,15754.4,15654.2,AMR2,AMR3,0,0,15,35.1,35.1,AMR2,50.7,50.7,AMR3,0,0,0.0,0,0,0,0,0.0,0,0.0,43,47.1,40.5,0.1,T-0560,H-02-03,T-0480,H-02-01
O0411,E,5192.4,20894.2,20894.2,20907.4,20935.9,20953.6,20983.4,21017.6,15825.2,15701.8,AMR2,AMR2,0,0,19,40.0,40.0,AMR2,60.3,60.3,AMR2,0,0,0.0,0,0,0,0,0.0,0,0.0,64,62.9,42.8,0.0,T-0561,E-03-02,T-0331,E-06-01
O0412,B,5213.9,20931.7,20931.7,20945.8,20970.5,20986.1,21012.2,21046.1,15832.2,15717.8,AMR1,AMR1,0,0,15,36.3,36.3,AMR1,57.2,57.2,AMR1,0,0,0.0,0,0,0,0,0.0,0,0.0,51,52.6,46.2,0.0,T-0562,B-01-02,T-0319,B-02-02
O0413,G,5234.8,20956.0,20956.0,20979.5,21007.1,21023.3,21053.4,21081.9,15847.1,15721.2,AMR3,AMR3,0,0,17,50.3,50.3,AMR3,59.0,59.0,AMR3,0,0,0.0,0,0,0,0,0.0,0,0.0,47,50.8,58.9,0.0,T-0563,G-04-03,T-0337,G-05-01
O0414,A,5255.6,21047.3,21047.3,21059.3,21087.3,21105.6,21136.4,21172.5,15916.9,15791.7,AMR2,AMR3,0,0,21,37.5,37.5,AMR2,62.6,62.6,AMR3,0,0,0.0,0,0,0,0,0.0,0,0.0,71,68.8,38.0,0.1,T-0564,A-02-02,T-0238,A-01-01
O0415,J,5279.7,21071.8,21071.8,21084.5,21111.6,21126.1,21156.4,21190.2,15910.5,15792.1,AMR1,AMR2,0,0,21,39.0,39.0,AMR1,57.5,57.5,AMR2,0,0,0.0,0,0,0,1,6.0,1,1.0,61,61.9,35.9,6.1,T-0565,J-01-01,T-0404,J-02-01
O0416,J,5296.6,21145.0,21145.0,21156.4,21189.3,21196.2,21227.8,21258.4,15961.8,15848.4,AMR1,AMR3,0,0,21,41.1,41.1,AMR1,60.6,60.6,AMR3,0,0,0.0,0,0,0,0,0.0,0,0.0,66,65.4,41.1,0.0,T-0566,J-06-02,T-0408,J-04-01
O0417,A,5316.6,21219.9,21219.9,21233.8,21264.9,21282.1,21311.7,21347.5,16030.9,15903.3,AMR2,AMR3,0,0,21,42.5,42.5,AMR2,67.6,67.6,AMR3,0,0,0.0,0,0,0,0,0.0,0,0.0,65,62.4,48.0,0.0,T-0567,A-01-01,T-0239,A-04-02
O0418,F,5332.6,21241.8,21241.8,21263.8,21295.4,21302.7,21332.2,21370.1,16037.5,15909.2,AMR1,AMR2,0,0,23,51.1,51.1,AMR1,63.1,63.1,AMR2,0,0,0.0,0,0,0,1,4.0,0,0.0,69,68.0,49.0,4.0,T-0568,F-02-01,T-0332,F-03-01
O0419,C,5348.5,21325.6,21325.6,21340.7,21363.2,21371.2,21393.2,21423.8,16075.3,15977.1,AMR1,AMR3,0,0,13,36.7,36.7,AMR1,51.7,51.7,AMR3,0,0,0.0,0,0,0,0,0.0,0,0.0,41,44.0,46.2,0.0,T-0569,C-01-03,T-0474,C-03-03
O0420,H,5366.0,21383.4,21383.4,21398.5,21420.8,21435.0,21460.3,21485.7,16119.7,16017.4,AMR1,AMR1,0,0,15,36.6,36.6,AMR1,51.6,51.6,AMR1,0,0,0.0,0,0,0,0,0.0,0,0.0,41,45.2,42.9,0.0,T-0570,H-02-01,T-0488,H-04-01
O0421,J,5386.2,21407.8,21407.8,21423.4,21454.2,21459.5,21490.8,21525.4,16139.2,16021.6,AMR2,AMR3,0,0,21,45.6,45.6,AMR2,62.8,62.8,AMR3,0,0,0.0,0,0,0,0,0.0,0,0.0,65,64.5,47.8,0.0,T-0571,J-02-01,T-0414,J-06-01
O0422,E,5404.9,21478.6,21478.6,21493.9,21522.5,21541.6,21570.3,21601.9,16197.0,16073.7,AMR2,AMR2,0,0,19,40.6,40.6,AMR2,62.0,62.0,AMR2,0,0,0.0,0,0,0,0,0.0,0,0.0,60,59.1,45.1,0.0,T-0572,E-06-01,T-0353,E-01-01
O0423,F,5423.9,21509.4,21509.4,21520.3,21553.6,21566.1,21596.4,21630.4,16206.5,16085.5,AMR1,AMR3,0,0,23,42.6,42.6,AMR1,63.7,63.7,AMR3,0,0,0.0,0,0,0,0,0.0,0,0.0,70,67.4,41.1,0.0,T-0573,F-03-01,T-0340,F-01-01
O0424,F,5444.9,21587.7,21587.7,21603.1,21633.9,21654.1,21685.7,21718.2,16273.3,16142.8,AMR1,AMR3,0,0,23,43.8,43.8,AMR1,65.1,65.1,AMR3,0,0,0.0,0,0,0,0,0.0,0,0.0,67,66.6,43.7,0.0,T-0574,F-01-01,T-0352,F-05-01
O0425,I,5463.2,21625.6,21625.6,21641.2,21663.7,21677.9,21704.4,21734.5,16271.3,16162.4,AMR2,AMR2,0,0,15,37.3,37.3,AMR2,52.5,52.5,AMR2,0,0,0.0,0,0,0,1,3.0,0,0.0,43,47.7,44.0,3.0,T-0575,I-01-03,T-0439,I-03-03
O0426,E,5482.1,21657.3,21657.3,21673.5,21701.8,21718.2,21746.9,21782.4,16300.3,16175.2,AMR1,AMR1,0,0,19,43.6,43.6,AMR1,62.4,62.4,AMR1,0,0,0.0,0,0,0,0,0.0,0,0.0,61,60.2,48.5,0.0,T-0576,E-01-01,T-0360,E-04-03
O0427,J,5505.6,21741.9,21741.9,21757.3,21790.0,21806.1,21838.1,21868.7,16363.1,16236.3,AMR3,AMR1,0,0,21,44.7,44.7,AMR3,62.5,62.5,AMR1,0,0,0.0,0,0,0,0,0.0,0,0.0,63,64.1,46.6,0.0,T-0577,J-04-01,T-0438,J-03-01
O0428,J,5523.9,21766.2,21766.2,21777.1,21806.0,21827.5,21857.1,21887.2,16363.3,16242.3,AMR2,AMR2,0,0,21,36.6,36.6,AMR2,59.6,59.6,AMR2,0,0,0.0,0,0,0,1,2.0,0,0.0,62,61.9,35.6,2.0,T-0578,J-06-01,T-0441,J-01-02
O0429,F,5540.3,21848.8,21848.8,21862.4,21894.1,21914.5,21944.6,21973.6,16433.3,16308.5,AMR3,AMR3,0,0,23,44.5,44.5,AMR3,62.5,62.5,AMR3,0,0,0.0,0,0,0,0,0.0,0,0.0,63,62.6,41.8,0.0,T-0579,F-05-01,T-0368,F-06-01
O0430,G,5565.0,21892.4,21892.4,21903.6,21928.5,21944.7,21972.6,22000.1,16435.1,16327.4,AMR1,AMR1,0,0,17,35.3,35.3,AMR1,57.8,57.8,AMR1,0,0,0.0,0,0,0,0,0.0,0,0.0,45,48.8,42.7,0.0,T-0580,G-05-01,T-0341,G-06-01
O0431,B,5586.0,21917.0,21917.0,21932.2,21956.3,21972.3,21996.1,22023.7,16437.7,16331.0,AMR2,AMR2,0,0,15,36.8,36.8,AMR2,50.1,50.1,AMR2,0,0,0.0,0,0,0,0,0.0,0,0.0,49,51.1,39.6,0.0,T-0581,B-02-02,T-0349,B-03-02
O0432,F,5606.6,21997.3,21997.3,22013.2,22043.9,22047.4,22081.5,22115.8,16509.2,16390.7,AMR3,AMR2,0,0,23,46.6,46.6,AMR3,67.8,67.8,AMR2,0,0,0.0,0,0,0,0,0.0,0,0.0,68,65.8,49.2,0.0,T-0582,F-06-01,T-0379,F-02-02
O0433,I,5628.3,22023.8,22023.8,22038.1,22062.4,22067.0,22095.6,22130.2,16501.9,16395.5,AMR1,AMR3,0,0,15,37.8,37.8,AMR1,52.6,52.6,AMR3,0,0,0.0,0,0,0,1,9.0,1,4.0,45,48.2,44.6,9.0,T-0583,I-02-03,T-0440,I-04-03
O0434,G,5649.7,22081.6,22081.6,22096.2,22121.8,22139.5,22166.7,22198.1,16548.4,16431.9,AMR1,AMR2,0,0,17,40.2,40.2,AMR1,57.0,57.0,AMR2,0,0,0.0,0,0,0,0,0.0,0,0.0,50,52.0,46.8,0.0,T-0584,G-06-01,T-0345,G-01-01
O0435,F,5668.3,22154.7,22154.7,22170.4,22206.0,22221.8,22254.5,22286.2,16617.9,16486.4,AMR1,AMR2,0,0,23,48.9,48.9,AMR1,65.3,65.3,AMR2,0,0,0.0,0,0,0,0,0.0,0,0.0,69,66.7,49.0,0.0,T-0585,F-02-02,T-0389,F-03-02
O0436,D,5685.1,22178.9,22178.9,22194.9,22220.3,22243.8,22266.5,22302.2,16617.1,16493.8,AMR3,AMR1,0,0,13,38.9,38.9,AMR3,49.1,49.1,AMR1,0,0,0.0,0,0,0,1,11.0,1,6.0,41,43.5,45.3,11.0,T-0586,D-05-01,T-0454,D-02-02
O0437,H,5709.6,22258.5,22258.5,22270.3,22296.7,22309.9,22359.8,22385.3,16675.7,16548.9,AMR3,AMR2,0,0,15,37.4,37.4,AMR3,49.8,49.8,AMR2,0,0,0.0,0,0,0,1,25.0,1,20.0,43,46.6,41.9,25.1,T-0587,H-04-01,T-0490,H-05-01
O0438,C,5726.9,22333.9,22333.9,22349.8,22374.1,22386.3,22410.9,22441.0,16714.1,16607.0,AMR1,AMR1,0,0,13,39.3,39.3,AMR1,54.9,54.9,AMR1,0,0,0.0,0,0,0,0,0.0,0,0.0,39,42.9,52.0,0.0,T-0588,C-02-03,T-0491,C-01-01
O0439,B,5742.6,22349.5,22349.5,22362.7,22389.6,22410.0,22432.3,22460.9,16718.3,16606.9,AMR3,AMR2,0,0,15,38.4,38.4,AMR3,52.1,52.1,AMR2,0,0,0.0,0,0,0,0,0.0,0,0.0,46,47.8,43.2,0.0,T-0589,B-03-02,T-0363,B-04-02
O0440,I,5765.4,22425.5,22425.5,22441.5,22465.3,22480.8,22508.3,22534.1,16768.7,16660.1,AMR3,AMR3,0,0,15,38.2,38.2,AMR3,54.2,54.2,AMR3,0,0,0.0,0,0,0,0,0.0,0,0.0,42,46.5,46.6,0.0,T-0590,I-03-03,T-0443,I-02-01
O0441,J,5787.0,22464.7,22464.7,22476.2,22507.9,22527.6,22556.4,22586.9,16799.9,16677.7,AMR1,AMR1,0,0,21,41.6,41.6,AMR1,61.2,61.2,AMR1,0,0,0.0,0,0,0,0,0.0,0,0.0,60,60.3,42.2,0.0,T-0591,J-03-01,T-0460,J-02-02
O0442,C,5807.9,22488.6,22488.6,22504.1,22525.7,22539.9,22560.2,22603.6,16795.7,16680.7,AMR2,AMR2,0,0,13,36.2,36.2,AMR2,48.4,48.4,AMR2,0,0,0.0,0,0,0,1,16.0,1,11.0,39,42.4,42.4,16.0,T-0592,C-01-01,T-0492,C-04-03
O0443,J,5824.8,22563.8,22563.8,22575.1,22604.6,22610.6,22641.2,22675.6,16850.8,16739.0,AMR3,AMR1,0,0,21,40.0,40.0,AMR3,63.4,63.4,AMR1,0,0,0.0,0,0,0,0,0.0,0,0.0,63,63.0,42.8,0.0,T-0593,J-01-02,T-0467,J-05-01
O0444,A,5847.0,22634.3,22634.3,22648.5,22677.6,22699.3,22727.8,22761.8,16914.8,16787.3,AMR2,AMR1,0,0,21,42.4,42.4,AMR2,61.2,61.2,AMR1,0,0,0.0,0,0,0,0,0.0,0,0.0,69,64.3,41.5,0.0,T-0594,A-04-02,T-0245,A-01-03
O0445,D,5865.6,22653.0,22653.0,22664.0,22683.5,22711.7,22733.5,22781.2,16915.6,16787.4,AMR3,AMR3,0,0,13,29.6,29.6,AMR3,51.2,51.2,AMR3,0,0,0.0,0,0,0,1,19.0,1,14.0,39,42.9,38.1,19.0,T-0595,D-01-02,T-0456,D-02-01
O0446,H,5886.7,22731.0,22731.0,22741.7,22764.9,22785.5,22811.6,22836.8,16950.1,16844.3,AMR2,AMR1,0,0,15,33.1,33.1,AMR2,52.7,52.7,AMR1,0,0,0.0,0,0,0,0,0.0,0,0.0,41,44.7,40.5,0.0,T-0596,H-05-01,T-0507,H-02-02
O0447,E,5907.1,22800.7,22800.7,22812.9,22838.2,22860.5,22893.9,22925.4,17018.3,16893.6,AMR2,AMR1,0,0,19,35.8,35.8,AMR2,62.1,62.1,AMR1,0,0,0.0,0,0,0,0,0.0,0,0.0,62,60.9,40.4,1.1,T-0597,E-03-03,T-0371,E-03-01
O0448,D,5931.1,22824.9,22824.9,22839.3,22862.5,22878.9,22908.6,22948.0,17016.9,16893.8,AMR3,AMR2,0,0,13,33.2,33.2,AMR3,56.8,56.8,AMR2,0,0,0.0,0,0,0,1,8.0,1,3.0,45,51.4,47.3,8.0,T-0598,D-02-01,T-0466,D-03-02
O0449,J,5952.9,22892.3,22892.3,22902.8,22932.1,22949.1,22979.3,23011.2,17058.3,16939.4,AMR3,AMR1,0,0,21,37.4,37.4,AMR3,62.0,62.0,AMR1,0,0,0.0,0,0,0,0,0.0,0,0.0,63,63.1,38.8,0.0,T-0599,J-05-01,T-0468,J-03-02
O0450,E,5972.5,22972.7,22972.7,22988.9,23013.8,23034.9,23066.3,23100.7,17128.2,17000.2,AMR2,AMR1,0,0,19,39.4,39.4,AMR2,62.1,62.1,AMR1,0,0,0.0,0,0,0,0,0.0,0,0.0,66,62.9,44.0,0.0,T-0600,E-03-01,T-0407,E-04-01
O0451,G,5992.5,22993.9,22993.9,23004.8,23034.9,23052.5,23082.2,23118.4,17125.9,17001.4,AMR3,AMR2,0,0,17,38.6,38.6,AMR3,58.8,58.8,AMR2,0,0,0.0,0,0,0,1,7.0,1,2.0,51,52.9,47.0,7.0,T-0601,G-01-01,T-0361,G-03-01
O0452,J,6015.7,23070.5,23070.5,23085.1,23115.8,23124.4,23153.1,23186.1,17170.4,17054.8,AMR3,AMR1,0,0,21,44.5,44.5,AMR3,60.1,60.1,AMR1,0,0,0.0,0,0,0,0,0.0,0,0.0,63,63.0,44.0,0.0,T-0602,J-02-02,T-0485,J-04-02
O0453,A,6039.4,23148.1,23148.1,23163.0,23193.0,23209.8,23243.0,23276.1,17236.7,17108.7,AMR2,AMR1,0,0,21,44.8,44.8,AMR2,65.0,65.0,AMR1,0,0,0.0,0,0,0,0,0.0,0,0.0,68,63.5,47.7,0.0,T-0603,A-06-02,T-0264,A-02-03
O0454,I,6063.2,23167.2,23167.2,23179.3,23202.1,23227.1,23255.7,23294.2,17231.0,17104.0,AMR3,AMR2,0,0,15,34.1,34.1,AMR3,55.0,55.0,AMR2,0,0,0.0,0,0,0,1,12.0,1,7.0,43,46.7,43.3,12.0,T-0604,I-02-01,T-0461,I-03-01
O0455,I,6085.3,23241.3,23241.3,23254.4,23279.2,23299.8,23354.8,23383.9,17298.6,17156.0,AMR3,AMR1,0,0,15,35.5,35.5,AMR3,55.6,55.6,AMR1,0,0,0.0,0,0,0,0,0.0,1,19.0,49,52.6,45.3,24.1,T-0605,I-04-03,T-0481,I-04-01
O0456,C,6103.1,23323.9,23323.9,23335.3,23359.0,23371.5,23392.1,23423.4,17320.3,17220.8,AMR2,AMR2,0,0,13,33.4,33.4,AMR2,46.6,46.6,AMR2,0,0,0.0,0,0,0,1,6.0,1,1.0,40,43.2,37.8,6.0,T-0606,C-03-03,T-0498,C-04-01
O0457,I,6122.6,23340.4,23340.4,23354.7,23382.0,23397.5,23425.8,23456.2,17333.6,17217.8,AMR3,AMR3,0,0,15,40.0,40.0,AMR3,55.6,55.6,AMR3,0,0,0.0,0,0,0,0,0.0,0,0.0,46,50.5,49.8,0.0,T-0607,I-03-01,T-0483,I-05-01
O0458,B,6145.9,23421.6,23421.6,23433.2,23456.5,23479.9,23505.2,23536.1,17390.2,17275.7,AMR1,AMR3,0,0,15,34.0,34.0,AMR1,53.9,53.9,AMR3,0,0,0.0,0,0,0,0,0.0,0,0.0,51,50.5,40.6,0.0,T-0608,B-04-02,T-0387,B-01-03
O0459,F,6169.1,23447.1,23447.1,23459.7,23488.8,23494.7,23525.1,23556.1,17387.0,17278.0,AMR2,AMR1,0,0,23,40.1,40.1,AMR2,62.8,62.8,AMR1,0,0,0.0,0,0,0,0,0.0,0,0.0,66,65.4,37.7,0.0,T-0609,F-03-02,T-0401,F-05-02
O0460,G,6188.3,23515.9,23515.9,23526.8,23551.3,23559.8,23584.6,23614.7,17426.4,17327.6,AMR2,AMR3,0,0,17,33.8,33.8,AMR2,52.2,52.2,AMR3,0,0,0.0,0,0,0,0,0.0,0,0.0,54,54.7,35.6,0.0,T-0610,G-03-01,T-0396,G-01-02
O0461,G,6207.0,23583.8,23583.8,23600.0,23626.3,23638.4,23662.8,23689.7,17482.7,17376.8,AMR1,AMR3,0,0,17,40.1,40.1,AMR1,52.7,52.7,AMR3,0,0,0.0,0,0,0,0,0.0,0,0.0,49,51.4,42.4,0.0,T-0611,G-01-02,T-0412,G-04-01
O0462,A,6225.8,23601.2,23601.2,23614.8,23647.4,23656.9,23684.7,23719.1,17493.3,17375.4,AMR2,AMR1,0,0,21,43.7,43.7,AMR2,61.9,61.9,AMR1,0,0,0.0,0,0,0,0,0.0,0,0.0,67,64.9,43.5,0.0,T-0612,A-01-03,T-0273,A-03-03
O0463,F,6250.1,23677.2,23677.2,23688.5,23718.4,23738.8,23772.1,23805.5,17555.4,17427.1,AMR2,AMR2,0,0,23,40.4,40.4,AMR2,65.1,65.1,AMR2,0,0,0.0,0,0,0,0,0.0,0,0.0,69,67.6,40.3,0.0,T-0613,F-05-02,T-0419,F-02-03
O0464,E,6266.4,23713.4,23713.4,23725.5,23754.3,23772.7,23798.4,23831.0,17564.6,17447.0,AMR3,AMR3,0,0,19,38.4,38.4,AMR3,60.0,60.0,AMR3,0,0,0.0,0,0,0,0,0.0,0,0.0,59,58.3,40.9,0.0,T-0614,E-04-01,T-0445,E-01-02
O0465,C,6288.4,23742.8,23742.8,23754.6,23776.0,23788.8,23810.5,23848.9,17560.5,17454.4,AMR1,AMR1,0,0,13,32.3,32.3,AMR1,50.2,50.2,AMR1,0,0,0.0,0,0,0,1,10.0,1,5.0,41,43.0,40.3,10.0,T-0615,C-04-01,T-0500,C-03-01
O0466,J,6308.1,23829.2,23829.2,23839.7,23872.4,23878.6,23910.7,23941.9,17633.8,17521.1,AMR2,AMR1,0,0,21,41.6,41.6,AMR2,61.7,61.7,AMR1,0,0,0.0,0,0,0,0,0.0,0,0.0,64,63.8,42.7,0.0,T-0616,J-03-02,T-0511,J-05-02
O0467,A,6332.1,23854.7,23854.7,23868.4,23897.5,23899.1,23927.3,23966.6,17634.5,17522.6,AMR3,AMR2,0,0,21,40.3,40.3,AMR3,64.7,64.7,AMR2,0,0,0.0,0,0,0,1,5.0,0,0.0,65,62.4,42.9,5.0,T-0617,A-02-03,T-0354,A-04-03
O0468,C,6349.3,23919.3,23919.3,23934.5,23957.8,23965.6,23986.6,24011.8,17662.5,17570.0,AMR3,AMR1,0,0,13,36.8,36.8,AMR3,45.9,45.9,AMR1,0,0,0.0,0,0,0,0,0.0,0,0.0,40,44.2,40.5,0.0,T-0618,C-03-01,T-0501,C-05-03
O0469,J,6373.7,23978.3,23978.3,23991.9,24022.1,24035.5,24066.2,24098.2,17724.5,17604.6,AMR3,AMR1,0,0,21,41.4,41.4,AMR3,64.4,64.4,AMR1,0,0,0.0,0,0,0,0,0.0,0,0.0,61,61.3,45.2,0.0,T-0619,J-04-02,T-0544,J-02-03
O0470,E,6392.9,24002.3,24002.3,24014.0,24040.4,24057.1,24086.3,24117.8,17724.9,17609.4,AMR2,AMR3,0,0,19,37.2,37.2,AMR2,57.0,57.0,AMR3,0,0,0.0,0,0,0,0,0.0,0,0.0,65,62.1,36.7,0.0,T-0620,E-01-02,T-0446,E-05-03
O0471,A,6410.9,24073.8,24073.8,24088.6,24119.9,24121.9,24154.5,24190.9,17780.0,17662.9,AMR2,AMR1,0,0,21,44.4,44.4,AMR2,66.7,66.7,AMR1,0,0,0.0,0,0,0,0,0.0,0,0.0,70,66.1,49.0,0.0,T-0621,A-03-03,T-0367,A-02-01
O0472,J,6430.1,24145.5,24145.5,24158.5,24189.2,24209.6,24243.2,24275.9,17845.8,17715.4,AMR3,AMR3,0,0,21,41.3,41.3,AMR3,66.2,66.2,AMR3,0,0,0.0,0,0,0,0,0.0,0,0.0,63,63.1,46.9,0.0,T-0622,J-05-02,T-0549,J-03-03
O0473,H,6445.8,24165.0,24165.0,24179.1,24206.2,24233.6,24256.9,24291.0,17845.2,17719.2,AMR2,AMR1,0,0,15,40.4,40.4,AMR2,50.3,50.3,AMR1,0,0,0.0,0,0,0,1,7.0,1,2.0,41,46.2,45.4,7.0,T-0623,H-02-02,T-0508,H-04-02
O0474,I,6466.1,24248.4,24248.4,24260.7,24287.6,24299.6,24326.4,24353.7,17887.6,17782.3,AMR2,AMR3,0,0,15,36.8,36.8,AMR2,50.0,50.0,AMR3,0,0,0.0,0,0,0,0,0.0,0,0.0,49,52.3,41.0,0.0,T-0624,I-04-01,T-0509,I-06-01
O0475,C,6483.6,24315.8,24315.8,24326.9,24350.2,24363.0,24387.0,24417.9,17934.3,17832.2,AMR2,AMR2,0,0,13,33.5,33.5,AMR2,54.6,54.6,AMR2,0,0,0.0,0,0,0,0,0.0,0,0.0,39,43.4,45.9,0.0,T-0625,C-04-03,T-0502,C-05-01
O0476,J,6502.8,24339.7,24339.7,24353.5,24384.4,24387.4,24422.5,24454.3,17951.5,17836.9,AMR1,AMR3,0,0,21,43.9,43.9,AMR1,66.3,66.3,AMR3,0,0,0.0,0,0,0,0,0.0,0,0.0,61,60.9,49.6,1.1,T-0626,J-02-03,T-0553,J-01-03
O0477,G,6520.3,24406.8,24406.8,24422.0,24449.3,24465.5,24494.5,24522.8,18002.5,17886.5,AMR1,AMR1,0,0,17,41.7,41.7,AMR1,56.2,56.2,AMR1,0,0,0.0,0,0,0,0,0.0,0,0.0,49,52.3,47.5,0.0,T-0627,G-04-01,T-0421,G-03-02
O0478,B,6541.9,24441.6,24441.6,24456.6,24482.0,24490.0,24513.8,24543.4,18001.5,17899.7,AMR2,AMR3,0,0,15,37.9,37.9,AMR2,54.6,54.6,AMR3,0,0,0.0,0,0,0,0,0.0,0,0.0,47,48.6,45.2,0.0,T-0628,B-01-03,T-0413,B-05-02
O0479,B,6566.6,24505.6,24505.6,24520.0,24541.9,24546.5,24570.5,24599.0,18032.4,17939.0,AMR2,AMR1,0,0,15,35.4,35.4,AMR2,55.7,55.7,AMR1,0,0,0.0,0,0,0,0,0.0,0,0.0,43,45.0,43.8,0.0,T-0629,B-05-02,T-0426,B-06-02
O0480,I,6587.1,24570.1,24570.1,24584.5,24609.9,24622.7,24646.4,24674.5,18087.4,17983.0,AMR3,AMR1,0,0,15,37.4,37.4,AMR3,52.7,52.7,AMR1,0,0,0.0,0,0,0,0,0.0,0,0.0,43,47.3,44.3,0.0,T-0630,I-05-01,T-0518,I-01-02
O0481,H,6602.3,24586.5,24586.5,24600.8,24627.7,24639.1,24665.5,24689.0,18086.7,17984.2,AMR2,AMR3,0,0,15,40.4,40.4,AMR2,49.3,49.3,AMR3,0,0,0.0,0,0,0,0,0.0,0,0.0,43,46.6,44.4,0.1,T-0631,H-04-02,T-0516,H-05-02
O0482,F,6623.6,24654.5,24654.5,24669.7,24701.0,24753.6,24789.0,24822.8,18199.2,18030.9,AMR2,AMR3,0,0,23,44.1,44.1,AMR2,67.7,67.7,AMR3,0,0,0.0,0,0,0,0,0.0,0,0.0,69,69.0,46.6,0.1,T-0632,F-02-03,T-0433,F-04-02
O0483,F,6646.1,24698.2,24698.2,24709.4,24740.8,24775.2,24807.0,24844.8,18198.7,18052.1,AMR1,AMR1,0,0,23,41.8,41.8,AMR1,65.1,65.1,AMR1,0,0,0.0,0,0,0,1,4.0,0,0.0,67,66.5,41.7,4.0,T-0633,F-05-03,T-0437,F-03-03
O0484,B,6664.6,24778.3,24778.3,24789.8,24812.9,24825.8,24853.8,24883.5,18218.9,18113.7,AMR2,AMR2,0,0,15,34.5,34.5,AMR2,56.4,56.4,AMR2,0,0,0.0,0,0,0,0,0.0,0,0.0,46,48.7,43.6,0.0,T-0634,B-06-02,T-0429,B-03-01
O0485,F,6686.9,24849.5,24849.5,24865.3,24897.7,24908.2,24936.1,24968.0,18281.1,18162.6,AMR3,AMR2,0,0,23,47.4,47.4,AMR3,64.2,64.2,AMR2,0,0,0.0,0,0,0,0,0.0,0,0.0,63,61.6,46.4,0.0,T-0635,F-04-02,T-0455,F-06-02
O0486,I,6702.4,24873.5,24873.5,24887.1,24912.0,24929.1,24952.4,24984.9,18282.5,18171.1,AMR1,AMR3,0,0,15,35.2,35.2,AMR1,53.7,53.7,AMR3,0,0,0.0,0,0,0,1,4.0,0,0.0,44,47.2,43.1,4.0,T-0636,I-06-01,T-0528,I-02-02
O0487,C,6725.5,24946.9,24946.9,24962.0,24981.6,24991.7,25014.3,25043.1,18317.6,18221.4,AMR1,AMR2,0,0,13,33.8,33.8,AMR1,53.1,53.1,AMR2,0,0,0.0,0,0,0,0,0.0,0,0.0,37,41.4,44.7,0.0,T-0637,C-05-01,T-0505,C-06-01
O0488,H,6745.1,25015.6,25015.6,25036.0,25060.5,25066.8,25092.7,25121.3,18376.2,18270.5,AMR3,AMR2,0,0,15,39.9,39.9,AMR3,53.9,53.9,AMR2,0,0,0.0,0,0,0,1,2.5,0,0.0,45,48.3,48.5,2.6,T-0638,H-05-02,T-0517,H-03-01
O0489,C,6762.0,25032.9,25032.9,25048.5,25069.1,25082.3,25107.3,25134.5,18372.5,18270.9,AMR1,AMR3,0,0,13,36.1,36.1,AMR1,51.4,51.4,AMR3,0,0,0.0,0,0,0,1,2.0,0,0.0,38,41.1,45.3,2.0,T-0639,C-06-01,T-0506,C-01-02
O0490,H,6784.1,25094.6,25094.6,25107.8,25131.5,25145.0,25171.0,25196.5,18412.4,18310.5,AMR1,AMR2,0,0,15,35.3,35.3,AMR1,50.8,50.8,AMR2,0,0,0.0,0,0,0,0,0.0,0,0.0,44,47.5,40.8,0.1,T-0640,H-03-01,T-0519,H-03-03
O0491,A,6802.1,25161.0,25161.0,25172.8,25202.1,25220.2,25247.4,25283.6,18481.5,18358.9,AMR1,AMR2,0,0,21,38.6,38.6,AMR1,64.1,64.1,AMR2,0,0,0.0,0,0,0,0,0.0,0,0.0,67,63.9,40.6,0.0,T-0641,A-02-01,T-0372,A-03-01
O0492,F,6825.9,25185.2,25185.2,25198.7,25229.8,25240.9,25277.3,25313.2,18487.3,18359.3,AMR3,AMR1,0,0,23,44.6,44.6,AMR3,70.1,70.1,AMR1,0,0,0.0,0,0,0,0,0.0,0,0.0,68,67.4,49.5,0.0,T-0642,F-06-02,T-0473,F-01-02
O0493,I,6846.1,25260.5,25260.5,25274.6,25297.7,25307.3,25332.5,25358.4,18512.3,18414.4,AMR3,AMR2,0,0,15,36.4,36.4,AMR3,48.5,48.5,AMR2,0,0,0.0,0,0,0,1,1.5,0,0.0,43,47.7,39.1,1.5,T-0643,I-01-02,T-0532,I-03-02
O0494,D,6863.6,25321.9,25321.9,25338.2,25362.1,25382.1,25409.1,25435.9,18572.3,18458.3,AMR3,AMR2,0,0,13,39.3,39.3,AMR3,49.1,49.1,AMR2,0,0,0.0,0,0,0,0,0.0,0,0.0,47,48.3,45.7,0.0,T-0644,D-02-02,T-0471,D-04-02
O0495,A,6882.2,25345.9,25345.9,25357.2,25388.4,25394.3,25422.1,25463.6,18581.4,18463.7,AMR1,AMR3,0,0,21,40.8,40.8,AMR1,66.5,66.5,AMR3,0,0,0.0,0,0,0,1,5.0,0,0.0,64,61.6,45.2,5.0,T-0645,A-03-01,T-0377,A-05-01
O0496,F,6899.9,25413.5,25413.5,25425.5,25460.3,25482.1,25512.6,25547.9,18648.0,18513.6,AMR1,AMR1,0,0,23,44.3,44.3,AMR1,64.2,64.2,AMR1,0,0,0.0,0,0,0,0,0.0,0,0.0,71,69.3,43.3,0.0,T-0646,F-01-02,T-0512,F-01-03
O0497,H,6923.8,25459.6,25459.6,25475.5,25498.6,25514.1,25538.1,25563.1,18639.3,18535.8,AMR2,AMR2,0,0,15,37.4,37.4,AMR2,49.1,49.1,AMR2,0,0,0.0,0,0,0,0,0.0,0,0.0,44,46.8,41.2,0.0,T-0647,H-03-03,T-0524,H-03-02
O0498,C,6942.2,25487.3,25487.3,25501.6,25522.4,25535.6,25559.5,25590.0,18647.8,18545.1,AMR3,AMR3,0,0,13,34.2,34.2,AMR3,55.6,55.6,AMR3,0,0,0.0,0,0,0,0,0.0,0,0.0,39,41.9,47.6,0.0,T-0648,C-01-02,T-0510,C-02-02
O0499,F,6964.1,25571.6,25571.6,25582.3,25616.9,25619.7,25653.1,25686.7,18722.6,18607.5,AMR1,AMR3,0,0,23,42.9,42.9,AMR1,69.4,69.4,AMR3,0,0,0.0,0,0,0,0,0.0,0,0.0,67,65.2,47.1,0.0,T-0649,F-01-03,T-0540,F-04-01
O0500,B,6981.8,25595.8,25595.8,25608.5,25632.5,25641.7,25671.2,25704.2,18722.4,18614.0,AMR2,AMR1,0,0,15,35.0,35.0,AMR2,54.4,54.4,AMR1,0,0,0.0,0,0,0,1,4.0,0,0.0,52,53.1,42.1,4.0,T-0650,B-03-01,T-0431,B-02-03
O0501,G,7001.0,25657.4,25657.4,25669.1,25697.6,25710.4,25735.8,25766.9,18765.9,18656.4,AMR2,AMR3,0,0,17,38.6,38.6,AMR2,54.9,54.9,AMR3,0,0,0.0,0,0,0,0,0.0,0,0.0,52,53.6,43.1,0.0,T-0651,G-03-02,T-0435,G-02-02
O0502,C,7026.0,25727.5,25727.5,25743.2,25762.9,25775.1,25798.4,25823.6,18797.6,18701.5,AMR2,AMR2,0,0,13,34.5,34.5,AMR2,48.6,48.6,AMR2,0,0,0.0,0,0,0,0,0.0,0,0.0,41,43.0,40.9,0.0,T-0652,C-02-02,T-0513,C-03-02
O0503,B,7043.9,25751.9,25751.9,25765.4,25793.1,25799.6,25821.5,25851.0,18807.1,18708.0,AMR1,AMR3,0,0,15,38.7,38.7,AMR1,51.1,51.1,AMR3,0,0,0.0,0,0,0,0,0.0,0,0.0,49,50.1,42.5,0.0,T-0653,B-02-03,T-0484,B-03-03
O0504,E,7062.2,25815.7,25815.7,25831.7,25860.4,25874.7,25906.5,25939.2,18877.0,18753.5,AMR1,AMR3,0,0,19,42.2,42.2,AMR1,61.2,61.2,AMR3,0,0,0.0,0,0,0,0,0.0,0,0.0,65,63.2,45.9,0.1,T-0654,E-04-03,T-0458,E-05-01
O0505,G,7081.6,25847.3,25847.3,25858.8,25886.4,25893.8,25919.7,25956.3,18874.7,18765.7,AMR2,AMR1,0,0,17,36.7,36.7,AMR2,52.9,52.9,AMR1,0,0,0.0,0,0,0,1,11.0,1,6.0,49,51.4,39.2,11.0,T-0655,G-02-02,T-0448,G-04-02
O0506,F,7103.5,25912.0,25912.0,25926.4,25957.7,25962.9,26020.7,26055.7,18952.2,18808.5,AMR2,AMR3,0,0,23,44.9,44.9,AMR2,69.7,69.7,AMR3,0,0,0.0,0,0,0,0,0.0,1,19.0,65,65.0,49.4,24.1,T-0656,F-04-01,T-0556,F-04-03
O0507,F,7119.0,25987.0,25987.0,26002.6,26036.0,26057.1,26090.9,26126.7,19007.7,18868.0,AMR1,AMR1,0,0,23,47.4,47.4,AMR1,68.0,68.0,AMR1,0,0,0.0,0,0,0,0,0.0,0,0.0,70,68.4,50.2,0.0,T-0657,F-03-03,T-0568,F-02-01
O0508,E,7144.0,26008.1,26008.1,26020.9,26050.2,26075.6,26100.7,26149.8,19005.8,18864.1,AMR2,AMR2,0,0,19,39.6,39.6,AMR2,61.9,61.9,AMR2,0,0,0.0,0,0,0,1,14.0,1,9.0,59,58.3,44.0,14.0,T-0658,E-05-01,T-0465,E-02-02
O0509,A,7168.8,26099.4,26099.4,26111.0,26140.9,26150.4,26184.2,26220.3,19051.5,18930.6,AMR3,AMR1,0,0,21,40.6,40.6,AMR3,68.6,68.6,AMR1,0,0,0.0,0,0,0,0,0.0,0,0.0,69,64.3,47.1,0.0,T-0659,A-05-01,T-0428,A-01-02
O0510,G,7190.5,26174.5,26174.5,26188.6,26211.9,26228.1,26257.7,26283.8,19093.3,18984.0,AMR2,AMR2,0,0,17,36.6,36.6,AMR2,56.1,56.1,AMR2,0,0,0.0,0,0,0,0,0.0,0,0.0,47,50.8,42.3,0.0,T-0660,G-04-02,T-0476,G-05-02
O0511,C,7210.6,26193.3,26193.3,26206.2,26230.5,26252.0,26273.2,26301.6,19091.0,18982.7,AMR3,AMR1,0,0,13,35.5,35.5,AMR3,47.3,47.3,AMR1,0,0,0.0,0,0,0,1,2.0,0,0.0,40,44.2,40.6,2.0,T-0661,C-03-02,T-0515,C-05-02
O0512,J,7227.0,26265.0,26265.0,26280.8,26311.8,26331.3,26363.6,26396.4,19169.4,19038.0,AMR3,AMR1,0,0,21,46.0,46.0,AMR3,63.1,63.1,AMR1,0,0,0.0,0,0,0,0,0.0,0,0.0,63,63.4,48.5,0.0,T-0662,J-01-03,T-0554,J-05-03
O0513,A,7249.8,26307.5,26307.5,26323.6,26353.2,26373.4,26400.5,26443.9,19194.1,19057.7,AMR2,AMR2,0,0,21,43.2,43.2,AMR2,64.2,64.2,AMR2,0,0,0.0,0,0,0,1,6.0,1,1.0,67,64.9,45.3,6.0,T-0663,A-01-02,T-0463,A-03-02
O0514,F,7265.5,26334.3,26334.3,26349.0,26383.3,26405.5,26437.3,26467.6,19202.1,19068.8,AMR3,AMR3,0,0,23,46.5,46.5,AMR3,61.8,61.8,AMR3,0,0,0.0,0,0,0,0,0.0,0,0.0,69,68.0,43.1,0.0,T-0664,F-02-01,T-0573,F-03-01
O0515,J,7284.3,26430.1,26430.1,26441.5,26470.6,26491.3,26521.8,26556.4,19272.1,19145.8,AMR1,AMR3,0,0,21,38.9,38.9,AMR1,63.1,63.1,AMR3,0,0,0.0,0,0,0,0,0.0,0,0.0,64,64.2,41.4,0.0,T-0665,J-03-03,T-0555,J-04-03
O0516,H,7305.4,26467.6,26467.6,26480.1,26505.5,26521.0,26546.2,26572.8,19267.4,19162.2,AMR2,AMR2,0,0,15,36.3,36.3,AMR2,53.2,53.2,AMR2,0,0,0.0,0,0,0,0,0.0,0,0.0,42,45.5,44.2,0.0,T-0666,H-03-02,T-0529,H-01-01
O0517,B,7324.1,26494.3,26494.3,26506.7,26530.1,26545.0,26567.6,26596.6,19272.5,19170.2,AMR1,AMR1,0,0,15,34.1,34.1,AMR1,51.8,51.8,AMR1,0,0,0.0,0,0,0,0,0.0,0,0.0,46,48.8,38.6,0.0,T-0667,B-03-03,T-0495,B-04-03
O0518,F,7340.5,26580.1,26580.1,26595.6,26627.3,26628.3,26657.8,26692.8,19352.3,19239.6,AMR3,AMR1,0,0,23,45.6,45.6,AMR3,63.9,63.9,AMR1,0,0,0.0,0,0,0,0,0.0,0,0.0,70,67.4,44.3,0.0,T-0668,F-03-01,T-0574,F-01-01
O0519,E,7358.6,26604.5,26604.5,26619.8,26648.6,26649.4,26679.5,26715.6,19357.0,19245.9,AMR2,AMR3,0,0,19,42.2,42.2,AMR2,61.5,61.5,AMR3,0,0,0.0,0,0,0,1,2.0,0,0.0,65,62.1,46.2,2.0,T-0669,E-02-02,T-0479,E-04-02
O0520,A,7383.2,26666.0,26666.0,26679.6,26707.4,26716.5,26746.3,26781.6,19398.4,19282.8,AMR2,AMR1,0,0,21,39.7,39.7,AMR2,66.3,66.3,AMR1,0,0,0.0,0,0,0,0,0.0,0,0.0,64,62.6,43.9,0.0,T-0670,A-03-02,T-0469,A-04-01
O0521,G,7403.2,26735.5,26735.5,26746.0,26771.1,26787.3,26817.1,26849.1,19445.9,19332.3,AMR2,AMR2,0,0,17,34.8,34.8,AMR2,59.2,59.2,AMR2,0,0,0.0,0,0,0,0,0.0,0,0.0,51,53.8,43.6,0.0,T-0671,G-05-02,T-0487,G-02-01
O0522,E,7419.4,26759.3,26759.3,26772.3,26802.2,26811.3,26843.5,26880.8,19461.4,19339.9,AMR3,AMR1,0,0,19,40.4,40.4,AMR3,65.2,65.2,AMR1,0,0,0.0,0,0,0,0,0.0,0,0.0,65,63.2,48.1,1.1,T-0672,E-04-02,T-0489,E-05-02
O0523,J,7438.9,26830.6,26830.6,26846.4,26880.0,26900.4,26927.9,26960.6,19521.7,19391.7,AMR3,AMR3,0,0,21,47.0,47.0,AMR3,61.7,61.7,AMR3,0,0,0.0,0,0,0,0,0.0,0,0.0,61,61.5,48.1,0.0,T-0673,J-04-03,T-0565,J-01-01
O0524,H,7460.8,26872.8,26872.8,26888.6,26915.6,26929.8,26955.7,26981.7,19520.9,19412.0,AMR2,AMR2,0,0,15,42.0,42.0,AMR2,54.8,54.8,AMR2,0,0,0.0,0,0,0,0,0.0,0,0.0,39,43.2,51.5,0.0,T-0674,H-01-01,T-0539,H-06-02
O0525,B,7477.0,26904.5,26904.5,26916.4,26940.5,26954.7,26982.3,27017.8,19540.8,19427.5,AMR1,AMR1,0,0,15,35.1,35.1,AMR1,57.3,57.3,AMR1,0,0,0.0,0,0,0,1,3.0,0,0.0,49,51.0,45.1,3.0,T-0675,B-04-03,T-0497,B-01-01
O0526,H,7493.8,26984.3,26984.3,26999.5,27026.4,27041.5,27067.8,27092.2,19598.4,19490.5,AMR3,AMR1,0,0,15,42.1,42.1,AMR3,50.6,50.6,AMR1,0,0,0.0,0,0,0,0,0.0,0,0.0,40,45.4,47.4,0.0,T-0676,H-06-02,T-0541,H-04-03
O0527,F,7516.9,27008.4,27008.4,27020.9,27055.6,27056.9,27087.8,27123.1,19606.2,19491.5,AMR2,AMR3,0,0,23,44.8,44.8,AMR2,68.6,68.6,AMR3,0,0,0.0,0,0,0,0,0.0,0,0.0,67,65.2,48.2,0.0,T-0677,F-01-01,T-0579,F-05-01
O0528,B,7535.3,27079.4,27079.4,27091.5,27115.0,27115.9,27147.1,27181.2,19645.9,19544.1,AMR2,AMR1,0,0,15,33.1,33.1,AMR2,60.0,60.0,AMR1,0,0,0.0,0,0,0,0,0.0,0,0.0,53,55.0,45.8,0.1,T-0678,B-01-01,T-0499,B-02-01
O0529,E,7555.8,27131.6,27131.6,27146.4,27173.7,27192.1,27221.6,27254.4,19698.6,19575.8,AMR2,AMR2,0,0,19,38.6,38.6,AMR2,64.0,64.0,AMR2,0,0,0.0,0,0,0,0,0.0,0,0.0,59,59.3,45.1,0.0,T-0679,E-05-02,T-0514,E-01-03
O0530,C,7577.9,27155.8,27155.8,27172.0,27196.8,27215.9,27241.2,27271.0,19693.1,19577.9,AMR3,AMR1,0,0,13,40.1,40.1,AMR3,54.3,54.3,AMR1,0,0,0.0,0,0,0,1,2.0,0,0.0,39,41.9,52.2,2.0,T-0680,C-05-02,T-0527,C-02-01
O0531,B,7598.0,27228.6,27228.6,27243.4,27269.3,27278.1,27300.8,27329.1,19731.1,19630.6,AMR3,AMR2,0,0,15,38.2,38.2,AMR3,52.2,52.2,AMR2,0,0,0.0,0,0,0,0,0.0,0,0.0,47,48.6,43.1,0.0,T-0681,B-02-01,T-0530,B-04-01
O0532,D,7620.9,27293.9,27293.9,27309.6,27332.4,27352.8,27375.3,27403.4,19782.5,19673.0,AMR3,AMR2,0,0,13,36.8,36.8,AMR3,50.9,50.9,AMR2,0,0,0.0,0,0,0,0,0.0,0,0.0,40,44.1,45.0,0.0,T-0682,D-03-02,T-0475,D-01-03
O0533,I,7636.1,27317.7,27317.7,27329.4,27354.1,27366.9,27395.3,27424.6,19788.5,19681.6,AMR1,AMR3,0,0,15,35.6,35.6,AMR1,54.5,54.5,AMR3,0,0,0.0,0,0,0,0,0.0,0,0.0,45,49.8,44.3,0.0,T-0683,I-02-02,T-0534,I-04-02
O0534,I,7654.8,27381.9,27381.9,27393.8,27421.3,27427.1,27452.4,27482.0,19827.2,19727.1,AMR1,AMR2,0,0,15,37.8,37.8,AMR1,50.3,50.3,AMR2,0,0,0.0,0,0,0,1,2.0,0,0.0,46,50.0,42.3,2.0,T-0684,I-03-02,T-0535,I-05-03
O0535,B,7676.0,27442.8,27442.8,27456.8,27481.4,27495.6,27520.5,27552.6,19876.6,19766.8,AMR1,AMR1,0,0,15,37.7,37.7,AMR1,57.2,57.2,AMR1,0,0,0.0,0,0,0,0,0.0,0,0.0,45,48.0,47.6,0.0,T-0685,B-04-01,T-0545,B-05-01
O0536,H,7694.1,27467.3,27467.3,27483.3,27505.2,27519.7,27546.2,27569.0,19874.9,19773.2,AMR3,AMR2,0,0,15,37.1,37.1,AMR3,50.7,50.7,AMR2,0,0,0.0,0,0,0,0,0.0,0,0.0,41,44.7,42.5,0.0,T-0686,H-04-03,T-0543,H-01-03
O0537,G,7713.1,27535.0,27535.0,27550.5,27579.6,27597.2,27625.6,27650.5,19937.4,19821.9,AMR3,AMR3,0,0,17,42.2,42.2,AMR3,55.7,55.7,AMR3,0,0,0.0,0,0,0,0,0.0,0,0.0,47,50.4,47.5,0.0,T-0687,G-02-01,T-0494,G-06-02
O0538,F,7728.9,27576.3,27576.3,27591.8,27621.9,27642.3,27674.1,27707.9,19979.0,19847.4,AMR1,AMR1,0,0,23,44.8,44.8,AMR1,69.0,69.0,AMR1,0,0,0.0,0,0,0,0,0.0,0,0.0,63,62.6,48.6,0.0,T-0688,F-05-01,T-0582,F-06-01
O0539,H,7744.6,27600.7,27600.7,27611.6,27638.1,27657.3,27683.1,27724.2,19979.6,19856.1,AMR2,AMR2,0,0,15,36.6,36.6,AMR2,56.3,56.3,AMR2,0,0,0.0,0,0,0,2,13.5,1,7.0,39,43.2,47.6,13.5,T-0689,H-01-03,T-0552,H-06-01
O0540,C,7764.8,27681.2,27681.2,27696.3,27720.6,27731.6,27754.3,27781.0,20016.2,19916.4,AMR3,AMR1,0,0,13,38.5,38.5,AMR3,49.1,49.1,AMR1,0,0,0.0,0,0,0,0,0.0,0,0.0,39,43.4,45.4,0.0,T-0690,C-02-01,T-0531,C-04-02
O0541,C,7786.2,27743.8,27743.8,27756.5,27780.4,27804.7,27826.1,27851.5,20065.3,19957.6,AMR3,AMR1,0,0,13,35.7,35.7,AMR3,48.5,48.5,AMR1,0,0,0.0,0,0,0,0,0.0,0,0.0,37,41.4,42.0,0.0,T-0691,C-04-02,T-0537,C-06-02
O0542,A,7805.5,27767.9,27767.9,27784.0,27813.6,27818.6,27851.9,27889.0,20083.5,19962.4,AMR2,AMR3,0,0,21,44.8,44.8,AMR2,68.7,68.7,AMR3,0,0,0.0,0,0,0,0,0.0,0,0.0,65,63.6,51.4,1.1,T-0692,A-04-01,T-0503,A-05-02
O0543,E,7825.7,27838.0,27838.0,27854.3,27883.8,27900.2,27927.0,27963.1,20137.4,20012.3,AMR2,AMR2,0,0,19,44.9,44.9,AMR2,59.6,59.6,AMR2,0,0,0.0,0,0,0,0,0.0,0,0.0,63,61.7,47.0,0.0,T-0693,E-01-03,T-0521,E-06-02
O0544,D,7842.3,27875.2,27875.2,27891.1,27916.5,27924.7,27951.9,27983.5,20141.2,20032.9,AMR1,AMR3,0,0,13,38.8,38.8,AMR1,53.5,53.5,AMR3,0,0,0.0,0,0,0,0,0.0,0,0.0,47,49.4,49.6,1.1,T-0694,D-04-02,T-0482,D-05-02
O0545,I,7866.8,27939.7,27939.7,27951.1,27978.4,27986.8,28014.6,28042.6,20175.8,20072.9,AMR1,AMR2,0,0,15,36.2,36.2,AMR1,51.7,51.7,AMR2,0,0,0.0,0,0,0,0,0.0,0,0.0,49,52.3,42.1,0.1,T-0695,I-04-02,T-0542,I-05-02
O0546,E,7890.3,28003.6,28003.6,28014.4,28043.2,28066.3,28092.8,28124.6,20234.3,20113.3,AMR1,AMR2,0,0,19,36.3,36.3,AMR1,60.0,60.0,AMR2,0,0,0.0,0,0,0,0,0.0,0,0.0,60,59.1,38.8,0.0,T-0696,E-06-02,T-0525,E-02-03
O0547,I,7911.6,28027.2,28027.2,28042.6,28068.1,28086.3,28117.1,28147.7,20236.1,20115.6,AMR3,AMR1,0,0,15,38.5,38.5,AMR3,57.3,57.3,AMR1,0,0,0.0,0,0,0,0,0.0,0,0.0,49,52.3,50.0,0.0,T-0697,I-05-02,T-0546,I-06-02
O0548,E,7927.9,28103.3,28103.3,28115.9,28140.9,28148.3,28201.5,28235.4,20307.5,20175.4,AMR3,AMR2,0,0,19,36.7,36.7,AMR3,62.9,62.9,AMR2,0,0,0.0,0,0,0,0,0.0,1,19.0,59,58.5,42.1,24.1,T-0698,E-02-03,T-0558,E-02-01
O0549,I,7948.2,28172.4,28172.4,28183.6,28209.8,28226.7,28253.7,28281.8,20333.6,20224.2,AMR1,AMR1,0,0,15,34.2,34.2,AMR1,55.5,55.5,AMR1,0,0,0.0,0,0,0,0,0.0,0,0.0,44,48.6,43.9,0.0,T-0699,I-06-02,T-0559,I-01-01
O0550,J,7964.9,28189.3,28189.3,28202.0,28232.5,28250.9,28285.8,28319.2,20354.3,20224.4,AMR3,AMR3,0,0,21,42.4,42.4,AMR3,65.2,65.2,AMR3,0,0,0.0,0,0,0,0,0.0,0,0.0,65,64.5,47.0,0.0,T-0700,J-01-01,T-0566,J-06-02
O0551,J,7981.6,28275.1,28275.1,28289.8,28320.1,28342.9,28374.2,28405.0,20423.4,20293.5,AMR2,AMR3,0,0,21,41.8,41.8,AMR2,64.0,64.0,AMR3,0,0,0.0,0,0,0,0,0.0,0,0.0,62,61.9,45.2,0.0,T-0701,J-06-02,T-0571,J-02-01
O0552,F,8005.6,28305.5,28305.5,28317.2,28347.8,28364.2,28397.2,28432.4,20426.8,20299.9,AMR1,AMR2,0,0,23,42.3,42.3,AMR1,67.6,67.6,AMR2,0,0,0.0,0,0,0,0,0.0,0,0.0,68,65.8,44.7,0.0,T-0702,F-06-01,T-0585,F-02-02
O0553,A,8021.0,28383.9,28383.9,28399.7,28428.9,28447.3,28477.7,28513.5,20492.5,20362.9,AMR1,AMR1,0,0,21,44.1,44.1,AMR1,67.4,67.4,AMR1,0,0,0.0,0,0,0,0,0.0,0,0.0,63,61.8,49.4,0.0,T-0703,A-05-02,T-0504,A-05-03
O0554,J,8036.5,28428.7,28428.7,28442.2,28474.1,28492.5,28522.4,28559.7,20523.2,20392.2,AMR3,AMR3,0,0,21,44.6,44.6,AMR3,63.6,63.6,AMR3,0,0,0.0,0,0,0,1,2.0,0,0.0,63,63.0,47.6,2.0,T-0704,J-02-01,T-0577,J-04-01
O0555,J,8058.0,28456.1,28456.1,28468.5,28501.5,28523.1,28556.1,28587.4,20529.4,20398.1,AMR2,AMR2,0,0,21,43.0,43.0,AMR2,61.2,61.2,AMR2,0,0,0.0,0,0,0,0,0.0,0,0.0,67,66.1,43.6,0.0,T-0705,J-05-03,T-0578,J-06-01
O0556,A,8079.2,28547.2,28547.2,28560.9,28590.6,28609.0,28635.5,28670.9,20591.7,20468.0,AMR1,AMR1,0,0,21,42.5,42.5,AMR1,65.1,65.1,AMR1,0,0,0.0,0,0,0,0,0.0,0,0.0,61,59.8,45.5,0.0,T-0706,A-04-03,T-0533,A-06-01
O0557,I,8103.1,28583.4,28583.4,28597.1,28624.5,28638.7,28667.2,28690.6,20587.5,20480.3,AMR3,AMR3,0,0,15,40.3,40.3,AMR3,52.8,52.8,AMR3,0,0,0.0,0,0,0,0,0.0,0,0.0,41,45.7,47.3,0.0,T-0707,I-01-01,T-0575,I-01-03
O0558,E,8124.5,28612.7,28612.7,28627.4,28656.5,28672.9,28698.9,28729.8,20605.3,20488.2,AMR2,AMR2,0,0,19,42.9,42.9,AMR2,56.6,56.6,AMR2,0,0,0.0,0,0,0,0,0.0,0,0.0,59,58.7,42.0,0.0,T-0708,E-02-01,T-0561,E-03-02
O0559,G,8141.9,28696.6,28696.6,28711.1,28737.7,28753.5,28783.8,28813.9,20672.0,20554.7,AMR1,AMR2,0,0,17,41.1,41.1,AMR1,58.8,58.8,AMR2,0,0,0.0,0,0,0,0,0.0,0,0.0,50,52.0,49.5,0.0,T-0709,G-06-02,T-0496,G-01-03
O0560,A,8161.5,28720.3,28720.3,28736.5,28764.9,28768.6,28799.4,28835.5,20674.0,20558.8,AMR3,AMR1,0,0,21,44.5,44.5,AMR3,61.6,61.6,AMR1,0,0,0.0,0,0,0,1,3.0,0,0.0,68,64.5,44.0,3.0,T-0710,A-06-01,T-0564,A-02-02
O0561,H,8180.9,28786.6,28786.6,28798.4,28823.7,28837.6,28864.5,28888.6,20707.7,20605.7,AMR3,AMR2,0,0,15,37.1,37.1,AMR3,52.4,52.4,AMR2,0,0,0.0,0,0,0,0,0.0,0,0.0,40,43.9,44.2,0.0,T-0711,H-06-01,T-0557,H-01-02
O0562,J,8197.9,28851.2,28851.2,28866.4,28897.7,28912.3,28942.0,28974.0,20776.1,20653.3,AMR3,AMR2,0,0,21,43.1,43.1,AMR3,61.6,61.6,AMR2,0,0,0.0,0,0,0,0,0.0,0,0.0,63,64.1,44.1,0.0,T-0712,J-04-01,T-0591,J-03-01
O0563,F,8216.0,28875.2,28875.2,28888.5,28918.9,28933.1,28964.9,28996.8,20780.8,20659.2,AMR1,AMR3,0,0,23,41.3,41.3,AMR1,64.6,64.6,AMR3,0,0,0.0,0,0,0,0,0.0,0,0.0,69,66.7,40.7,0.0,T-0713,F-02-02,T-0609,F-03-02
O0564,F,8240.9,28955.7,28955.7,28969.2,29002.1,29021.5,29063.7,29101.4,20860.5,20714.8,AMR1,AMR3,0,0,23,44.8,44.8,AMR1,69.4,69.4,AMR3,0,0,0.0,0,0,0,0,0.0,1,4.0,68,68.3,49.0,9.0,T-0714,F-03-02,T-0613,F-05-02
O0565,F,8257.2,28997.7,28997.7,29010.0,29039.2,29059.6,29094.1,29129.7,20872.5,20740.5,AMR2,AMR2,0,0,23,40.7,40.7,AMR2,68.5,68.5,AMR2,0,0,0.0,0,0,0,0,0.0,0,0.0,69,67.6,44.0,0.0,T-0715,F-04-03,T-0632,F-02-03
O0566,F,8277.8,29033.8,29033.8,29044.2,29074.8,29093.9,29127.5,29161.7,20883.9,20756.0,AMR1,AMR1,0,0,23,41.0,41.0,AMR1,69.2,69.2,AMR1,0,0,0.0,0,0,0,0,0.0,0,0.0,64,63.8,45.0,0.0,T-0716,F-06-03,T-0633,F-05-03
O0567,E,8297.5,29125.1,29125.1,29138.2,29167.4,29185.4,29219.4,29255.4,20957.9,20827.6,AMR3,AMR1,0,0,19,40.6,40.6,AMR3,66.2,66.2,AMR1,0,0,0.0,0,0,0,0,0.0,0,0.0,66,63.0,49.3,0.0,T-0717,E-03-02,T-0572,E-06-01
O0568,B,8315.0,29153.4,29153.4,29167.0,29191.7,29203.1,29224.2,29272.4,20957.4,20838.4,AMR2,AMR3,0,0,15,37.4,37.4,AMR2,52.0,52.0,AMR3,0,0,0.0,0,0,0,2,20.5,1,15.5,43,45.0,42.1,20.5,T-0718,B-05-01,T-0551,B-06-01
O0569,G,8332.9,29217.9,29217.9,29232.8,29258.6,29279.1,29328.8,29358.4,21025.5,20885.0,AMR2,AMR1,0,0,17,38.2,38.2,AMR2,53.2,53.2,AMR1,0,0,0.0,0,0,0,0,0.0,1,18.0,53,55.9,41.0,23.1,T-0719,G-01-03,T-0522,G-02-03
O0570,C,8352.1,29303.1,29303.1,29315.7,29337.7,29349.2,29369.5,29394.6,21042.5,20951.0,AMR3,AMR3,0,0,13,34.5,34.5,AMR3,46.6,46.6,AMR3,0,0,0.0,0,0,0,0,0.0,0,0.0,38,41.1,38.9,0.0,T-0720,C-06-02,T-0569,C-01-03
O0571,F,8376.4,29321.2,29321.2,29336.2,29365.8,29382.1,29414.2,29447.5,21071.1,20944.8,AMR2,AMR1,0,0,23,43.8,43.8,AMR2,64.3,64.3,AMR1,0,0,0.0,0,0,0,0,0.0,0,0.0,67,67.0,42.9,0.1,T-0721,F-05-02,T-0635,F-04-02
O0572,H,8399.0,29403.2,29403.2,29415.4,29443.0,29457.2,29484.8,29509.9,21110.9,21004.2,AMR2,AMR2,0,0,15,39.0,39.0,AMR2,53.1,53.1,AMR2,0,0,0.0,0,0,0,0,0.0,0,0.0,41,45.7,46.8,0.0,T-0722,H-01-02,T-0560,H-02-03
O0573,E,8418.7,29427.3,29427.3,29441.5,29473.2,29481.2,29510.7,29540.6,21121.9,21008.6,AMR3,AMR1,0,0,19,42.6,42.6,AMR3,61.1,61.1,AMR1,0,0,0.0,0,0,0,0,0.0,0,0.0,60,59.1,46.2,0.0,T-0723,E-06-01,T-0576,E-01-01
O0574,G,8433.9,29500.3,29500.3,29514.4,29543.2,29564.3,29591.3,29620.6,21186.7,21066.4,AMR3,AMR1,0,0,17,40.5,40.5,AMR3,56.2,56.2,AMR1,0,0,0.0,0,0,0,0,0.0,0,0.0,51,52.9,46.3,0.0,T-0724,G-02-03,T-0523,G-03-03
O0575,D,8453.5,29533.6,29533.6,29545.5,29568.8,29581.8,29607.3,29638.9,21185.4,21080.1,AMR2,AMR3,0,0,13,31.2,31.2,AMR2,51.3,51.3,AMR3,0,0,0.0,0,0,0,1,2.0,0,0.0,49,49.0,39.8,3.5,T-0725,D-05-02,T-0486,D-06-02
O0576,A,8474.3,29596.0,29596.0,29610.8,29641.3,29644.3,29672.8,29710.2,21235.9,21121.7,AMR2,AMR1,0,0,21,42.8,42.8,AMR2,63.6,63.6,AMR1,0,0,0.0,0,0,0,0,0.0,0,0.0,69,66.8,44.3,0.1,T-0726,A-02-02,T-0567,A-01-01
O0577,J,8492.1,29664.1,29664.1,29677.2,29708.6,29729.5,29757.9,29791.0,21298.9,21172.0,AMR2,AMR2,0,0,21,42.9,42.9,AMR2,63.2,63.2,AMR2,0,0,0.0,0,0,0,0,0.0,0,0.0,60,60.5,45.5,0.0,T-0727,J-03-01,T-0593,J-01-02
O0578,E,8513.9,29688.6,29688.6,29701.4,29729.3,29753.9,29782.5,29815.4,21301.5,21174.7,AMR3,AMR1,0,0,19,39.8,39.8,AMR3,58.2,58.2,AMR1,0,0,0.0,0,0,0,0,0.0,0,0.0,61,61.7,40.5,0.0,T-0728,E-01-01,T-0597,E-03-03
O0579,B,8529.0,29771.3,29771.3,29785.4,29806.0,29814.7,29843.1,29874.6,21345.6,21242.3,AMR3,AMR2,0,0,15,34.6,34.6,AMR3,57.6,57.6,AMR2,0,0,0.0,0,0,0,0,0.0,0,0.0,50,49.7,44.9,0.0,T-0729,B-06-01,T-0562,B-01-02
O0580,E,8545.3,29827.9,29827.9,29843.6,29874.0,29891.7,29920.4,29955.3,21410.0,21282.6,AMR3,AMR3,0,0,19,43.4,43.4,AMR3,63.3,63.3,AMR3,0,0,0.0,0,0,0,0,0.0,0,0.0,60,60.5,49.2,0.0,T-0730,E-03-03,T-0600,E-03-01
O0581,G,8564.0,29852.1,29852.1,29865.1,29889.4,29909.3,29936.8,29971.4,21407.4,21288.1,AMR1,AMR1,0,0,17,35.7,35.7,AMR1,55.5,55.5,AMR1,0,0,0.0,0,0,0,1,7.0,1,2.0,48,51.6,40.8,7.0,T-0731,G-03-03,T-0563,G-04-03
O0582,A,8579.4,29933.3,29933.3,29948.2,29981.3,30001.1,30027.7,30060.0,21480.6,21353.9,AMR2,AMR2,0,0,21,45.5,45.5,AMR2,60.1,60.1,AMR2,0,0,0.0,0,0,0,0,0.0,0,0.0,65,63.4,43.5,0.0,T-0732,A-01-01,T-0594,A-04-02
O0583,E,8598.0,29979.0,29979.0,29992.1,30017.7,30035.4,30062.9,30095.3,21497.3,21381.0,AMR3,AMR3,0,0,19,37.0,37.0,AMR3,58.1,58.1,AMR3,0,0,0.0,0,0,0,0,0.0,0,0.0,62,61.0,37.6,0.0,T-0733,E-03-01,T-0614,E-04-01
O0584,H,8616.9,30004.7,30004.7,30020.9,30044.9,30059.1,30086.6,30109.7,21492.8,21387.8,AMR1,AMR1,0,0,15,39.4,39.4,AMR1,51.0,51.0,AMR1,0,0,0.0,0,0,0,0,0.0,0,0.0,41,45.7,45.1,0.0,T-0734,H-02-03,T-0570,H-02-01
O0585,J,8634.7,30083.7,30083.7,30096.8,30130.9,30143.4,30174.0,30206.3,21571.6,21449.0,AMR2,AMR1,0,0,21,44.0,44.0,AMR2,60.9,60.9,AMR1,0,0,0.0,0,0,0,0,0.0,0,0.0,66,65.8,44.3,0.0,T-0735,J-06-01,T-0599,J-05-01
O0586,C,8655.8,30119.0,30119.0,30135.1,30158.9,30171.1,30197.1,30231.7,21575.9,21463.2,AMR3,AMR3,0,0,13,39.0,39.0,AMR3,54.2,54.2,AMR3,0,0,0.0,0,0,0,1,6.6,1,1.6,39,42.9,51.0,6.6,T-0736,C-01-03,T-0588,C-02-03
O0587,F,8674.8,30152.0,30152.0,30162.9,30196.6,30217.0,30250.3,30279.6,21604.8,21477.2,AMR2,AMR2,0,0,23,41.8,41.8,AMR2,66.0,66.0,AMR2,0,0,0.0,0,0,0,0,0.0,0,0.0,63,62.6,42.6,2.0,T-0737,F-04-02,T-0642,F-06-02
O0588,C,8699.1,30241.0,30241.0,30251.6,30272.9,30285.1,30308.2,30337.1,21638.0,21541.9,AMR1,AMR1,0,0,13,31.0,31.0,AMR1,52.2,52.2,AMR1,0,0,0.0,0,0,0,0,0.0,0,0.0,39,42.9,41.0,0.0,T-0738,C-02-03,T-0592,C-01-01
O0589,G,8720.2,30265.4,30265.4,30276.3,30301.8,30309.3,30336.6,30363.5,21643.3,21545.2,AMR3,AMR2,0,0,17,33.8,33.8,AMR3,52.1,52.1,AMR2,0,0,0.0,0,0,0,0,0.0,0,0.0,49,55.0,35.5,0.1,T-0739,G-04-03,T-0580,G-05-01
O0590,A,8735.6,30326.0,30326.0,30341.4,30370.7,30387.2,30415.6,30447.1,21711.5,21590.4,AMR3,AMR2,0,0,21,43.8,43.8,AMR3,62.7,62.7,AMR2,0,0,0.0,0,0,0,0,0.0,0,0.0,61,60.2,44.4,0.0,T-0740,A-04-02,T-0603,A-06-02
O0591,H,8757.7,30360.8,30360.8,30375.1,30400.9,30415.1,30442.3,30472.9,21715.2,21603.1,AMR1,AMR1,0,0,15,39.3,39.3,AMR1,57.1,57.1,AMR1,0,0,0.0,0,0,0,1,1.6,0,0.0,41,45.2,51.1,1.6,T-0741,H-02-01,T-0587,H-04-01
O0592,J,8777.3,30390.7,30390.7,30403.6,30435.3,30455.7,30487.3,30514.9,21737.6,21613.4,AMR3,AMR3,0,0,21,42.2,42.2,AMR3,61.1,61.1,AMR3,0,0,0.0,0,0,0,0,0.0,0,0.0,61,61.1,42.7,0.0,T-0742,J-05-01,T-0602,J-02-02
O0593,J,8793.7,30479.8,30479.8,30494.4,30527.2,30538.6,30569.3,30603.8,21810.1,21686.1,AMR2,AMR3,0,0,21,45.6,45.6,AMR2,65.1,65.1,AMR3,0,0,0.0,0,0,0,0,0.0,0,0.0,61,62.5,50.1,0.0,T-0743,J-01-02,T-0616,J-03-02
O0594,J,8810.3,30503.6,30503.6,30517.2,30550.5,30557.6,30586.3,30621.8,21811.5,21693.3,AMR1,AMR2,0,0,21,39.5,39.5,AMR1,58.6,58.6,AMR2,0,0,0.0,0,0,0,1,4.0,1,1.6,63,63.0,37.5,10.6,T-0744,J-02-02,T-0619,J-04-02
O0595,J,8833.7,30576.9,30576.9,30589.2,30620.5,30627.5,30656.4,30686.0,21852.3,21743.2,AMR1,AMR3,0,0,21,42.0,42.0,AMR1,56.9,56.9,AMR3,0,0,0.0,0,0,0,0,0.0,0,0.0,64,63.8,38.3,0.0,T-0745,J-03-02,T-0622,J-05-02
O0596,I,8853.8,30647.2,30647.2,30660.3,30687.7,30709.7,30735.4,30760.0,21906.2,21793.4,AMR1,AMR3,0,0,15,39.7,39.7,AMR1,48.7,48.7,AMR3,0,0,0.0,0,0,0,0,0.0,0,0.0,43,47.1,42.6,1.1,T-0746,I-01-03,T-0583,I-02-03
O0597,J,8873.7,30671.5,30671.5,30685.1,30717.5,30724.9,30755.9,30787.2,21913.5,21797.8,AMR2,AMR1,0,0,21,43.6,43.6,AMR2,64.2,64.2,AMR1,0,0,0.0,0,0,0,0,0.0,0,0.0,61,61.1,47.2,0.0,T-0747,J-04-02,T-0626,J-02-03
O0598,A,8893.4,30745.9,30745.9,30759.3,30786.9,30804.0,30832.1,30868.6,21975.2,21852.5,AMR2,AMR2,0,0,21,40.9,40.9,AMR2,62.8,62.8,AMR2,0,0,0.0,0,0,0,0,0.0,0,0.0,66,64.0,41.6,0.0,T-0748,A-06-02,T-0612,A-01-03
O0599,B,8911.8,30783.7,30783.7,30796.2,30824.0,30839.6,30868.4,30898.0,21986.2,21871.9,AMR3,AMR3,0,0,15,37.8,37.8,AMR3,55.6,55.6,AMR3,0,0,0.0,0,0,0,0,0.0,0,0.0,51,52.6,46.1,0.0,T-0749,B-01-02,T-0581,B-02-02
O0600,A,8932.6,30810.9,30810.9,30825.6,30851.7,30870.1,30898.4,30933.0,22000.4,21878.3,AMR1,AMR1,0,0,21,39.9,39.9,AMR1,61.1,61.1,AMR1,0,0,0.0,0,0,0,0,0.0,0,0.0,67,64.8,38.9,0.0,T-0750,A-05-03,T-0617,A-02-03
O0601,G,8936.6,30894.3,30894.3,30907.0,30931.4,30947.6,30976.8,31000.4,22063.8,21957.7,AMR2,AMR2,0,0,17,36.3,36.3,AMR2,55.2,55.2,AMR2,0,0,0.0,0,0,0,0,0.0,0,0.0,45,48.8,41.1,0.0,T-0751,G-05-01,T-0584,G-06-01
O0602,I,8940.6,30921.7,30921.7,30936.6,30964.2,30978.4,31002.9,31046.8,22106.2,21981.1,AMR3,AMR3,0,0,15,41.6,41.6,AMR3,49.8,49.8,AMR3,0,0,0.0,0,0,0,1,17.0,1,12.0,43,48.3,45.6,17.0,T-0752,I-02-03,T-0590,I-03-03
O0603,F,8945.7,30956.7,30956.7,30970.8,30999.8,31018.9,31053.5,31085.6,22139.9,22011.0,AMR1,AMR1,0,0,23,43.1,43.1,AMR1,65.1,65.1,AMR1,0,0,0.0,0,0,0,0,0.0,0,0.0,68,66.8,43.0,0.0,T-0753,F-06-02,T-0646,F-01-02
O0604,C,8951.9,31043.1,31043.1,31053.7,31074.2,31086.4,31111.3,31139.4,22187.5,22091.2,AMR2,AMR2,0,0,13,30.2,30.2,AMR2,53.1,53.1,AMR2,0,0,0.0,0,0,0,0,0.0,0,0.0,41,43.0,41.1,0.0,T-0754,C-01-01,T-0606,C-03-03
O0605,D,8955.0,31070.5,31070.5,31082.3,31105.5,31110.3,31131.4,31159.4,22204.4,22115.5,AMR3,AMR1,0,0,13,31.7,31.7,AMR3,49.8,49.8,AMR1,0,0,0.0,0,0,0,0,0.0,0,0.0,42,45.3,38.8,0.0,T-0755,D-06-02,T-0493,D-02-03
O0606,I,8960.8,31125.4,31125.4,31136.3,31162.4,31163.1,31191.8,31219.4,22258.6,22164.6,AMR3,AMR2,0,0,15,35.4,35.4,AMR3,57.2,57.2,AMR2,0,0,0.0,0,0,0,0,0.0,0,0.0,42,46.5,46.8,0.0,T-0756,I-03-03,T-0604,I-02-01
O0607,G,8966.7,31187.1,31187.1,31202.9,31230.5,31243.1,31269.0,31295.2,22328.5,22220.4,AMR1,AMR2,0,0,17,43.4,43.4,AMR1,50.5,50.5,AMR2,0,0,0.0,0,0,0,0,0.0,0,0.0,50,52.0,43.5,0.0,T-0757,G-06-01,T-0601,G-01-01
O0608,F,8971.9,31203.3,31203.3,31216.8,31250.2,31258.4,31294.9,31329.3,22357.4,22231.4,AMR3,AMR1,0,0,23,44.5,44.5,AMR3,66.8,66.8,AMR1,0,0,0.0,0,0,0,0,0.0,0,0.0,73,70.6,46.1,1.1,T-0758,F-01-02,T-0649,F-01-03
O0609,F,8976.4,31281.0,31281.0,31294.0,31325.3,31347.1,31378.4,31411.7,22435.3,22304.6,AMR3,AMR3,0,0,23,41.9,41.9,AMR3,66.0,66.0,AMR3,0,0,0.0,0,0,0,0,0.0,0,0.0,67,66.2,42.7,0.0,T-0759,F-02-03,T-0656,F-04-01
O0610,H,8980.8,31318.9,31318.9,31332.2,31357.4,31371.0,31399.2,31427.1,22446.3,22338.1,AMR2,AMR1,0,0,15,37.7,37.7,AMR2,54.5,54.5,AMR1,0,0,0.0,0,0,0,1,1.0,0,0.0,43,46.6,46.9,1.1,T-0760,H-04-01,T-0596,H-05-01
O0611,E,8985.8,31386.2,31386.2,31398.5,31425.1,31435.4,31464.7,31499.0,22513.2,22400.4,AMR2,AMR3,0,0,19,36.4,36.4,AMR2,65.3,65.3,AMR3,0,0,0.0,0,0,0,0,0.0,0,0.0,59,58.3,44.2,0.0,T-0761,E-04-01,T-0620,E-01-02
O0612,E,8989.9,31459.8,31459.8,31470.5,31496.6,31513.0,31542.5,31574.1,22584.2,22469.9,AMR1,AMR1,0,0,19,35.9,35.9,AMR1,59.3,59.3,AMR1,0,0,0.0,0,0,0,0,0.0,0,0.0,61,60.2,37.7,0.0,T-0762,E-01-02,T-0654,E-04-03
O0613,F,8995.8,31480.3,31480.3,31495.4,31525.9,31536.7,31566.0,31599.3,22603.5,22484.5,AMR2,AMR3,0,0,23,44.8,44.8,AMR2,63.5,63.5,AMR3,0,0,0.0,0,0,0,0,0.0,0,0.0,67,65.1,43.1,0.0,T-0763,F-04-01,T-0657,F-03-03
O0614,H,9000.7,31557.3,31557.3,31570.1,31595.5,31597.8,31625.6,31648.5,22647.8,22556.6,AMR2,AMR1,0,0,15,37.4,37.4,AMR2,52.1,52.1,AMR1,0,0,0.0,0,0,0,0,0.0,0,0.0,41,44.7,44.2,0.0,T-0764,H-05-01,T-0623,H-02-02
O0615,F,9004.2,31613.3,31613.3,31628.3,31663.7,31672.2,31709.6,31740.9,22736.7,22609.1,AMR2,AMR1,0,0,23,48.0,48.0,AMR2,64.6,64.6,AMR1,0,0,0.0,0,0,0,0,0.0,0,0.0,73,71.6,47.4,0.1,T-0765,F-01-03,T-0664,F-02-01
O0616,B,9010.4,31637.0,31637.0,31648.4,31672.7,31694.5,31721.2,31762.8,22752.4,22626.6,AMR3,AMR2,0,0,15,33.2,33.2,AMR3,55.0,55.0,AMR2,0,0,0.0,0,0,0,1,12.0,1,7.0,49,51.1,40.9,12.0,T-0766,B-02-02,T-0589,B-03-02
O0617,A,9013.6,31710.3,31710.3,31725.0,31753.4,31764.6,31792.3,31830.3,22816.7,22696.7,AMR3,AMR1,0,0,21,40.6,40.6,AMR3,66.4,66.4,AMR1,0,0,0.0,0,0,0,0,0.0,0,0.0,67,63.9,44.9,0.0,T-0767,A-01-03,T-0621,A-03-03
O0618,J,9020.3,31788.5,31788.5,31799.3,31827.9,31848.3,31878.2,31908.5,22888.2,22768.2,AMR2,AMR2,0,0,21,37.0,37.0,AMR2,62.1,62.1,AMR2,0,0,0.0,0,0,0,0,0.0,0,0.0,61,61.1,38.5,0.0,T-0768,J-05-02,T-0662,J-01-03
O0619,E,9024.2,31808.6,31808.6,31822.0,31848.4,31872.0,31899.8,31934.8,22910.6,22784.4,AMR3,AMR1,0,0,19,37.3,37.3,AMR3,59.5,59.5,AMR1,0,0,0.0,0,0,0,0,0.0,0,0.0,65,63.2,39.3,0.1,T-0769,E-04-03,T-0658,E-05-01
O0620,D,9030.0,31890.8,31890.8,31904.1,31926.0,31932.2,31958.9,31989.7,22959.7,22860.8,AMR3,AMR2,0,0,13,34.3,34.3,AMR3,52.8,52.8,AMR2,0,0,0.0,0,0,0,0,0.0,0,0.0,43,48.3,44.4,0.0,T-0770,D-01-03,T-0520,D-03-03
O0621,B,9033.1,31945.8,31945.8,31958.1,31982.7,31997.6,32020.9,32049.5,23016.4,22912.7,AMR3,AMR3,0,0,15,35.2,35.2,AMR3,52.1,52.1,AMR3,0,0,0.0,0,0,0,0,0.0,0,0.0,46,48.8,40.0,0.0,T-0771,B-03-02,T-0608,B-04-02
O0622,H,9037.1,31969.5,31969.5,31981.7,32007.5,32021.4,32048.5,32074.2,23037.1,22932.4,AMR1,AMR2,0,0,15,37.2,37.2,AMR1,52.7,52.7,AMR2,0,0,0.0,0,0,0,0,0.0,0,0.0,41,46.2,44.6,0.0,T-0772,H-02-02,T-0631,H-04-02
O0623,B,9042.0,32035.7,32035.7,32048.2,32071.6,32073.2,32097.9,32130.9,23088.9,22993.7,AMR1,AMR3,0,0,15,35.0,35.0,AMR1,55.4,55.4,AMR3,0,0,0.0,0,0,0,0,0.0,0,0.0,51,50.5,43.1,0.0,T-0773,B-04-02,T-0628,B-01-03
O0624,B,9048.8,32087.8,32087.8,32100.9,32128.3,32143.9,32166.2,32196.2,23147.4,23039.0,AMR1,AMR1,0,0,15,38.0,38.0,AMR1,52.5,52.5,AMR1,0,0,0.0,0,0,0,0,0.0,0,0.0,47,49.6,43.2,0.0,T-0774,B-01-03,T-0629,B-05-02
O0625,F,9054.4,32111.9,32111.9,32123.4,32155.0,32167.6,32200.7,32236.5,23182.1,23057.5,AMR2,AMR3,0,0,23,40.7,40.7,AMR2,69.8,69.8,AMR3,0,0,0.0,0,0,0,0,0.0,0,0.0,69,66.7,45.3,0.0,T-0775,F-02-01,T-0668,F-03-01
O0626,E,9060.0,32189.8,32189.8,32202.0,32232.4,32250.8,32277.0,32308.8,23248.8,23129.8,AMR2,AMR2,0,0,19,40.1,40.1,AMR2,59.7,59.7,AMR2,0,0,0.0,0,0,0,0,0.0,0,0.0,59,58.3,42.3,0.0,T-0776,E-05-01,T-0669,E-02-02
O0627,C,9064.2,32219.9,32219.9,32231.0,32254.9,32275.2,32301.5,32329.8,23265.6,23155.7,AMR1,AMR3,0,0,13,33.3,33.3,AMR1,54.3,54.3,AMR3,0,0,0.0,0,0,0,0,0.0,0,0.0,40,44.2,45.4,0.0,T-0777,C-03-03,T-0615,C-04-01
O0628,C,9069.5,32288.4,32288.4,32299.9,32322.1,32332.5,32354.2,32382.2,23312.7,23218.9,AMR1,AMR2,0,0,13,32.8,32.8,AMR1,48.9,48.9,AMR2,0,0,0.0,0,0,0,0,0.0,0,0.0,41,43.9,39.5,0.0,T-0778,C-05-03,T-0618,C-03-01
O0629,A,9074.1,32356.5,32356.5,32384.6,32411.1,32430.9,32459.9,32497.3,23423.2,23282.4,AMR3,AMR3,0,0,21,40.3,40.3,AMR3,64.6,64.6,AMR3,0,0,0.0,0,0,0,4,9.0,1,2.8,71,68.9,42.8,9.3,T-0779,A-02-03,T-0641,A-02-01
O0630,H,9080.3,32380.6,32380.6,32394.7,32417.4,32433.8,32460.5,32533.9,23453.6,23300.3,AMR1,AMR1,0,0,15,36.0,36.0,AMR1,51.8,51.8,AMR1,0,0,0.0,0,0,0,2,43.7,2,33.7,45,50.7,42.5,43.7,T-0780,H-04-02,T-0638,H-05-02
O0631,C,9083.3,32405.9,32405.9,32421.1,32443.9,32457.4,32482.3,32513.1,23429.8,23322.6,AMR2,AMR2,0,0,13,36.3,36.3,AMR2,53.4,53.4,AMR2,0,0,0.0,0,0,0,1,3.0,0,0.0,40,43.2,47.5,3.0,T-0781,C-03-01,T-0625,C-04-03
O0632,G,9087.5,32521.0,32521.0,32534.2,32562.9,32568.6,32597.7,32626.5,23539.0,23433.5,AMR3,AMR1,0,0,17,39.5,39.5,AMR3,57.8,57.8,AMR1,0,0,0.0,0,0,0,0,0.0,0,0.0,51,52.9,46.9,0.0,T-0782,G-01-01,T-0610,G-03-01
O0633,G,9092.5,32544.8,32544.8,32560.4,32585.4,32586.5,32613.7,32644.5,23552.0,23452.3,AMR2,AMR3,0,0,17,39.8,39.8,AMR2,53.4,53.4,AMR3,0,0,0.0,0,0,0,1,2.0,0,0.0,51,53.8,42.8,2.0,T-0783,G-05-03,T-0611,G-01-02
O0634,E,9096.5,32603.6,32603.6,32617.5,32641.7,32650.2,32684.0,32716.1,23619.6,23507.1,AMR2,AMR1,0,0,19,37.2,37.2,AMR2,62.2,62.2,AMR1,0,0,0.0,0,0,0,0,0.0,0,0.0,65,62.1,41.9,0.0,T-0784,E-02-02,T-0672,E-04-02
O0635,J,9102.5,32674.2,32674.2,32686.1,32713.4,32731.8,32763.4,32792.5,23690.0,23571.7,AMR3,AMR3,0,0,21,38.4,38.4,AMR3,60.6,60.6,AMR3,0,0,0.0,0,0,0,0,0.0,0,0.0,61,61.5,38.4,0.0,T-0785,J-01-03,T-0665,J-03-03
O0636,H,9105.5,32691.1,32691.1,32702.2,32726.7,32755.8,32781.7,32814.0,23708.5,23585.6,AMR2,AMR1,0,0,15,34.8,34.8,AMR2,54.6,54.6,AMR1,0,0,0.0,0,0,0,1,3.0,0,0.0,43,46.7,44.1,3.0,T-0786,H-05-02,T-0640,H-03-01
O0637,I,9111.2,32770.5,32770.5,32785.8,32810.4,32816.2,32842.0,32871.0,23759.8,23659.3,AMR2,AMR3,0,0,15,39.1,39.1,AMR2,52.2,52.2,AMR3,0,0,0.0,0,0,0,0,0.0,0,0.0,45,49.2,45.5,0.0,T-0787,I-02-01,T-0605,I-04-03
O0638,C,9116.3,32830.6,32830.6,32845.0,32866.8,32879.6,32904.8,32932.1,23815.8,23714.3,AMR2,AMR2,0,0,13,35.3,35.3,AMR2,52.2,52.2,AMR2,0,0,0.0,0,0,0,0,0.0,0,0.0,39,43.4,45.3,0.0,T-0788,C-04-01,T-0637,C-05-01
O0639,D,9123.2,32854.7,32854.7,32870.8,32891.1,32903.7,32927.6,32954.6,23831.4,23731.5,AMR1,AMR3,0,0,13,35.5,35.5,AMR1,50.1,50.1,AMR3,0,0,0.0,0,0,0,0,0.0,0,0.0,41,44.3,42.9,0.1,T-0789,D-02-03,T-0526,D-01-01
O0640,H,9127.3,32916.3,32916.3,32928.7,32954.4,32955.8,32980.9,33007.7,23880.4,23789.0,AMR1,AMR2,0,0,15,36.5,36.5,AMR1,50.2,50.2,AMR2,0,0,0.0,0,0,0,0,0.0,0,0.0,44,48.5,41.4,0.1,T-0790,H-03-01,T-0647,H-03-03
O0641,A,9131.5,32971.9,32971.9,32988.0,33020.9,33031.4,33063.7,33099.1,23967.6,23840.4,AMR1,AMR2,0,0,21,46.5,46.5,AMR1,62.4,62.4,AMR2,0,0,0.0,0,0,0,0,0.0,1,0.6,67,64.3,46.8,5.6,T-0791,A-02-01,T-0645,A-03-01
O0642,A,9137.1,32996.3,32996.3,33010.2,33040.3,33052.1,33084.9,33121.7,23984.6,23859.2,AMR3,AMR1,0,0,21,42.3,42.3,AMR3,65.3,65.3,AMR1,0,0,0.0,0,0,0,1,4.0,0,0.0,66,64.0,45.5,4.1,T-0792,A-03-03,T-0659,A-05-01
O0643,H,9141.9,33073.2,33073.2,33085.1,33110.7,33122.8,33174.8,33204.3,24062.4,23931.3,AMR3,AMR2,0,0,15,35.9,35.9,AMR3,55.8,55.8,AMR2,0,0,0.0,0,0,0,1,25.0,1,20.0,44,47.5,46.4,25.1,T-0793,H-03-03,T-0666,H-03-02
O0644,E,9145.4,33147.4,33147.4,33160.9,33192.4,33210.8,33237.8,33275.3,24129.9,24002.0,AMR1,AMR1,0,0,19,42.5,42.5,AMR1,62.7,62.7,AMR1,0,0,0.0,0,0,0,0,0.0,0,0.0,63,61.8,47.7,0.0,T-0794,E-04-02,T-0679,E-05-02
O0645,D,9150.9,33163.2,33163.2,33175.2,33197.7,33222.9,33249.0,33289.7,24138.8,24012.3,AMR3,AMR3,0,0,13,33.6,33.6,AMR3,52.5,52.5,AMR3,0,0,0.0,0,0,0,1,13.0,1,8.0,41,44.9,43.4,13.0,T-0795,D-01-01,T-0536,D-03-01
O0646,G,9154.5,33247.0,33247.0,33261.4,33290.7,33299.0,33322.8,33349.1,24194.6,24092.5,AMR2,AMR1,0,0,17,42.1,42.1,AMR2,51.5,51.5,AMR1,0,0,0.0,0,0,0,0,0.0,0,0.0,48,50.6,43.2,0.0,T-0796,G-03-01,T-0627,G-04-01
O0647,I,9159.1,33316.6,33316.6,33329.1,33357.1,33372.8,33397.2,33426.7,24267.6,24157.5,AMR2,AMR1,0,0,15,38.1,38.1,AMR2,52.8,52.8,AMR1,0,0,0.0,0,0,0,0,0.0,0,0.0,45,49.3,45.1,0.0,T-0797,I-04-03,T-0607,I-03-01
O0648,B,9165.4,33340.4,33340.4,33353.0,33375.6,33389.3,33410.8,33441.1,24275.7,24175.0,AMR3,AMR2,0,0,15,34.3,34.3,AMR3,52.0,52.0,AMR2,0,0,0.0,0,0,0,1,3.0,0,0.0,43,45.0,39.0,3.0,T-0798,B-05-02,T-0634,B-06-02
O0649,A,9171.4,33403.8,33403.8,33418.5,33447.1,33450.4,33483.6,33515.8,24344.4,24232.4,AMR3,AMR1,0,0,21,41.6,41.6,AMR3,64.1,64.1,AMR1,0,0,0.0,0,0,0,0,0.0,0,0.0,70,65.1,43.6,0.0,T-0799,A-03-01,T-0663,A-01-02
O0650,C,9176.5,33474.8,33474.8,33488.4,33509.2,33522.0,33542.3,33568.3,24391.8,24298.3,AMR2,AMR2,0,0,13,33.5,33.5,AMR2,48.0,48.0,AMR2,0,0,0.0,0,0,0,0,0.0,0,0.0,37,41.4,39.3,0.0,T-0800,C-05-01,T-0639,C-06-01
O0651,B,9182.8,33494.2,33494.2,33507.3,33529.1,33546.5,33574.5,33601.4,24418.6,24311.4,AMR3,AMR1,0,0,15,34.8,34.8,AMR3,52.7,52.7,AMR1,0,0,0.0,0,0,0,0,0.0,0,0.0,50,49.6,40.2,0.0,T-0801,B-06-02,T-0650,B-03-01
O0652,I,9188.0,33560.0,33560.0,33573.3,33599.8,33615.3,33640.0,33668.0,24480.0,24372.0,AMR3,AMR3,0,0,15,38.1,38.1,AMR3,50.1,50.1,AMR3,0,0,0.0,0,0,0,0,0.0,0,0.0,46,50.1,42.4,0.0,T-0802,I-03-01,T-0624,I-04-01
O0653,F,9193.7,33592.0,33592.0,33603.3,33636.4,33639.1,33672.8,33708.2,24514.5,24398.3,AMR2,AMR1,0,0,23,42.8,42.8,AMR2,68.5,68.5,AMR1,0,0,0.0,0,0,0,0,0.0,0,0.0,70,67.4,46.1,0.0,T-0803,F-03-01,T-0677,F-01-01
O0654,C,9200.3,33660.5,33660.5,33676.3,33700.6,33712.1,33734.8,33762.1,24561.8,24460.2,AMR2,AMR2,0,0,13,40.0,40.0,AMR2,51.2,51.2,AMR2,0,0,0.0,0,0,0,0,0.0,0,0.0,38,41.1,49.0,0.0,T-0804,C-06-01,T-0648,C-01-02
O0655,C,9203.8,33691.7,33691.7,33707.2,33728.9,33735.9,33755.7,33785.3,24581.5,24487.9,AMR3,AMR1,0,0,13,36.3,36.3,AMR3,50.6,50.6,AMR1,0,0,0.0,0,0,0,0,0.0,0,0.0,39,41.9,44.7,0.0,T-0805,C-04-03,T-0652,C-02-02
O0656,J,9208.6,33748.7,33748.7,33762.2,33792.7,33810.0,33843.9,33873.4,24664.8,24540.1,AMR3,AMR1,0,0,21,43.2,43.2,AMR3,61.4,61.4,AMR1,0,0,0.0,0,0,0,0,0.0,0,0.0,63,63.4,44.0,0.0,T-0806,J-02-03,T-0673,J-04-03
O0657,J,9213.2,33785.8,33785.8,33801.7,33832.9,33852.6,33885.3,33913.7,24700.5,24572.6,AMR2,AMR2,0,0,21,44.5,44.5,AMR2,63.0,63.0,AMR2,0,0,0.0,0,0,0,0,0.0,0,0.0,60,61.3,46.9,0.0,T-0807,J-03-03,T-0700,J-01-01
O0658,H,9218.5,33813.1,33813.1,33825.6,33852.1,33868.6,33896.3,33932.4,24713.9,24594.6,AMR3,AMR3,0,0,15,37.4,37.4,AMR3,56.2,56.2,AMR3,0,0,0.0,0,0,0,1,9.0,1,4.0,42,45.5,48.3,9.0,T-0808,H-03-02,T-0674,H-01-01
O0659,A,9221.8,33897.1,33897.1,33909.1,33935.7,33937.4,33971.4,34003.5,24781.7,24675.3,AMR1,AMR2,0,0,21,37.7,37.7,AMR1,64.9,64.9,AMR2,0,0,0.0,0,0,0,0,0.0,0,0.0,69,64.2,40.5,0.0,T-0809,A-05-01,T-0670,A-03-02
O0660,D,9224.9,33961.1,33961.1,33972.6,33998.4,34011.9,34037.6,34067.3,24842.4,24736.2,AMR3,AMR3,0,0,13,35.6,35.6,AMR3,52.6,52.6,AMR3,0,0,0.0,0,0,0,0,0.0,0,0.0,44,47.2,45.5,0.0,T-0810,D-03-01,T-0538,D-04-01
O0661,F,9231.8,33980.1,33980.1,33992.9,34027.3,34036.2,34068.5,34102.9,24871.1,24748.3,AMR1,AMR2,0,0,23,44.8,44.8,AMR1,69.1,69.1,AMR2,0,0,0.0,0,0,0,0,0.0,0,0.0,67,65.2,48.7,0.0,T-0811,F-01-01,T-0688,F-05-01
O0662,I,9238.8,34058.1,34058.1,34073.2,34096.9,34113.1,34141.9,34167.8,24929.0,24819.3,AMR1,AMR1,0,0,15,36.3,36.3,AMR1,52.1,52.1,AMR1,0,0,0.0,0,0,0,0,0.0,0,0.0,47,50.9,42.6,0.0,T-0812,I-04-01,T-0630,I-05-01
O0663,G,9242.1,34091.0,34091.0,34104.7,34132.2,34137.6,34167.6,34193.8,24951.7,24848.9,AMR3,AMR2,0,0,17,40.4,40.4,AMR3,56.1,56.1,AMR2,0,0,0.0,0,0,0,0,0.0,0,0.0,49,51.3,46.1,0.0,T-0813,G-04-01,T-0651,G-03-02
O0664,D,9247.7,34154.4,34154.4,34166.7,34187.8,34191.5,34220.8,34250.2,25002.5,24906.7,AMR3,AMR1,0,0,13,30.9,30.9,AMR3,53.9,53.9,AMR1,0,0,0.0,0,0,0,0,0.0,0,0.0,49,50.0,42.1,0.0,T-0814,D-04-01,T-0547,D-06-01
O0665,D,9252.3,34206.0,34206.0,34219.2,34241.6,34255.1,34278.7,34307.3,25055.0,24953.7,AMR3,AMR3,0,0,13,33.9,33.9,AMR3,49.4,49.4,AMR3,0,0,0.0,0,0,0,0,0.0,0,0.0,44,47.2,40.6,0.0,T-0815,D-03-03,T-0548,D-04-03
O0666,F,9258.3,34230.5,34230.5,34242.8,34275.0,34278.9,34310.4,34344.1,25085.8,24972.2,AMR2,AMR1,0,0,23,43.7,43.7,AMR2,69.6,69.6,AMR1,0,0,0.0,0,0,0,0,0.0,0,0.0,63,61.6,48.1,0.0,T-0816,F-05-01,T-0702,F-06-01
O0667,I,9264.2,34299.4,34299.4,34310.5,34336.9,34353.1,34382.0,34411.2,25147.0,25035.2,AMR2,AMR2,0,0,15,35.0,35.0,AMR2,54.0,54.0,AMR2,0,0,0.0,0,0,0,0,0.0,0,0.0,49,52.4,43.2,0.0,T-0817,I-05-01,T-0636,I-06-01
O0668,H,9268.2,34331.0,34331.0,34343.8,34368.1,34376.8,34404.5,34430.5,25162.3,25062.8,AMR3,AMR1,0,0,15,36.3,36.3,AMR3,55.6,55.6,AMR1,0,0,0.0,0,0,0,0,0.0,0,0.0,39,44.2,46.6,0.0,T-0818,H-01-01,T-0676,H-06-02
O0669,A,9275.0,34391.3,34391.3,34403.1,34433.8,34434.9,34460.5,34495.3,25220.3,25116.3,AMR3,AMR2,0,0,21,40.0,40.0,AMR3,62.6,62.6,AMR2,0,0,0.0,0,0,0,0,0.0,0,0.0,65,62.4,40.5,0.0,T-0819,A-01-02,T-0692,A-04-01
O0670,C,9281.2,34454.6,34454.6,34469.8,34489.5,34501.7,34527.1,34555.5,25274.3,25173.4,AMR3,AMR3,0,0,13,34.0,34.0,AMR3,53.0,53.0,AMR3,0,0,0.0,0,0,0,0,0.0,0,0.0,41,43.9,44.8,0.0,T-0820,C-01-02,T-0661,C-03-02
O0671,C,9285.0,34479.2,34479.2,34493.9,34515.7,34526.0,34547.0,34577.5,25292.5,25194.2,AMR1,AMR2,0,0,13,35.1,35.1,AMR1,51.2,51.2,AMR2,0,0,0.0,0,0,0,0,0.0,0,0.0,39,43.9,44.1,0.0,T-0821,C-02-02,T-0680,C-05-02
O0672,A,9290.4,34538.9,34538.9,34550.1,34579.6,34598.0,34629.7,34663.0,25372.6,25248.5,AMR1,AMR1,0,0,21,39.8,39.8,AMR1,66.2,66.2,AMR1,0,0,0.0,0,0,0,0,0.0,0,0.0,63,61.8,43.9,0.0,T-0822,A-04-01,T-0703,A-05-02
O0673,D,9296.4,34579.2,34579.2,34589.8,34611.8,34626.7,34652.2,34683.9,25387.5,25282.8,AMR3,AMR3,0,0,13,29.3,29.3,AMR3,53.4,53.4,AMR3,0,0,0.0,0,0,0,1,1.0,0,0.0,46,48.8,40.0,1.0,T-0823,D-06-01,T-0550,D-05-03
O0674,A,9300.2,34603.2,34603.2,34614.6,34644.7,34663.8,34689.9,34723.0,25422.8,25303.0,AMR2,AMR2,0,0,21,36.8,36.8,AMR2,60.4,60.4,AMR2,0,0,0.0,0,0,0,0,0.0,0,0.0,66,65.6,35.1,0.0,T-0824,A-03-02,T-0706,A-04-03
O0675,H,9305.3,34687.7,34687.7,34701.5,34725.7,34746.7,34772.7,34801.2,25495.9,25382.4,AMR1,AMR2,0,0,15,38.0,38.0,AMR1,54.4,54.4,AMR2,0,0,0.0,0,0,0,0,0.0,0,0.0,40,45.4,47.1,0.0,T-0825,H-06-02,T-0686,H-04-03
O0676,E,9310.6,34711.6,34711.6,34725.1,34754.0,34762.2,34787.7,34820.3,25509.7,25401.0,AMR3,AMR1,0,0,19,39.9,39.9,AMR3,58.8,58.8,AMR1,0,0,0.0,0,0,0,1,1.0,0,0.0,59,58.3,41.2,1.0,T-0826,E-05-02,T-0693,E-01-03
O0677,D,9314.9,34781.4,34781.4,34796.2,34820.6,34824.9,34877.5,34909.3,25594.4,25466.5,AMR3,AMR2,0,0,13,36.7,36.7,AMR3,54.3,54.3,AMR2,0,0,0.0,0,0,0,0,0.0,1,20.0,47,50.2,48.3,25.1,T-0827,D-04-03,T-0586,D-05-01
O0678,D,9319.0,34849.0,34849.0,34860.1,34890.6,34904.8,34927.5,34956.4,25637.4,25530.0,AMR1,AMR1,0,0,13,31.0,31.0,AMR1,51.8,51.8,AMR1,0,0,0.0,0,0,0,0,0.0,1,1.0,41,45.5,40.1,7.6,T-0828,D-05-03,T-0595,D-01-02
O0679,C,9324.8,34863.8,34863.8,34878.3,34901.5,34918.0,34939.6,34971.7,25646.9,25539.0,AMR3,AMR3,0,0,13,36.0,36.0,AMR3,48.9,48.9,AMR3,0,0,0.0,0,0,0,1,5.0,0,0.0,40,43.7,42.7,5.0,T-0829,C-03-02,T-0690,C-02-01
O0680,G,9331.5,34942.0,34942.0,34953.2,34982.9,35000.5,35030.0,35059.3,25727.8,25610.5,AMR2,AMR2,0,0,17,38.5,38.5,AMR2,56.2,56.2,AMR2,0,0,0.0,0,0,0,0,0.0,0,0.0,53,55.4,44.3,0.0,T-0830,G-01-02,T-0655,G-02-02
O0681,H,9337.3,34980.1,34980.1,34990.5,35013.2,35028.0,35054.5,35078.4,25741.1,25642.8,AMR1,AMR1,0,0,15,32.3,32.3,AMR1,51.8,51.8,AMR1,0,0,0.0,0,0,0,0,0.0,0,0.0,41,44.7,38.8,0.0,T-0831,H-04-03,T-0689,H-01-03
O0682,D,9341.0,35004.4,35004.4,35019.1,35042.9,35057.1,35078.8,35111.0,25770.0,25663.4,AMR3,AMR3,0,0,13,36.0,36.0,AMR3,49.1,49.1,AMR3,0,0,0.0,0,0,0,1,5.0,0,0.0,41,45.0,42.4,5.0,T-0832,D-05-01,T-0598,D-02-01
O0683,F,9345.3,35083.0,35083.0,35096.9,35126.1,35134.7,35164.0,35197.0,25851.7,25737.7,AMR2,AMR3,0,0,23,43.1,43.1,AMR2,61.7,61.7,AMR3,0,0,0.0,0,0,0,0,0.0,0,0.0,68,65.8,39.6,0.0,T-0833,F-06-01,T-0713,F-02-02
O0684,G,9350.5,35107.1,35107.1,35130.6,35160.5,35178.1,35207.6,35232.3,25881.8,25756.6,AMR1,AMR1,0,0,17,51.0,51.0,AMR1,54.6,54.6,AMR1,0,0,0.0,0,0,0,0,0.0,0,0.0,49,52.4,55.2,0.0,T-0834,G-02-02,T-0660,G-04-02
O0685,D,9354.0,35154.2,35154.2,35169.8,35191.1,35203.3,35229.2,35254.2,25900.2,25800.2,AMR2,AMR2,0,0,13,36.0,36.0,AMR2,51.6,51.6,AMR2,0,0,0.0,0,0,0,0,0.0,0,0.0,39,42.9,44.9,0.0,T-0835,D-02-01,T-0644,D-02-02
O0686,E,9359.6,35227.7,35227.7,35241.7,35271.7,35279.9,35313.9,35345.4,25985.8,25868.1,AMR3,AMR2,0,0,19,43.1,43.1,AMR3,61.7,61.7,AMR2,0,0,0.0,0,0,0,0,0.0,0,0.0,65,62.2,47.3,0.0,T-0836,E-01-03,T-0696,E-06-02
O0687,A,9364.8,35256.0,35256.0,35267.2,35296.0,35297.1,35323.9,35368.3,26003.5,25891.2,AMR1,AMR3,0,0,21,39.1,39.1,AMR1,61.4,61.4,AMR3,0,0,0.0,0,0,0,1,14.0,1,9.0,61,58.8,38.4,14.0,T-0837,A-05-02,T-0710,A-06-01
O0688,A,9369.3,35316.4,35316.4,35327.2,35364.0,35369.1,35399.6,35436.9,26067.6,25947.1,AMR1,AMR2,0,0,21,36.5,36.5,AMR1,66.5,66.5,AMR2,0,0,0.0,0,0,0,0,0.0,1,6.0,68,63.5,40.9,11.0,T-0838,A-06-01,T-0726,A-02-02
O0689,J,9373.0,35393.0,35393.0,35403.9,35432.6,35451.0,35483.1,35518.1,26145.1,26020.0,AMR3,AMR3,0,0,21,38.8,38.8,AMR3,64.0,64.0,AMR3,0,0,0.0,0,0,0,0,0.0,0,0.0,65,64.5,42.2,0.0,T-0839,J-01-01,T-0701,J-06-02
O0690,H,9378.3,35410.1,35410.1,35424.2,35450.8,35466.0,35492.3,35533.2,26154.9,26031.8,AMR1,AMR1,0,0,15,39.9,39.9,AMR1,54.5,54.5,AMR1,0,0,0.0,0,0,0,2,15.6,1,9.0,39,43.2,49.1,15.6,T-0840,H-01-03,T-0711,H-06-01
O0691,D,9385.1,35489.6,35489.6,35501.7,35521.8,35541.8,35568.8,35595.6,26210.5,26104.5,AMR2,AMR3,0,0,13,31.3,31.3,AMR2,49.5,49.5,AMR3,0,0,0.0,0,0,0,0,0.0,0,0.0,43,47.9,38.1,0.0,T-0841,D-01-02,T-0682,D-03-02
O0692,F,9388.6,35554.6,35554.6,35569.2,35603.2,35619.3,35657.9,35693.4,26304.8,26166.0,AMR2,AMR3,0,0,23,46.2,46.2,AMR2,68.9,68.9,AMR3,0,0,0.0,0,0,0,0,0.0,1,1.1,69,66.7,49.9,6.1,T-0842,F-02-02,T-0714,F-03-02
O0693,F,9394.4,35578.9,35578.9,35592.7,35626.8,35642.4,35671.4,35713.3,26318.9,26184.5,AMR1,AMR2,0,0,23,46.3,46.3,AMR1,63.3,63.3,AMR2,0,0,0.0,0,0,0,1,9.0,1,4.0,66,65.4,44.4,9.0,T-0843,F-03-03,T-0715,F-04-03
O0694,F,9399.6,35663.9,35663.9,35688.1,35717.9,35739.0,35767.2,35795.6,26396.0,26264.3,AMR1,AMR1,0,0,23,52.4,52.4,AMR1,60.0,60.0,AMR1,0,0,0.0,0,0,0,0,0.0,0,0.0,64,63.4,47.2,0.0,T-0844,F-03-02,T-0716,F-06-03
O0695,H,9404.7,35717.1,35717.1,35727.7,35752.6,35766.1,35792.2,35818.9,26414.2,26312.4,AMR3,AMR3,0,0,15,35.5,35.5,AMR3,54.0,54.0,AMR3,0,0,0.0,0,0,0,0,0.0,0,0.0,40,44.1,44.2,0.0,T-0845,H-06-01,T-0722,H-01-02
O0696,C,9409.7,35742.6,35742.6,35758.4,35778.1,35790.3,35811.2,35842.0,26432.3,26332.9,AMR2,AMR2,0,0,13,34.6,34.6,AMR2,52.4,52.4,AMR2,0,0,0.0,0,0,0,0,0.0,0,0.0,39,42.4,44.8,0.0,T-0846,C-02-01,T-0691,C-04-02
O0697,B,9414.6,35819.3,35819.3,35832.0,35858.2,35867.7,35896.9,35926.7,26512.1,26404.7,AMR1,AMR2,0,0,15,37.2,37.2,AMR1,56.7,56.7,AMR2,0,0,0.0,0,0,0,0,0.0,0,0.0,52,51.3,46.6,0.0,T-0847,B-03-01,T-0653,B-02-03
O0698,D,9418.9,35843.6,35843.6,35856.8,35879.3,35883.1,35909.1,35946.3,26527.4,26424.7,AMR3,AMR1,0,0,13,34.8,34.8,AMR3,49.0,49.0,AMR1,0,0,0.0,0,0,0,2,10.5,1,3.0,47,47.3,41.1,10.5,T-0848,D-02-02,T-0694,D-04-02
O0699,I,9422.5,35895.5,35895.5,35910.2,35939.2,35950.4,35977.5,36009.5,26587.0,26473.0,AMR3,AMR2,0,0,15,40.4,40.4,AMR3,56.0,56.0,AMR2,0,0,0.0,0,0,0,1,4.0,0,0.0,44,48.2,50.6,4.0,T-0849,I-06-01,T-0643,I-01-02
O0700,I,9426.1,35968.1,35968.1,35979.3,36002.3,36016.5,36042.3,36067.5,26641.4,26542.0,AMR3,AMR3,0,0,15,33.4,33.4,AMR3,51.9,51.9,AMR3,0,0,0.0,0,0,0,0,0.0,0,0.0,41,45.7,39.5,0.0,T-0850,I-01-02,T-0683,I-02-02
O0701,H,9432.4,35992.0,35992.0,36005.8,36030.3,36040.2,36070.5,36098.9,26666.5,26559.6,AMR1,AMR2,0,0,15,37.5,37.5,AMR1,57.6,57.6,AMR2,0,0,0.0,0,0,0,0,0.0,0,0.0,43,47.1,49.8,0.1,T-0851,H-01-02,T-0734,H-02-03
O0702,I,9438.5,36054.5,36054.5,36068.0,36095.0,36109.2,36136.5,36162.4,26723.9,26616.0,AMR1,AMR1,0,0,15,39.7,39.7,AMR1,52.1,52.1,AMR1,0,0,0.0,0,0,0,0,0.0,0,0.0,43,47.7,46.0,0.0,T-0852,I-02-02,T-0684,I-03-02
O0703,B,9442.1,36091.2,36091.2,36103.2,36125.9,36141.5,36165.6,36207.5,26765.4,26649.1,AMR3,AMR3,0,0,15,32.2,32.2,AMR3,55.7,55.7,AMR3,0,0,0.0,0,0,0,1,9.0,1,4.0,49,51.1,40.6,9.0,T-0853,B-02-03,T-0667,B-03-03
O0704,C,9448.0,36122.6,36122.6,36138.0,36161.0,36173.8,36196.9,36222.7,26774.7,26674.6,AMR2,AMR2,0,0,13,37.5,37.5,AMR2,50.6,50.6,AMR2,0,0,0.0,0,0,0,0,0.0,0,0.0,37,41.4,45.9,0.0,T-0854,C-04-02,T-0720,C-06-02
O0705,J,9451.1,36198.1,36198.1,36212.7,36242.1,36255.4,36286.7,36316.3,26865.2,26747.0,AMR1,AMR2,0,0,21,40.8,40.8,AMR1,62.8,62.8,AMR2,0,0,0.0,0,0,0,0,0.0,0,0.0,62,61.9,43.0,0.0,T-0855,J-06-02,T-0704,J-02-01
O0706,D,9457.2,36231.2,36231.2,36244.8,36269.9,36277.2,36303.9,36335.7,26878.5,26774.0,AMR3,AMR1,0,0,13,37.0,37.0,AMR3,50.8,50.8,AMR1,0,0,0.0,0,0,0,1,3.0,0,0.0,48,49.1,45.1,3.0,T-0856,D-03-02,T-0725,D-05-02
O0707,I,9463.0,36291.4,36291.4,36305.4,36333.0,36340.0,36367.5,36392.7,26929.7,26828.4,AMR3,AMR2,0,0,15,40.0,40.0,AMR3,50.1,50.1,AMR2,0,0,0.0,0,0,0,0,0.0,0,0.0,46,50.0,44.3,0.0,T-0857,I-03-02,T-0695,I-04-02
O0708,G,9466.3,36355.5,36355.5,36368.0,36396.8,36416.4,36443.9,36471.3,27005.0,26889.2,AMR3,AMR2,0,0,17,39.7,39.7,AMR3,56.3,56.3,AMR2,0,0,0.0,0,0,0,0,0.0,0,0.0,48,50.6,45.6,0.0,T-0858,G-03-02,T-0671,G-05-02
O0709,I,9471.9,36379.4,36379.4,36394.8,36422.1,36433.7,36460.9,36485.6,27013.7,26907.5,AMR1,AMR3,0,0,15,40.2,40.2,AMR1,46.8,46.8,AMR3,0,0,0.0,0,0,0,0,0.0,0,0.0,49,53.3,41.2,0.1,T-0859,I-04-02,T-0697,I-05-02
O0710,G,9475.0,36450.3,36450.3,36460.9,36486.4,36495.0,36522.2,36552.7,27077.7,26975.3,AMR1,AMR2,0,0,17,35.3,35.3,AMR1,56.1,56.1,AMR2,0,0,0.0,0,0,0,0,0.0,0,0.0,51,52.8,41.0,0.0,T-0860,G-04-02,T-0687,G-02-01
O0711,J,9478.0,36511.6,36511.6,36526.9,36557.4,36576.4,36605.5,36637.5,27159.5,27033.6,AMR1,AMR2,0,0,21,44.0,44.0,AMR1,59.5,59.5,AMR2,0,0,0.0,0,0,0,0,0.0,0,0.0,63,64.0,42.9,0.0,T-0861,J-02-01,T-0705,J-05-03
O0712,A,9484.3,36535.3,36535.3,36550.3,36579.5,36594.8,36628.8,36666.7,27182.4,27051.0,AMR3,AMR1,0,0,21,41.7,41.7,AMR3,67.6,67.6,AMR1,0,0,0.0,0,0,0,0,0.0,0,0.0,71,68.8,47.2,0.1,T-0862,A-02-02,T-0732,A-01-01
O0713,H,9489.4,36615.3,36615.3,36627.7,36649.9,36661.2,36690.1,36714.1,27224.7,27125.9,AMR3,AMR2,0,0,15,33.8,33.8,AMR3,51.8,51.8,AMR2,0,0,0.0,0,0,0,0,0.0,0,0.0,43,47.1,40.3,0.1,T-0863,H-02-03,T-0741,H-02-01
O0714,H,9493.4,36676.1,36676.1,36692.4,36715.2,36737.8,36764.7,36788.5,27295.1,27182.7,AMR3,AMR2,0,0,15,38.3,38.3,AMR3,50.6,50.6,AMR2,0,0,0.0,0,0,0,0,0.0,0,0.0,41,46.2,43.6,0.0,T-0864,H-02-01,T-0760,H-04-01
O0715,D,9498.3,36700.4,36700.4,36712.9,36735.4,36752.4,36779.2,36809.1,27310.8,27202.1,AMR1,AMR3,0,0,13,32.5,32.5,AMR1,51.9,51.9,AMR3,0,0,0.0,0,0,0,1,1.0,0,0.0,49,49.0,41.7,1.0,T-0865,D-04-02,T-0755,D-06-02
O0716,J,9504.0,36766.6,36766.6,36779.4,36811.2,36812.2,36868.6,36903.1,27399.1,27262.6,AMR1,AMR2,0,0,21,42.2,42.2,AMR1,62.4,62.4,AMR2,0,0,0.0,0,0,0,0,0.0,1,20.0,67,66.4,44.0,25.1,T-0866,J-04-03,T-0712,J-04-01
O0717,I,9510.0,36836.8,36836.8,36852.4,36880.9,36897.1,36926.5,36956.3,27446.3,27326.8,AMR3,AMR3,0,0,15,41.7,41.7,AMR3,55.1,55.1,AMR3,0,0,0.0,0,0,0,0,0.0,0,0.0,49,52.3,51.0,0.0,T-0867,I-05-02,T-0699,I-06-02
O0718,C,9515.3,36857.6,36857.6,36872.0,36893.4,36910.6,36934.6,36972.0,27456.7,27342.3,AMR1,AMR1,0,0,13,34.9,34.9,AMR1,51.6,51.6,AMR1,0,0,0.0,0,0,0,1,10.0,1,5.0,39,42.9,44.3,10.0,T-0868,C-05-02,T-0736,C-01-03
O0719,I,9518.9,36934.8,36934.8,36949.3,36974.2,36980.0,37003.0,37029.5,27510.6,27415.9,AMR2,AMR3,0,0,15,36.2,36.2,AMR2,50.4,50.4,AMR3,0,0,0.0,0,0,0,0,0.0,0,0.0,44,48.1,40.8,0.0,T-0869,I-06-02,T-0707,I-01-01
O0720,C,9525.1,37003.7,37003.7,37017.6,37040.9,37053.2,37073.7,37101.9,27576.8,27478.6,AMR1,AMR3,0,0,13,37.1,37.1,AMR1,49.9,49.9,AMR3,0,0,0.0,0,0,0,0,0.0,0,0.0,38,41.1,44.8,0.0,T-0870,C-06-02,T-0738,C-02-03
O0721,I,9531.8,37021.1,37021.1,37043.9,37066.2,37066.9,37093.3,37117.6,27585.8,27489.3,AMR2,AMR1,0,0,15,44.3,44.3,AMR2,50.1,50.1,AMR1,0,0,0.0,0,0,0,0,0.0,0,0.0,43,47.1,48.6,0.1,T-0871,I-01-01,T-0746,I-01-03
O0722,H,9534.9,37081.4,37081.4,37097.2,37118.9,37125.6,37153.1,37177.5,27642.6,27546.5,AMR2,AMR3,0,0,15,36.7,36.7,AMR2,51.3,51.3,AMR3,0,0,0.0,0,0,0,0,0.0,0,0.0,43,46.6,42.7,0.1,T-0872,H-04-01,T-0764,H-05-01
O0723,H,9540.2,37140.7,37140.7,37156.1,37180.6,37201.2,37227.6,37254.4,27714.2,27600.5,AMR2,AMR3,0,0,15,39.1,39.1,AMR2,54.6,54.6,AMR3,0,0,0.0,0,0,0,0,0.0,0,0.0,41,44.7,48.4,0.0,T-0873,H-05-01,T-0772,H-02-02
O0724,I,9547.0,37165.3,37165.3,37181.5,37204.5,37216.4,37246.0,37270.4,27723.4,27618.3,AMR1,AMR2,0,0,15,38.3,38.3,AMR1,53.4,53.4,AMR2,0,0,0.0,0,0,0,0,0.0,0,0.0,43,47.2,45.9,0.1,T-0874,I-01-03,T-0752,I-02-03
O0725,I,9551.2,37230.7,37230.7,37246.3,37269.4,37278.1,37304.7,37330.6,27779.4,27679.5,AMR1,AMR3,0,0,15,37.9,37.9,AMR1,51.4,51.4,AMR3,0,0,0.0,0,0,0,0,0.0,0,0.0,43,47.7,43.5,0.0,T-0875,I-02-03,T-0756,I-03-03
O0726,D,9557.8,37292.6,37292.6,37303.4,37328.9,37343.1,37367.4,37393.0,27835.2,27734.8,AMR1,AMR1,0,0,13,33.8,33.8,AMR1,50.6,50.6,AMR1,0,0,0.0,0,0,0,0,0.0,0,0.0,41,44.5,41.7,0.0,T-0876,D-05-02,T-0770,D-01-03
O0727,H,9563.7,37317.1,37317.1,37333.5,37356.2,37367.3,37392.4,37421.1,27857.4,27753.4,AMR2,AMR3,0,0,15,38.3,38.3,AMR2,53.7,53.7,AMR3,0,0,0.0,0,0,0,0,0.0,0,0.0,41,46.2,46.7,0.0,T-0877,H-02-02,T-0780,H-04-02
O0728,C,9567.1,37382.4,37382.4,37393.5,37414.9,37416.7,37439.0,37468.8,27901.7,27815.3,AMR2,AMR1,0,0,13,31.6,31.6,AMR2,51.2,51.2,AMR1,0,0,0.0,0,0,0,0,0.0,0,0.0,41,43.9,40.6,0.1,T-0878,C-01-03,T-0754,C-01-01
O0729,G,9572.5,37429.1,37429.1,37444.0,37473.1,37492.5,37519.7,37543.3,27970.8,27856.6,AMR2,AMR1,0,0,17,41.6,41.6,AMR2,54.2,54.2,AMR1,0,0,0.0,0,0,0,0,0.0,0,0.0,47,49.4,45.4,0.0,T-0879,G-02-01,T-0709,G-06-02
O0730,H,9579.4,37452.8,37452.8,37468.2,37494.9,37510.7,37535.6,37563.0,27983.6,27873.4,AMR3,AMR2,0,0,15,41.3,41.3,AMR3,50.7,50.7,AMR2,0,0,0.0,0,0,0,0,0.0,0,0.0,43,47.6,46.7,0.1,T-0880,H-04-02,T-0786,H-05-02
O0731,I,9584.4,37525.7,37525.7,37540.0,37567.7,37583.2,37609.9,37633.1,28048.7,27941.3,AMR3,AMR3,0,0,15,40.4,40.4,AMR3,50.8,50.8,AMR3,0,0,0.0,0,0,0,0,0.0,0,0.0,42,46.5,45.4,0.0,T-0881,I-03-03,T-0787,I-02-01
O0732,I,9588.1,37567.0,37567.0,37579.8,37603.3,37622.3,37650.6,37679.1,28091.0,27978.9,AMR1,AMR1,0,0,15,33.9,33.9,AMR1,54.2,54.2,AMR1,0,0,0.0,0,0,0,0,0.0,0,0.0,47,50.8,42.3,0.0,T-0882,I-05-03,T-0797,I-04-03
O0733,D,9594.2,37590.7,37590.7,37602.1,37625.3,37640.2,37664.5,37696.7,28102.5,27996.5,AMR2,AMR2,0,0,13,31.3,31.3,AMR2,54.2,54.2,AMR2,0,0,0.0,0,0,0,1,3.0,0,0.0,42,45.3,42.8,3.0,T-0883,D-06-02,T-0789,D-02-03
O0734,I,9597.5,37663.8,37663.8,37678.9,37704.3,37718.5,37748.5,37773.5,28176.0,28066.3,AMR3,AMR3,0,0,15,39.7,39.7,AMR3,53.5,53.5,AMR3,0,0,0.0,0,0,0,0,0.0,0,0.0,43,48.1,47.4,0.0,T-0884,I-02-01,T-0802,I-03-01
O0735,I,9603.6,37702.8,37702.8,37717.2,37741.4,37758.0,37782.8,37812.5,28208.9,28099.2,AMR1,AMR1,0,0,15,36.2,36.2,AMR1,49.4,49.4,AMR1,0,0,0.0,0,0,0,1,2.0,0,0.0,47,51.3,39.8,2.0,T-0885,I-04-03,T-0812,I-04-01
O0736,H,9608.1,37726.4,37726.4,37742.0,37769.3,37784.1,37810.3,37838.4,28230.3,28118.3,AMR2,AMR2,0,0,15,42.1,42.1,AMR2,53.7,53.7,AMR2,0,0,0.0,0,0,0,0,0.0,0,0.0,43,46.7,50.5,0.0,T-0886,H-05-02,T-0790,H-03-01
O0737,D,9612.5,37808.2,37808.2,37821.8,37843.3,37855.5,37878.8,37909.1,28296.6,28195.7,AMR3,AMR3,0,0,13,34.2,34.2,AMR3,53.9,53.9,AMR3,0,0,0.0,0,0,0,0,0.0,0,0.0,39,43.3,45.4,0.0,T-0887,D-01-03,T-0795,D-01-01
O0738,I,9616.3,37836.2,37836.2,37851.1,37879.4,37895.3,37921.2,37946.4,28330.1,28219.9,AMR1,AMR1,0,0,15,41.6,41.6,AMR1,48.5,48.5,AMR1,0,0,0.0,0,0,0,0,0.0,0,0.0,46,50.0,44.3,0.0,T-0888,I-03-01,T-0817,I-05-01
O0739,C,9619.4,37862.1,37862.1,37873.0,37894.4,37907.6,37929.5,37968.5,28349.1,28242.7,AMR2,AMR2,0,0,13,31.4,31.4,AMR2,52.0,52.0,AMR2,0,0,0.0,0,0,0,1,9.0,1,4.0,41,43.0,41.2,9.0,T-0889,C-01-01,T-0777,C-03-03
O0740,I,9624.8,37932.8,37932.8,37946.3,37971.5,37987.7,38018.1,38044.3,28419.5,28308.0,AMR3,AMR3,0,0,15,36.3,36.3,AMR3,52.1,52.1,AMR3,0,0,0.0,0,0,0,0,0.0,0,0.0,49,52.7,42.6,0.0,T-0890,I-04-01,T-0849,I-06-01
O0741,C,9628.9,37970.1,37970.1,37986.0,38010.6,38023.8,38046.9,38075.8,28446.9,28341.2,AMR1,AMR1,0,0,13,39.6,39.6,AMR1,51.7,51.7,AMR1,0,0,0.0,0,0,0,0,0.0,0,0.0,39,43.4,49.1,0.0,T-0891,C-02-03,T-0778,C-05-03
O0742,B,9635.5,37994.2,37994.2,38006.4,38029.1,38044.0,38067.6,38096.4,28460.9,28358.7,AMR2,AMR2,0,0,15,33.2,33.2,AMR2,52.6,52.6,AMR2,0,0,0.0,0,0,0,0,0.0,0,0.0,46,48.8,38.5,0.0,T-0892,B-03-03,T-0675,B-04-03
O0743,B,9640.6,38068.0,38068.0,38082.2,38103.4,38117.6,38144.4,38175.1,28534.5,28427.4,AMR3,AMR3,0,0,15,34.5,34.5,AMR3,54.7,54.7,AMR3,0,0,0.0,0,0,0,0,0.0,0,0.0,49,51.0,41.9,0.0,T-0893,B-04-03,T-0678,B-01-01
O0744,D,9644.7,38099.5,38099.5,38110.7,38134.8,38147.0,38170.5,38201.8,28557.1,28454.8,AMR1,AMR1,0,0,13,34.4,34.4,AMR1,53.5,53.5,AMR1,0,0,0.0,0,0,0,0,0.0,0,0.0,41,44.9,45.2,0.0,T-0894,D-01-01,T-0810,D-03-01
O0745,H,9648.4,38123.1,38123.1,38134.4,38159.6,38175.1,38203.7,38231.4,28583.0,28474.7,AMR2,AMR2,0,0,15,34.9,34.9,AMR2,55.7,55.7,AMR2,0,0,0.0,0,0,0,0,0.0,0,0.0,44,47.5,45.3,0.0,T-0895,H-03-01,T-0793,H-03-03
O0746,D,9654.5,38198.8,38198.8,38212.2,38233.2,38246.7,38271.5,38300.3,28645.8,28544.3,AMR3,AMR3,0,0,13,32.7,32.7,AMR3,48.9,48.9,AMR3,0,0,0.0,0,0,0,0,0.0,0,0.0,48,49.1,38.9,0.0,T-0896,D-03-01,T-0814,D-04-01
O0747,D,9660.0,38225.5,38225.5,38238.9,38260.5,38272.7,38295.0,38326.9,28666.9,28565.5,AMR1,AMR1,0,0,13,34.1,34.1,AMR1,47.3,47.3,AMR1,0,0,0.0,0,0,0,1,5.6,1,0.6,41,44.9,38.7,5.6,T-0897,D-02-03,T-0815,D-03-03
O0748,I,9663.4,38255.1,38255.1,38270.7,38298.4,38315.0,38343.9,38369.7,28706.3,28591.7,AMR2,AMR2,0,0,15,40.8,40.8,AMR2,55.1,55.1,AMR2,0,0,0.0,0,0,0,0,0.0,0,0.0,43,47.9,50.1,0.0,T-0898,I-05-01,T-0850,I-01-02
O0749,H,9669.8,38339.0,38339.0,38353.0,38380.1,38393.4,38422.9,38449.6,28779.8,28669.2,AMR3,AMR2,0,0,15,39.5,39.5,AMR3,54.5,54.5,AMR2,0,0,0.0,0,0,0,1,1.0,0,0.0,44,47.5,48.7,1.1,T-0899,H-03-03,T-0808,H-03-02
O0750,J,9674.1,38363.6,38363.6,38375.6,38406.7,38409.6,38439.0,38471.8,28797.7,28689.5,AMR1,AMR3,0,0,21,40.7,40.7,AMR1,62.1,62.1,AMR3,0,0,0.0,0,0,0,0,0.0,0,0.0,63,63.1,42.2,0.0,T-0900,J-04-01,T-0727,J-03-01
O0751,D,9677.7,38430.1,38430.1,38441.7,38468.0,38473.3,38502.3,38534.7,28857.0,28752.4,AMR1,AMR2,0,0,13,35.4,35.4,AMR1,56.6,56.6,AMR2,0,0,0.0,0,0,0,0,0.0,0,0.0,49,50.0,49.3,0.0,T-0901,D-04-01,T-0823,D-06-01
O0752,E,9681.9,38497.5,38497.5,38513.2,38540.1,38558.4,38584.9,38616.2,28934.3,28815.6,AMR3,AMR2,0,0,19,39.3,39.3,AMR3,59.5,59.5,AMR2,0,0,0.0,0,0,0,0,0.0,0,0.0,60,59.1,41.3,0.0,T-0902,E-06-02,T-0698,E-02-03
O0753,G,9687.9,38512.3,38512.3,38524.7,38551.9,38575.1,38603.2,38638.3,28950.4,28824.4,AMR1,AMR1,0,0,17,38.8,38.8,AMR1,56.6,56.6,AMR1,0,0,0.0,0,0,0,1,4.0,0,0.0,51,53.8,45.0,4.0,T-0903,G-05-02,T-0719,G-01-03
O0754,I,9692.2,38594.6,38594.6,38605.1,38631.8,38639.9,38666.5,38697.4,29005.2,28902.4,AMR3,AMR2,0,0,15,34.0,34.0,AMR3,54.4,54.4,AMR2,0,0,0.0,0,0,0,1,4.0,0,0.0,44,48.1,42.6,4.0,T-0904,I-06-01,T-0852,I-02-02
O0755,D,9695.6,38656.7,38656.7,38670.0,38696.3,38711.6,38737.6,38768.6,29073.0,28961.1,AMR3,AMR3,0,0,13,36.3,36.3,AMR3,53.8,53.8,AMR3,0,0,0.0,0,0,0,0,0.0,0,0.0,46,49.2,47.4,0.0,T-0905,D-06-01,T-0827,D-04-03
O0756,I,9701.7,38681.0,38681.0,38693.2,38716.8,38736.1,38765.4,38790.0,29088.3,28979.3,AMR1,AMR2,0,0,15,35.0,35.0,AMR1,52.8,52.8,AMR2,0,0,0.0,0,0,0,0,0.0,0,0.0,43,47.7,42.0,0.0,T-0906,I-01-02,T-0857,I-03-02
O0757,J,9705.5,38751.0,38751.0,38764.8,38793.5,38813.2,38845.2,38878.7,29173.2,29045.5,AMR1,AMR1,0,0,21,40.9,40.9,AMR1,62.0,62.0,AMR1,0,0,0.0,0,0,0,0,0.0,0,0.0,66,65.7,42.3,0.0,T-0907,J-03-01,T-0735,J-06-01
O0758,F,9711.8,38792.3,38792.3,38804.6,38833.6,38854.0,38885.4,38918.5,29206.7,29080.5,AMR3,AMR3,0,0,23,40.5,40.5,AMR3,65.9,65.9,AMR3,0,0,0.0,0,0,0,0,0.0,0,0.0,65,64.6,41.2,0.0,T-0908,F-04-03,T-0721,F-05-02
O0759,B,9716.8,38816.7,38816.7,38828.5,38856.3,38871.9,38895.2,38937.2,29220.4,29099.9,AMR2,AMR2,0,0,15,37.1,37.1,AMR2,50.5,50.5,AMR2,0,0,0.0,0,0,0,1,12.0,1,7.0,51,52.6,40.3,12.0,T-0909,B-01-01,T-0681,B-02-01
O0760,F,9722.4,38902.4,38902.4,38916.2,38945.2,39005.1,39037.4,39069.3,29346.9,29180.0,AMR1,AMR1,0,0,23,42.0,42.0,AMR1,65.6,65.6,AMR1,0,0,0.0,0,0,0,0,0.0,0,0.0,65,64.6,42.4,0.0,T-0910,F-05-02,T-0737,F-04-02
O0761,I,9727.2,38942.2,38942.2,38953.4,38980.0,39020.2,39049.4,39103.5,29376.3,29215.0,AMR3,AMR3,0,0,15,37.0,37.0,AMR3,53.2,53.2,AMR3,0,0,0.0,0,0,0,2,27.1,2,17.1,45,49.6,44.4,27.1,T-0911,I-02-02,T-0859,I-04-02
O0762,J,9732.3,39023.0,39023.0,39037.1,39069.1,39090.2,39120.4,39155.5,29423.2,29290.7,AMR2,AMR2,0,0,21,42.9,42.9,AMR2,63.7,63.7,AMR2,0,0,0.0,0,0,0,0,0.0,0,0.0,66,65.4,46.0,0.0,T-0912,J-06-01,T-0742,J-05-01
O0763,E,9737.4,39114.0,39114.0,39129.3,39156.8,39179.2,39222.7,39273.4,29536.0,29376.6,AMR1,AMR2,0,0,19,40.9,40.9,AMR1,64.1,64.1,AMR2,0,0,0.0,0,0,0,1,14.0,2,18.5,61,60.9,47.5,28.6,T-0913,E-02-03,T-0708,E-02-01
O0764,C,9744.0,39138.2,39138.2,39154.2,39175.2,39192.7,39219.0,39244.4,29500.4,29394.2,AMR3,AMR3,0,0,13,35.3,35.3,AMR3,50.8,50.8,AMR3,0,0,0.0,0,0,0,0,0.0,0,0.0,42,44.8,43.9,0.0,T-0914,C-03-03,T-0781,C-03-01
O0765,E,9750.1,39209.2,39209.2,39222.4,39255.9,39268.1,39295.8,39330.8,29580.7,29459.1,AMR1,AMR3,0,0,19,41.2,41.2,AMR1,62.4,62.4,AMR3,0,0,0.0,0,0,0,0,0.0,0,0.0,63,63.3,46.1,0.0,T-0915,E-05-03,T-0717,E-03-02
O0766,I,9755.7,39287.3,39287.3,39299.3,39326.5,39342.0,39371.2,39398.5,29642.8,29531.6,AMR1,AMR1,0,0,15,37.6,37.6,AMR1,53.9,53.9,AMR1,0,0,0.0,0,0,0,0,0.0,0,0.0,46,50.0,45.7,0.0,T-0916,I-03-02,T-0867,I-05-02
O0767,C,9762.5,39311.1,39311.1,39334.1,39355.8,39366.5,39391.3,39419.0,29656.5,29548.6,AMR2,AMR3,0,0,13,43.0,43.0,AMR2,52.2,52.2,AMR3,0,0,0.0,0,0,0,0,0.0,0,0.0,40,44.2,53.0,0.0,T-0917,C-03-01,T-0788,C-04-01
O0768,D,9766.6,39379.3,39379.3,39395.3,39420.8,39422.2,39452.4,39479.9,29713.3,29612.7,AMR2,AMR1,0,0,13,39.8,39.8,AMR2,52.2,52.2,AMR1,0,0,0.0,0,0,0,0,0.0,0,0.0,48,49.9,49.3,0.0,T-0918,D-03-03,T-0828,D-05-03
O0769,D,9771.1,39436.3,39436.3,39448.1,39471.7,39485.9,39513.0,39540.7,29769.6,29665.2,AMR2,AMR2,0,0,13,32.9,32.9,AMR2,52.0,52.0,AMR2,0,0,0.0,0,0,0,0,0.0,0,0.0,45,48.0,42.2,0.0,T-0919,D-04-03,T-0832,D-05-01
O0770,H,9778.1,39460.7,39460.7,39476.1,39500.5,39509.6,39536.3,39562.1,29784.0,29682.6,AMR3,AMR1,0,0,15,38.2,38.2,AMR3,53.9,53.9,AMR1,0,0,0.0,0,0,0,0,0.0,0,0.0,42,45.5,46.8,0.0,T-0920,H-03-02,T-0818,H-01-01
O0771,D,9784.8,39525.0,39525.0,39538.5,39559.5,39564.4,39590.3,39620.0,29835.2,29740.2,AMR3,AMR2,0,0,13,32.0,32.0,AMR3,55.9,55.9,AMR2,0,0,0.0,0,0,0,0,0.0,0,0.0,41,44.9,45.2,0.0,T-0921,D-05-01,T-0835,D-02-01
O0772,D,9789.0,39578.7,39578.7,39590.3,39611.3,39623.5,39649.2,39675.4,29886.4,29789.7,AMR3,AMR3,0,0,13,31.7,31.7,AMR3,51.1,51.1,AMR3,0,0,0.0,0,0,0,0,0.0,0,0.0,39,42.9,40.1,1.5,T-0922,D-02-01,T-0841,D-01-02
O0773,I,9793.9,39602.8,39602.8,39618.2,39643.6,39647.7,39674.2,39704.3,29910.4,29808.9,AMR1,AMR2,0,0,15,38.4,38.4,AMR1,51.9,51.9,AMR2,0,0,0.0,0,0,0,0,0.0,0,0.0,49,52.9,44.5,0.0,T-0923,I-04-02,T-0869,I-06-02
O0774,H,9799.7,39665.4,39665.4,39676.2,39703.0,39717.2,39740.9,39763.3,29963.6,29865.7,AMR1,AMR1,0,0,15,36.8,36.8,AMR1,49.0,49.0,AMR1,0,0,0.0,0,0,0,0,0.0,0,0.0,39,43.2,40.5,0.0,T-0924,H-01-01,T-0825,H-06-02
O0775,H,9806.0,39699.1,39699.1,39712.1,39735.9,39751.1,39775.8,39800.7,29994.7,29893.1,AMR3,AMR3,0,0,15,36.0,36.0,AMR3,49.5,49.5,AMR3,0,0,0.0,0,0,0,0,0.0,0,0.0,41,46.2,40.2,0.0,T-0925,H-05-03,T-0831,H-04-03
O0776,J,9809.4,39728.0,39728.0,39741.6,39775.6,39787.0,39818.0,39848.0,30038.6,29918.6,AMR2,AMR1,0,0,21,45.2,45.2,AMR2,62.9,62.9,AMR1,0,0,0.0,0,0,0,0,0.0,0,0.0,61,61.1,47.5,0.0,T-0926,J-05-01,T-0743,J-01-02
O0777,H,9814.5,39808.0,39808.0,39823.2,39849.0,39871.7,39893.7,39921.9,30107.4,29993.5,AMR2,AMR1,0,0,15,41.0,41.0,AMR2,51.6,51.6,AMR1,0,0,0.0,0,0,0,0,0.0,0,0.0,40,43.9,47.3,0.0,T-0927,H-06-02,T-0840,H-01-03
O0778,I,9819.2,39832.4,39832.4,39847.9,39872.8,39885.5,39908.7,39938.6,30119.4,30013.2,AMR3,AMR2,0,0,15,38.0,38.0,AMR3,51.9,51.9,AMR2,0,0,0.0,0,0,0,1,1.6,0,0.0,43,47.8,44.1,1.6,T-0928,I-05-02,T-0871,I-01-01
O0779,F,9822.9,39902.0,39902.0,39916.4,39949.2,39992.6,40023.7,40055.0,30232.1,30079.1,AMR3,AMR2,0,0,23,46.4,46.4,AMR3,65.4,65.4,AMR2,0,0,0.0,0,0,0,0,0.0,0,0.0,63,63.0,46.6,0.0,T-0929,F-04-02,T-0753,F-06-02
O0780,B,9826.0,39945.6,39945.6,39956.8,39981.9,40009.5,40034.7,40074.5,30248.5,30119.6,AMR1,AMR1,0,0,15,33.8,33.8,AMR1,54.7,54.7,AMR1,0,0,0.0,0,0,0,2,10.1,1,5.0,47,50.0,41.2,10.1,T-0930,B-02-01,T-0685,B-04-01
O0781,D,9831.4,40012.5,40012.5,40027.2,40047.9,40060.1,40082.6,40112.0,30280.6,30181.1,AMR3,AMR3,0,0,13,34.5,34.5,AMR3,49.1,49.1,AMR3,0,0,0.0,0,0,0,1,3.0,0,0.0,39,43.4,40.9,3.0,T-0931,D-01-02,T-0848,D-02-02
O0782,A,9835.5,40084.7,40084.7,40095.4,40126.2,40135.7,40164.0,40198.5,30363.0,30249.2,AMR2,AMR3,0,0,21,39.0,39.0,AMR2,65.0,65.0,AMR3,0,0,0.0,0,0,0,0,0.0,0,0.0,65,62.4,41.9,0.0,T-0932,A-01-01,T-0740,A-04-02
O0783,H,9841.7,40109.2,40109.2,40120.6,40146.9,40156.0,40181.3,40214.3,30372.6,30267.5,AMR1,AMR2,0,0,15,36.9,36.9,AMR1,54.2,54.2,AMR2,0,0,0.0,0,0,0,1,7.0,1,2.0,39,43.2,45.8,7.0,T-0933,H-01-03,T-0845,H-06-01
O0784,I,9845.5,40171.1,40171.1,40185.4,40213.0,40222.2,40273.7,40299.7,30454.2,30325.6,AMR1,AMR3,0,0,15,41.1,41.1,AMR1,52.5,52.5,AMR3,0,0,0.0,0,0,0,0,0.0,1,19.0,43,47.5,47.8,24.1,T-0934,I-01-01,T-0874,I-01-03
O0785,I,9852.4,40246.0,40246.0,40259.1,40288.1,40305.0,40331.2,40359.6,30507.2,30393.6,AMR2,AMR2,0,0,15,38.9,38.9,AMR2,52.5,52.5,AMR2,0,0,0.0,0,0,0,0,0.0,0,0.0,46,51.1,45.6,0.0,T-0935,I-06-02,T-0875,I-02-03
O0786,H,9856.9,40260.2,40260.2,40271.8,40293.7,40321.2,40345.1,40374.4,30517.5,30403.3,AMR1,AMR1,0,0,15,33.5,33.5,AMR1,50.6,50.6,AMR1,0,0,0.0,0,0,0,1,4.0,0,0.0,40,43.9,38.8,4.0,T-0936,H-06-01,T-0851,H-01-02
O0787,J,9862.4,40345.4,40345.4,40358.7,40388.2,40407.1,40439.8,40471.5,30609.1,30483.0,AMR3,AMR1,0,0,21,42.0,42.0,AMR3,65.9,65.9,AMR1,0,0,0.0,0,0,0,0,0.0,0,0.0,59,59.9,47.3,0.0,T-0937,J-01-02,T-0744,J-02-02
O0788,D,9869.1,40383.3,40383.3,40394.3,40414.6,40426.8,40450.7,40488.4,30619.3,30514.2,AMR2,AMR2,0,0,13,30.4,30.4,AMR2,51.3,51.3,AMR2,0,0,0.0,0,0,0,1,9.0,1,4.0,41,44.9,39.0,9.0,T-0938,D-02-02,T-0856,D-03-02
O0789,D,9872.5,40410.1,40410.1,40425.2,40446.3,40462.3,40488.6,40526.9,30654.4,30537.6,AMR3,AMR3,0,0,13,33.7,33.7,AMR3,54.3,54.3,AMR3,0,0,0.0,0,0,0,1,7.0,1,2.0,45,48.5,45.3,7.0,T-0939,D-05-03,T-0865,D-04-02
O0790,I,9878.3,40495.2,40495.2,40510.8,40538.3,40550.6,40580.8,40608.6,30730.3,30616.9,AMR1,AMR3,0,0,15,42.3,42.3,AMR1,56.3,56.3,AMR3,0,0,0.0,0,0,0,0,0.0,0,0.0,43,48.3,52.8,0.0,T-0940,I-01-03,T-0881,I-03-03
O0791,D,9881.9,40519.1,40519.1,40529.7,40555.7,40566.1,40591.4,40626.1,30744.2,30637.2,AMR2,AMR1,0,0,13,31.9,31.9,AMR2,49.3,49.3,AMR1,0,0,0.0,0,0,0,1,6.0,1,1.0,50,52.1,38.5,6.0,T-0941,D-03-02,T-0876,D-05-02
O0792,J,9887.4,40580.2,40580.2,40592.4,40620.7,40632.3,40664.0,40696.9,30809.5,30692.8,AMR2,AMR3,0,0,21,39.7,39.7,AMR2,64.5,64.5,AMR3,0,0,0.0,0,0,0,0,0.0,0,0.0,61,61.5,43.6,0.0,T-0942,J-02-02,T-0745,J-03-02
O0793,D,9892.6,40651.1,40651.1,40665.6,40691.7,40705.9,40730.9,40763.1,30870.5,30758.5,AMR2,AMR2,0,0,13,38.1,38.1,AMR2,52.9,52.9,AMR2,0,0,0.0,0,0,0,0,0.0,0,0.0,47,49.5,48.3,0.0,T-0943,D-04-02,T-0883,D-06-02
O0794,C,9896.9,40674.8,40674.8,40685.3,40705.8,40729.6,40753.1,40778.8,30881.9,30777.9,AMR1,AMR3,0,0,13,30.1,30.1,AMR1,49.3,49.3,AMR3,0,0,0.0,0,0,0,0,0.0,0,0.0,41,42.9,37.2,0.1,T-0944,C-04-01,T-0800,C-05-01
O0795,D,9903.7,40742.6,40742.6,40757.1,40782.6,40786.8,40811.5,40840.2,30936.5,30838.9,AMR1,AMR2,0,0,13,37.5,37.5,AMR1,54.1,54.1,AMR2,0,0,0.0,0,0,0,0,0.0,0,0.0,41,44.5,48.9,0.0,T-0945,D-05-02,T-0887,D-01-03
O0796,I,9910.5,40810.5,40810.5,40823.1,40847.2,40863.9,40893.5,40921.1,31010.6,30900.0,AMR3,AMR2,0,0,15,35.9,35.9,AMR3,52.1,52.1,AMR2,0,0,0.0,0,0,0,0,0.0,0,0.0,47,51.7,42.2,0.0,T-0946,I-02-03,T-0882,I-05-03
O0797,I,9916.3,40826.6,40826.6,40841.1,40868.0,40878.4,40907.1,40937.7,31021.4,30910.3,AMR1,AMR3,0,0,15,39.8,39.8,AMR1,54.2,54.2,AMR3,0,0,0.0,0,0,0,1,6.0,1,1.0,42,46.5,48.2,6.0,T-0947,I-03-03,T-0884,I-02-01
O0798,D,9920.0,40894.5,40894.5,40909.1,40931.3,40944.8,40966.1,40994.7,31074.7,30974.5,AMR1,AMR2,0,0,13,33.5,33.5,AMR1,50.6,50.6,AMR2,0,0,0.0,0,0,0,0,0.0,0,0.0,42,45.3,41.4,0.0,T-0948,D-06-02,T-0894,D-01-01
O0799,H,9923.1,40968.4,40968.4,40980.2,41002.2,41018.4,41065.3,41108.2,31185.1,31045.3,AMR3,AMR2,0,0,15,33.0,33.0,AMR3,55.8,55.8,AMR2,0,0,0.0,0,0,0,3,29.5,2,18.0,45,50.5,43.5,29.6,T-0949,H-01-02,T-0863,H-02-03
O0800,I,9929.2,40984.2,40984.2,40996.2,41018.8,41034.0,41060.9,41091.3,31162.1,31055.0,AMR1,AMR1,0,0,15,33.8,33.8,AMR1,54.3,54.3,AMR1,0,0,0.0,0,0,0,0,0.0,0,0.0,45,49.6,42.3,0.0,T-0950,I-02-01,T-0885,I-04-03
O0801,J,9949.3,41048.4,41048.4,41063.4,41092.5,41115.0,41147.5,41181.9,31232.6,31099.1,AMR3,AMR1,0,0,21,42.5,42.5,AMR3,65.3,65.3,AMR1,0,0,0.0,0,0,0,0,0.0,0,0.0,64,63.8,47.2,0.0,T-0951,J-03-02,T-0747,J-04-02
O0802,I,9967.0,41138.9,41138.9,41151.3,41177.8,41194.0,41221.5,41246.0,31279.0,31171.9,AMR2,AMR2,0,0,15,36.5,36.5,AMR2,50.9,50.9,AMR2,0,0,0.0,0,0,0,0,0.0,0,0.0,45,49.3,41.6,0.0,T-0952,I-04-03,T-0888,I-03-01
O0803,A,9987.4,41159.2,41159.2,41171.6,41197.7,41218.6,41244.4,41280.5,31293.1,31171.8,AMR3,AMR1,0,0,21,37.6,37.6,AMR3,66.1,66.1,AMR1,0,0,0.0,0,0,0,0,0.0,0,0.0,61,58.8,41.6,0.0,T-0953,A-04-02,T-0748,A-06-02
O0804,G,10007.9,41237.1,41237.1,41249.6,41276.2,41291.1,41320.6,41352.0,31344.1,31229.2,AMR3,AMR3,0,0,17,39.1,39.1,AMR3,58.3,58.3,AMR3,0,0,0.0,0,0,0,0,0.0,0,0.0,50,53.0,47.0,0.0,T-0954,G-06-02,T-0724,G-02-03
O0805,D,10030.2,41269.7,41269.7,41281.7,41302.8,41315.2,41342.9,41370.0,31339.8,31239.5,AMR2,AMR1,0,0,13,32.2,32.2,AMR2,50.5,50.5,AMR1,0,0,0.0,0,0,0,0,0.0,0,0.0,43,47.9,40.0,0.0,T-0955,D-01-01,T-0896,D-03-01
O0806,A,10054.0,41328.6,41328.6,41341.1,41369.1,41375.7,41403.9,41439.6,31385.6,31274.6,AMR2,AMR3,0,0,21,40.4,40.4,AMR2,63.1,63.1,AMR3,0,0,0.0,0,0,0,0,0.0,0,0.0,64,63.0,41.4,0.0,T-0956,A-06-02,T-0750,A-05-03
O0807,B,10071.6,41399.7,41399.7,41410.7,41431.9,41446.1,41486.1,41517.0,31445.4,31328.1,AMR1,AMR1,0,0,15,31.3,31.3,AMR1,57.1,57.1,AMR1,0,0,0.0,0,0,0,0,0.0,1,8.6,45,48.4,41.1,13.6,T-0957,B-04-01,T-0718,B-05-01
O0808,B,10095.3,41417.2,41417.2,41431.5,41457.4,41470.3,41496.8,41531.3,31436.0,31321.9,AMR2,AMR3,0,0,15,39.3,39.3,AMR2,51.7,51.7,AMR3,0,0,0.0,0,0,0,1,9.0,1,4.0,45,48.4,43.7,9.1,T-0958,B-05-03,T-0729,B-06-01
O0809,J,10112.4,41487.0,41487.0,41502.8,41533.5,41540.7,41597.6,41629.0,31516.6,31374.6,AMR2,AMR1,0,0,21,44.1,44.1,AMR2,59.8,59.8,AMR1,0,0,0.0,0,0,0,0,0.0,1,20.0,67,66.4,43.3,25.1,T-0959,J-04-02,T-0768,J-05-02
O0810,J,10130.9,41565.0,41565.0,41577.0,41618.6,41639.0,41670.6,41701.2,31570.3,31434.1,AMR3,AMR3,0,0,21,39.2,39.2,AMR3,64.1,64.1,AMR3,0,0,0.0,0,0,0,0,0.0,1,7.0,61,61.1,42.7,12.0,T-0960,J-05-03,T-0785,J-01-03
O0811,J,10150.2,41585.9,41585.9,41597.5,41627.2,41662.7,41694.5,41727.2,31577.0,31435.7,AMR2,AMR1,0,0,21,38.1,38.1,AMR2,66.4,66.4,AMR1,0,0,0.0,0,0,0,0,0.0,0,0.0,62,61.9,43.9,0.0,T-0961,J-06-03,T-0806,J-02-03
O0812,D,10173.0,41684.7,41684.7,41696.0,41717.1,41724.9,41750.1,41779.3,31606.3,31511.7,AMR2,AMR3,0,0,13,30.7,30.7,AMR2,55.7,55.7,AMR3,0,0,0.0,0,0,0,0,0.0,0,0.0,40,43.1,43.7,0.0,T-0962,D-03-01,T-0897,D-02-03
O0813,I,10193.7,41738.6,41738.6,41750.2,41777.9,41793.4,41818.5,41847.1,31653.4,31544.9,AMR2,AMR2,0,0,15,37.7,37.7,AMR2,51.1,51.1,AMR2,0,0,0.0,0,0,0,0,0.0,0,0.0,46,50.0,43.0,0.0,T-0963,I-03-01,T-0890,I-04-01
O0814,C,10214.7,41762.9,41762.9,41778.7,41801.4,41817.0,41841.0,41868.9,31654.2,31548.2,AMR1,AMR3,0,0,13,37.6,37.6,AMR1,53.6,53.6,AMR3,0,0,0.0,0,0,0,0,0.0,0,0.0,37,41.4,49.0,0.0,T-0964,C-05-01,T-0804,C-06-01
O0815,E,10239.5,41830.6,41830.6,41841.7,41866.4,41870.8,41903.3,41938.7,31699.2,31591.1,AMR1,AMR2,0,0,19,34.9,34.9,AMR1,64.1,64.1,AMR2,0,0,0.0,0,0,0,0,0.0,0,0.0,65,62.2,41.5,0.0,T-0965,E-02-01,T-0723,E-06-01
O0816,I,10260.2,41894.6,41894.6,41905.2,41932.5,41948.7,41978.8,42006.1,31745.9,31634.4,AMR3,AMR3,0,0,15,35.5,35.5,AMR3,54.8,54.8,AMR3,0,0,0.0,0,0,0,0,0.0,0,0.0,47,50.8,44.5,0.0,T-0966,I-04-01,T-0898,I-05-01
O0817,C,10283.3,41911.8,41911.8,41922.7,41941.7,41962.2,41987.0,42022.3,31739.0,31628.5,AMR1,AMR1,0,0,13,29.8,29.8,AMR1,50.8,50.8,AMR1,0,0,0.0,0,0,0,1,9.0,1,4.0,38,42.6,38.4,9.0,T-0967,C-06-01,T-0805,C-04-03
O0818,E,10307.5,41986.4,41986.4,41997.3,42024.0,42029.8,42056.7,42089.0,31781.5,31678.9,AMR2,AMR3,0,0,19,34.3,34.3,AMR2,60.9,60.9,AMR3,0,0,0.0,0,0,0,0,0.0,0,0.0,60,59.1,37.7,0.0,T-0968,E-06-01,T-0728,E-01-01
O0819,C,10323.8,42049.1,42049.1,42063.3,42082.5,42095.3,42116.7,42143.4,31819.6,31725.3,AMR2,AMR2,0,0,13,32.5,32.5,AMR2,49.3,49.3,AMR2,0,0,0.0,0,0,0,0,0.0,0,0.0,39,41.9,39.6,0.0,T-0969,C-04-03,T-0820,C-01-02
O0820,F,10340.3,42073.0,42073.0,42084.6,42115.1,42119.7,42151.8,42183.7,31843.4,31732.7,AMR1,AMR3,0,0,23,42.1,42.1,AMR1,63.4,63.4,AMR3,0,0,0.0,0,0,0,0,0.0,0,0.0,68,65.8,40.3,0.0,T-0970,F-06-02,T-0758,F-01-02
O0821,G,10362.9,42139.2,42139.2,42153.6,42179.8,42197.4,42226.3,42257.6,31894.7,31776.3,AMR1,AMR1,0,0,17,38.2,38.2,AMR1,59.1,59.1,AMR1,0,0,0.0,0,0,0,0,0.0,0,0.0,51,53.9,46.9,0.0,T-0971,G-01-03,T-0731,G-03-03
O0822,E,10379.3,42167.1,42167.1,42180.1,42205.5,42221.4,42255.0,42290.5,31911.2,31787.8,AMR2,AMR3,0,0,19,37.5,37.5,AMR2,65.8,65.8,AMR3,0,0,0.0,0,0,0,0,0.0,0,0.0,61,61.7,45.8,0.0,T-0972,E-01-01,T-0730,E-03-03
O0823,H,10398.4,42238.5,42238.5,42251.4,42273.6,42281.3,42310.2,42335.9,31937.5,31840.1,AMR2,AMR1,0,0,15,34.3,34.3,AMR2,53.5,53.5,AMR1,0,0,0.0,0,0,0,0,0.0,0,0.0,43,47.1,42.5,0.1,T-0973,H-02-03,T-0864,H-02-01
O0824,B,10419.8,42295.8,42295.8,42307.3,42331.0,42345.2,42374.1,42405.8,31986.0,31876.0,AMR2,AMR2,0,0,15,34.3,34.3,AMR2,57.8,57.8,AMR2,0,0,0.0,0,0,0,0,0.0,0,0.0,49,51.0,44.8,0.0,T-0974,B-05-01,T-0749,B-01-02
O0825,E,10439.9,42320.2,42320.2,42332.0,42360.3,42369.6,42400.9,42437.1,31997.2,31880.3,AMR3,AMR1,0,0,19,38.4,38.4,AMR3,64.7,64.7,AMR1,0,0,0.0,0,0,0,0,0.0,0,0.0,62,60.9,45.6,1.1,T-0975,E-03-02,T-0733,E-03-01
O0826,F,10464.3,42388.0,42388.0,42398.7,42429.5,42451.3,42482.9,42514.1,32049.8,31923.7,AMR3,AMR3,0,0,23,39.1,39.1,AMR3,61.2,61.2,AMR3,0,0,0.0,0,0,0,0,0.0,0,0.0,71,69.2,35.1,0.0,T-0976,F-01-02,T-0759,F-02-03
O0827,F,10488.8,42429.5,42429.5,42443.9,42472.7,42493.1,42525.5,42557.4,32068.6,31940.7,AMR2,AMR2,0,0,23,42.4,42.4,AMR2,65.7,65.7,AMR2,0,0,0.0,0,0,0,0,0.0,0,0.0,65,64.6,42.9,0.0,T-0977,F-05-03,T-0763,F-04-01
O0828,B,10503.8,42460.8,42460.8,42474.2,42494.6,42507.5,42531.8,42579.2,32075.4,31957.0,AMR1,AMR1,0,0,15,33.7,33.7,AMR1,52.9,52.9,AMR1,0,0,0.0,0,0,0,1,16.0,1,11.0,48,50.2,39.3,16.0,T-0978,B-06-01,T-0766,B-02-02
O0829,F,10528.5,42537.8,42537.8,42554.0,42586.0,42604.9,42635.7,42672.4,32143.9,32009.3,AMR3,AMR1,0,0,23,47.4,47.4,AMR3,65.5,65.5,AMR1,0,0,0.0,0,0,0,0,0.0,0,0.0,69,68.0,47.7,0.0,T-0979,F-04-01,T-0765,F-01-03
O0830,G,10551.5,42581.1,42581.1,42592.0,42619.0,42636.6,42665.6,42695.0,32143.5,32029.6,AMR2,AMR2,0,0,17,35.5,35.5,AMR2,58.8,58.8,AMR2,0,0,0.0,0,0,0,0,0.0,0,0.0,49,52.4,43.9,0.0,T-0980,G-02-03,T-0739,G-04-03
O0831,D,10576.2,42608.0,42608.0,42623.8,42647.4,42659.6,42684.5,42712.0,32135.8,32031.8,AMR3,AMR3,0,0,13,38.5,38.5,AMR3,49.2,49.2,AMR3,0,0,0.0,0,0,0,0,0.0,0,0.0,43,46.8,45.0,0.0,T-0981,D-01-03,T-0901,D-04-01
O0832,E,10593.9,42696.1,42696.1,42722.4,42748.3,42766.0,42794.4,42829.3,32235.4,32102.2,AMR1,AMR1,0,0,19,50.5,50.5,AMR1,61.5,61.5,AMR1,0,0,0.0,0,0,0,0,0.0,0,0.0,62,61.0,54.5,0.0,T-0982,E-03-01,T-0761,E-04-01
O0833,C,10614.3,42719.7,42719.7,42734.5,42759.3,42778.5,42803.4,42845.0,32230.7,32105.4,AMR2,AMR2,0,0,13,38.7,38.7,AMR2,51.7,51.7,AMR2,0,0,0.0,0,0,0,1,15.0,1,10.0,39,42.9,48.2,15.0,T-0983,C-01-02,T-0821,C-02-02
O0834,F,10637.9,42743.7,42743.7,42757.5,42793.2,42815.0,42848.8,42888.5,32250.6,32105.8,AMR3,AMR3,0,0,23,47.1,47.1,AMR3,66.9,66.9,AMR3,0,0,0.0,0,0,0,1,5.0,0,0.0,71,69.2,48.8,5.0,T-0984,F-01-03,T-0775,F-02-01
O0835,A,10660.5,42853.0,42853.0,42869.4,42895.5,42912.2,42940.2,42975.3,32314.8,32192.5,AMR1,AMR3,0,0,21,41.6,41.6,AMR1,61.8,61.8,AMR3,0,0,0.0,0,0,0,0,0.0,0,0.0,69,64.3,41.3,0.0,T-0985,A-04-03,T-0767,A-01-03
O0836,H,10681.8,42876.7,42876.7,42892.6,42917.1,42930.9,42954.5,42992.1,32310.3,32194.9,AMR2,AMR1,0,0,15,39.6,39.6,AMR2,52.1,52.1,AMR1,0,0,0.0,0,0,0,1,10.0,1,5.0,41,45.2,46.4,10.0,T-0986,H-02-01,T-0872,H-04-01
O0837,C,10698.0,42945.3,42945.3,42959.6,42980.5,42999.0,43022.7,43053.1,32355.1,32247.3,AMR2,AMR3,0,0,13,34.3,34.3,AMR2,52.3,52.3,AMR3,0,0,0.0,0,0,0,0,0.0,0,0.0,41,44.9,44.4,0.0,T-0987,C-02-02,T-0829,C-03-02
O0838,G,10717.6,43022.8,43022.8,43036.6,43066.0,43076.8,43102.5,43127.5,32409.9,32305.2,AMR1,AMR3,0,0,17,41.6,41.6,AMR1,52.1,52.1,AMR3,0,0,0.0,0,0,0,0,0.0,0,0.0,48,50.6,43.3,0.0,T-0988,G-03-03,T-0751,G-05-01
O0839,C,10742.5,43035.7,43035.7,43049.2,43074.5,43093.9,43117.3,43149.5,32407.0,32293.2,AMR2,AMR1,0,0,13,37.1,37.1,AMR2,53.8,53.8,AMR1,0,0,0.0,0,0,0,1,2.0,0,0.0,40,43.7,48.7,2.0,T-0989,C-03-02,T-0846,C-02-01
O0840,E,10760.5,43108.0,43108.0,43123.0,43149.6,43151.2,43177.2,43208.0,32447.5,32347.5,AMR2,AMR3,0,0,19,39.1,39.1,AMR2,58.5,58.5,AMR3,0,0,0.0,0,0,0,0,0.0,0,0.0,59,58.3,40.1,0.0,T-0990,E-04-01,T-0762,E-01-02
O0841,E,10782.1,43175.2,43175.2,43190.6,43219.5,43231.7,43263.6,43296.4,32514.3,32393.1,AMR1,AMR3,0,0,19,43.4,43.4,AMR1,61.0,61.0,AMR3,0,0,0.0,0,0,0,0,0.0,0,0.0,65,62.1,46.9,0.0,T-0991,E-01-02,T-0769,E-04-03
O0842,C,10800.8,43195.8,43195.8,43207.1,43230.9,43244.1,43268.9,43316.7,32515.9,32395.0,AMR2,AMR2,0,0,13,34.2,34.2,AMR2,55.3,55.3,AMR2,0,0,0.0,0,0,0,1,18.0,1,13.0,39,42.4,47.3,18.0,T-0992,C-02-01,T-0854,C-04-02
O0843,E,10819.8,43260.9,43260.9,43276.4,43305.6,43320.1,43352.5,43384.1,32564.3,32441.1,AMR1,AMR3,0,0,19,43.0,43.0,AMR1,60.3,60.3,AMR3,0,0,0.0,0,0,0,0,0.0,0,0.0,66,62.9,45.8,0.0,T-0993,E-03-03,T-0776,E-05-01
O0844,D,10841.8,43338.3,43338.3,43350.3,43372.8,43387.0,43415.0,43443.7,32601.9,32496.5,AMR1,AMR1,0,0,13,32.0,32.0,AMR1,52.4,52.4,AMR1,0,0,0.0,0,0,0,0,0.0,0,0.0,47,49.5,41.7,0.0,T-0994,D-04-01,T-0905,D-06-01
O0845,B,10863.3,43362.4,43362.4,43378.7,43402.4,43410.8,43433.1,43465.6,32602.3,32499.1,AMR2,AMR3,0,0,15,37.5,37.5,AMR2,52.5,52.5,AMR3,0,0,0.0,0,0,0,1,2.0,0,0.0,49,50.1,42.7,2.0,T-0995,B-01-02,T-0771,B-03-02
O0846,B,10880.5,43427.0,43427.0,43437.7,43465.0,43467.4,43489.7,43521.8,32641.3,32546.5,AMR2,AMR1,0,0,15,35.5,35.5,AMR2,55.6,55.6,AMR1,0,0,0.0,0,0,0,0,0.0,0,0.0,47,48.6,43.8,0.0,T-0996,B-02-02,T-0773,B-04-02
O0847,I,10901.4,43491.3,43491.3,43507.2,43532.8,43545.5,43575.7,43601.3,32699.9,32589.9,AMR3,AMR1,0,0,15,39.1,39.1,AMR3,51.7,51.7,AMR1,0,0,0.0,0,0,0,0,0.0,0,0.0,49,52.3,45.0,0.0,T-0997,I-05-01,T-0904,I-06-01
O0848,A,10920.8,43507.6,43507.6,43519.0,43549.9,43562.0,43592.6,43627.8,32707.0,32586.8,AMR2,AMR3,0,0,21,39.8,39.8,AMR2,63.0,63.0,AMR3,0,0,0.0,0,0,0,1,1.0,0,0.0,69,65.4,40.7,2.0,T-0998,A-01-03,T-0779,A-02-03
O0849,G,10944.0,43582.2,43582.2,43592.8,43617.4,43625.0,43651.9,43680.1,32736.1,32638.2,AMR2,AMR1,0,0,17,34.4,34.4,AMR2,58.5,58.5,AMR1,0,0,0.0,0,0,0,0,0.0,0,0.0,45,47.8,42.5,0.0,T-0999,G-05-01,T-0757,G-06-01
O0850,B,10960.3,43641.6,43641.6,43653.6,43678.5,43693.4,43723.3,43752.4,32792.1,32681.3,AMR2,AMR2,0,0,15,35.2,35.2,AMR2,55.7,55.7,AMR2,0,0,0.0,0,0,0,0,0.0,0,0.0,52,52.3,43.6,0.0,T-1000,B-03-02,T-0774,B-01-03
O0851,B,10979.2,43665.5,43665.5,43680.3,43702.6,43717.8,43745.1,43777.2,32798.0,32686.3,AMR3,AMR1,0,0,15,36.2,36.2,AMR3,57.1,57.1,AMR1,0,0,0.0,0,0,0,0,0.0,0,0.0,47,50.4,46.0,0.1,T-1001,B-04-02,T-0798,B-05-02
O0852,E,10997.3,43732.8,43732.8,43748.7,43779.1,43797.5,43826.6,43858.1,32860.8,32735.5,AMR3,AMR3,0,0,19,43.8,43.8,AMR3,61.9,61.9,AMR3,0,0,0.0,0,0,0,0,0.0,0,0.0,59,58.7,48.2,0.0,T-1002,E-05-01,T-0784,E-02-02
O0853,C,11016.1,43776.1,43776.1,43786.7,43807.0,43819.8,43850.7,43880.5,32864.4,32760.0,AMR2,AMR2,0,0,13,30.0,30.0,AMR2,54.4,54.4,AMR2,0,0,0.0,0,0,0,1,6.0,1,1.0,39,43.4,42.2,6.0,T-1003,C-04-02,T-0868,C-05-02
O0854,C,11041.0,43800.9,43800.9,43812.0,43835.3,43849.5,43870.7,43897.5,32856.5,32759.9,AMR1,AMR1,0,0,13,31.9,31.9,AMR1,50.7,50.7,AMR1,0,0,0.0,0,0,0,0,0.0,0,0.0,39,42.0,40.4,0.0,T-1004,C-05-03,T-0870,C-06-02
O0855,A,11061.4,43881.8,43881.8,43896.8,43926.6,43930.2,43962.5,43998.6,32937.2,32820.4,AMR3,AMR1,0,0,21,42.3,42.3,AMR3,64.1,64.1,AMR1,0,0,0.0,0,0,0,0,0.0,0,0.0,71,68.8,44.3,0.1,T-1005,A-02-03,T-0791,A-02-01
O0856,D,11080.8,43906.2,43906.2,43919.3,43944.6,43950.4,43973.2,44015.4,32934.6,32825.4,AMR2,AMR3,0,0,13,35.1,35.1,AMR2,49.7,49.7,AMR3,0,0,0.0,0,0,0,1,15.0,1,10.0,44,46.3,42.1,15.0,T-1006,D-06-01,T-0918,D-03-03
O0857,G,11103.2,43965.5,43965.5,43978.0,44003.0,44022.3,44048.0,44078.7,32975.5,32862.3,AMR2,AMR1,0,0,17,37.5,37.5,AMR2,54.8,54.8,AMR1,0,0,0.0,0,0,0,0,0.0,0,0.0,50,52.0,41.9,0.0,T-1007,G-06-01,T-0782,G-01-01
O0858,D,11125.1,44046.1,44046.1,44059.3,44083.4,44102.4,44128.1,44156.9,33031.8,32921.0,AMR3,AMR1,0,0,13,36.4,36.4,AMR3,49.8,49.8,AMR1,0,0,0.0,0,0,0,0,0.0,0,0.0,47,48.3,43.5,0.0,T-1008,D-02-03,T-0919,D-04-03
O0859,C,11149.1,44061.9,44061.9,44075.2,44095.7,44114.6,44138.0,44174.4,33025.3,32912.8,AMR2,AMR3,0,0,13,32.9,32.9,AMR2,53.0,53.0,AMR3,0,0,0.0,0,0,0,1,8.0,1,3.0,39,41.9,43.7,8.0,T-1009,C-05-02,T-0878,C-01-03
O0860,G,11170.0,44127.5,44127.5,44142.2,44170.7,44180.6,44209.0,44237.5,33067.5,32957.5,AMR2,AMR1,0,0,17,40.8,40.8,AMR2,58.3,58.3,AMR1,0,0,0.0,0,0,0,0,0.0,0,0.0,49,51.4,48.7,0.0,T-1010,G-01-01,T-0783,G-05-03
O0861,F,11194.6,44198.3,44198.3,44211.6,44242.1,44261.2,44292.0,44325.0,33130.4,33003.7,AMR2,AMR1,0,0,23,41.4,41.4,AMR2,64.7,64.7,AMR1,0,0,0.0,0,0,0,0,0.0,0,0.0,69,66.7,40.9,0.0,T-1011,F-02-01,T-0803,F-03-01
O0862,B,11212.1,44222.1,44222.1,44234.0,44259.1,44282.9,44304.5,44342.1,33130.0,33010.0,AMR3,AMR2,0,0,15,36.1,36.1,AMR3,51.4,51.4,AMR2,0,0,0.0,0,0,0,1,10.0,1,5.0,43,46.0,40.2,10.0,T-1012,B-05-02,T-0801,B-06-02
O0863,J,11232.6,44297.3,44297.3,44308.5,44341.7,44348.7,44377.5,44409.2,33176.6,33064.7,AMR3,AMR1,0,0,21,42.0,42.0,AMR3,60.4,60.4,AMR1,0,0,0.0,0,0,0,0,0.0,0,0.0,63,63.1,41.8,0.0,T-1013,J-05-02,T-0807,J-03-03
O0864,A,11253.7,44369.1,44369.1,44380.5,44409.7,44432.9,44462.2,44496.6,33242.9,33115.4,AMR3,AMR1,0,0,21,38.1,38.1,AMR3,64.4,64.4,AMR1,0,0,0.0,0,0,0,0,0.0,0,0.0,67,63.9,40.4,0.0,T-1014,A-02-01,T-0792,A-03-03
O0865,J,11270.7,44392.8,44392.8,44406.3,44437.5,44453.5,44487.9,44520.0,33249.3,33122.1,AMR2,AMR3,0,0,21,43.9,43.9,AMR2,65.9,65.9,AMR3,0,0,0.0,0,0,0,0,0.0,0,0.0,61,61.9,49.2,0.1,T-1015,J-01-03,T-0839,J-01-01
O0866,G,11287.6,44472.9,44472.9,44485.2,44511.9,44520.3,44548.1,44577.6,33290.0,33185.3,AMR2,AMR1,0,0,17,38.2,38.2,AMR2,56.2,56.2,AMR1,0,0,0.0,0,0,0,0,0.0,0,0.0,49,52.3,44.0,0.0,T-1016,G-04-03,T-0796,G-03-01
O0867,D,11309.1,44537.1,44537.1,44549.1,44569.4,44582.9,44626.6,44653.8,33344.7,33228.0,AMR2,AMR2,0,0,13,30.6,30.6,AMR2,51.6,51.6,AMR2,0,0,0.0,0,0,0,0,0.0,1,7.1,44,47.6,39.5,16.1,T-1017,D-03-03,T-0921,D-05-01
O0868,D,11327.9,44560.7,44560.7,44573.9,44596.4,44611.3,44637.7,44674.0,33346.1,33232.8,AMR3,AMR1,0,0,13,33.2,33.2,AMR3,54.4,54.4,AMR1,0,0,0.0,0,0,0,1,9.0,1,4.0,41,44.5,44.9,9.0,T-1018,D-04-03,T-0922,D-02-01
O0869,B,11349.3,44627.4,44627.4,44640.8,44661.9,44677.5,44707.4,44735.2,33385.9,33278.1,AMR3,AMR2,0,0,15,34.4,34.4,AMR3,55.5,55.5,AMR2,0,0,0.0,0,0,0,0,0.0,0,0.0,50,49.6,42.6,0.0,T-1019,B-06-02,T-0847,B-03-01
O0870,A,11373.2,44690.8,44690.8,44704.8,44733.5,44752.6,44780.3,44817.1,33443.9,33317.6,AMR3,AMR3,0,0,21,41.0,41.0,AMR3,64.2,64.2,AMR3,0,0,0.0,0,0,0,0,0.0,0,0.0,66,64.1,43.1,0.0,T-1020,A-03-03,T-0799,A-03-01
O0871,C,11397.5,44714.7,44714.7,44727.5,44748.9,44764.4,44787.2,44835.6,33438.1,33317.2,AMR1,AMR1,0,0,13,34.1,34.1,AMR1,54.4,54.4,AMR1,0,0,0.0,0,0,0,1,18.0,1,13.0,38,41.1,46.3,18.0,T-1021,C-06-02,T-0889,C-01-01
O0872,J,11421.2,44788.9,44788.9,44800.6,44828.3,44840.8,44874.7,44907.9,33486.7,33367.7,AMR2,AMR3,0,0,21,38.6,38.6,AMR2,64.0,64.0,AMR3,0,0,0.0,0,0,0,0,0.0,0,0.0,65,64.5,42.0,0.0,T-1022,J-01-01,T-0855,J-06-02
O0873,C,11439.8,44859.7,44859.7,44873.6,44898.8,44912.0,44935.6,44965.2,33525.4,33419.9,AMR2,AMR2,0,0,13,38.2,38.2,AMR2,54.4,54.4,AMR2,0,0,0.0,0,0,0,0,0.0,0,0.0,39,41.9,50.4,0.0,T-1023,C-01-01,T-0891,C-02-03
O0874,B,11464.4,44884.3,44884.3,44898.0,44925.5,44935.6,44961.5,44994.9,33530.5,33419.9,AMR1,AMR3,0,0,15,39.5,39.5,AMR1,57.0,57.0,AMR3,0,0,0.0,0,0,0,0,0.0,0,0.0,52,51.3,49.2,0.0,T-1024,B-03-01,T-0853,B-02-03
O0875,A,11485.2,44951.4,44951.4,44962.0,44991.2,45010.3,45054.0,45089.3,33604.1,33466.2,AMR1,AMR1,0,0,21,38.1,38.1,AMR1,68.2,68.2,AMR1,0,0,0.0,0,0,0,0,0.0,1,7.0,64,62.6,44.2,12.0,T-1025,A-03-01,T-0809,A-05-01
O0876,A,11502.4,44988.9,44988.9,45004.5,45035.3,45056.1,45089.1,45122.8,33620.4,33486.5,AMR2,AMR2,0,0,21,45.5,45.5,AMR2,64.9,64.9,AMR2,0,0,0.0,0,0,0,0,0.0,0,0.0,67,64.8,48.3,0.0,T-1026,A-05-03,T-0819,A-01-02
O0877,I,11522.5,45025.2,45025.2,45039.9,45066.8,45083.7,45109.9,45137.9,33615.4,33502.7,AMR3,AMR3,0,0,15,38.4,38.4,AMR3,50.1,50.1,AMR3,0,0,0.0,0,0,0,1,5.0,0,0.0,44,48.1,42.7,5.0,T-1027,I-06-01,T-0906,I-01-02
O0878,G,11541.7,45113.0,45113.0,45129.1,45156.0,45170.6,45199.6,45224.7,33683.0,33571.3,AMR1,AMR3,0,0,17,41.4,41.4,AMR1,54.1,54.1,AMR3,0,0,0.0,0,0,0,0,0.0,0,0.0,48,52.0,45.1,0.0,T-1028,G-03-01,T-0813,G-04-01
O0879,I,11563.1,45146.5,45146.5,45160.8,45186.0,45200.2,45225.9,45256.3,33693.2,33583.4,AMR2,AMR2,0,0,15,38.7,38.7,AMR2,54.5,54.5,AMR2,0,0,0.0,0,0,0,1,2.0,0,0.0,41,46.2,47.4,2.0,T-1029,I-01-02,T-0911,I-02-02
O0880,B,11579.6,45174.5,45174.5,45187.3,45212.2,45227.8,45253.7,45283.1,33703.5,33594.9,AMR1,AMR1,0,0,15,35.2,35.2,AMR1,54.0,54.0,AMR1,0,0,0.0,0,0,0,0,0.0,0,0.0,49,51.1,41.9,0.0,T-1030,B-01-03,T-0892,B-03-03
O0881,D,11595.4,45251.4,45251.4,45262.9,45288.0,45300.2,45322.6,45351.0,33755.6,33656.0,AMR3,AMR3,0,0,13,35.7,35.7,AMR3,51.1,51.1,AMR3,0,0,0.0,0,0,0,0,0.0,0,0.0,39,43.3,44.1,0.0,T-1031,D-02-01,T-0931,D-01-02
O0882,G,11615.8,45280.0,45280.0,45293.0,45319.3,45335.5,45366.6,45396.8,33781.0,33664.2,AMR2,AMR2,0,0,17,38.5,38.5,AMR2,58.5,58.5,AMR2,0,0,0.0,0,0,0,0,0.0,0,0.0,51,54.0,46.6,0.0,T-1032,G-04-01,T-0830,G-01-02
O0883,B,11637.1,45306.8,45306.8,45321.7,45345.3,45360.9,45386.8,45417.3,33780.2,33669.7,AMR1,AMR1,0,0,15,36.0,36.0,AMR1,56.6,56.6,AMR1,0,0,0.0,0,0,0,0,0.0,0,0.0,47,49.6,45.3,0.0,T-1033,B-02-03,T-0893,B-04-03
O0884,D,11659.1,45384.7,45384.7,45400.3,45429.5,45442.7,45468.6,45498.9,33839.8,33725.6,AMR3,AMR3,0,0,13,39.1,39.1,AMR3,56.5,56.5,AMR3,0,0,0.0,0,0,0,0,0.0,0,0.0,45,48.1,52.9,0.0,T-1034,D-05-01,T-0938,D-02-02
O0885,G,11676.5,45421.5,45421.5,45433.8,45462.0,45479.6,45506.5,45541.4,33864.9,33745.0,AMR2,AMR2,0,0,17,38.1,38.1,AMR2,52.2,52.2,AMR2,0,0,0.0,0,0,0,1,7.0,1,2.0,53,55.4,39.9,7.0,T-1035,G-01-02,T-0834,G-02-02
O0886,J,11696.1,45446.0,45446.0,45459.5,45491.9,45513.0,45545.3,45576.4,33880.3,33749.9,AMR1,AMR1,0,0,21,42.7,42.7,AMR1,65.3,65.3,AMR1,0,0,0.0,0,0,0,0,0.0,0,0.0,62,61.9,47.4,0.0,T-1036,J-06-02,T-0861,J-02-01
O0887,C,11714.2,45536.6,45536.6,45551.1,45570.4,45582.6,45607.1,45637.6,33923.4,33822.4,AMR3,AMR3,0,0,13,32.9,32.9,AMR3,54.2,54.2,AMR3,0,0,0.0,0,0,0,0,0.0,0,0.0,41,43.9,44.9,0.0,T-1037,C-01-03,T-0914,C-03-03
O0888,C,11729.3,45565.1,45565.1,45579.2,45599.1,45607.1,45629.1,45659.3,33930.0,33835.8,AMR2,AMR1,0,0,13,33.1,33.1,AMR2,51.3,51.3,AMR1,0,0,0.0,0,0,0,0,0.0,0,0.0,41,44.0,42.2,0.0,T-1038,C-02-03,T-0917,C-03-01
O0889,H,11744.4,45619.3,45619.3,45634.8,45660.1,45661.3,45688.2,45711.7,33967.3,33874.9,AMR2,AMR3,0,0,15,40.0,40.0,AMR2,48.8,48.8,AMR3,0,0,0.0,0,0,0,1,1.0,0,0.0,43,46.6,43.5,1.1,T-1039,H-04-01,T-0873,H-05-01
O0890,E,11764.6,45676.9,45676.9,45688.3,45717.1,45735.4,45767.7,45804.4,34039.8,33912.3,AMR2,AMR3,0,0,19,39.3,39.3,AMR2,64.5,64.5,AMR3,0,0,0.0,0,0,0,0,0.0,0,0.0,65,62.9,46.3,0.0,T-1040,E-02-02,T-0794,E-04-02
O0891,E,11783.4,45701.0,45701.0,45714.2,45744.4,45752.5,45782.7,45824.8,34041.4,33917.6,AMR1,AMR2,0,0,19,37.9,37.9,AMR1,57.5,57.5,AMR2,0,0,0.0,0,0,0,1,9.0,1,4.0,65,64.8,37.9,13.0,T-1041,E-04-03,T-0826,E-05-02
O0892,A,11807.2,45776.3,45776.3,45788.1,45814.0,45828.1,45861.1,45897.5,34090.3,33969.1,AMR1,AMR3,0,0,21,36.8,36.8,AMR1,69.6,69.6,AMR3,0,0,0.0,0,0,0,0,0.0,0,0.0,63,61.8,44.3,1.0,T-1042,A-05-01,T-0822,A-04-01
O0893,E,11830.3,45848.9,45848.9,45862.1,45890.2,45908.6,45938.1,45970.6,34140.3,34018.6,AMR1,AMR1,0,0,19,38.8,38.8,AMR1,63.7,63.7,AMR1,0,0,0.0,0,0,0,0,0.0,0,0.0,59,58.3,45.0,0.0,T-1043,E-04-02,T-0836,E-01-03
O0894,J,11845.9,45872.5,45872.5,45887.5,45914.3,45932.2,45966.8,45999.5,34153.6,34026.6,AMR2,AMR3,0,0,21,41.0,41.0,AMR2,65.1,65.1,AMR3,0,0,0.0,0,0,0,0,0.0,0,0.0,63,63.6,45.5,0.0,T-1044,J-02-01,T-0866,J-04-03
O0895,H,11861.7,45951.3,45951.3,45964.3,45987.9,45994.3,46016.5,46041.0,34179.3,34089.6,AMR2,AMR1,0,0,15,35.8,35.8,AMR2,48.1,48.1,AMR1,0,0,0.0,0,0,0,0,0.0,0,0.0,41,44.7,38.6,0.0,T-1045,H-05-01,T-0877,H-02-02
O0896,H,11880.3,46009.7,46009.7,46026.0,46050.4,46064.7,46088.4,46115.5,34235.2,34129.4,AMR2,AMR1,0,0,15,39.9,39.9,AMR2,50.7,50.7,AMR1,0,0,0.0,0,0,0,0,0.0,0,0.0,41,46.2,45.3,0.0,T-1046,H-02-02,T-0880,H-04-02
O0897,C,11897.0,46034.2,46034.2,46046.0,46069.0,46079.6,46101.7,46132.0,34235.0,34137.2,AMR3,AMR2,0,0,13,33.1,33.1,AMR3,51.1,51.1,AMR2,0,0,0.0,0,0,0,1,2.0,0,0.0,40,43.2,42.0,2.0,T-1047,C-03-01,T-0944,C-04-01
O0898,J,11919.7,46092.5,46092.5,46107.4,46136.0,46139.2,46172.2,46201.8,34282.1,34172.8,AMR3,AMR1,0,0,21,42.7,42.7,AMR3,61.0,61.0,AMR1,0,0,0.0,0,0,0,0,0.0,0,0.0,63,63.0,43.1,0.0,T-1048,J-02-03,T-0900,J-04-01
O0899,D,11941.9,46163.7,46163.7,46175.7,46200.4,46212.6,46238.6,46266.9,34325.0,34221.8,AMR2,AMR2,0,0,13,35.8,35.8,AMR2,51.5,51.5,AMR2,0,0,0.0,0,0,0,0,0.0,0,0.0,43,46.4,44.6,0.0,T-1049,D-01-02,T-0939,D-05-03
O0900,A,11962.0,46182.4,46182.4,46197.0,46226.4,46236.5,46266.0,46300.5,34338.5,34220.4,AMR3,AMR1,0,0,21,43.1,43.1,AMR3,62.8,62.8,AMR1,0,0,0.0,0,0,0,0,0.0,0,0.0,69,64.2,43.8,0.0,T-1050,A-04-01,T-0824,A-03-02
O0901,H,11979.5,46254.8,46254.8,46267.2,46292.4,46307.2,46336.2,46361.3,34381.8,34275.3,AMR3,AMR3,0,0,15,36.8,36.8,AMR3,53.8,53.8,AMR3,0,0,0.0,0,0,0,0,0.0,0,0.0,41,46.4,45.3,0.0,T-1051,H-04-02,T-0886,H-05-02
O0902,C,11998.3,46290.6,46290.6,46303.4,46323.5,46331.2,46355.9,46385.5,34387.2,34292.3,AMR2,AMR1,0,0,13,32.0,32.0,AMR2,54.4,54.4,AMR1,0,0,0.0,0,0,0,0,0.0,0,0.0,41,42.9,44.2,0.1,T-1052,C-04-01,T-0964,C-05-01
O0903,A,12022.6,46344.3,46344.3,46357.6,46389.8,46442.7,46470.3,46504.0,34481.4,34321.7,AMR2,AMR1,0,0,21,43.0,43.0,AMR2,62.1,62.1,AMR1,0,0,0.0,0,0,0,0,0.0,0,0.0,65,63.8,43.0,0.0,T-1053,A-01-02,T-0837,A-05-02
O0904,D,12039.9,46385.0,46385.0,46400.6,46422.9,46455.1,46481.8,46537.5,34497.6,34345.1,AMR3,AMR3,0,0,13,37.0,37.0,AMR3,53.0,53.0,AMR3,0,0,0.0,0,0,0,2,28.1,2,18.1,41,44.9,47.3,28.1,T-1054,D-02-02,T-0941,D-03-02
O0905,F,12064.0,46457.7,46457.7,46472.5,46503.9,46525.0,46559.3,46594.6,34530.6,34393.7,AMR2,AMR2,0,0,23,44.6,44.6,AMR2,68.0,68.0,AMR2,0,0,0.0,0,0,0,0,0.0,0,0.0,70,68.4,47.4,0.0,T-1055,F-03-01,T-0811,F-01-01
O0906,J,12087.3,46548.7,46548.7,46562.9,46593.1,46613.5,46647.2,46680.0,34592.7,34461.4,AMR1,AMR1,0,0,21,42.0,42.0,AMR1,66.4,66.4,AMR1,0,0,0.0,0,0,0,0,0.0,0,0.0,63,63.1,47.8,0.0,T-1056,J-04-01,T-0907,J-03-01
O0907,A,12103.5,46573.2,46573.2,46588.1,46617.9,46637.3,46666.2,46700.0,34596.5,34469.7,AMR3,AMR2,0,0,21,43.0,43.0,AMR3,64.9,64.9,AMR2,0,0,0.0,0,0,0,1,2.0,0,0.0,62,59.6,45.8,2.0,T-1057,A-03-02,T-0838,A-06-01
O0908,I,12120.7,46657.0,46657.0,46668.4,46694.2,46703.7,46730.5,46759.5,34638.8,34536.3,AMR3,AMR1,0,0,15,36.4,36.4,AMR3,54.7,54.7,AMR1,0,0,0.0,0,0,0,0,0.0,0,0.0,43,47.7,45.3,0.0,T-1058,I-02-02,T-0916,I-03-02
O0909,B,12145.3,46727.7,46727.7,46738.2,46762.7,46783.2,46812.7,46841.9,34696.6,34582.4,AMR2,AMR1,0,0,15,33.3,33.3,AMR2,56.4,56.4,AMR1,0,0,0.0,0,0,0,0,0.0,0,0.0,52,51.3,42.4,0.0,T-1059,B-03-03,T-0909,B-01-01
O0910,E,12168.9,46742.4,46742.4,46753.1,46783.9,46798.6,46826.4,46868.6,34699.7,34573.5,AMR3,AMR2,0,0,19,39.0,39.0,AMR3,61.2,61.2,AMR2,0,0,0.0,0,0,0,1,6.0,1,1.0,67,62.8,42.7,6.0,T-1060,E-05-02,T-0902,E-06-02
O0911,H,12184.8,46817.3,46817.3,46831.0,46854.2,46865.6,46893.4,46918.0,34733.2,34632.5,AMR3,AMR1,0,0,15,36.1,36.1,AMR3,51.8,51.8,AMR1,0,0,0.0,0,0,0,0,0.0,0,0.0,43,46.7,42.6,0.0,T-1061,H-05-02,T-0895,H-03-01
O0912,E,12203.5,46882.4,46882.4,46897.1,46928.2,46941.7,46968.2,47000.7,34797.2,34678.9,AMR3,AMR1,0,0,19,41.5,41.5,AMR3,60.7,60.7,AMR1,0,0,0.0,0,0,0,0,0.0,0,0.0,60,60.1,44.7,0.0,T-1062,E-06-02,T-0913,E-02-03
O0913,J,12226.3,46906.3,46906.3,46918.3,46951.3,46961.3,46992.2,47023.0,34796.7,34680.0,AMR2,AMR3,0,0,21,43.4,43.4,AMR2,58.0,58.0,AMR3,0,0,0.0,0,0,0,0,0.0,0,0.0,66,65.9,40.8,0.0,T-1063,J-03-01,T-0912,J-06-01
O0914,J,12246.0,46981.6,46981.6,46996.4,47030.2,47048.7,47081.8,47116.7,34870.7,34735.6,AMR2,AMR3,0,0,21,45.4,45.4,AMR2,66.0,66.0,AMR3,0,0,0.0,0,0,0,0,0.0,0,0.0,66,65.8,50.8,0.0,T-1064,J-06-01,T-0926,J-05-01
O0915,D,12270.9,47024.4,47024.4,47035.2,47055.2,47068.7,47102.3,47135.1,34864.2,34753.5,AMR1,AMR1,0,0,13,29.1,29.1,AMR1,53.6,53.6,AMR1,0,0,0.0,0,0,0,1,1.0,1,4.0,44,47.2,40.0,10.0,T-1065,D-03-02,T-0943,D-04-02
O0916,D,12294.9,47051.3,47051.3,47064.6,47087.4,47103.4,47127.4,47158.0,34863.1,34756.4,AMR2,AMR2,0,0,13,33.6,33.6,AMR2,51.4,51.4,AMR2,0,0,0.0,0,0,0,0,0.0,0,0.0,45,48.4,42.3,0.0,T-1066,D-05-03,T-0945,D-05-02
O0917,G,12310.0,47140.4,47140.4,47151.6,47178.6,47188.7,47216.0,47242.0,34932.0,34830.4,AMR3,AMR2,0,0,17,35.8,35.8,AMR3,53.2,53.2,AMR2,0,0,0.0,0,0,0,0,0.0,0,0.0,51,52.9,38.6,0.0,T-1067,G-02-02,T-0858,G-03-02
O0918,F,12327.3,47164.8,47164.8,47178.7,47210.5,47232.3,47265.4,47295.7,34968.4,34837.5,AMR1,AMR1,0,0,23,43.3,43.3,AMR1,64.6,64.6,AMR1,0,0,0.0,0,0,0,0,0.0,0,0.0,67,66.4,42.7,0.0,T-1068,F-01-01,T-0816,F-05-01
O0919,A,12350.7,47206.2,47206.2,47219.7,47246.0,47265.7,47293.6,47328.9,34978.2,34855.5,AMR3,AMR2,0,0,21,39.7,39.7,AMR3,61.9,61.9,AMR2,0,0,0.0,0,0,0,0,0.0,0,0.0,68,63.5,39.5,0.0,T-1069,A-06-01,T-0862,A-02-02
O0920,G,12365.7,47283.1,47283.1,47298.7,47323.4,47340.3,47370.1,47395.1,35029.4,34917.4,AMR3,AMR3,0,0,17,38.7,38.7,AMR3,55.2,55.2,AMR3,0,0,0.0,0,0,0,0,0.0,0,0.0,48,51.6,43.5,0.0,T-1070,G-03-02,T-0860,G-04-02
O0921,B,12388.0,47319.4,47319.4,47334.9,47359.7,47375.3,47404.4,47433.0,35045.0,34931.4,AMR1,AMR1,0,0,15,37.8,37.8,AMR1,54.9,54.9,AMR1,0,0,0.0,0,0,0,0,0.0,0,0.0,51,52.6,45.4,0.0,T-1071,B-01-01,T-0930,B-02-01
O0922,D,12408.3,47352.6,47352.6,47363.4,47388.3,47402.5,47430.0,47460.5,35052.2,34944.3,AMR2,AMR2,0,0,13,33.2,33.2,AMR2,53.7,53.7,AMR2,0,0,0.0,0,0,0,0,0.0,0,0.0,47,49.5,44.2,0.0,T-1072,D-04-02,T-0948,D-06-02
O0923,A,12428.2,47426.8,47426.8,47442.5,47473.5,47484.2,47516.9,47553.8,35125.6,34998.6,AMR3,AMR2,0,0,21,44.2,44.2,AMR3,65.3,65.3,AMR2,0,0,0.0,0,0,0,0,0.0,0,0.0,71,68.8,47.4,0.1,T-1073,A-02-02,T-0932,A-01-01
O0924,B,12450.3,47456.7,47456.7,47467.4,47493.9,47504.3,47527.1,47573.6,35123.3,35006.4,AMR1,AMR3,0,0,15,34.7,34.7,AMR1,54.5,54.5,AMR3,0,0,0.0,0,0,0,1,15.0,1,10.0,47,49.6,41.9,15.0,T-1074,B-02-01,T-0957,B-04-01
O0925,I,12474.5,47520.5,47520.5,47532.5,47557.6,47577.5,47605.4,47634.6,35160.1,35046.0,AMR1,AMR2,0,0,15,35.5,35.5,AMR1,54.5,54.5,AMR2,0,0,0.0,0,0,0,0,0.0,0,0.0,46,50.0,44.2,0.0,T-1075,I-03-02,T-0923,I-04-02
O0926,F,12496.6,47593.1,47593.1,47607.2,47640.3,47658.3,47685.3,47716.6,35220.0,35096.5,AMR1,AMR2,0,0,23,46.4,46.4,AMR1,62.7,62.7,AMR2,0,0,0.0,0,0,0,0,0.0,0,0.0,63,61.6,43.9,0.0,T-1076,F-05-01,T-0833,F-06-01
O0927,B,12521.3,47617.3,47617.3,47627.9,47654.3,47678.7,47702.7,47736.9,35215.6,35096.0,AMR3,AMR1,0,0,15,36.1,36.1,AMR3,53.9,53.9,AMR1,0,0,0.0,0,0,0,1,3.0,0,0.0,47,49.4,42.7,3.1,T-1077,B-04-01,T-0958,B-05-03
O0928,C,12537.3,47693.5,47693.5,47709.5,47734.3,47740.3,47761.1,47787.3,35250.0,35156.2,AMR3,AMR2,0,0,13,39.9,39.9,AMR3,48.7,48.7,AMR2,0,0,0.0,0,0,0,0,0.0,0,0.0,37,41.4,46.4,0.0,T-1078,C-05-01,T-0967,C-06-01
O0929,B,12560.5,47753.5,47753.5,47767.2,47788.3,47802.5,47827.4,47854.2,35293.7,35193.0,AMR3,AMR3,0,0,15,33.9,33.9,AMR3,51.9,51.9,AMR3,0,0,0.0,0,0,0,0,0.0,0,0.0,45,48.0,38.5,0.0,T-1079,B-04-03,T-0974,B-05-01
O0930,G,12581.1,47777.6,47777.6,47793.6,47817.1,47833.3,47865.0,47895.6,35314.5,35196.5,AMR1,AMR1,0,0,17,38.7,38.7,AMR1,59.7,59.7,AMR1,0,0,0.0,0,0,0,0,0.0,0,0.0,51,53.8,48.0,0.0,T-1080,G-04-02,T-0879,G-02-01
O0931,D,12605.8,47811.0,47811.0,47821.6,47848.1,47862.3,47886.4,47914.1,35308.3,35205.2,AMR2,AMR2,0,0,13,34.6,34.6,AMR2,52.5,52.5,AMR2,0,0,0.0,0,0,0,0,0.0,0,0.0,41,44.5,44.4,0.0,T-1081,D-05-02,T-0955,D-01-01
O0932,F,12623.4,47885.9,47885.9,47896.4,47927.4,47943.8,47989.9,48026.5,35403.1,35262.5,AMR3,AMR2,0,0,23,41.5,41.5,AMR3,70.7,70.7,AMR2,0,0,0.0,0,0,0,0,0.0,1,5.0,68,67.2,47.0,10.0,T-1082,F-06-01,T-0842,F-02-02
O0933,F,12645.4,47919.3,47919.3,47931.7,47963.1,47985.7,48020.4,48056.2,35410.8,35273.9,AMR1,AMR1,0,0,23,41.4,41.4,AMR1,70.4,70.4,AMR1,0,0,0.0,0,0,0,0,0.0,0,0.0,69,67.7,46.6,0.0,T-1083,F-02-03,T-0843,F-03-03
O0934,D,12664.9,47956.6,47956.6,47972.1,47993.2,48005.4,48031.7,48073.9,35409.0,35291.7,AMR3,AMR3,0,0,13,35.7,35.7,AMR3,56.2,56.2,AMR3,0,0,0.0,0,0,0,1,11.0,1,6.0,41,44.9,49.2,11.0,T-1084,D-01-01,T-0962,D-03-01
O0935,C,12689.4,48050.2,48050.2,48064.5,48085.8,48097.3,48121.8,48151.4,35462.0,35360.8,AMR2,AMR2,0,0,13,35.5,35.5,AMR2,53.4,53.4,AMR2,0,0,0.0,0,0,0,0,0.0,0,0.0,38,43.0,46.7,0.0,T-1085,C-06-01,T-0969,C-04-03
O0936,B,12705.5,48079.9,48079.9,48093.7,48115.4,48129.6,48156.6,48199.8,35494.3,35374.4,AMR1,AMR1,0,0,15,34.6,34.6,AMR1,55.4,55.4,AMR1,0,0,0.0,0,0,0,1,17.0,1,12.0,43,46.0,42.7,17.0,T-1086,B-05-01,T-0978,B-06-01
O0937,F,12725.0,48103.6,48103.6,48118.7,48150.9,48172.7,48203.6,48234.6,35509.6,35378.6,AMR3,AMR3,0,0,23,43.9,43.9,AMR3,61.8,61.8,AMR3,0,0,0.0,0,0,0,0,0.0,0,0.0,69,68.7,40.5,0.0,T-1087,F-02-02,T-0844,F-03-02
O0938,F,12741.2,48197.1,48197.1,48208.8,48242.6,48258.3,48287.4,48320.2,35579.0,35455.9,AMR2,AMR3,0,0,23,43.9,43.9,AMR2,64.3,64.3,AMR3,0,0,0.0,0,0,0,0,0.0,0,0.0,66,64.4,43.0,0.0,T-1088,F-03-02,T-0908,F-04-03
O0939,H,12760.7,48223.5,48223.5,48235.5,48263.1,48279.7,48305.1,48338.2,35577.5,35462.8,AMR1,AMR2,0,0,15,38.0,38.0,AMR1,52.8,52.8,AMR2,0,0,0.0,0,0,0,1,4.0,0,0.0,44,48.5,45.5,4.1,T-1089,H-03-01,T-0899,H-03-03
O0940,B,12784.2,48295.6,48295.6,48306.0,48329.4,48343.9,48369.0,48397.0,35612.8,35511.4,AMR1,AMR3,0,0,15,33.7,33.7,AMR1,50.8,50.8,AMR3,0,0,0.0,0,0,0,0,0.0,0,0.0,50,49.7,37.2,0.0,T-1090,B-06-01,T-0995,B-01-02
O0941,E,12807.3,48367.9,48367.9,48383.4,48409.5,48420.7,48453.5,48487.0,35679.7,35560.6,AMR2,AMR3,0,0,19,40.7,40.7,AMR2,62.6,62.6,AMR3,0,0,0.0,0,0,0,0,0.0,0,0.0,65,62.1,45.8,0.0,T-1091,E-01-03,T-0915,E-05-03
O0942,A,12829.2,48383.5,48383.5,48396.6,48424.5,48437.9,48466.1,48511.3,35682.1,35554.3,AMR1,AMR2,0,0,21,38.5,38.5,AMR1,64.6,64.6,AMR2,0,0,0.0,0,0,0,1,11.0,1,6.0,65,62.4,41.0,11.0,T-1092,A-01-01,T-0953,A-04-02
O0943,F,12852.6,48458.3,48458.3,48473.6,48504.7,48510.7,48542.2,48574.2,35721.6,35605.7,AMR1,AMR3,0,0,23,44.7,44.7,AMR1,65.9,65.9,AMR3,0,0,0.0,0,0,0,0,0.0,0,0.0,66,64.5,45.4,0.0,T-1093,F-03-03,T-0910,F-05-02
O0944,D,12868.5,48531.8,48531.8,48547.6,48572.3,48585.8,48612.2,48640.5,35772.0,35663.3,AMR1,AMR1,0,0,13,38.8,38.8,AMR1,55.4,55.4,AMR1,0,0,0.0,0,0,0,0,0.0,0,0.0,40,43.7,51.5,0.0,T-1094,D-03-01,T-0981,D-01-03
O0945,A,12887.5,48556.0,48556.0,48571.2,48599.6,48609.9,48636.9,48667.2,35779.7,35668.5,AMR2,AMR3,0,0,21,42.7,42.7,AMR2,61.5,61.5,AMR3,0,0,0.0,0,0,0,0,0.0,0,0.0,61,58.8,42.1,0.0,T-1095,A-04-02,T-0956,A-06-02
O0946,C,12905.1,48629.0,48629.0,48640.1,48663.0,48664.2,48683.7,48708.8,35803.7,35723.9,AMR2,AMR1,0,0,13,32.3,32.3,AMR2,45.8,45.8,AMR1,0,0,0.0,0,0,0,0,0.0,0,0.0,40,42.7,35.9,0.0,T-1096,C-03-03,T-0983,C-01-02
O0947,H,12929.6,48678.5,48678.5,48693.7,48720.9,48732.5,48759.2,48786.1,35856.5,35748.9,AMR2,AMR1,0,0,15,40.8,40.8,AMR2,52.9,52.9,AMR1,0,0,0.0,0,0,0,0,0.0,0,0.0,44,47.5,48.4,0.1,T-1097,H-03-03,T-0920,H-03-02
O0948,D,12952.1,48702.9,48702.9,48714.0,48741.3,48748.4,48772.1,48805.9,35853.8,35750.8,AMR3,AMR2,0,0,13,33.6,33.6,AMR3,51.7,51.7,AMR2,0,0,0.0,0,0,0,1,3.0,0,0.0,46,48.8,42.6,4.5,T-1098,D-06-02,T-0994,D-04-01
O0949,C,12971.7,48763.2,48763.2,48778.6,48800.0,48809.8,48856.5,48884.6,35912.9,35791.5,AMR3,AMR1,0,0,13,35.9,35.9,AMR3,51.5,51.5,AMR1,0,0,0.0,0,0,0,1,23.0,1,18.0,39,43.3,45.2,23.1,T-1099,C-01-02,T-0987,C-02-02
O0950,D,12986.8,48833.6,48833.6,48848.1,48870.5,48884.7,48908.2,48936.5,35949.7,35846.8,AMR2,AMR2,0,0,13,34.4,34.4,AMR2,47.5,47.5,AMR2,0,0,0.0,0,0,0,0,0.0,0,0.0,47,49.5,39.2,0.0,T-1100,D-04-01,T-1006,D-06-01
O0951,G,13003.8,48847.2,48847.2,48857.7,48886.4,48909.3,48934.3,48960.6,35956.8,35843.4,AMR3,AMR1,0,0,17,36.8,36.8,AMR3,52.7,52.7,AMR1,0,0,0.0,0,0,0,0,0.0,0,0.0,49,51.4,39.1,0.0,T-1101,G-02-01,T-0903,G-05-02
O0952,B,13025.7,48927.0,48927.0,48939.5,48964.9,48980.5,49005.4,49036.1,36010.4,35901.3,AMR3,AMR3,0,0,15,35.4,35.4,AMR3,52.3,52.3,AMR3,0,0,0.0,0,0,0,0,0.0,0,0.0,53,53.1,40.4,0.0,T-1102,B-01-02,T-0996,B-02-02
O0953,B,13046.5,48960.2,48960.2,48974.8,48999.9,49014.1,49037.6,49067.1,36020.6,35913.7,AMR2,AMR2,0,0,15,38.8,38.8,AMR2,51.7,51.7,AMR2,0,0,0.0,0,0,0,0,0.0,0,0.0,47,49.5,43.2,0.0,T-1103,B-05-03,T-1000,B-03-02
O0954,D,13071.5,48984.3,48984.3,48996.2,49021.9,49036.8,49060.4,49086.8,36015.3,35912.8,AMR1,AMR1,0,0,13,34.3,34.3,AMR1,50.7,50.7,AMR1,0,0,0.0,0,0,0,0,0.0,0,0.0,42,45.3,42.3,0.0,T-1104,D-06-01,T-1008,D-02-03
O0955,C,13090.9,49060.8,49060.8,49073.6,49093.4,49105.6,49128.1,49156.5,36065.6,35969.9,AMR3,AMR3,0,0,13,31.7,31.7,AMR3,51.0,51.0,AMR3,0,0,0.0,0,0,0,0,0.0,0,0.0,41,43.0,40.5,0.0,T-1105,C-02-02,T-0989,C-03-02
O0956,F,13115.0,49090.8,49090.8,49102.2,49133.0,49153.4,49184.0,49217.1,36102.1,35975.8,AMR2,AMR2,0,0,23,41.4,41.4,AMR2,65.1,65.1,AMR2,0,0,0.0,0,0,0,0,0.0,0,0.0,65,64.6,41.3,0.0,T-1106,F-05-02,T-0929,F-04-02
O0957,H,13130.4,49114.5,49114.5,49126.5,49154.4,49168.9,49191.1,49229.9,36099.5,35984.1,AMR1,AMR1,0,0,15,38.2,38.2,AMR1,47.4,47.4,AMR1,0,0,0.0,0,0,0,1,15.0,1,10.0,42,45.6,40.3,15.0,T-1107,H-03-02,T-0924,H-01-01
O0958,J,13147.1,49193.2,49193.2,49204.1,49237.0,49240.8,49270.7,49302.6,36155.5,36046.1,AMR3,AMR2,0,0,21,41.4,41.4,AMR3,63.7,63.7,AMR2,0,0,0.0,0,0,0,0,0.0,0,0.0,61,61.1,44.5,0.0,T-1108,J-05-01,T-0937,J-01-02
O0959,G,13170.3,49264.6,49264.6,49278.8,49305.8,49326.3,49353.2,49379.9,36209.6,36094.3,AMR1,AMR2,0,0,17,40.4,40.4,AMR1,57.0,57.0,AMR2,0,0,0.0,0,0,0,0,0.0,0,0.0,45,47.8,47.0,0.0,T-1109,G-05-02,T-0954,G-06-02
O0960,G,13185.6,49285.8,49285.8,49299.6,49340.0,49343.0,49372.5,49400.2,36214.6,36100.2,AMR3,AMR1,0,0,17,38.8,38.8,AMR3,54.6,54.6,AMR1,0,0,0.0,0,0,0,0,0.0,1,9.6,51,53.8,43.0,14.6,T-1110,G-05-03,T-0971,G-01-03
O0961,C,13204.1,49359.6,49359.6,49374.0,49398.8,49403.6,49424.7,49455.2,36251.1,36155.5,AMR3,AMR2,0,0,13,37.5,37.5,AMR3,52.8,52.8,AMR2,0,0,0.0,0,0,0,0,0.0,0,0.0,40,42.7,48.1,0.0,T-1111,C-03-02,T-0992,C-02-01
O0962,C,13221.9,49417.3,49417.3,49428.2,49450.7,49462.9,49482.4,49510.4,36288.5,36195.4,AMR3,AMR3,0,0,13,32.5,32.5,AMR3,48.2,48.2,AMR3,0,0,0.0,0,0,0,0,0.0,0,0.0,39,42.4,38.5,0.0,T-1112,C-02-01,T-1003,C-04-02
O0963,J,13243.1,49441.9,49441.9,49455.9,49487.1,49505.5,49537.3,49568.7,36325.6,36198.8,AMR1,AMR1,0,0,21,44.4,44.4,AMR1,65.1,65.1,AMR1,0,0,0.0,0,0,0,0,0.0,0,0.0,59,59.5,48.9,0.0,T-1113,J-01-02,T-0942,J-02-02
O0964,H,13264.5,49486.9,49486.9,49498.3,49520.9,49534.1,49557.1,49582.6,36318.1,36222.4,AMR2,AMR3,0,0,15,33.2,33.2,AMR2,48.4,48.4,AMR3,0,0,0.0,0,0,0,0,0.0,0,0.0,41,46.2,36.3,0.0,T-1114,H-01-01,T-0925,H-05-03
O0965,H,13288.4,49549.1,49549.1,49565.3,49590.5,49592.4,49618.0,49640.8,36352.4,36260.7,AMR2,AMR1,0,0,15,40.6,40.6,AMR2,50.3,50.3,AMR1,0,0,0.0,0,0,0,0,0.0,0,0.0,39,44.2,45.6,0.0,T-1115,H-04-03,T-0927,H-06-02
O0966,G,13304.3,49608.7,49608.7,49623.7,49647.6,49664.5,49692.4,49719.4,36415.1,36304.4,AMR2,AMR1,0,0,17,38.9,38.9,AMR2,53.3,53.3,AMR1,0,0,0.0,0,0,0,0,0.0,0,0.0,50,52.0,41.8,0.0,T-1116,G-06-02,T-0980,G-02-03
O0967,I,13323.5,49632.3,49632.3,49646.7,49675.4,49679.5,49711.5,49740.5,36417.0,36308.8,AMR3,AMR2,0,0,15,40.6,40.6,AMR3,55.9,55.9,AMR2,0,0,0.0,0,0,0,0,0.0,0,0.0,49,53.3,50.7,0.1,T-1117,I-04-02,T-0928,I-05-02
O0968,I,13344.8,49696.6,49696.6,49711.2,49735.1,49743.1,49768.9,49799.4,36454.6,36351.8,AMR3,AMR1,0,0,15,36.1,36.1,AMR3,53.7,53.7,AMR1,0,0,0.0,0,0,0,1,3.5,0,0.0,43,47.3,44.0,3.5,T-1118,I-05-03,T-0934,I-01-01
O0969,F,13369.7,49759.3,49759.3,49770.6,49801.0,49823.1,49854.9,49887.2,36517.5,36389.6,AMR3,AMR1,0,0,23,40.9,40.9,AMR3,68.5,68.5,AMR1,0,0,0.0,0,0,0,0,0.0,0,0.0,63,61.6,44.2,0.0,T-1119,F-04-02,T-0970,F-06-02
O0970,H,13390.1,49783.2,49783.2,49798.6,49825.1,49843.4,49871.3,49903.1,36513.0,36393.1,AMR2,AMR3,0,0,15,41.9,41.9,AMR2,56.1,56.1,AMR3,0,0,0.0,0,0,0,1,4.0,0,0.0,40,44.9,52.7,4.0,T-1120,H-06-02,T-0933,H-01-03
O0971,I,13414.2,49857.6,49857.6,49872.6,49900.1,49910.9,49940.7,49970.4,36556.2,36443.4,AMR2,AMR1,0,0,15,41.7,41.7,AMR2,55.4,55.4,AMR1,0,0,0.0,0,0,0,0,0.0,0,0.0,47,50.7,51.3,0.0,T-1121,I-01-01,T-0935,I-06-02
O0972,C,13433.1,49925.3,49925.3,49937.1,49957.7,49970.5,49993.3,50022.7,36589.6,36492.2,AMR2,AMR2,0,0,13,31.5,31.5,AMR2,51.9,51.9,AMR2,0,0,0.0,0,0,0,0,0.0,0,0.0,39,43.4,41.2,0.0,T-1122,C-04-02,T-1004,C-05-03
O0973,D,13451.3,49949.8,49949.8,49964.2,49989.0,49995.1,50022.9,50053.3,36602.0,36498.5,AMR3,AMR1,0,0,13,37.8,37.8,AMR3,53.4,53.4,AMR1,0,0,0.0,0,0,0,0,0.0,0,0.0,43,48.9,48.5,0.0,T-1123,D-01-03,T-1017,D-03-03
O0974,E,13475.3,50009.2,50009.2,50021.7,50050.2,50066.6,50091.6,50121.4,36646.1,36533.9,AMR3,AMR3,0,0,19,40.1,40.1,AMR3,56.5,56.5,AMR3,0,0,0.0,0,0,0,0,0.0,0,0.0,57,56.7,39.1,0.0,T-1124,E-02-03,T-0965,E-02-01
O0975,H,13498.3,50046.4,50046.4,50060.8,50087.2,50101.4,50123.3,50164.1,36665.8,36548.1,AMR2,AMR2,0,0,15,40.0,40.0,AMR2,49.6,49.6,AMR2,0,0,0.0,0,0,0,1,16.0,1,11.0,39,43.2,44.3,16.0,T-1125,H-01-03,T-0936,H-06-01
O0976,J,13516.9,50077.0,50077.0,50092.3,50120.1,50138.5,50166.5,50196.4,36679.5,36560.1,AMR1,AMR1,0,0,21,42.3,42.3,AMR1,57.8,57.8,AMR1,0,0,0.0,0,0,0,0,0.0,0,0.0,61,61.5,39.5,0.0,T-1126,J-02-02,T-0951,J-03-02
O0977,B,13541.7,50162.1,50162.1,50172.9,50196.2,50211.8,50237.6,50265.3,36723.6,36620.4,AMR3,AMR3,0,0,15,31.6,31.6,AMR3,53.7,53.7,AMR3,0,0,0.0,0,0,0,0,0.0,0,0.0,47,49.6,38.0,0.0,T-1127,B-02-02,T-1001,B-04-02
O0978,E,13563.2,50187.8,50187.8,50200.8,50229.6,50246.0,50274.2,50309.4,36746.2,36624.6,AMR2,AMR2,0,0,19,40.9,40.9,AMR2,60.1,60.1,AMR2,0,0,0.0,0,0,0,0,0.0,0,0.0,63,61.7,43.5,0.0,T-1128,E-02-01,T-0968,E-06-01
O0979,A,13586.4,50220.1,50220.1,50235.3,50265.4,50289.0,50322.4,50356.4,36770.0,36633.7,AMR1,AMR3,0,0,21,44.4,44.4,AMR1,65.7,65.7,AMR3,0,0,0.0,0,0,0,0,0.0,0,0.0,65,64.6,48.0,0.1,T-1129,A-05-02,T-0985,A-04-03
O0980,G,13607.1,50307.8,50307.8,50323.6,50352.4,50370.0,50399.6,50427.1,36820.0,36700.7,AMR1,AMR1,0,0,17,42.2,42.2,AMR1,56.0,56.0,AMR1,0,0,0.0,0,0,0,0,0.0,0,0.0,51,53.9,47.8,0.0,T-1130,G-01-03,T-0988,G-03-03
O0981,C,13631.5,50333.1,50333.1,50345.6,50367.6,50394.1,50419.2,50449.1,36817.6,36701.6,AMR2,AMR3,0,0,13,33.6,33.6,AMR2,55.1,55.1,AMR3,0,0,0.0,0,0,0,0,0.0,0,0.0,41,42.9,46.5,0.1,T-1131,C-04-03,T-1009,C-05-02
O0982,F,13648.9,50407.4,50407.4,50420.4,50452.8,50471.9,50502.2,50538.5,36889.6,36758.5,AMR2,AMR2,0,0,23,45.4,45.4,AMR2,65.0,65.0,AMR2,0,0,0.0,0,0,0,0,0.0,0,0.0,68,66.8,45.2,0.0,T-1132,F-06-02,T-0976,F-01-02
O0983,J,13670.8,50450.8,50450.8,50461.9,50494.0,50513.7,50545.9,50577.8,36907.0,36780.0,AMR1,AMR1,0,0,21,41.6,41.6,AMR1,62.5,62.5,AMR1,0,0,0.0,0,0,0,0,0.0,0,0.0,64,63.8,43.5,0.0,T-1133,J-03-02,T-0959,J-04-02
O0984,F,13692.9,50474.8,50474.8,50488.3,50521.6,50542.0,50572.9,50604.7,36911.8,36781.9,AMR3,AMR3,0,0,23,46.0,46.0,AMR3,64.1,64.1,AMR3,0,0,0.0,0,0,0,0,0.0,0,0.0,65,64.6,44.9,0.0,T-1134,F-04-03,T-0977,F-05-03
O0985,J,13713.5,50566.2,50566.2,50582.5,50613.0,50628.4,50662.0,50692.6,36979.1,36852.7,AMR2,AMR3,0,0,21,44.4,44.4,AMR2,61.1,61.1,AMR3,0,0,0.0,0,0,0,0,0.0,0,0.0,67,66.0,44.9,0.1,T-1135,J-04-02,T-0960,J-05-03
O0986,H,13736.9,50601.5,50601.5,50612.6,50638.3,50649.4,50676.6,50711.8,36974.9,36864.6,AMR1,AMR2,0,0,15,36.8,36.8,AMR1,56.8,56.8,AMR2,0,0,0.0,0,0,0,1,7.0,1,2.0,40,43.9,48.3,7.0,T-1136,H-06-01,T-0949,H-01-02
O0987,H,13755.0,50663.8,50663.8,50679.5,50711.6,50716.3,50741.6,50767.3,37012.3,36908.8,AMR1,AMR3,0,0,15,42.0,42.0,AMR1,49.5,49.5,AMR3,0,0,0.0,0,0,0,1,5.0,0,0.0,43,47.5,46.2,5.1,T-1137,H-01-02,T-0973,H-02-03
O0988,D,13770.9,50730.8,50730.8,50744.4,50768.8,50791.0,50818.1,50846.8,37075.9,36959.9,AMR1,AMR3,0,0,13,37.1,37.1,AMR1,51.1,51.1,AMR3,0,0,0.0,0,0,0,0,0.0,0,0.0,47,48.3,45.5,0.0,T-1138,D-02-03,T-1018,D-04-03
O0989,I,13788.1,50754.5,50754.5,50770.2,50794.6,50804.0,50830.4,50859.8,37071.7,36966.4,AMR2,AMR1,0,0,15,37.6,37.6,AMR2,50.7,50.7,AMR1,0,0,0.0,0,0,0,1,6.0,1,1.0,43,47.4,42.5,6.0,T-1139,I-05-02,T-0940,I-01-03
O0990,J,13803.1,50820.8,50820.8,50832.2,50860.4,50870.5,50905.6,50939.3,37136.2,37017.7,AMR2,AMR3,0,0,21,38.0,38.0,AMR2,65.7,65.7,AMR3,0,0,0.0,0,0,0,0,0.0,0,0.0,66,65.3,43.1,0.0,T-1140,J-03-03,T-0961,J-06-03
O0991,F,13826.1,50894.5,50894.5,50907.3,50942.4,50963.0,50995.9,51027.7,37201.6,37068.4,AMR1,AMR3,0,0,23,45.5,45.5,AMR1,63.6,63.6,AMR3,0,0,0.0,0,0,0,0,0.0,0,0.0,69,68.6,43.9,0.1,T-1141,F-01-02,T-0979,F-04-01
O0992,F,13842.9,50914.1,50914.1,50928.9,50957.1,50983.5,51019.5,51056.3,37213.4,37071.2,AMR2,AMR2,0,0,23,42.2,42.2,AMR2,70.2,70.2,AMR2,0,0,0.0,0,0,0,0,0.0,0,0.0,69,67.6,47.2,1.0,T-1142,F-05-03,T-0984,F-01-03
O0993,J,13858.1,51006.1,51006.1,51021.0,51050.5,51051.4,51086.0,51116.7,37258.6,37148.0,AMR1,AMR3,0,0,21,42.0,42.0,AMR1,62.2,62.2,AMR3,0,0,0.0,0,0,0,0,0.0,0,0.0,67,66.0,43.6,0.1,T-1143,J-04-03,T-1013,J-05-02
O0994,B,13882.3,51071.9,51071.9,51086.2,51111.4,51126.3,51163.4,51195.7,37313.4,37189.6,AMR1,AMR1,0,0,15,37.8,37.8,AMR1,55.6,55.6,AMR1,0,0,0.0,0,0,0,0,0.0,1,8.6,46,49.2,46.1,13.6,T-1144,B-03-02,T-1012,B-05-02
O0995,B,13905.9,51096.0,51096.0,51108.0,51132.2,51150.4,51175.2,51209.7,37303.8,37190.1,AMR2,AMR3,0,0,15,35.3,35.3,AMR2,51.0,51.0,AMR3,0,0,0.0,0,0,0,1,8.0,1,3.0,45,48.4,39.0,8.1,T-1145,B-04-02,T-1019,B-06-02
O0996,G,13928.0,51167.8,51167.8,51182.7,51209.0,51219.4,51244.0,51269.8,37341.8,37239.8,AMR2,AMR1,0,0,17,38.7,38.7,AMR2,51.8,51.8,AMR1,0,0,0.0,0,0,0,0,0.0,0,0.0,49,51.5,40.1,0.0,T-1146,G-02-03,T-0999,G-05-01
O0997,E,13944.0,51243.4,51243.4,51256.9,51285.7,51293.5,51322.4,51353.1,37409.1,37299.4,AMR3,AMR1,0,0,19,39.0,39.0,AMR3,61.3,61.3,AMR1,0,0,0.0,0,0,0,0,0.0,0,0.0,60,59.1,42.8,0.0,T-1147,E-06-01,T-0972,E-01-01
O0998,C,13960.3,51262.0,51262.0,51273.8,51296.0,51312.8,51333.6,51371.5,37411.2,37301.7,AMR2,AMR3,0,0,13,33.1,33.1,AMR2,49.4,49.4,AMR3,0,0,0.0,0,0,0,1,11.0,1,6.0,37,41.4,40.3,11.0,T-1148,C-05-02,T-1021,C-06-02
O0999,H,13984.8,51326.2,51326.2,51340.7,51365.2,51376.8,51406.2,51430.2,37445.4,37341.4,AMR2,AMR1,0,0,15,38.2,38.2,AMR2,51.9,51.9,AMR1,0,0,0.0,0,0,0,0,0.0,0,0.0,43,47.5,44.8,0.1,T-1149,H-02-03,T-0986,H-02-01
O1000,I,14003.0,51391.4,51391.4,51403.9,51428.1,51428.2,51463.9,51487.0,37484.0,37388.4,AMR2,AMR3,0,0,27,33.5,33.5,AMR2,59.5,59.5,AMR3,0,0,0.0,0,0,0,0,0.0,0,0.0,57,58.7,36.8,0.0,T-1150,I-06-02,T-0946,I-02-03
