JOB_ID,종류,랙,발생시각,배정시각,작업시작시각,작업완료시각,대기시간,이동시간,피킹/적치시간,RFID/바코드시간,병목대기시간,병목정지횟수,스테이션대기시간,리드타임,이동거리(m),담당
1,OUTBOUND,B,0.00,0.00,0.00,52.99,0.00,31.50,19.49,2.00,0.00,0,0.00,52.99,33,AMR1
2,OUTBOUND,D,22.65,22.70,22.70,70.86,0.05,30.67,15.49,2.00,0.00,0,0.00,48.21,32,AMR2
3,OUTBOUND,D,39.81,39.90,39.90,107.02,0.09,43.08,18.94,2.00,3.10,1,0.00,67.21,44,AMR3
4,OUTBOUND,J,62.55,62.60,62.60,142.78,0.05,50.80,22.39,2.00,4.99,2,0.00,80.23,56,AMR1
5,INBOUND,C,80.33,80.40,80.40,141.45,0.07,40.04,14.34,7.53,4.68,1,0.00,61.12,45,AMR2
6,INBOUND,C,100.73,107.10,107.10,174.47,6.37,36.17,18.73,6.77,10.47,2,0.00,73.74,36,AMR3
7,INBOUND,A,122.34,141.50,141.50,200.60,19.16,31.95,22.10,6.16,3.05,1,0.00,78.26,32,AMR2
8,OUTBOUND,D,137.49,142.80,142.80,199.79,5.31,34.82,20.18,2.00,0.00,0,0.00,62.30,34,AMR1
9,INBOUND,C,155.73,174.50,174.50,221.59,18.77,25.97,19.12,7.45,0.00,0,0.00,65.86,25,AMR3
10,OUTBOUND,G,171.25,199.80,199.80,244.39,28.55,25.99,16.60,2.00,0.00,0,0.00,73.14,26,AMR1
11,INBOUND,B,187.39,200.70,200.70,260.35,13.31,32.82,24.83,5.52,0.00,0,0.00,72.96,35,AMR2
12,OUTBOUND,F,206.87,221.60,221.60,279.38,14.73,37.57,18.20,2.00,0.00,0,0.00,72.51,39,AMR3
13,INBOUND,H,227.81,244.40,244.40,309.82,16.59,38.74,24.68,6.51,0.00,0,0.00,82.01,38,AMR1
14,OUTBOUND,J,245.02,260.40,260.40,326.59,15.38,40.53,20.65,2.00,3.01,1,0.00,81.57,42,AMR2
15,OUTBOUND,I,267.29,279.40,279.40,344.01,12.11,32.73,22.19,2.00,7.69,1,0.00,76.72,32,AMR3
16,OUTBOUND,A,286.87,309.90,309.90,370.10,23.03,37.42,20.78,2.00,0.00,0,0.00,83.23,38,AMR1
17,OUTBOUND,G,311.86,326.60,326.60,387.00,14.74,26.00,20.54,2.00,11.88,1,0.00,75.14,26,AMR2
18,INBOUND,H,333.72,344.10,344.10,403.38,10.38,37.66,19.62,7.36,0.00,0,0.00,69.66,38,AMR3
19,OUTBOUND,B,357.82,370.20,370.20,424.51,12.38,33.17,16.15,2.00,3.10,0,0.00,66.69,30,AMR1
20,INBOUND,J,373.63,387.10,387.10,452.29,13.47,41.98,15.86,5.64,5.34,1,0.00,78.66,44,AMR2
21,INBOUND,E,389.28,403.40,403.40,468.93,14.12,37.07,23.43,6.37,3.03,1,0.00,79.65,36,AMR3
22,OUTBOUND,I,410.61,424.60,424.60,476.37,13.99,29.66,20.11,2.00,0.00,0,0.00,65.76,28,AMR1
23,INBOUND,J,428.87,452.30,452.30,525.19,23.43,47.91,19.93,6.59,3.05,1,0.00,96.32,47,AMR2
24,INBOUND,I,446.81,469.00,469.00,533.18,22.19,33.02,20.92,6.30,8.25,1,0.00,86.37,34,AMR3
25,OUTBOUND,B,466.12,476.40,476.40,536.09,10.28,35.47,22.21,2.00,0.00,0,0.00,69.97,36,AMR1
26,INBOUND,I,487.66,525.20,525.20,582.93,37.54,36.24,19.48,6.01,0.00,0,0.00,95.27,39,AMR2
27,OUTBOUND,G,511.32,533.20,533.20,603.63,21.88,30.73,19.23,2.00,18.46,3,0.00,92.31,30,AMR3
28,OUTBOUND,G,535.20,536.10,536.10,586.25,0.90,28.90,19.25,2.00,0.00,0,0.00,51.05,28,AMR1
29,INBOUND,G,558.47,583.00,583.00,638.86,24.53,32.59,21.26,7.83,0.00,0,0.00,80.39,32,AMR2
30,OUTBOUND,F,580.77,586.30,586.30,659.88,5.53,46.33,19.20,2.00,6.10,1,0.00,79.11,44,AMR1
31,OUTBOUND,E,598.90,603.70,603.70,677.82,4.80,45.59,24.75,2.00,1.78,1,0.00,78.92,46,AMR3
32,OUTBOUND,H,623.43,638.90,638.90,696.79,15.47,22.79,17.48,2.00,15.62,1,0.00,73.36,20,AMR2
33,OUTBOUND,B,639.34,659.90,659.90,716.71,20.56,36.48,18.33,2.00,0.00,0,0.00,77.37,36,AMR1
34,INBOUND,F,658.66,677.90,677.90,751.47,19.24,45.17,22.76,6.69,3.65,1,0.00,92.81,48,AMR3
35,OUTBOUND,J,679.23,696.80,696.80,752.95,17.57,35.32,18.82,2.00,0.00,0,0.00,73.72,36,AMR2
36,INBOUND,B,699.84,716.80,716.80,772.74,16.96,37.00,16.94,6.24,0.00,0,0.00,72.90,38,AMR1
37,OUTBOUND,G,718.38,751.50,751.50,798.29,33.12,23.97,20.82,2.00,0.00,0,0.00,79.91,24,AMR3
38,OUTBOUND,E,733.89,753.00,753.00,817.61,19.11,39.86,14.66,2.00,8.09,1,0.00,83.72,40,AMR2
39,INBOUND,B,752.02,772.80,772.80,829.88,20.78,30.35,24.73,8.49,0.00,0,0.00,77.86,30,AMR1
40,INBOUND,C,772.09,798.30,798.30,868.93,26.21,38.24,22.34,5.83,8.05,2,0.00,96.84,37,AMR3
41,INBOUND,B,791.91,817.70,817.70,880.88,25.79,35.50,23.92,6.77,1.77,1,0.00,88.97,37,AMR2
42,INBOUND,F,815.37,829.90,829.90,900.45,14.53,40.57,17.91,6.64,10.07,2,0.00,85.08,40,AMR1
43,OUTBOUND,J,837.99,869.00,869.00,923.64,31.01,34.43,18.21,2.00,0.00,0,0.00,85.65,33,AMR3
44,INBOUND,I,861.07,880.90,880.90,935.06,19.83,32.23,19.92,7.66,0.00,0,0.00,73.99,32,AMR2
45,INBOUND,I,882.20,900.50,900.50,960.16,18.30,36.86,20.79,7.11,0.00,0,0.00,77.96,41,AMR1
46,OUTBOUND,E,903.29,923.70,923.70,991.64,20.41,44.11,18.79,2.00,3.04,1,0.00,88.35,44,AMR3
47,INBOUND,E,920.10,935.10,935.10,995.77,15.00,35.54,23.13,6.86,0.00,0,0.00,75.67,38,AMR2
48,INBOUND,C,938.61,960.20,960.20,1017.37,21.59,28.63,21.07,6.29,5.47,1,0.00,78.76,27,AMR1
49,OUTBOUND,G,959.27,991.70,991.70,1041.64,32.43,29.36,18.58,2.00,0.00,0,0.00,82.37,30,AMR3
50,INBOUND,A,975.69,995.80,995.80,1057.59,20.11,39.89,18.79,8.11,1.11,1,0.00,81.90,42,AMR2
51,INBOUND,D,998.15,1017.40,1017.40,1070.16,19.25,26.80,22.76,5.96,1.20,1,0.00,72.01,26,AMR1
52,OUTBOUND,F,1017.35,1041.70,1041.70,1108.56,24.35,40.19,24.67,2.00,0.00,0,0.00,91.21,42,AMR3
53,INBOUND,F,1036.05,1057.60,1057.60,1116.03,21.55,41.57,14.86,6.47,0.00,0,0.00,79.98,42,AMR2
54,INBOUND,A,1057.01,1070.20,1070.20,1133.45,13.19,31.54,22.18,8.14,7.53,1,0.00,76.44,33,AMR1
55,INBOUND,J,1073.58,1108.60,1108.60,1171.57,35.02,43.71,17.27,6.42,0.00,0,0.00,97.99,44,AMR3
56,OUTBOUND,E,1095.32,1116.10,1116.10,1208.83,20.78,50.18,23.80,2.00,16.75,2,0.00,113.51,49,AMR2
57,OUTBOUND,H,1116.94,1133.50,1133.50,1186.34,16.56,28.95,21.89,2.00,0.00,0,0.00,69.40,29,AMR1
58,OUTBOUND,D,1136.09,1171.60,1171.60,1230.27,35.51,31.72,18.83,2.00,6.12,2,0.00,94.18,26,AMR3
59,INBOUND,F,1156.21,1186.40,1186.40,1259.57,30.19,45.19,17.14,5.89,8.84,2,0.00,103.36,48,AMR1
60,OUTBOUND,J,1172.32,1208.90,1208.90,1279.78,36.58,40.18,21.01,2.00,7.69,2,0.00,107.46,42,AMR2
61,OUTBOUND,E,1192.59,1230.30,1230.30,1296.76,37.71,42.22,20.70,2.00,1.54,1,0.00,104.17,42,AMR3
62,INBOUND,J,1209.79,1259.60,1259.60,1324.96,49.81,42.72,20.64,6.77,0.00,0,0.00,115.17,48,AMR1
63,OUTBOUND,E,1224.87,1279.80,1279.80,1340.89,54.93,43.31,15.77,2.00,0.00,0,0.00,116.02,44,AMR2
64,INBOUND,E,1247.54,1296.80,1296.80,1362.32,49.26,42.71,20.81,6.10,0.00,0,0.00,114.78,45,AMR3
65,INBOUND,A,1265.82,1325.00,1325.00,1386.51,59.18,40.29,19.21,7.45,0.00,0,0.00,120.69,42,AMR1
66,OUTBOUND,C,1288.29,1340.90,1340.90,1393.41,52.61,30.07,20.44,2.00,0.00,0,0.00,105.12,28,AMR2
67,INBOUND,D,1307.10,1362.40,1362.40,1419.16,55.30,35.67,17.63,6.51,1.46,1,0.00,112.06,36,AMR3
68,INBOUND,F,1327.68,1386.60,1386.60,1451.60,58.92,42.99,20.01,6.16,0.00,0,0.00,123.92,44,AMR1
69,INBOUND,A,1346.65,1393.50,1393.50,1463.49,46.85,38.83,21.39,6.19,7.77,1,0.00,116.84,41,AMR2
70,INBOUND,B,1361.84,1419.20,1419.20,1472.84,57.36,30.55,17.94,5.71,3.15,1,0.00,111.00,31,AMR3
71,INBOUND,J,1382.60,1451.70,1451.70,1521.22,69.10,43.24,24.28,7.51,0.00,0,0.00,138.62,45,AMR1
72,INBOUND,G,1404.69,1463.50,1463.50,1533.38,58.81,32.90,20.46,8.31,14.52,2,0.00,128.69,34,AMR2
73,INBOUND,A,1420.85,1472.90,1472.90,1553.99,52.05,41.11,19.76,7.85,18.22,3,0.00,133.14,42,AMR3
74,INBOUND,J,1437.56,1521.30,1521.30,1582.55,83.74,42.08,17.16,5.79,0.00,0,0.00,144.99,42,AMR1
75,OUTBOUND,F,1460.88,1533.40,1533.40,1583.47,72.52,30.40,17.67,2.00,0.00,0,0.00,122.59,29,AMR2
76,OUTBOUND,B,1480.25,1554.00,1554.00,1600.43,73.75,26.24,18.19,2.00,0.00,0,0.00,120.18,26,AMR3
77,OUTBOUND,G,1499.61,1582.60,1582.60,1638.64,82.99,34.20,19.84,2.00,0.00,0,0.00,139.03,35,AMR1
78,OUTBOUND,E,1515.39,1583.50,1583.50,1656.15,68.11,42.30,21.67,2.00,6.67,1,0.00,140.76,44,AMR2
79,INBOUND,F,1533.79,1600.50,1600.50,1669.88,66.71,44.52,22.86,6.52,0.00,0,0.00,136.09,46,AMR3
80,OUTBOUND,B,1549.55,1638.70,1638.70,1694.95,89.15,33.44,20.81,2.00,0.00,0,0.00,145.40,32,AMR1
81,OUTBOUND,F,1569.65,1656.20,1656.20,1725.68,86.55,41.03,21.50,2.00,4.95,1,0.00,156.03,42,AMR2
82,OUTBOUND,C,1591.93,1669.90,1669.90,1741.41,77.97,30.14,19.19,2.00,20.17,3,0.00,149.48,30,AMR3
83,INBOUND,E,1607.96,1695.00,1695.00,1766.16,87.04,47.03,19.06,8.08,3.07,1,0.00,158.20,47,AMR1
84,OUTBOUND,C,1624.69,1725.70,1725.70,1780.82,101.01,29.67,22.45,2.00,1.02,0,0.00,156.13,28,AMR2
85,INBOUND,H,1641.46,1741.50,1741.50,1801.22,100.04,37.66,20.06,8.50,0.00,0,0.00,159.76,39,AMR3
86,OUTBOUND,J,1664.01,1766.20,1766.20,1814.08,102.19,25.21,20.67,2.00,0.00,0,0.00,150.07,23,AMR1
87,OUTBOUND,J,1685.82,1780.90,1780.90,1842.35,95.08,37.67,21.79,2.00,0.00,0,0.00,156.53,40,AMR2
88,INBOUND,J,1707.17,1801.30,1801.30,1858.13,94.13,34.67,20.16,6.14,0.00,0,0.00,150.96,35,AMR3
89,OUTBOUND,F,1730.81,1814.10,1814.10,1874.59,83.29,37.73,20.76,2.00,0.00,0,0.00,143.78,40,AMR1
90,INBOUND,H,1750.21,1842.40,1842.40,1907.03,92.19,36.79,22.78,6.30,3.06,1,0.00,156.82,36,AMR2
91,OUTBOUND,E,1771.52,1858.20,1858.20,1917.31,86.68,27.43,19.60,2.00,10.09,3,0.00,145.79,24,AMR3
92,INBOUND,I,1787.09,1874.60,1874.60,1948.61,87.51,44.82,16.53,8.49,10.66,2,0.00,161.52,42,AMR1
93,INBOUND,H,1805.19,1907.10,1907.10,1967.03,101.91,29.01,23.39,6.39,5.52,1,0.00,161.84,27,AMR2
94,OUTBOUND,E,1820.76,1917.40,1917.40,1988.52,96.64,46.08,18.44,2.00,4.60,1,0.00,167.76,48,AMR3
95,INBOUND,B,1842.21,1948.70,1948.70,2007.26,106.49,31.99,18.98,7.74,5.59,2,0.00,165.05,31,AMR1
96,OUTBOUND,G,1863.15,1967.10,1967.10,2010.14,103.95,19.33,20.70,2.00,1.07,0,0.00,146.99,19,AMR2
97,INBOUND,A,1883.95,1988.60,1988.60,2054.31,104.65,42.67,21.04,5.97,0.00,0,0.00,170.36,46,AMR3
98,OUTBOUND,J,1908.04,2007.30,2007.30,2067.61,99.26,40.71,17.60,2.00,0.00,0,0.00,159.57,41,AMR1
99,INBOUND,J,1924.92,2010.20,2010.20,2072.65,85.28,40.35,20.10,7.29,0.00,0,0.00,147.73,42,AMR2
100,OUTBOUND,A,1944.94,2054.40,2054.40,2105.60,109.46,26.66,22.54,2.00,0.00,0,0.00,160.66,26,AMR3
101,OUTBOUND,F,1960.97,2067.70,2067.70,2132.24,106.73,40.66,21.87,2.00,0.00,0,0.00,171.27,44,AMR1
102,INBOUND,C,1976.81,2072.70,2072.70,2128.74,95.89,33.62,20.43,6.76,0.00,0,0.00,151.93,33,AMR2
103,OUTBOUND,H,1994.29,2105.60,2105.60,2154.99,111.31,25.91,16.03,2.00,5.45,1,0.00,160.70,24,AMR3
104,OUTBOUND,J,2014.53,2128.80,2128.80,2181.56,114.27,30.19,20.56,2.00,0.00,0,0.00,167.03,29,AMR2
105,OUTBOUND,E,2033.17,2132.30,2132.30,2209.07,99.13,47.10,24.60,2.00,3.06,1,0.00,175.90,44,AMR1
106,OUTBOUND,F,2052.26,2155.00,2155.00,2228.46,102.74,40.74,22.14,2.00,8.57,1,0.00,176.20,44,AMR3
107,OUTBOUND,F,2073.24,2181.60,2181.60,2250.76,108.36,44.04,23.12,2.00,0.00,0,0.00,177.52,46,AMR2
108,OUTBOUND,I,2091.54,2209.10,2209.10,2267.93,117.56,28.92,19.72,2.00,8.22,2,0.00,176.39,28,AMR1
109,INBOUND,J,2109.38,2228.50,2228.50,2300.27,119.12,48.12,18.62,6.87,3.03,1,0.00,190.89,48,AMR3
110,OUTBOUND,J,2127.71,2250.80,2250.80,2314.97,123.09,39.21,22.95,2.00,0.00,0,0.00,187.26,42,AMR2
111,OUTBOUND,F,2144.12,2268.00,2268.00,2331.16,123.88,40.68,18.32,2.00,2.16,1,0.00,187.04,44,AMR1
112,INBOUND,G,2168.80,2300.30,2300.30,2360.00,131.50,37.81,19.89,8.14,0.00,0,0.00,191.20,38,AMR3
113,INBOUND,B,2189.75,2315.00,2315.00,2374.96,125.25,34.72,23.24,5.97,0.00,0,0.00,185.21,36,AMR2
114,INBOUND,F,2210.34,2331.20,2331.20,2397.17,120.86,45.38,18.59,7.34,0.00,0,0.00,186.83,47,AMR1
115,INBOUND,I,2232.04,2360.00,2360.00,2410.57,127.96,34.00,14.58,5.52,0.00,0,0.00,178.53,34,AMR3
116,OUTBOUND,G,2253.50,2375.00,2375.00,2419.90,121.50,22.54,20.36,2.00,0.00,0,0.00,166.40,20,AMR2
117,INBOUND,F,2272.12,2397.20,2397.20,2462.90,125.08,44.80,18.90,5.90,0.00,0,0.00,190.78,46,AMR1
118,OUTBOUND,D,2288.92,2410.60,2410.60,2456.96,121.68,25.64,15.63,2.00,3.09,1,0.00,168.04,22,AMR3
119,INBOUND,H,2313.40,2420.00,2420.00,2484.83,106.60,34.49,22.73,6.32,5.61,1,0.00,171.43,36,AMR2
120,INBOUND,C,2330.67,2457.00,2457.00,2511.54,126.33,34.37,18.16,6.11,0.00,0,0.00,180.87,36,AMR3
121,OUTBOUND,B,2346.44,2463.00,2463.00,2514.53,116.56,26.74,22.79,2.00,0.00,0,0.00,168.09,25,AMR1
122,INBOUND,J,2368.06,2484.90,2484.90,2543.77,116.84,36.02,20.86,8.04,0.00,0,0.00,175.71,37,AMR2
123,OUTBOUND,C,2389.03,2511.60,2511.60,2551.41,122.57,18.27,19.54,2.00,0.00,0,0.00,162.38,16,AMR3
124,INBOUND,J,2405.84,2514.60,2514.60,2586.73,108.76,45.35,24.79,7.81,0.00,0,0.00,180.89,46,AMR1
125,OUTBOUND,A,2428.05,2543.80,2543.80,2619.12,115.75,49.47,23.84,2.00,0.00,0,0.00,191.07,51,AMR2
126,INBOUND,D,2446.69,2551.50,2551.50,2606.42,104.81,36.16,16.76,6.78,0.00,0,0.00,159.73,36,AMR3
127,OUTBOUND,H,2467.80,2586.80,2586.80,2638.46,119.00,22.68,18.34,2.00,8.63,1,0.00,170.66,22,AMR1
128,OUTBOUND,E,2488.14,2606.50,2606.50,2663.05,118.36,29.67,24.88,2.00,0.00,0,0.00,174.91,28,AMR3
129,OUTBOUND,D,2512.18,2619.20,2619.20,2686.79,107.02,33.58,20.78,2.00,11.30,2,0.00,174.61,30,AMR2
130,OUTBOUND,J,2533.96,2638.50,2638.50,2702.85,104.54,40.04,19.34,2.00,2.97,1,0.00,168.89,42,AMR1
131,OUTBOUND,E,2553.58,2663.10,2663.10,2742.46,109.52,49.87,24.47,2.00,3.01,1,0.00,188.88,48,AMR3
132,OUTBOUND,G,2573.61,2686.80,2686.80,2760.90,113.19,31.24,23.28,2.00,17.57,1,0.00,187.29,30,AMR2
133,OUTBOUND,J,2596.78,2702.90,2702.90,2778.03,106.12,38.53,21.19,2.00,13.42,2,0.00,181.25,40,AMR1
134,INBOUND,A,2620.51,2742.50,2742.50,2811.09,121.99,42.50,20.06,6.72,4.08,1,0.00,190.58,44,AMR3
135,OUTBOUND,I,2644.25,2760.90,2760.90,2814.70,116.65,29.00,19.80,2.00,3.00,0,0.00,170.45,26,AMR2
136,OUTBOUND,I,2666.36,2778.10,2778.10,2840.43,111.74,30.18,21.99,2.00,8.15,2,0.00,174.07,30,AMR1
137,INBOUND,C,2684.21,2811.10,2811.10,2872.43,126.89,37.24,15.97,7.93,6.11,2,0.00,188.22,35,AMR3
138,INBOUND,I,2703.71,2814.80,2814.80,2886.54,111.09,39.65,20.74,6.50,9.35,2,0.00,182.83,38,AMR2
139,INBOUND,B,2727.02,2840.50,2840.50,2900.48,113.48,36.01,16.83,7.91,5.14,1,0.00,173.46,38,AMR1
140,OUTBOUND,F,2750.18,2872.50,2872.50,2976.04,122.32,43.34,20.87,2.00,37.32,4,0.00,225.86,43,AMR3
141,OUTBOUND,G,2769.33,2886.60,2886.60,2940.28,117.27,28.19,23.48,2.00,0.00,0,0.00,170.95,28,AMR2
142,OUTBOUND,B,2786.69,2900.50,2900.50,2959.36,113.81,23.15,17.09,2.00,16.62,3,0.00,172.67,20,AMR1
143,OUTBOUND,F,2803.93,2940.30,2940.30,3009.52,136.37,43.06,20.47,2.00,3.69,1,0.00,205.59,46,AMR2
144,INBOUND,F,2827.33,2959.40,2959.40,3030.09,132.07,44.54,24.15,7.95,0.00,0,0.00,202.76,46,AMR1
145,OUTBOUND,E,2843.70,2976.10,2976.10,3047.39,132.40,47.02,19.23,2.00,3.04,1,0.00,203.69,46,AMR3
146,INBOUND,C,2863.43,3009.60,3009.60,3067.98,146.17,32.84,18.19,6.18,5.34,1,0.00,204.55,34,AMR2
147,INBOUND,J,2883.12,3030.10,3030.10,3097.21,146.98,42.49,22.62,8.09,0.00,0,0.00,214.09,44,AMR1
148,INBOUND,A,2907.18,3047.40,3047.40,3110.90,140.22,42.74,18.76,8.44,0.00,0,0.00,203.72,46,AMR3
149,INBOUND,C,2924.33,3068.00,3068.00,3114.73,143.67,25.48,18.03,7.11,1.22,1,0.00,190.40,24,AMR2
150,OUTBOUND,J,2948.74,3097.30,3097.30,3144.00,148.56,25.83,18.87,2.00,0.00,0,0.00,195.26,24,AMR1
151,OUTBOUND,E,2967.97,3110.90,3110.90,3195.95,142.93,48.58,22.30,2.00,12.17,2,0.00,227.98,48,AMR3
152,OUTBOUND,A,2985.98,3114.80,3114.80,3178.10,128.82,38.43,18.07,2.00,4.80,1,0.00,192.12,38,AMR2
153,INBOUND,J,3005.18,3144.00,3144.00,3209.09,138.82,45.25,17.84,6.80,0.00,0,0.00,203.91,47,AMR1
154,OUTBOUND,H,3020.81,3178.20,3178.20,3224.54,157.39,25.08,18.25,2.00,1.10,0,0.00,203.73,24,AMR2
155,OUTBOUND,J,3042.13,3196.00,3196.00,3266.88,153.87,44.45,21.42,2.00,3.01,1,0.00,224.75,46,AMR3
156,INBOUND,E,3064.31,3209.10,3209.10,3281.85,144.79,43.90,18.83,7.23,8.02,2,0.00,217.54,43,AMR1
157,INBOUND,F,3079.33,3224.60,3224.60,3295.68,145.27,42.02,20.22,7.63,6.85,1,0.00,216.35,45,AMR2
158,INBOUND,C,3100.03,3266.90,3266.90,3319.11,166.87,34.40,15.81,7.66,0.00,0,0.00,219.08,36,AMR3
159,OUTBOUND,I,3121.72,3281.90,3281.90,3327.63,160.18,23.86,19.87,2.00,0.00,0,0.00,205.91,22,AMR1
160,OUTBOUND,I,3137.39,3295.70,3295.70,3350.45,158.31,29.15,18.37,2.00,5.23,1,0.00,213.06,29,AMR2
161,OUTBOUND,H,3156.30,3319.20,3319.20,3367.48,162.90,20.24,19.21,2.00,6.83,2,0.00,211.18,18,AMR3
162,INBOUND,F,3177.65,3327.70,3327.70,3401.41,150.05,48.26,17.35,8.04,6.10,2,0.00,223.76,48,AMR1
163,OUTBOUND,F,3200.13,3350.50,3350.50,3416.74,150.37,41.04,23.20,2.00,0.00,0,0.00,216.61,42,AMR2
164,INBOUND,D,3215.80,3367.50,3367.50,3426.33,151.70,36.90,19.93,6.71,0.00,0,0.00,210.53,38,AMR3
165,OUTBOUND,B,3237.37,3401.50,3401.50,3447.52,164.13,26.66,17.36,2.00,0.00,0,0.00,210.15,26,AMR1
166,OUTBOUND,F,3258.19,3416.80,3416.80,3481.21,158.61,41.52,20.89,2.00,0.00,0,0.00,223.02,44,AMR2
167,INBOUND,I,3273.64,3426.40,3426.40,3476.57,152.76,31.51,16.66,8.21,0.00,0,0.00,202.93,30,AMR3
168,OUTBOUND,C,3296.77,3447.60,3447.60,3504.20,150.83,30.42,19.24,2.00,4.93,1,0.00,207.43,28,AMR1
169,INBOUND,H,3316.42,3476.60,3476.60,3535.39,160.18,33.06,20.66,7.24,3.07,1,0.00,218.97,30,AMR3
170,INBOUND,C,3333.24,3481.30,3481.30,3546.41,148.06,36.16,19.24,6.89,7.70,2,0.00,213.17,37,AMR2
171,OUTBOUND,H,3355.40,3504.20,3504.20,3548.41,148.80,24.08,18.13,2.00,0.00,0,0.00,193.01,24,AMR1
172,INBOUND,A,3373.33,3535.40,3535.40,3592.47,162.07,34.58,20.49,7.89,0.00,0,0.00,219.14,36,AMR3
173,INBOUND,F,3397.19,3546.50,3546.50,3612.35,149.31,32.58,24.25,7.05,7.02,1,0.00,215.16,34,AMR2
174,INBOUND,I,3417.35,3548.50,3548.50,3617.61,131.15,40.33,17.75,7.75,9.04,1,0.00,200.26,40,AMR1
175,OUTBOUND,D,3434.88,3592.50,3592.50,3647.94,157.62,31.88,18.31,2.00,3.25,2,0.00,213.06,32,AMR3
176,OUTBOUND,A,3453.45,3612.40,3612.40,3668.91,158.95,28.79,22.66,2.00,3.06,1,0.00,215.46,27,AMR2
177,OUTBOUND,B,3471.77,3617.70,3617.70,3691.65,145.93,38.25,22.09,2.00,11.61,1,0.00,219.88,36,AMR1
178,INBOUND,G,3490.45,3648.00,3648.00,3720.10,157.55,44.36,22.73,5.72,3.01,1,0.00,229.65,44,AMR3
179,OUTBOUND,G,3509.85,3669.00,3669.00,3733.67,159.15,31.66,22.66,2.00,8.35,2,0.00,223.82,32,AMR2
180,OUTBOUND,H,3534.58,3691.70,3691.70,3753.70,157.12,27.78,22.78,2.00,9.44,1,0.00,219.12,26,AMR1
181,INBOUND,I,3554.56,3720.10,3720.10,3773.37,165.54,32.50,18.77,5.52,0.00,0,0.00,218.81,34,AMR3
182,INBOUND,G,3577.57,3733.70,3733.70,3796.93,156.13,38.25,19.98,7.81,3.03,0,0.00,219.36,38,AMR2
183,INBOUND,C,3596.88,3753.70,3753.70,3808.40,156.82,34.41,18.29,6.03,0.00,0,0.00,211.52,36,AMR1
184,INBOUND,B,3614.81,3773.40,3773.40,3824.59,158.59,26.80,19.39,6.25,3.00,1,0.00,209.78,27,AMR3
185,INBOUND,E,3633.09,3797.00,3797.00,3854.80,163.91,35.93,19.88,7.90,0.00,0,0.00,221.71,37,AMR2
186,INBOUND,G,3652.55,3808.50,3808.50,3866.15,155.95,28.99,21.48,8.46,5.18,1,0.00,213.60,28,AMR1
187,OUTBOUND,F,3674.45,3824.60,3824.60,3869.31,150.15,27.49,15.22,2.00,0.00,0,0.00,194.86,27,AMR3
188,OUTBOUND,F,3689.87,3854.90,3854.90,3928.01,165.03,49.24,21.87,2.00,0.00,0,0.00,238.14,51,AMR2
189,OUTBOUND,E,3714.85,3866.20,3866.20,3949.24,151.35,47.61,22.40,2.00,11.03,1,0.00,234.39,46,AMR1
190,INBOUND,A,3739.65,3869.40,3869.40,3932.56,129.75,41.16,20.00,8.19,0.00,0,0.00,192.91,43,AMR3
191,INBOUND,G,3761.37,3928.10,3928.10,3994.78,166.73,36.25,18.62,6.28,9.89,1,0.00,233.41,38,AMR2
192,INBOUND,C,3781.50,3932.60,3932.60,4009.14,151.10,37.54,22.74,7.80,14.26,2,0.00,227.64,35,AMR3
193,INBOUND,J,3797.93,3949.30,3949.30,4030.29,151.37,43.69,19.89,6.32,15.41,1,0.00,232.36,44,AMR1
194,INBOUND,A,3820.74,3994.80,3994.80,4055.15,174.06,37.23,18.12,6.46,3.00,1,0.00,234.41,35,AMR2
195,INBOUND,F,3836.41,4009.20,4009.20,4064.37,172.79,33.19,14.34,6.19,5.64,1,0.00,227.96,33,AMR3
196,OUTBOUND,J,3855.24,4030.30,4030.30,4075.23,175.06,22.49,20.44,2.00,0.00,0,0.00,219.99,20,AMR1
197,OUTBOUND,H,3876.29,4055.20,4055.20,4103.47,178.91,28.79,14.46,2.00,3.02,1,0.00,227.18,27,AMR2
198,INBOUND,B,3895.01,4064.40,4064.40,4119.98,169.39,36.80,16.78,6.12,0.00,0,0.00,224.97,37,AMR3
199,INBOUND,F,3911.39,4075.30,4075.30,4145.49,163.91,45.18,17.79,6.76,5.22,1,0.00,234.10,48,AMR1
200,INBOUND,E,3929.53,4103.50,4103.50,4162.82,173.97,40.55,16.77,7.59,0.00,0,0.00,233.29,42,AMR2
201,OUTBOUND,D,3936.37,4120.00,4120.00,4172.39,183.63,28.64,21.75,2.00,0.00,0,0.00,236.02,28,AMR3
202,INBOUND,A,3941.44,4145.50,4145.50,4205.43,204.06,41.07,16.86,7.80,0.00,0,0.00,263.99,46,AMR1
203,INBOUND,B,3947.54,4162.90,4162.90,4223.87,215.36,34.67,24.30,6.64,0.00,0,0.00,276.33,36,AMR2
204,INBOUND,F,3951.69,4172.40,4172.40,4245.10,220.71,43.58,21.87,5.52,5.26,1,0.00,293.41,46,AMR3
205,OUTBOUND,F,3955.18,4205.50,4205.50,4258.12,250.32,27.51,23.11,2.00,0.00,0,0.00,302.94,26,AMR1
206,INBOUND,C,3961.77,4223.90,4223.90,4267.29,262.13,26.55,14.84,7.76,0.00,0,0.00,305.52,26,AMR2
207,OUTBOUND,J,3968.64,4245.20,4245.20,4309.77,276.56,40.74,21.83,2.00,0.00,0,0.00,341.13,42,AMR3
208,INBOUND,H,3974.48,4258.20,4258.20,4322.23,283.72,38.67,23.35,8.36,0.00,0,0.00,347.75,39,AMR1
209,OUTBOUND,J,3980.89,4267.30,4267.30,4332.33,286.41,31.49,21.08,2.00,10.46,2,0.00,351.44,30,AMR2
210,INBOUND,D,3984.58,4309.80,4309.80,4375.69,325.22,38.88,22.01,7.74,3.00,1,0.00,391.11,38,AMR3
211,OUTBOUND,B,3991.52,4322.30,4322.30,4374.33,330.78,25.26,21.99,2.00,2.78,1,0.00,382.81,23,AMR1
212,OUTBOUND,H,3994.63,4332.40,4332.40,4391.45,337.77,27.35,21.71,2.00,7.99,1,0.00,396.82,26,AMR2
213,OUTBOUND,C,4000.84,4374.40,4374.40,4429.99,373.56,30.58,20.01,2.00,3.07,0,0.00,429.15,30,AMR1
214,INBOUND,J,4005.08,4375.70,4375.70,4439.18,370.62,36.57,24.90,6.16,0.00,0,0.00,434.10,36,AMR3
215,OUTBOUND,G,4010.18,4391.50,4391.50,4453.42,381.32,34.36,22.52,2.00,3.04,1,0.00,443.24,32,AMR2
216,OUTBOUND,C,4013.68,4430.00,4430.00,4487.06,416.32,28.66,21.06,2.00,5.34,1,0.00,473.38,28,AMR1
217,OUTBOUND,D,4018.55,4439.20,4439.20,4501.58,420.65,26.14,19.70,2.00,14.53,1,0.00,483.03,24,AMR3
218,OUTBOUND,D,4024.11,4453.50,4453.50,4520.66,429.39,34.17,16.75,2.00,14.24,2,0.00,496.55,30,AMR2
219,OUTBOUND,A,4029.12,4487.10,4487.10,4557.75,457.98,46.29,22.35,2.00,0.00,0,0.00,528.63,48,AMR1
220,INBOUND,H,4032.73,4501.60,4501.60,4562.57,468.87,36.89,18.39,6.51,3.69,1,0.00,529.84,38,AMR3
221,INBOUND,G,4036.63,4520.70,4520.70,4579.84,484.07,38.87,18.26,6.71,0.00,0,0.00,543.21,40,AMR2
222,INBOUND,H,4043.02,4557.80,4557.80,4629.79,514.78,39.53,18.81,6.00,11.65,2,0.00,586.77,38,AMR1
223,INBOUND,A,4048.52,4562.60,4562.60,4617.56,514.08,35.14,17.82,5.88,0.00,0,0.00,569.04,36,AMR3
224,INBOUND,D,4053.88,4579.90,4579.90,4642.96,526.02,32.27,19.19,7.37,9.60,1,0.00,589.08,33,AMR2
225,OUTBOUND,E,4059.38,4617.60,4617.60,4693.73,558.22,54.04,17.00,2.00,3.09,1,0.00,634.35,54,AMR3
226,INBOUND,C,4066.08,4629.80,4629.80,4676.05,563.72,25.99,18.26,7.19,0.00,0,0.00,609.97,26,AMR1
227,OUTBOUND,G,4069.26,4643.00,4643.00,4707.42,573.74,31.63,19.94,2.00,10.85,1,0.00,638.16,31,AMR2
228,INBOUND,F,4074.86,4676.10,4676.10,4733.37,601.24,36.78,18.48,7.43,0.00,0,0.00,658.51,38,AMR1
229,OUTBOUND,H,4080.42,4693.80,4693.80,4740.26,613.38,25.50,17.96,2.00,1.07,0,0.00,659.84,24,AMR3
230,OUTBOUND,I,4087.25,4707.50,4707.50,4762.13,620.25,29.33,23.29,2.00,0.00,0,0.00,674.88,30,AMR2
231,INBOUND,B,4092.06,4733.40,4733.40,4792.17,641.34,37.72,19.05,6.89,0.00,0,0.00,700.11,42,AMR1
232,OUTBOUND,H,4096.72,4740.30,4740.30,4789.89,643.58,25.13,22.46,2.00,0.00,0,0.00,693.17,26,AMR3
233,OUTBOUND,E,4100.30,4762.20,4762.20,4830.32,661.90,42.34,20.76,2.00,3.03,1,0.00,730.02,42,AMR2
234,INBOUND,I,4107.25,4789.90,4789.90,4855.66,682.65,40.24,18.73,6.13,4.79,1,0.00,748.41,41,AMR3
235,OUTBOUND,C,4113.29,4792.20,4792.20,4846.47,678.91,23.05,21.41,2.00,7.81,1,0.00,733.18,22,AMR1
236,INBOUND,I,4117.26,4830.40,4830.40,4892.79,713.14,38.01,22.39,7.78,0.00,0,0.00,775.53,38,AMR2
237,OUTBOUND,I,4120.82,4846.50,4846.50,4908.41,725.68,33.14,18.67,2.00,8.10,2,0.00,787.59,34,AMR1
238,OUTBOUND,B,4124.81,4855.70,4855.70,4921.95,730.89,32.21,17.67,2.00,14.36,2,0.00,797.14,31,AMR3
239,OUTBOUND,B,4131.55,4892.80,4892.80,4948.31,761.25,35.49,18.01,2.00,0.00,0,0.00,816.76,36,AMR2
240,INBOUND,F,4135.19,4908.50,4908.50,4975.50,773.31,43.08,20.92,8.00,1.09,0,0.00,840.31,45,AMR1
241,OUTBOUND,C,4141.70,4922.00,4922.00,4974.44,780.30,30.45,19.99,2.00,0.00,0,0.00,832.74,28,AMR3
242,OUTBOUND,B,4146.73,4948.40,4948.40,5013.13,801.67,37.74,22.09,2.00,2.90,1,0.00,866.40,38,AMR2
243,OUTBOUND,I,4151.14,4974.50,4974.50,5036.60,823.36,30.19,24.33,2.00,5.58,1,0.00,885.46,30,AMR3
244,OUTBOUND,C,4155.28,4975.60,4975.60,5055.98,820.32,34.49,23.20,2.00,20.70,3,0.00,900.70,33,AMR1
245,INBOUND,H,4158.82,5013.20,5013.20,5082.16,854.38,39.68,17.70,5.56,9.58,3,0.00,923.34,38,AMR2
246,INBOUND,D,4163.28,5036.70,5036.70,5106.21,873.42,37.65,20.81,8.50,9.05,2,0.00,942.93,39,AMR3
247,INBOUND,I,4168.49,5056.00,5056.00,5125.78,887.51,44.98,16.73,7.45,6.07,2,0.00,957.29,42,AMR1
248,INBOUND,J,4172.61,5082.20,5082.20,5147.76,909.59,36.55,22.69,7.84,4.32,1,0.00,975.15,36,AMR2
249,INBOUND,F,4176.09,5106.30,5106.30,5169.74,930.21,37.16,21.09,7.46,3.19,1,0.00,993.65,38,AMR3
250,INBOUND,H,4182.27,5125.80,5125.80,5182.53,943.53,31.81,17.49,7.76,5.43,1,0.00,1000.26,30,AMR1
251,INBOUND,C,4186.06,5147.80,5147.80,5212.97,961.74,39.13,15.74,6.10,8.30,2,0.00,1026.91,39,AMR2
252,INBOUND,F,4189.22,5169.80,5169.80,5243.07,980.58,46.61,21.64,5.56,3.02,1,0.00,1053.85,47,AMR3
253,INBOUND,G,4194.05,5182.60,5182.60,5256.37,988.55,33.68,25.77,5.96,12.32,1,0.00,1062.32,34,AMR1
254,INBOUND,B,4198.36,5213.00,5213.00,5263.27,1014.64,25.97,20.63,7.51,1.66,1,0.00,1064.91,27,AMR2
255,INBOUND,E,4205.32,5243.10,5243.10,5306.51,1037.78,40.47,17.91,6.15,3.03,1,0.00,1101.19,44,AMR3
256,OUTBOUND,G,4209.67,5256.40,5256.40,5296.94,1046.73,18.80,19.74,2.00,0.00,0,0.00,1087.27,18,AMR1
257,INBOUND,C,4215.50,5263.30,5263.30,5317.52,1047.80,27.38,21.42,6.00,3.42,1,0.00,1102.02,26,AMR2
258,OUTBOUND,I,4219.83,5297.00,5297.00,5347.73,1077.17,29.69,19.04,2.00,0.00,0,0.00,1127.90,28,AMR1
259,OUTBOUND,J,4226.01,5306.60,5306.60,5372.15,1080.59,28.50,22.96,2.00,12.10,1,0.00,1146.14,24,AMR3
260,INBOUND,D,4229.12,5317.60,5317.60,5365.59,1088.48,27.42,18.57,7.32,0.00,0,0.00,1136.47,28,AMR2
261,OUTBOUND,I,4232.32,5347.80,5347.80,5408.77,1115.48,31.68,21.65,2.00,5.64,1,0.00,1176.45,32,AMR1
262,OUTBOUND,C,4238.61,5365.60,5365.60,5427.11,1126.99,23.41,23.04,2.00,13.07,1,0.00,1188.50,24,AMR2
263,OUTBOUND,D,4241.69,5372.20,5372.20,5441.83,1130.51,36.61,19.03,2.00,11.99,2,0.00,1200.14,34,AMR3
264,INBOUND,I,4247.45,5408.80,5408.80,5479.60,1161.35,37.67,22.55,8.39,8.62,2,0.00,1232.15,36,AMR1
265,INBOUND,G,4253.36,5427.20,5427.20,5493.24,1173.84,37.83,18.31,5.82,7.90,2,0.00,1239.88,40,AMR2
266,OUTBOUND,F,4258.60,5441.90,5441.90,5499.69,1183.30,36.77,19.03,2.00,0.00,0,0.00,1241.09,38,AMR3
267,INBOUND,F,4263.11,5479.70,5479.70,5537.83,1216.59,35.07,21.05,6.44,0.00,0,0.00,1274.72,36,AMR1
268,OUTBOUND,H,4267.48,5493.30,5493.30,5534.75,1225.82,19.03,20.43,2.00,0.00,0,0.00,1267.27,18,AMR2
269,OUTBOUND,E,4272.42,5499.70,5499.70,5569.18,1227.28,45.66,21.82,2.00,0.00,0,0.00,1296.76,46,AMR3
270,OUTBOUND,E,4276.61,5534.80,5534.80,5603.85,1258.19,42.20,21.83,2.00,3.01,1,0.00,1327.24,42,AMR2
271,INBOUND,F,4282.43,5537.90,5537.90,5605.61,1255.47,44.93,20.79,7.65,0.00,0,0.00,1323.18,46,AMR1
272,INBOUND,H,4287.35,5569.20,5569.20,5639.41,1281.85,36.89,20.82,5.73,10.49,2,0.00,1352.06,37,AMR3
273,INBOUND,F,4290.84,5603.90,5603.90,5688.65,1313.06,47.20,23.15,7.57,12.40,2,0.00,1397.81,48,AMR2
274,INBOUND,B,4297.11,5605.70,5605.70,5662.94,1308.59,39.08,16.16,5.81,0.00,0,0.00,1365.83,40,AMR1
275,INBOUND,A,4300.28,5639.50,5639.50,5702.84,1339.22,35.07,20.90,7.82,5.36,2,0.00,1402.56,34,AMR3
276,INBOUND,J,4306.97,5663.00,5663.00,5726.04,1356.03,36.78,20.04,8.05,4.22,1,0.00,1419.07,40,AMR1
277,OUTBOUND,E,4310.83,5688.70,5688.70,5758.30,1377.87,45.20,19.00,2.00,3.40,1,0.00,1447.47,46,AMR2
278,INBOUND,G,4314.38,5702.90,5702.90,5764.55,1388.52,39.02,20.63,5.86,0.00,0,0.00,1450.17,39,AMR3
279,INBOUND,G,4318.35,5726.10,5726.10,5791.32,1407.75,37.77,22.93,8.45,2.51,1,0.00,1472.97,38,AMR1
280,INBOUND,I,4323.90,5758.40,5758.40,5817.71,1434.50,36.32,20.99,6.54,0.00,0,0.00,1493.81,36,AMR2
281,INBOUND,D,4329.77,5764.60,5764.60,5827.36,1434.83,30.37,20.36,6.79,10.03,1,0.00,1497.59,33,AMR3
282,OUTBOUND,B,4336.63,5791.40,5791.40,5836.14,1454.77,21.25,21.49,2.00,0.00,0,0.00,1499.51,20,AMR1
283,INBOUND,F,4342.24,5817.80,5817.80,5880.31,1475.56,39.25,21.26,6.52,0.00,0,0.00,1538.07,40,AMR2
284,INBOUND,E,4347.84,5827.40,5827.40,5895.66,1479.56,36.29,21.79,7.97,8.19,2,0.00,1547.82,34,AMR3
285,INBOUND,C,4351.98,5836.20,5836.20,5900.98,1484.22,35.35,21.41,5.82,6.01,1,0.00,1549.00,36,AMR1
286,OUTBOUND,C,4357.28,5880.40,5880.40,5939.90,1523.12,28.58,18.63,2.00,10.29,1,0.00,1582.62,28,AMR2
287,INBOUND,A,4361.95,5895.70,5895.70,5972.62,1533.75,39.88,23.25,7.41,11.79,1,0.00,1610.67,42,AMR3
288,INBOUND,H,4368.10,5901.00,5901.00,5948.81,1532.90,27.40,18.41,7.62,0.00,0,0.00,1580.71,26,AMR1
289,OUTBOUND,C,4371.14,5940.00,5940.00,6010.98,1568.86,34.65,21.50,2.00,12.84,1,0.00,1639.84,32,AMR2
290,OUTBOUND,G,4375.28,5948.90,5948.90,5988.48,1573.62,19.58,18.00,2.00,0.00,0,0.00,1613.20,18,AMR1
291,OUTBOUND,G,4380.25,5972.70,5972.70,6024.83,1592.45,26.17,16.53,2.00,7.43,1,0.00,1644.58,25,AMR3
292,INBOUND,E,4384.35,5988.50,5988.50,6061.44,1604.15,43.73,23.52,7.70,3.69,1,0.00,1677.09,45,AMR1
293,OUTBOUND,J,4390.27,6011.00,6011.00,6068.31,1620.73,38.73,16.58,2.00,0.00,0,0.00,1678.04,40,AMR2
294,OUTBOUND,H,4393.33,6024.90,6024.90,6085.76,1631.57,27.77,23.16,2.00,7.93,1,0.00,1692.43,26,AMR3
295,INBOUND,F,4397.03,6061.50,6061.50,6130.11,1664.47,43.19,23.43,7.92,0.00,0,0.00,1733.08,45,AMR1
296,OUTBOUND,C,4402.09,6068.40,6068.40,6122.76,1666.31,29.75,17.19,2.00,5.50,1,0.00,1720.67,30,AMR2
297,INBOUND,D,4409.02,6085.80,6085.80,6151.07,1676.78,37.96,22.23,6.95,3.08,1,0.00,1742.05,38,AMR3
298,INBOUND,H,4413.06,6122.80,6122.80,6183.92,1709.74,35.54,23.58,6.81,0.00,0,0.00,1770.86,35,AMR2
299,INBOUND,A,4417.27,6130.20,6130.20,6203.05,1712.93,41.00,21.08,6.31,8.77,1,0.00,1785.78,46,AMR1
300,OUTBOUND,A,4422.88,6151.10,6151.10,6213.54,1728.22,40.88,19.56,2.00,0.00,0,0.00,1790.66,42,AMR3
301,INBOUND,I,4426.35,6184.00,6184.00,6234.04,1757.65,31.09,16.96,7.99,0.00,0,0.00,1807.69,30,AMR2
302,OUTBOUND,J,4431.36,6203.10,6203.10,6275.28,1771.74,48.03,20.18,2.00,1.97,1,0.00,1843.92,50,AMR1
303,INBOUND,H,4435.61,6213.60,6213.60,6279.17,1777.99,39.52,21.01,5.76,3.03,1,0.00,1843.56,38,AMR3
304,INBOUND,D,4441.07,6234.10,6234.10,6295.01,1793.03,29.69,23.71,6.23,5.51,1,0.00,1853.94,31,AMR2
305,INBOUND,G,4444.68,6275.30,6275.30,6336.06,1830.62,38.56,20.20,6.89,0.00,0,0.00,1891.38,40,AMR1
306,OUTBOUND,I,4449.34,6279.20,6279.20,6328.84,1829.86,22.88,24.76,2.00,0.00,0,0.00,1879.50,22,AMR3
307,INBOUND,B,4455.55,6295.10,6295.10,6346.70,1839.55,27.33,22.27,5.59,0.00,0,0.00,1891.15,27,AMR2
308,OUTBOUND,A,4461.57,6328.90,6328.90,6390.01,1867.33,40.36,18.75,2.00,0.00,0,0.00,1928.44,42,AMR3
309,INBOUND,A,4466.36,6336.10,6336.10,6404.54,1869.74,40.21,23.22,8.05,3.00,1,0.00,1938.18,39,AMR1
310,INBOUND,D,4469.60,6346.70,6346.70,6408.24,1877.10,25.58,21.44,6.14,12.52,1,0.00,1938.64,26,AMR2
311,OUTBOUND,I,4474.75,6390.10,6390.10,6442.21,1915.35,31.16,18.95,2.00,0.00,0,0.00,1967.46,30,AMR3
312,OUTBOUND,F,4480.47,6404.60,6404.60,6461.23,1924.13,26.52,19.64,2.00,8.46,1,0.00,1980.76,25,AMR1
313,OUTBOUND,C,4487.07,6408.30,6408.30,6480.52,1921.23,24.44,15.89,2.00,29.89,1,0.00,1993.45,21,AMR2
314,OUTBOUND,C,4490.60,6442.30,6442.30,6503.01,1951.70,31.08,19.23,2.00,8.48,1,0.00,2012.41,28,AMR3
315,INBOUND,J,4495.44,6461.30,6461.30,6536.52,1965.86,46.43,20.08,8.14,6.70,2,0.00,2041.08,46,AMR1
316,OUTBOUND,J,4500.03,6480.60,6480.60,6540.33,1980.57,35.25,20.49,2.00,2.00,1,0.00,2040.30,36,AMR2
317,OUTBOUND,H,4505.34,6503.10,6503.10,6557.37,1997.76,26.74,16.98,2.00,8.55,1,0.00,2052.03,26,AMR3
318,OUTBOUND,C,4510.51,6536.60,6536.60,6586.06,2026.09,28.00,19.46,2.00,0.00,0,0.00,2075.55,28,AMR1
319,INBOUND,D,4513.63,6540.40,6540.40,6606.13,2026.77,36.17,21.48,5.53,6.16,1,0.00,2092.50,34,AMR2
320,INBOUND,F,4520.55,6557.40,6557.40,6628.28,2036.85,45.22,18.78,8.34,4.88,1,0.00,2107.73,48,AMR3
321,INBOUND,I,4527.52,6586.10,6586.10,6648.79,2058.58,39.55,21.15,7.66,0.00,0,0.00,2121.27,39,AMR1
322,OUTBOUND,G,4530.84,6606.20,6606.20,6653.04,2075.36,27.10,17.74,2.00,0.00,0,0.00,2122.20,26,AMR2
323,OUTBOUND,D,4536.45,6628.30,6628.30,6686.19,2091.85,36.15,19.74,2.00,0.00,0,0.00,2149.74,36,AMR3
324,INBOUND,B,4541.57,6648.80,6648.80,6701.47,2107.23,30.33,20.35,7.77,0.00,0,0.00,2159.90,30,AMR1
325,OUTBOUND,F,4547.59,6653.10,6653.10,6714.59,2105.51,38.11,21.38,2.00,0.00,0,0.00,2167.00,40,AMR2
326,INBOUND,D,4552.29,6686.20,6686.20,6748.37,2133.91,36.90,23.26,6.97,0.00,0,0.00,2196.08,38,AMR3
327,OUTBOUND,D,4557.13,6701.50,6701.50,6756.37,2144.37,30.81,22.06,2.00,0.00,0,0.00,2199.24,31,AMR1
328,INBOUND,G,4560.26,6714.60,6714.60,6770.45,2154.34,37.90,15.94,7.88,0.00,0,0.00,2210.19,40,AMR2
329,OUTBOUND,C,4564.22,6748.40,6748.40,6796.34,2184.18,22.05,23.89,2.00,0.00,0,0.00,2232.12,22,AMR3
330,INBOUND,A,4569.62,6756.40,6756.40,6825.33,2186.78,44.80,19.09,5.78,3.03,1,0.00,2255.71,45,AMR1
331,INBOUND,D,4575.58,6770.50,6770.50,6833.42,2194.92,30.61,22.52,7.58,7.79,1,0.00,2257.84,31,AMR2
332,INBOUND,A,4579.45,6796.40,6796.40,6862.20,2216.95,42.03,21.77,7.24,0.00,0,0.00,2282.75,44,AMR3
333,OUTBOUND,H,4584.46,6825.40,6825.40,6877.58,2240.94,28.35,21.84,2.00,0.00,0,0.00,2293.12,29,AMR1
334,INBOUND,J,4588.41,6833.50,6833.50,6891.18,2245.09,35.50,20.18,6.92,0.00,0,0.00,2302.77,35,AMR2
335,OUTBOUND,C,4592.29,6862.30,6862.30,6913.72,2270.01,27.15,22.27,2.00,0.00,0,0.00,2321.43,28,AMR3
336,OUTBOUND,I,4597.80,6877.60,6877.60,6936.12,2279.80,28.73,21.96,2.00,5.82,1,0.00,2338.32,28,AMR1
337,INBOUND,J,4604.69,6891.20,6891.20,6958.71,2286.51,45.90,16.56,6.78,3.05,1,0.00,2354.02,45,AMR2
338,OUTBOUND,I,4610.83,6913.80,6913.80,6971.99,2302.97,29.34,18.29,2.00,8.56,2,0.00,2361.16,26,AMR3
339,INBOUND,I,4614.43,6936.20,6936.20,7013.03,2321.77,43.92,24.81,7.61,6.10,2,0.00,2398.60,42,AMR1
340,INBOUND,D,4620.82,6958.80,6958.80,7025.94,2337.98,36.58,20.08,6.25,8.48,2,0.00,2405.12,39,AMR2
341,INBOUND,I,4627.48,6972.00,6972.00,7040.75,2344.52,38.57,20.02,5.86,8.16,2,0.00,2413.27,39,AMR3
342,INBOUND,H,4632.60,7013.10,7013.10,7078.13,2380.50,31.77,21.81,6.08,9.45,2,0.00,2445.53,30,AMR1
343,INBOUND,I,4636.92,7026.00,7026.00,7090.16,2389.08,36.19,19.85,7.11,6.12,2,0.00,2453.24,34,AMR2
344,INBOUND,B,4640.29,7040.80,7040.80,7108.54,2400.51,31.95,25.60,7.79,8.18,2,0.00,2468.25,30,AMR3
345,OUTBOUND,G,4644.37,7078.20,7078.20,7126.80,2433.83,23.51,23.09,2.00,0.00,0,0.00,2482.43,24,AMR1
346,OUTBOUND,D,4650.86,7090.20,7090.20,7148.85,2439.34,22.96,22.05,2.00,11.64,1,0.00,2497.99,20,AMR2
347,INBOUND,E,4654.70,7108.60,7108.60,7161.26,2453.90,33.85,16.81,6.95,0.00,0,0.00,2506.56,35,AMR3
348,INBOUND,C,4658.55,7126.90,7126.90,7193.96,2468.35,38.32,23.68,7.67,3.07,1,0.00,2535.41,35,AMR1
349,OUTBOUND,D,4665.54,7148.90,7148.90,7204.76,2483.36,34.95,18.91,2.00,0.00,0,0.00,2539.22,34,AMR2
350,OUTBOUND,H,4670.13,7161.30,7161.30,7223.60,2491.17,28.55,22.30,2.00,9.45,2,0.00,2553.47,26,AMR3
351,OUTBOUND,H,4674.65,7194.00,7194.00,7236.46,2519.35,18.80,15.48,2.00,6.19,2,0.00,2561.81,17,AMR1
352,OUTBOUND,I,4678.70,7204.80,7204.80,7266.08,2526.10,31.92,21.30,2.00,6.10,1,0.00,2587.38,28,AMR2
353,OUTBOUND,F,4682.09,7223.70,7223.70,7287.97,2541.61,37.65,24.62,2.00,0.00,0,0.00,2605.88,40,AMR3
354,INBOUND,I,4688.75,7236.50,7236.50,7302.37,2547.75,39.38,19.41,5.80,5.09,1,0.00,2613.62,40,AMR1
355,INBOUND,D,4694.00,7266.10,7266.10,7318.64,2572.10,33.90,16.64,6.18,0.00,0,0.00,2624.64,34,AMR2
356,INBOUND,G,4698.04,7288.00,7288.00,7352.40,2589.96,41.22,21.18,6.04,0.00,0,0.00,2654.36,42,AMR3
357,OUTBOUND,H,4702.71,7302.40,7302.40,7348.15,2599.69,19.97,23.78,2.00,0.00,0,0.00,2645.44,20,AMR1
358,OUTBOUND,F,4707.23,7318.70,7318.70,7382.68,2611.47,41.77,17.11,2.00,3.10,1,0.00,2675.45,44,AMR2
359,INBOUND,E,4712.85,7348.20,7348.20,7411.18,2635.35,42.04,18.94,6.32,0.00,0,0.00,2698.33,43,AMR1
360,OUTBOUND,F,4719.72,7352.40,7352.40,7407.27,2632.68,25.08,17.86,2.00,9.92,2,0.00,2687.55,24,AMR3
361,OUTBOUND,B,4723.39,7382.70,7382.70,7452.98,2659.31,39.81,25.41,2.00,3.06,1,0.00,2729.59,38,AMR2
362,INBOUND,C,4729.27,7407.30,7407.30,7486.60,2678.03,36.22,25.00,7.59,16.08,2,0.00,2757.33,37,AMR3
363,INBOUND,J,4732.41,7411.20,7411.20,7479.70,2678.79,43.14,20.34,8.11,3.02,1,0.00,2747.29,41,AMR1
364,INBOUND,D,4738.46,7453.00,7453.00,7507.97,2714.54,34.56,18.41,6.97,0.00,0,0.00,2769.51,36,AMR2
365,INBOUND,I,4744.29,7479.70,7479.70,7542.92,2735.41,37.00,18.58,8.12,5.64,1,0.00,2798.63,36,AMR1
366,OUTBOUND,G,4747.54,7486.60,7486.60,7535.22,2739.06,26.25,20.37,2.00,0.00,0,0.00,2787.68,25,AMR3
367,OUTBOUND,I,4753.17,7508.00,7508.00,7560.08,2754.83,21.80,20.31,2.00,7.97,2,0.00,2806.91,20,AMR2
368,INBOUND,G,4756.24,7535.30,7535.30,7602.57,2779.06,40.08,22.11,6.05,3.08,1,0.00,2846.33,39,AMR3
369,OUTBOUND,J,4759.31,7543.00,7543.00,7588.17,2783.69,27.58,15.59,2.00,0.00,0,0.00,2828.86,26,AMR1
370,OUTBOUND,A,4765.53,7560.10,7560.10,7623.75,2794.57,45.65,16.00,2.00,0.00,0,0.00,2858.22,46,AMR2
371,INBOUND,H,4770.63,7588.20,7588.20,7647.65,2817.57,36.89,20.56,5.65,0.00,0,0.00,2877.02,37,AMR1
372,OUTBOUND,H,4774.70,7602.60,7602.60,7647.42,2827.90,20.14,19.63,2.00,3.05,1,0.00,2872.72,19,AMR3
373,INBOUND,D,4779.54,7623.80,7623.80,7688.73,2844.26,35.36,15.75,6.93,11.82,3,0.00,2909.19,37,AMR2
374,OUTBOUND,J,4785.27,7647.50,7647.50,7710.95,2862.23,41.00,20.45,2.00,0.00,0,0.00,2925.68,42,AMR3
375,INBOUND,I,4790.87,7647.70,7647.70,7706.42,2856.83,36.37,15.52,5.72,4.83,2,0.00,2915.55,34,AMR1
376,OUTBOUND,C,4795.38,7688.80,7688.80,7731.89,2893.42,22.18,14.93,2.00,3.97,1,0.00,2936.51,21,AMR2
377,OUTBOUND,J,4798.71,7706.50,7706.50,7760.28,2907.79,27.50,19.39,2.00,4.88,1,0.00,2961.57,25,AMR1
378,INBOUND,A,4803.04,7711.00,7711.00,7774.52,2907.96,44.04,14.40,5.66,3.08,1,0.00,2971.48,48,AMR3
379,INBOUND,J,4806.95,7731.90,7731.90,7801.30,2924.95,46.40,17.90,5.95,3.10,1,0.00,2994.35,46,AMR2
380,OUTBOUND,C,4811.86,7760.30,7760.30,7815.22,2948.44,31.39,21.53,2.00,0.00,0,0.00,3003.36,30,AMR1
381,OUTBOUND,C,4818.45,7774.60,7774.60,7838.71,2956.15,29.25,24.15,2.00,8.71,1,0.00,3020.26,30,AMR3
382,INBOUND,D,4825.17,7801.40,7801.40,7862.53,2976.23,37.40,21.72,8.48,0.00,0,0.00,3037.36,38,AMR2
383,INBOUND,F,4828.75,7815.30,7815.30,7888.73,2986.55,48.34,20.04,5.86,3.04,1,0.00,3059.98,50,AMR1
384,INBOUND,I,4832.94,7838.80,7838.80,7902.57,3005.86,40.16,21.61,7.79,0.00,0,0.00,3069.63,41,AMR3
385,OUTBOUND,D,4839.53,7862.60,7862.60,7902.98,3023.07,18.76,19.62,2.00,0.00,0,0.00,3063.45,18,AMR2
386,INBOUND,A,4844.53,7888.80,7888.80,7952.04,3044.27,42.68,18.56,7.87,0.00,0,0.00,3107.51,48,AMR1
387,INBOUND,E,4849.28,7902.60,7902.60,7963.76,3053.32,35.80,17.43,7.07,5.93,1,0.00,3114.48,36,AMR3
388,INBOUND,F,4855.36,7903.00,7903.00,7987.74,3047.64,48.06,21.11,6.83,13.57,2,0.00,3132.38,48,AMR2
389,INBOUND,I,4858.48,7952.10,7952.10,8013.30,3093.62,37.85,16.35,8.08,5.00,2,0.00,3154.82,40,AMR1
390,INBOUND,I,4862.39,7963.80,7963.80,8029.62,3101.41,35.21,20.98,8.47,7.63,2,0.00,3167.23,34,AMR3
391,INBOUND,I,4866.13,7987.80,7987.80,8050.30,3121.67,39.94,20.56,6.42,0.00,0,0.00,3184.17,41,AMR2
392,OUTBOUND,D,4872.22,8013.40,8013.40,8062.54,3141.18,23.07,20.93,2.00,3.14,1,0.00,3190.32,20,AMR1
393,INBOUND,D,4875.55,8029.70,8029.70,8092.79,3154.15,32.17,20.41,7.72,8.52,2,0.00,3217.24,30,AMR3
394,INBOUND,C,4880.11,8050.40,8050.40,8110.05,3170.29,33.99,20.65,6.12,3.01,1,0.00,3229.94,33,AMR2
395,INBOUND,H,4886.88,8062.60,8062.60,8128.84,3175.72,36.86,19.43,6.13,7.95,2,0.00,3241.96,37,AMR1
396,OUTBOUND,I,4890.41,8092.80,8092.80,8134.41,3202.39,21.74,17.87,2.00,0.00,0,0.00,3244.00,19,AMR3
397,INBOUND,C,4895.63,8110.10,8110.10,8154.29,3214.47,24.95,15.49,7.48,1.75,1,0.00,3258.66,26,AMR2
398,INBOUND,H,4900.04,8128.90,8128.90,8181.82,3228.86,29.69,21.24,6.02,0.00,0,0.00,3281.78,29,AMR1
399,OUTBOUND,C,4903.09,8134.50,8134.50,8207.01,3231.41,28.57,20.12,2.00,21.82,3,0.00,3303.92,28,AMR3
400,OUTBOUND,I,4908.38,8154.30,8154.30,8194.00,3245.92,22.74,14.96,2.00,0.00,0,0.00,3285.62,22,AMR2
401,OUTBOUND,E,4924.77,8181.90,8181.90,8249.52,3257.13,42.09,21.80,2.00,1.73,1,0.00,3324.75,42,AMR1
402,INBOUND,B,4944.70,8194.00,8194.00,8251.73,3249.30,36.42,19.32,6.19,0.00,0,0.00,3307.03,38,AMR2
403,INBOUND,G,4964.05,8207.10,8207.10,8266.01,3243.05,38.66,18.25,6.86,0.00,0,0.00,3301.96,39,AMR3
404,INBOUND,B,4983.89,8249.60,8249.60,8319.63,3265.71,39.75,23.80,8.27,4.47,2,0.00,3335.74,40,AMR1
405,OUTBOUND,D,5001.41,8251.80,8251.80,8301.10,3250.39,26.68,20.62,2.00,0.00,0,0.00,3299.69,26,AMR2
406,INBOUND,D,5022.34,8266.10,8266.10,8326.99,3243.76,29.08,21.32,6.78,8.49,1,0.00,3304.65,29,AMR3
407,INBOUND,E,5038.41,8301.20,8301.20,8360.97,3262.79,39.65,18.12,7.44,0.00,0,0.00,3322.56,41,AMR2
408,OUTBOUND,F,5062.90,8319.70,8319.70,8369.39,3256.80,27.34,20.35,2.00,0.00,0,0.00,3306.49,26,AMR1
409,OUTBOUND,F,5085.94,8327.00,8327.00,8387.44,3241.06,39.65,18.79,2.00,0.00,0,0.00,3301.50,40,AMR3
410,INBOUND,J,5104.29,8361.00,8361.00,8434.29,3256.71,44.47,23.75,7.21,3.07,1,0.00,3330.00,43,AMR2
411,INBOUND,J,5122.29,8369.40,8369.40,8456.39,3247.11,45.41,22.93,5.87,16.65,3,0.00,3334.10,44,AMR1
412,INBOUND,F,5139.30,8387.50,8387.50,8468.66,3248.20,44.53,25.42,8.33,9.21,1,0.00,3329.36,46,AMR3
413,OUTBOUND,F,5163.95,8434.30,8434.30,8511.35,3270.35,50.99,21.02,2.00,3.04,1,0.00,3347.40,52,AMR2
414,INBOUND,H,5186.30,8456.40,8456.40,8509.18,3270.10,33.32,17.46,6.80,0.00,0,0.00,3322.88,34,AMR1
415,INBOUND,F,5209.12,8468.70,8468.70,8538.10,3259.58,45.79,21.61,5.77,0.00,0,0.00,3328.98,47,AMR3
416,INBOUND,G,5226.92,8509.20,8509.20,8567.12,3282.28,32.90,23.02,7.23,0.00,0,0.00,3340.20,33,AMR1
417,INBOUND,J,5243.06,8511.40,8511.40,8581.74,3268.34,42.87,16.14,7.52,9.33,1,0.00,3338.68,45,AMR2
418,INBOUND,I,5263.98,8538.20,8538.20,8603.99,3274.22,43.07,16.40,7.77,4.31,2,0.00,3340.01,43,AMR3
419,OUTBOUND,I,5285.80,8567.20,8567.20,8615.63,3281.40,25.25,21.18,2.00,0.00,0,0.00,3329.83,25,AMR1
420,OUTBOUND,H,5310.33,8581.80,8581.80,8633.94,3271.47,25.28,18.84,2.00,6.03,2,0.00,3323.61,25,AMR2
421,OUTBOUND,E,5329.71,8604.00,8604.00,8659.59,3274.29,34.15,18.35,2.00,1.09,1,0.00,3329.88,32,AMR3
422,INBOUND,G,5352.90,8615.70,8615.70,8679.61,3262.80,40.51,18.36,6.50,3.04,1,0.00,3326.71,40,AMR1
423,OUTBOUND,E,5372.90,8634.00,8634.00,8701.75,3261.10,42.36,20.36,2.00,3.03,1,0.00,3328.85,42,AMR2
424,OUTBOUND,C,5390.42,8659.60,8659.60,8743.38,3269.18,35.58,19.49,2.00,26.71,3,0.00,3352.96,32,AMR3
425,OUTBOUND,G,5409.65,8679.70,8679.70,8722.53,3270.05,18.33,22.50,2.00,0.00,0,0.00,3312.88,18,AMR1
426,OUTBOUND,J,5429.14,8701.80,8701.80,8769.94,3272.66,41.37,18.69,2.00,6.08,2,0.00,3340.80,38,AMR2
427,OUTBOUND,I,5449.97,8722.60,8722.60,8782.81,3272.63,32.68,15.97,2.00,9.56,3,0.00,3332.84,32,AMR1
428,OUTBOUND,G,5474.20,8743.40,8743.40,8801.93,3269.20,26.98,20.52,2.00,9.03,1,0.00,3327.73,26,AMR3
429,OUTBOUND,F,5489.57,8770.00,8770.00,8828.93,3280.43,37.75,18.18,2.00,1.06,0,0.00,3339.36,40,AMR2
430,OUTBOUND,B,5510.51,8782.90,8782.90,8841.26,3272.39,35.08,14.87,2.00,6.50,1,0.00,3330.75,32,AMR1
431,INBOUND,F,5533.20,8802.00,8802.00,8864.92,3268.80,43.68,17.24,6.59,0.00,0,0.00,3331.72,45,AMR3
432,INBOUND,A,5554.67,8829.00,8829.00,8886.66,3274.33,37.85,17.81,7.38,0.00,0,0.00,3331.99,41,AMR2
433,OUTBOUND,F,5579.33,8841.30,8841.30,8908.05,3261.97,44.62,17.05,2.00,3.08,1,0.00,3328.72,46,AMR1
434,OUTBOUND,B,5595.39,8865.00,8865.00,8925.37,3269.61,26.92,23.32,2.00,8.14,1,0.00,3329.98,25,AMR3
435,OUTBOUND,I,5612.61,8886.70,8886.70,8949.86,3274.09,31.46,24.53,2.00,5.17,1,0.00,3337.25,31,AMR2
436,OUTBOUND,J,5633.42,8908.10,8908.10,8971.74,3274.68,34.33,21.68,2.00,5.68,1,0.00,3338.32,36,AMR1
437,INBOUND,G,5652.88,8925.40,8925.40,8994.30,3272.52,41.55,22.25,7.33,3.10,1,0.00,3341.42,40,AMR3
438,INBOUND,J,5675.60,8949.90,8949.90,9015.76,3274.30,44.38,16.48,7.15,3.01,1,0.00,3340.16,46,AMR2
439,OUTBOUND,F,5695.61,8971.80,8971.80,9033.66,3276.19,40.69,19.17,2.00,0.00,0,0.00,3338.05,44,AMR1
440,INBOUND,E,5715.43,8994.30,8994.30,9053.90,3278.87,36.50,21.10,6.88,0.00,0,0.00,3338.47,38,AMR3
441,INBOUND,B,5739.64,9015.80,9015.80,9071.81,3276.16,37.46,16.55,7.00,0.00,0,0.00,3332.17,39,AMR2
442,INBOUND,C,5762.95,9033.70,9033.70,9091.52,3270.75,35.37,20.44,8.00,0.00,0,0.00,3328.57,35,AMR1
443,OUTBOUND,H,5781.07,9054.00,9054.00,9104.33,3272.93,26.90,21.42,2.00,0.00,0,0.00,3323.26,26,AMR3
444,OUTBOUND,H,5798.14,9071.90,9071.90,9117.25,3273.76,22.41,17.51,2.00,3.43,1,0.00,3319.11,21,AMR2
445,INBOUND,H,5817.90,9091.60,9091.60,9144.80,3273.70,27.75,23.45,8.14,0.00,0,0.00,3326.90,27,AMR1
446,OUTBOUND,F,5839.87,9104.40,9104.40,9164.38,3264.53,37.68,20.31,2.00,0.00,0,0.00,3324.51,40,AMR3
447,OUTBOUND,B,5857.87,9117.30,9117.30,9180.32,3259.43,38.78,18.45,2.00,3.79,1,0.00,3322.45,38,AMR2
448,OUTBOUND,B,5881.36,9144.90,9144.90,9195.58,3263.54,23.99,22.31,2.00,2.39,1,0.00,3314.22,22,AMR1
449,INBOUND,D,5905.66,9164.40,9164.40,9222.15,3258.74,33.75,21.00,6.40,1.02,0,0.00,3316.49,35,AMR3
450,OUTBOUND,C,5922.41,9180.40,9180.40,9229.59,3257.99,27.09,14.75,2.00,5.35,1,0.00,3307.18,26,AMR2
451,INBOUND,H,5943.01,9195.60,9195.60,9269.60,3252.59,44.90,20.99,7.12,6.11,2,0.00,3326.59,40,AMR1
452,INBOUND,C,5965.98,9222.20,9222.20,9280.43,3256.22,26.70,22.03,6.87,7.50,1,0.00,3314.45,26,AMR3
453,OUTBOUND,G,5987.39,9229.60,9229.60,9283.07,3242.21,34.24,17.24,2.00,0.00,0,0.00,3295.68,34,AMR2
454,INBOUND,J,6002.68,9269.60,9269.60,9333.97,3266.92,39.58,19.75,7.22,3.04,1,0.00,3331.29,37,AMR1
455,OUTBOUND,G,6022.18,9280.50,9280.50,9325.23,3258.32,23.18,19.55,2.00,0.00,0,0.00,3303.05,21,AMR3
456,INBOUND,D,6037.22,9283.10,9283.10,9342.42,3245.88,35.39,16.55,7.73,5.38,1,0.00,3305.20,37,AMR2
457,OUTBOUND,B,6055.00,9325.30,9325.30,9379.97,3270.30,33.43,19.24,2.00,0.00,0,0.00,3324.97,32,AMR3
458,INBOUND,I,6071.02,9334.00,9334.00,9392.83,3262.98,37.97,18.86,7.49,0.00,0,0.00,3321.81,37,AMR1
459,OUTBOUND,D,6089.68,9342.50,9342.50,9400.85,3252.82,24.17,17.49,2.00,14.70,1,0.00,3311.17,21,AMR2
460,OUTBOUND,H,6105.82,9380.00,9380.00,9435.27,3274.18,27.81,20.44,2.00,5.02,2,0.00,3329.45,26,AMR3
461,OUTBOUND,F,6130.48,9392.90,9392.90,9461.65,3262.42,43.52,18.06,2.00,5.17,2,0.00,3331.17,42,AMR1
462,INBOUND,G,6149.36,9400.90,9400.90,9459.85,3251.54,38.04,18.92,6.82,0.00,0,0.00,3310.49,39,AMR2
463,OUTBOUND,F,6165.51,9435.30,9435.30,9494.69,3269.79,37.72,19.67,2.00,0.00,0,0.00,3329.18,40,AMR3
464,INBOUND,C,6185.08,9459.90,9459.90,9512.96,3274.82,29.95,21.10,6.73,0.00,0,0.00,3327.88,29,AMR2
465,INBOUND,E,6207.14,9461.70,9461.70,9532.96,3254.56,42.86,20.69,8.41,5.70,1,0.00,3325.82,44,AMR1
466,INBOUND,C,6228.05,9494.70,9494.70,9553.62,3266.65,35.41,21.51,7.58,0.00,0,0.00,3325.57,36,AMR3
467,INBOUND,E,6244.22,9513.00,9513.00,9571.94,3268.78,30.79,18.44,8.06,7.71,1,0.00,3327.72,32,AMR2
468,OUTBOUND,C,6261.06,9533.00,9533.00,9578.89,3271.94,24.79,19.09,2.00,0.00,0,0.00,3317.83,24,AMR1
469,INBOUND,J,6279.94,9553.70,9553.70,9613.86,3273.76,33.17,24.99,7.66,0.00,0,0.00,3333.92,34,AMR3
470,INBOUND,G,6300.69,9572.00,9572.00,9631.38,3271.31,37.53,19.85,5.71,0.00,0,0.00,3330.69,38,AMR2
471,OUTBOUND,I,6320.55,9578.90,9578.90,9635.86,3258.35,31.74,23.22,2.00,0.00,0,0.00,3315.31,32,AMR1
472,INBOUND,C,6344.86,9613.90,9613.90,9672.36,3269.04,36.13,17.25,6.80,3.08,1,0.00,3327.50,35,AMR3
473,INBOUND,E,6361.53,9631.40,9631.40,9695.42,3269.87,34.81,22.68,8.12,4.52,1,0.00,3333.89,36,AMR2
474,OUTBOUND,H,6378.40,9635.90,9635.90,9683.56,3257.50,24.04,21.61,2.00,0.00,0,0.00,3305.16,24,AMR1
475,INBOUND,F,6393.94,9672.40,9672.40,9729.16,3278.46,36.13,18.63,5.64,0.00,0,0.00,3335.22,36,AMR3
476,OUTBOUND,D,6413.78,9683.60,9683.60,9736.50,3269.82,32.37,18.52,2.00,0.00,0,0.00,3322.72,30,AMR1
477,OUTBOUND,I,6438.42,9695.50,9695.50,9760.24,3257.08,23.67,22.60,2.00,16.47,2,0.00,3321.82,22,AMR2
478,OUTBOUND,H,6457.51,9729.20,9729.20,9778.92,3271.69,24.87,22.85,2.00,0.00,0,0.00,3321.41,25,AMR3
479,OUTBOUND,H,6479.61,9736.50,9736.50,9801.68,3256.89,26.91,19.54,2.00,16.73,2,0.00,3322.07,24,AMR1
480,OUTBOUND,J,6496.29,9760.30,9760.30,9828.01,3264.01,36.11,23.91,2.00,5.69,2,0.00,3331.72,36,AMR2
481,INBOUND,D,6519.25,9779.00,9779.00,9838.47,3259.75,38.17,16.25,8.24,3.05,1,0.00,3319.22,36,AMR3
482,INBOUND,D,6534.57,9801.70,9801.70,9871.20,3267.13,36.90,21.39,6.26,9.21,2,0.00,3336.63,38,AMR1
483,OUTBOUND,H,6552.46,9828.10,9828.10,9871.72,3275.64,25.41,16.22,2.00,0.00,0,0.00,3319.26,24,AMR2
484,INBOUND,H,6574.88,9838.50,9838.50,9889.18,3263.62,28.80,16.78,7.53,3.10,1,0.00,3314.30,27,AMR3
485,OUTBOUND,J,6594.99,9871.20,9871.20,9921.85,3276.21,32.08,16.57,2.00,0.00,0,0.00,3326.86,30,AMR1
486,INBOUND,I,6612.67,9871.80,9871.80,9926.56,3259.13,37.17,15.58,7.26,0.00,0,0.00,3313.89,37,AMR2
487,INBOUND,A,6633.09,9889.20,9889.20,9950.83,3256.11,34.73,23.87,6.25,1.03,1,0.00,3317.74,35,AMR3
488,OUTBOUND,G,6653.56,9921.90,9921.90,9996.98,3268.34,33.53,24.01,2.00,15.53,1,0.00,3343.42,32,AMR1
489,OUTBOUND,D,6675.92,9926.60,9926.60,9973.64,3250.68,20.71,24.33,2.00,0.00,0,0.00,3297.72,19,AMR2
490,INBOUND,B,6699.66,9950.90,9950.90,10007.42,3251.24,35.52,19.00,6.39,0.00,0,0.00,3307.76,36,AMR3
491,OUTBOUND,B,6717.29,9973.70,9973.70,10051.67,3256.41,40.11,16.37,2.00,19.49,3,0.00,3334.38,36,AMR2
492,OUTBOUND,B,6740.94,9997.00,9997.00,10068.33,3256.06,40.23,21.70,2.00,7.40,2,0.00,3327.39,38,AMR1
493,INBOUND,E,6764.06,10007.50,10007.50,10068.61,3243.44,34.50,17.32,7.32,7.28,2,0.00,3304.55,36,AMR3
494,INBOUND,G,6784.94,10051.70,10051.70,10109.18,3266.76,35.38,20.09,6.36,0.00,0,0.00,3324.24,37,AMR2
495,INBOUND,H,6806.05,10068.40,10068.40,10123.21,3262.35,37.85,14.95,7.32,0.00,0,0.00,3317.16,38,AMR1
496,OUTBOUND,D,6827.21,10068.70,10068.70,10112.41,3241.49,22.74,18.97,2.00,0.00,0,0.00,3285.20,22,AMR3
497,INBOUND,G,6850.26,10109.20,10109.20,10166.33,3258.94,32.48,17.18,8.02,5.47,1,0.00,3316.07,32,AMR2
498,INBOUND,J,6868.07,10112.50,10112.50,10186.69,3244.43,45.16,24.19,8.21,2.84,1,0.00,3318.62,47,AMR3
499,INBOUND,F,6886.31,10123.30,10123.30,10197.27,3236.99,41.91,16.84,6.82,13.23,2,0.00,3310.96,40,AMR1
500,INBOUND,J,6907.04,10166.40,10166.40,10224.03,3259.36,36.60,19.03,5.77,0.00,0,0.00,3316.99,37,AMR2
501,OUTBOUND,C,6930.19,10186.70,10186.70,10239.61,3256.51,31.24,19.67,2.00,0.00,0,0.00,3309.42,31,AMR3
502,OUTBOUND,E,6954.38,10197.30,10197.30,10290.05,3242.92,52.14,18.20,2.00,20.40,3,0.00,3335.67,52,AMR1
503,OUTBOUND,C,6970.64,10224.10,10224.10,10273.97,3253.46,29.93,17.94,2.00,0.00,0,0.00,3303.33,30,AMR2
504,INBOUND,G,6987.11,10239.70,10239.70,10304.36,3252.59,41.25,18.39,8.24,3.02,1,0.00,3317.25,42,AMR3
505,INBOUND,H,7009.72,10274.00,10274.00,10339.81,3264.28,38.25,19.50,7.97,6.09,1,0.00,3330.09,36,AMR2
506,INBOUND,F,7026.14,10290.10,10290.10,10362.74,3263.96,42.70,23.74,7.92,4.20,1,0.00,3336.60,45,AMR1
507,OUTBOUND,H,7045.29,10304.40,10304.40,10345.31,3259.11,19.04,19.86,2.00,0.00,0,0.00,3300.02,18,AMR3
508,INBOUND,C,7066.62,10339.90,10339.90,10399.31,3273.28,27.33,24.62,5.92,5.47,1,0.00,3332.69,27,AMR2
509,INBOUND,F,7086.78,10345.40,10345.40,10411.80,3258.62,44.49,17.87,8.44,2.04,1,0.00,3325.02,46,AMR3
510,INBOUND,G,7111.14,10362.80,10362.80,10437.63,3251.66,48.61,18.06,6.60,6.15,2,0.00,3326.49,44,AMR1
511,OUTBOUND,F,7135.64,10399.40,10399.40,10468.10,3263.76,40.16,23.51,2.00,3.02,1,0.00,3332.46,41,AMR2
512,INBOUND,C,7159.33,10411.90,10411.90,10475.02,3252.57,34.07,21.95,7.52,5.10,1,0.00,3315.69,35,AMR3
513,INBOUND,G,7184.05,10437.70,10437.70,10493.54,3253.65,35.00,17.84,5.83,1.07,0,0.00,3309.49,34,AMR1
514,INBOUND,H,7207.01,10468.10,10468.10,10553.82,3261.09,40.58,22.45,8.15,20.70,4,0.00,3346.81,39,AMR2
515,INBOUND,E,7231.69,10475.10,10475.10,10535.00,3243.41,31.08,23.04,5.69,3.78,1,0.00,3303.31,31,AMR3
516,INBOUND,F,7249.38,10493.60,10493.60,10568.67,3244.22,43.94,16.14,8.23,13.00,2,0.00,3319.29,42,AMR1
517,INBOUND,D,7269.85,10535.10,10535.10,10583.86,3265.25,28.82,17.94,5.92,0.00,0,0.00,3314.01,30,AMR3
518,INBOUND,G,7293.38,10553.90,10553.90,10604.72,3260.52,30.34,17.36,5.79,1.13,1,0.00,3311.34,31,AMR2
519,INBOUND,B,7316.00,10568.70,10568.70,10632.46,3252.70,37.64,24.12,7.51,0.00,0,0.00,3316.46,38,AMR1
520,INBOUND,I,7337.26,10583.90,10583.90,10644.60,3246.64,27.38,19.40,8.34,11.92,1,0.00,3307.34,26,AMR3
521,OUTBOUND,C,7353.50,10604.80,10604.80,10650.26,3251.30,23.26,20.20,2.00,0.00,0,0.00,3296.76,22,AMR2
522,OUTBOUND,G,7373.07,10632.50,10632.50,10675.15,3259.43,20.71,19.94,2.00,0.00,0,0.00,3302.08,19,AMR1
523,OUTBOUND,C,7398.02,10644.70,10644.70,10698.39,3246.68,21.90,20.45,2.00,9.34,2,0.00,3300.37,20,AMR3
524,INBOUND,F,7414.61,10650.30,10650.30,10716.09,3235.69,42.21,21.58,5.60,0.00,0,0.00,3301.48,44,AMR2
525,INBOUND,F,7436.16,10675.20,10675.20,10747.72,3239.04,48.20,19.31,6.83,3.02,1,0.00,3311.56,48,AMR1
526,INBOUND,D,7454.88,10698.40,10698.40,10760.27,3243.52,36.91,22.96,5.80,0.00,0,0.00,3305.39,38,AMR3
527,OUTBOUND,E,7473.84,10716.10,10716.10,10794.91,3242.26,47.32,23.91,2.00,5.58,2,0.00,3321.07,48,AMR2
528,INBOUND,C,7493.13,10747.80,10747.80,10811.80,3254.67,35.17,23.74,6.58,3.09,1,0.00,3318.67,38,AMR1
529,INBOUND,E,7509.09,10760.30,10760.30,10824.92,3251.21,34.05,14.95,8.04,13.62,1,0.00,3315.83,34,AMR3
530,OUTBOUND,J,7524.87,10795.00,10795.00,10865.89,3270.13,37.16,19.83,2.00,11.90,1,0.00,3341.02,38,AMR2
531,OUTBOUND,H,7545.06,10811.90,10811.90,10850.86,3266.84,17.07,19.89,2.00,0.00,0,0.00,3305.80,16,AMR1
532,OUTBOUND,F,7560.14,10825.00,10825.00,10897.77,3264.86,49.84,17.87,2.00,3.06,1,0.00,3337.63,52,AMR3
533,OUTBOUND,G,7585.02,10850.90,10850.90,10915.55,3265.88,30.38,23.36,2.00,8.92,1,0.00,3330.53,30,AMR1
534,OUTBOUND,D,7604.80,10865.90,10865.90,10935.98,3261.10,37.91,17.76,2.00,12.42,2,0.00,3331.18,36,AMR2
535,INBOUND,C,7620.69,10897.80,10897.80,10964.24,3277.11,32.08,25.68,6.15,6.71,1,0.00,3343.55,34,AMR3
536,OUTBOUND,E,7638.83,10915.60,10915.60,10992.19,3276.77,47.87,23.71,2.00,3.01,1,0.00,3353.36,44,AMR1
537,OUTBOUND,C,7657.65,10936.00,10936.00,11013.24,3278.35,34.31,18.53,2.00,22.40,4,0.00,3355.59,32,AMR2
538,INBOUND,B,7673.34,10964.30,10964.30,11021.60,3290.96,27.50,21.90,8.08,5.96,0,0.00,3348.26,29,AMR3
539,OUTBOUND,H,7694.84,10992.20,10992.20,11043.86,3297.36,27.16,15.07,2.00,7.44,2,0.00,3349.02,26,AMR1
540,OUTBOUND,C,7717.06,11013.30,11013.30,11079.95,3296.24,33.86,22.09,2.00,8.70,2,0.00,3362.89,32,AMR2
541,INBOUND,I,7738.22,11021.60,11021.60,11072.11,3283.38,31.91,16.60,7.87,0.00,0,0.00,3333.89,32,AMR3
542,INBOUND,C,7754.09,11043.90,11043.90,11114.59,3289.81,39.71,23.32,6.47,5.66,2,0.00,3360.50,38,AMR1
543,INBOUND,H,7776.61,11072.20,11072.20,11129.38,3295.59,30.25,21.52,7.08,3.42,1,0.00,3352.77,29,AMR3
544,INBOUND,G,7801.25,11080.00,11080.00,11145.10,3278.75,37.20,20.97,7.83,4.93,1,0.00,3343.85,38,AMR2
545,INBOUND,C,7818.72,11114.60,11114.60,11160.86,3295.88,24.08,18.67,5.83,1.51,0,0.00,3342.14,24,AMR1
546,OUTBOUND,J,7839.26,11129.40,11129.40,11189.35,3290.14,37.73,20.22,2.00,0.00,0,0.00,3350.09,38,AMR3
547,INBOUND,B,7862.05,11145.20,11145.20,11195.32,3283.15,30.07,18.05,7.06,0.00,0,0.00,3333.27,29,AMR2
548,INBOUND,E,7885.81,11160.90,11160.90,11214.91,3275.09,33.46,18.56,5.68,0.00,0,0.00,3329.10,34,AMR1
549,OUTBOUND,D,7906.88,11189.40,11189.40,11244.95,3282.52,31.37,22.18,2.00,0.00,0,0.00,3338.07,30,AMR3
550,OUTBOUND,A,7924.83,11195.40,11195.40,11282.05,3270.57,35.42,25.10,2.00,24.14,1,0.00,3357.22,35,AMR2
551,OUTBOUND,D,7948.81,11215.00,11215.00,11263.48,3266.19,22.41,18.66,2.00,5.41,1,0.00,3314.67,22,AMR1
552,INBOUND,D,7967.67,11245.00,11245.00,11302.99,3277.33,35.75,17.24,7.32,3.05,0,0.00,3335.32,35,AMR3
553,INBOUND,B,7989.05,11263.50,11263.50,11324.12,3274.45,36.42,18.59,7.15,3.64,1,0.00,3335.07,38,AMR1
554,OUTBOUND,A,8012.94,11282.10,11282.10,11353.24,3269.16,41.87,24.18,2.00,3.09,1,0.00,3340.30,44,AMR2
555,INBOUND,C,8037.28,11303.00,11303.00,11352.34,3265.72,25.91,21.43,7.32,0.00,0,0.00,3315.06,24,AMR3
556,INBOUND,J,8060.88,11324.20,11324.20,11383.39,3263.32,35.09,22.10,7.45,0.00,0,0.00,3322.51,38,AMR1
557,INBOUND,C,8079.54,11352.40,11352.40,11403.12,3272.86,26.10,22.62,7.66,0.00,0,0.00,3323.58,25,AMR3
558,OUTBOUND,B,8104.08,11353.30,11353.30,11413.04,3249.22,37.77,19.97,2.00,0.00,0,0.00,3308.96,38,AMR2
559,INBOUND,A,8124.96,11383.40,11383.40,11441.77,3258.44,38.32,18.05,6.78,0.00,0,0.00,3316.81,42,AMR1
560,INBOUND,A,8142.11,11403.20,11403.20,11456.61,3261.09,31.75,19.66,7.50,0.00,0,0.00,3314.50,33,AMR3
561,OUTBOUND,I,8162.18,11413.10,11413.10,11460.43,3250.92,27.86,17.47,2.00,0.00,0,0.00,3298.25,28,AMR2
562,OUTBOUND,G,8181.42,11441.80,11441.80,11497.85,3260.38,27.30,23.67,2.00,3.08,1,0.00,3316.43,26,AMR1
563,INBOUND,J,8202.82,11456.70,11456.70,11517.36,3253.88,39.83,18.83,7.94,0.00,0,0.00,3314.54,41,AMR3
564,OUTBOUND,B,8219.35,11460.50,11460.50,11518.77,3241.15,37.26,19.01,2.00,0.00,0,0.00,3299.42,36,AMR2
565,OUTBOUND,D,8235.14,11497.90,11497.90,11554.74,3262.76,32.37,22.47,2.00,0.00,0,0.00,3319.60,30,AMR1
566,OUTBOUND,G,8255.50,11517.40,11517.40,11573.00,3261.90,33.37,17.14,2.00,3.08,1,0.00,3317.50,36,AMR3
567,OUTBOUND,G,8273.60,11518.80,11518.80,11587.60,3245.20,31.72,21.90,2.00,13.18,2,0.00,3314.00,32,AMR2
568,INBOUND,E,8298.14,11554.80,11554.80,11625.51,3256.66,40.19,23.11,7.66,5.41,1,0.00,3327.37,42,AMR1
569,INBOUND,H,8315.58,11573.00,11573.00,11646.16,3257.42,39.58,24.48,7.30,7.10,2,0.00,3330.58,38,AMR3
570,INBOUND,B,8335.12,11587.70,11587.70,11650.66,3252.58,33.65,15.42,7.47,11.88,1,0.00,3315.54,36,AMR2
571,INBOUND,D,8356.78,11625.60,11625.60,11682.64,3268.82,31.32,23.72,6.60,0.00,0,0.00,3325.86,33,AMR1
572,INBOUND,D,8371.90,11646.20,11646.20,11698.38,3274.30,29.55,20.63,7.79,0.00,0,0.00,3326.48,29,AMR3
573,OUTBOUND,H,8387.02,11650.70,11650.70,11689.74,3263.68,20.04,16.99,2.00,0.00,0,0.00,3302.72,18,AMR2
574,OUTBOUND,E,8407.25,11682.70,11682.70,11736.69,3275.45,29.61,22.38,2.00,0.00,0,0.00,3329.44,27,AMR1
575,INBOUND,F,8425.97,11689.80,11689.80,11749.24,3263.83,41.19,16.25,7.34,0.00,0,0.00,3323.27,44,AMR2
576,INBOUND,B,8449.83,11698.40,11698.40,11757.06,3248.57,27.56,19.63,5.58,9.47,2,0.00,3307.23,27,AMR3
577,OUTBOUND,E,8472.90,11736.70,11736.70,11801.30,3263.80,44.66,17.94,2.00,0.00,0,0.00,3328.40,46,AMR1
578,INBOUND,C,8488.54,11749.30,11749.30,11807.79,3260.76,34.44,18.96,6.04,3.08,1,0.00,3319.25,35,AMR2
579,INBOUND,G,8508.09,11757.10,11757.10,11828.44,3249.01,32.88,23.97,5.52,12.49,2,0.00,3320.35,32,AMR3
580,INBOUND,D,8528.09,11801.30,11801.30,11859.44,3273.21,36.91,19.23,6.70,0.00,0,0.00,3331.35,38,AMR1
581,OUTBOUND,B,8544.66,11807.80,11807.80,11860.64,3263.14,28.32,17.90,2.00,4.62,1,0.00,3315.98,27,AMR2
582,INBOUND,J,8561.95,11828.50,11828.50,11896.86,3266.55,40.44,22.86,7.74,3.06,1,0.00,3334.91,41,AMR3
583,OUTBOUND,A,8577.39,11859.50,11859.50,11925.96,3282.11,42.77,21.68,2.00,0.00,0,0.00,3348.57,44,AMR1
584,INBOUND,F,8592.85,11860.70,11860.70,11924.34,3267.85,41.19,20.45,6.52,0.00,0,0.00,3331.49,44,AMR2
585,OUTBOUND,C,8617.05,11896.90,11896.90,11946.43,3279.85,29.29,18.24,2.00,0.00,0,0.00,3329.38,29,AMR3
586,OUTBOUND,G,8637.58,11924.40,11924.40,11969.51,3286.82,20.52,22.59,2.00,0.00,0,0.00,3331.93,20,AMR2
587,OUTBOUND,G,8655.79,11926.00,11926.00,11981.47,3270.21,31.79,17.34,2.00,4.35,2,0.00,3325.68,30,AMR1
588,INBOUND,B,8673.99,11946.50,11946.50,12005.87,3272.51,38.68,18.69,6.32,0.00,0,0.00,3331.88,40,AMR3
589,INBOUND,I,8692.72,11969.60,11969.60,12027.88,3276.88,35.33,20.95,6.32,0.00,0,0.00,3335.16,36,AMR2
590,OUTBOUND,C,8716.74,11981.50,11981.50,12035.52,3264.76,32.39,19.63,2.00,0.00,0,0.00,3318.78,30,AMR1
591,OUTBOUND,A,8739.78,12005.90,12005.90,12054.70,3266.12,30.14,16.66,2.00,0.00,0,0.00,3314.92,30,AMR3
592,INBOUND,H,8755.47,12027.90,12027.90,12083.48,3272.43,31.81,21.77,7.54,0.00,0,0.00,3328.01,30,AMR2
593,OUTBOUND,E,8778.21,12035.60,12035.60,12100.01,3257.39,44.58,17.83,2.00,0.00,0,0.00,3321.80,46,AMR1
594,OUTBOUND,H,8794.07,12054.70,12054.70,12114.11,3260.63,27.00,17.95,2.00,12.47,2,0.00,3320.04,26,AMR3
595,OUTBOUND,E,8812.76,12083.50,12083.50,12140.16,3270.74,35.48,19.18,2.00,0.00,0,0.00,3327.40,34,AMR2
596,OUTBOUND,D,8835.16,12100.10,12100.10,12183.06,3264.94,37.67,17.71,2.00,25.68,3,0.00,3347.90,34,AMR1
597,OUTBOUND,H,8853.84,12114.20,12114.20,12162.69,3260.36,25.00,21.50,2.00,0.00,0,0.00,3308.85,24,AMR3
598,INBOUND,I,8876.17,12140.20,12140.20,12201.42,3264.03,39.37,16.83,6.03,3.01,1,0.00,3325.25,40,AMR2
599,INBOUND,G,8892.67,12162.70,12162.70,12228.50,3270.03,39.58,20.55,7.61,3.67,1,0.00,3335.83,40,AMR3
600,OUTBOUND,F,8910.00,12183.10,12183.10,12257.40,3273.10,43.55,24.25,2.00,4.51,2,0.00,3347.40,44,AMR1
601,OUTBOUND,I,8916.80,12201.50,12201.50,12239.18,3284.70,16.83,18.84,2.00,0.00,0,0.00,3322.38,16,AMR2
602,INBOUND,D,8920.22,12228.60,12228.60,12288.43,3308.38,29.74,19.15,5.72,8.95,2,0.00,3368.21,30,AMR3
603,INBOUND,D,8925.19,12239.20,12239.20,12313.62,3314.01,38.06,22.77,5.63,11.59,2,0.00,3388.43,37,AMR2
604,OUTBOUND,D,8929.31,12257.50,12257.50,12323.43,3328.19,37.24,19.22,2.00,7.47,2,0.00,3394.12,36,AMR1
605,INBOUND,F,8933.96,12288.50,12288.50,12352.58,3354.54,34.60,24.38,5.56,3.10,1,0.00,3418.62,35,AMR3
606,INBOUND,D,8937.30,12313.70,12313.70,12364.89,3376.40,28.00,21.19,8.09,0.00,0,0.00,3427.59,27,AMR2
607,INBOUND,C,8943.58,12323.50,12323.50,12379.88,3379.92,34.34,18.78,7.23,1.26,1,0.00,3436.30,36,AMR1
608,OUTBOUND,H,8949.23,12352.60,12352.60,12399.24,3403.37,24.89,19.75,2.00,0.00,0,0.00,3450.01,25,AMR3
609,OUTBOUND,F,8955.63,12364.90,12364.90,12430.58,3409.27,40.16,20.45,2.00,3.08,1,0.00,3474.95,38,AMR2
610,INBOUND,C,8959.91,12379.90,12379.90,12423.73,3419.99,24.06,17.76,7.63,0.00,0,0.00,3463.82,24,AMR1
611,OUTBOUND,A,8963.45,12399.30,12399.30,12467.25,3435.85,43.28,22.67,2.00,0.00,0,0.00,3503.80,44,AMR3
612,INBOUND,H,8966.87,12423.80,12423.80,12483.88,3456.93,29.26,25.79,5.85,3.04,1,0.00,3517.01,27,AMR1
613,INBOUND,D,8970.36,12430.60,12430.60,12489.88,3460.24,32.90,17.08,5.56,7.30,1,0.00,3519.52,34,AMR2
614,OUTBOUND,C,8974.59,12467.30,12467.30,12529.95,3492.71,32.36,23.30,2.00,4.98,1,0.00,3555.36,30,AMR3
615,OUTBOUND,J,8978.22,12483.90,12483.90,12542.73,3505.68,31.73,17.23,2.00,7.86,1,0.00,3564.51,31,AMR1
616,OUTBOUND,B,8982.08,12489.90,12489.90,12559.29,3507.82,31.23,22.69,2.00,13.47,3,0.00,3577.21,28,AMR2
617,OUTBOUND,F,8987.92,12530.00,12530.00,12591.70,3542.08,40.70,19.00,2.00,0.00,0,0.00,3603.78,44,AMR3
618,OUTBOUND,D,8991.12,12542.80,12542.80,12615.74,3551.68,36.75,18.46,2.00,15.80,2,0.00,3624.62,32,AMR1
619,INBOUND,G,8997.93,12559.30,12559.30,12624.67,3561.37,37.90,19.94,8.00,5.53,1,0.00,3626.74,40,AMR2
620,INBOUND,C,9003.13,12591.70,12591.70,12654.26,3588.57,35.41,19.47,8.26,5.67,1,0.00,3651.13,35,AMR3
621,OUTBOUND,D,9006.61,12615.80,12615.80,12675.53,3609.19,37.27,20.45,2.00,0.00,0,0.00,3668.92,36,AMR1
622,OUTBOUND,C,9010.41,12624.70,12624.70,12697.05,3614.29,29.80,24.20,2.00,16.35,3,0.00,3686.64,26,AMR2
623,OUTBOUND,A,9015.75,12654.30,12654.30,12717.45,3638.55,37.29,23.86,2.00,0.00,0,0.00,3701.70,39,AMR3
624,OUTBOUND,I,9022.74,12675.60,12675.60,12742.21,3652.86,31.68,21.68,2.00,11.26,3,0.00,3719.47,32,AMR1
625,INBOUND,E,9026.11,12697.10,12697.10,12763.29,3670.99,41.37,22.82,7.27,0.00,0,0.00,3737.18,43,AMR2
626,INBOUND,D,9029.28,12717.50,12717.50,12780.05,3688.22,39.87,17.66,7.07,3.01,1,0.00,3750.77,38,AMR3
627,INBOUND,F,9034.01,12742.30,12742.30,12812.25,3708.29,45.16,22.79,6.69,0.00,0,0.00,3778.24,48,AMR1
628,OUTBOUND,H,9038.54,12763.30,12763.30,12819.21,3724.76,30.58,20.31,2.00,3.02,1,0.00,3780.67,29,AMR2
629,OUTBOUND,I,9045.18,12780.10,12780.10,12841.07,3734.92,22.70,23.30,2.00,12.97,2,0.00,3795.89,18,AMR3
630,OUTBOUND,B,9048.31,12812.30,12812.30,12865.54,3763.99,29.20,22.05,2.00,0.00,0,0.00,3817.23,28,AMR1
631,INBOUND,F,9053.31,12819.30,12819.30,12890.41,3765.99,42.25,21.86,6.50,5.09,0,0.00,3837.10,44,AMR2
632,INBOUND,I,9056.66,12841.10,12841.10,12902.36,3784.44,39.55,19.71,7.03,0.00,0,0.00,3845.70,39,AMR3
633,OUTBOUND,B,9062.23,12865.60,12865.60,12927.88,3803.37,36.44,23.83,2.00,0.00,0,0.00,3865.65,36,AMR1
634,OUTBOUND,C,9069.21,12890.50,12890.50,12945.80,3821.29,27.24,16.58,2.00,9.48,1,0.00,3876.59,26,AMR2
635,OUTBOUND,I,9075.34,12902.40,12902.40,12966.54,3827.06,23.54,20.15,2.00,18.45,1,0.00,3891.20,19,AMR3
636,OUTBOUND,I,9081.99,12927.90,12927.90,12985.81,3845.91,27.08,19.02,2.00,9.82,1,0.00,3903.82,24,AMR1
637,OUTBOUND,D,9085.71,12945.80,12945.80,13008.03,3860.09,29.08,19.66,2.00,11.49,2,0.00,3922.32,28,AMR2
638,INBOUND,A,9092.29,12966.60,12966.60,13044.51,3874.31,48.44,21.42,7.96,6.05,2,0.00,3952.22,48,AMR3
639,OUTBOUND,B,9097.41,12985.90,12985.90,13039.32,3888.49,32.41,19.01,2.00,0.00,0,0.00,3941.91,32,AMR1
640,OUTBOUND,E,9100.81,13008.10,13008.10,13079.12,3907.29,43.26,20.51,2.00,5.24,1,0.00,3978.31,44,AMR2
641,INBOUND,A,9107.07,13039.40,13039.40,13121.99,3932.33,46.42,21.99,5.94,12.18,2,0.00,4014.92,48,AMR1
642,INBOUND,F,9112.37,13044.60,13044.60,13110.13,3932.23,43.24,20.29,6.09,0.00,0,0.00,3997.76,48,AMR3
643,OUTBOUND,B,9119.12,13079.20,13079.20,13134.37,3960.08,33.83,19.34,2.00,0.00,0,0.00,4015.25,32,AMR2
644,OUTBOUND,H,9123.06,13110.20,13110.20,13162.23,3987.14,26.84,23.19,2.00,0.00,0,0.00,4039.17,28,AMR3
645,OUTBOUND,G,9126.17,13122.00,13122.00,13177.57,3995.83,27.15,17.08,2.00,9.33,1,0.00,4051.40,26,AMR1
646,OUTBOUND,F,9129.74,13134.40,13134.40,13197.14,4004.66,43.05,17.69,2.00,0.00,0,0.00,4067.40,46,AMR2
647,INBOUND,C,9133.98,13162.30,13162.30,13226.49,4028.32,34.33,23.83,7.47,4.09,1,0.00,4092.51,33,AMR3
648,INBOUND,I,9137.91,13177.60,13177.60,13241.40,4039.69,38.72,17.73,7.82,5.35,1,0.00,4103.49,38,AMR1
649,OUTBOUND,B,9142.24,13197.20,13197.20,13258.03,4054.96,37.78,21.05,2.00,0.00,0,0.00,4115.79,38,AMR2
650,INBOUND,E,9148.10,13226.50,13226.50,13289.01,4078.40,34.49,22.97,6.98,3.05,1,0.00,4140.91,32,AMR3
651,INBOUND,D,9151.19,13241.50,13241.50,13299.59,4090.31,29.23,21.62,7.76,5.23,1,0.00,4148.40,29,AMR1
652,OUTBOUND,A,9157.58,13258.10,13258.10,13330.07,4100.52,47.59,22.38,2.00,0.00,0,0.00,4172.49,50,AMR2
653,OUTBOUND,G,9163.40,13289.10,13289.10,13350.55,4125.70,35.08,19.50,2.00,4.87,2,0.00,4187.15,33,AMR3
654,INBOUND,D,9167.74,13299.60,13299.60,13348.63,4131.86,28.07,18.95,8.27,0.00,0,0.00,4180.89,27,AMR1
655,INBOUND,F,9174.54,13330.10,13330.10,13393.05,4155.56,42.89,18.06,7.41,0.00,0,0.00,4218.51,46,AMR2
656,OUTBOUND,G,9178.81,13348.70,13348.70,13401.09,4169.89,27.09,23.29,2.00,0.00,0,0.00,4222.28,26,AMR1
657,INBOUND,E,9185.36,13350.60,13350.60,13415.50,4165.24,41.20,21.70,7.38,0.00,0,0.00,4230.14,42,AMR3
658,INBOUND,F,9191.03,13393.10,13393.10,13457.98,4202.07,44.95,17.93,5.95,0.00,0,0.00,4266.95,46,AMR2
659,OUTBOUND,D,9196.96,13401.10,13401.10,13454.92,4204.14,34.32,17.50,2.00,0.00,0,0.00,4257.96,32,AMR1
660,INBOUND,F,9203.76,13415.50,13415.50,13476.29,4211.74,38.08,18.43,6.83,2.28,1,0.00,4272.53,41,AMR3
661,OUTBOUND,G,9206.89,13455.00,13455.00,13513.78,4248.11,29.34,21.93,2.00,5.51,1,0.00,4306.89,30,AMR1
662,OUTBOUND,I,9212.45,13458.00,13458.00,13537.71,4245.55,39.81,19.64,2.00,18.25,2,0.00,4325.26,36,AMR2
663,INBOUND,H,9216.77,13476.30,13476.30,13552.32,4259.53,38.15,24.84,6.32,11.02,3,0.00,4335.55,39,AMR3
664,INBOUND,A,9220.44,13513.80,13513.80,13588.01,4293.36,44.81,20.64,7.02,6.76,2,0.00,4367.57,46,AMR1
665,OUTBOUND,D,9225.23,13537.80,13537.80,13593.02,4312.57,29.99,23.23,2.00,0.00,0,0.00,4367.79,28,AMR2
666,OUTBOUND,J,9229.63,13552.40,13552.40,13612.87,4322.77,30.42,22.21,2.00,5.84,1,0.00,4383.24,30,AMR3
667,INBOUND,I,9232.82,13588.10,13588.10,13654.35,4355.28,40.49,20.67,6.86,3.09,1,0.00,4421.53,39,AMR1
668,INBOUND,I,9239.36,13593.10,13593.10,13673.52,4353.74,38.25,21.68,5.67,18.57,2,0.00,4434.16,37,AMR2
669,OUTBOUND,I,9244.55,13612.90,13612.90,13664.19,4368.35,28.72,20.57,2.00,0.00,0,0.00,4419.64,28,AMR3
670,INBOUND,B,9250.15,13654.40,13654.40,13715.81,4404.25,33.87,22.53,8.09,3.01,1,0.00,4465.66,33,AMR1
671,OUTBOUND,E,9253.44,13664.20,13664.20,13732.32,4410.76,41.24,24.88,2.00,0.00,0,0.00,4478.88,42,AMR3
672,OUTBOUND,A,9257.72,13673.60,13673.60,13749.34,4415.88,40.00,23.18,2.00,10.56,2,0.00,4491.62,41,AMR2
673,INBOUND,C,9261.40,13715.90,13715.90,13762.91,4454.50,29.25,15.76,7.35,0.00,0,0.00,4501.51,31,AMR1
674,OUTBOUND,E,9268.17,13732.40,13732.40,13802.51,4464.23,41.17,22.86,2.00,4.17,1,0.00,4534.34,40,AMR3
675,OUTBOUND,D,9273.98,13749.40,13749.40,13821.06,4475.42,36.61,21.09,2.00,11.96,1,0.00,4547.08,34,AMR2
676,INBOUND,C,9280.54,13763.00,13763.00,13813.44,4482.46,26.07,22.37,7.16,0.00,0,0.00,4532.90,25,AMR1
677,INBOUND,H,9284.37,13802.60,13802.60,13878.39,4518.23,37.66,20.29,7.88,15.84,2,0.00,4594.02,39,AMR3
678,INBOUND,C,9288.49,13813.50,13813.50,13862.75,4525.01,24.86,19.39,7.93,3.00,1,0.00,4574.26,23,AMR1
679,OUTBOUND,B,9293.78,13821.10,13821.10,13880.55,4527.32,37.29,20.16,2.00,0.00,0,0.00,4586.77,36,AMR2
680,OUTBOUND,H,9298.22,13862.80,13862.80,13922.44,4564.58,18.79,23.51,2.00,15.35,1,0.00,4624.22,17,AMR1
681,INBOUND,C,9303.72,13878.40,13878.40,13927.30,4574.68,27.24,19.66,7.46,0.00,0,0.00,4623.58,27,AMR3
682,OUTBOUND,A,9307.55,13880.60,13880.60,13950.71,4573.05,47.62,20.49,2.00,0.00,0,0.00,4643.16,50,AMR2
683,INBOUND,I,9313.93,13922.50,13922.50,13987.46,4608.57,43.52,16.41,5.95,3.03,1,0.00,4673.53,43,AMR1
684,OUTBOUND,A,9318.88,13927.30,13927.30,13986.74,4608.42,36.66,19.50,2.00,1.27,1,0.00,4667.86,38,AMR3
685,OUTBOUND,I,9324.06,13950.80,13950.80,14007.05,4626.74,24.41,17.35,2.00,12.48,2,0.00,4682.99,24,AMR2
686,OUTBOUND,I,9327.80,13986.80,13986.80,14061.60,4659.00,36.35,19.79,2.00,16.66,2,0.00,4733.80,34,AMR3
687,OUTBOUND,G,9331.86,13987.50,13987.50,14042.74,4655.64,30.38,22.86,2.00,0.00,0,0.00,4710.88,31,AMR1
688,INBOUND,A,9335.46,14007.10,14007.10,14070.20,4671.64,41.36,19.73,8.20,0.00,0,0.00,4734.74,44,AMR2
689,INBOUND,F,9341.14,14042.80,14042.80,14114.35,4701.66,46.52,20.00,6.53,3.03,1,0.00,4773.21,46,AMR1
690,INBOUND,I,9345.05,14061.70,14061.70,14119.91,4716.65,37.65,16.81,7.01,1.75,1,0.00,4774.86,38,AMR3
691,INBOUND,I,9349.72,14070.20,14070.20,14139.88,4720.48,40.58,17.72,6.24,9.38,2,0.00,4790.16,40,AMR2
692,INBOUND,C,9356.25,14114.40,14114.40,14172.26,4758.15,35.78,20.08,6.82,0.00,0,0.00,4816.01,36,AMR1
693,INBOUND,G,9362.86,14120.00,14120.00,14192.66,4757.14,29.92,21.36,7.07,19.48,1,0.00,4829.80,29,AMR3
694,OUTBOUND,J,9369.46,14139.90,14139.90,14190.79,4770.44,28.90,19.99,2.00,0.00,0,0.00,4821.33,28,AMR2
695,OUTBOUND,B,9372.94,14172.30,14172.30,14224.79,4799.36,23.21,18.61,2.00,8.67,2,0.00,4851.85,22,AMR1
696,OUTBOUND,B,9379.83,14190.80,14190.80,14250.28,4810.97,35.82,19.80,2.00,1.86,1,0.00,4870.45,34,AMR2
697,INBOUND,F,9384.52,14192.70,14192.70,14259.27,4808.18,43.13,18.44,6.35,3.00,1,0.00,4874.75,43,AMR3
698,INBOUND,G,9391.51,14224.80,14224.80,14289.54,4833.29,41.24,19.72,6.52,1.79,1,0.00,4898.03,42,AMR1
699,INBOUND,A,9395.79,14250.30,14250.30,14311.31,4854.51,40.40,18.61,7.29,0.00,0,0.00,4915.52,44,AMR2
700,OUTBOUND,H,9400.34,14259.30,14259.30,14309.16,4858.96,27.05,20.81,2.00,0.00,0,0.00,4908.82,28,AMR3
701,INBOUND,A,9405.42,14289.60,14289.60,14343.77,4884.18,36.19,15.98,7.44,0.00,0,0.00,4938.35,39,AMR1
702,INBOUND,C,9408.87,14309.20,14309.20,14371.37,4900.33,35.21,23.46,5.70,1.50,1,0.00,4962.50,37,AMR3
703,OUTBOUND,H,9414.12,14311.40,14311.40,14361.10,4897.28,26.49,21.21,2.00,0.00,0,0.00,4946.98,26,AMR2
704,OUTBOUND,E,9420.64,14343.80,14343.80,14407.69,4923.16,44.13,17.75,2.00,0.00,0,0.00,4987.05,45,AMR1
705,INBOUND,I,9426.26,14361.10,14361.10,14421.43,4934.84,37.92,20.42,7.67,0.00,0,0.00,4995.17,39,AMR2
706,INBOUND,I,9429.95,14371.40,14371.40,14439.73,4941.45,30.31,15.27,7.47,20.76,2,0.00,5009.78,30,AMR3
707,INBOUND,J,9434.53,14407.70,14407.70,14472.77,4973.17,44.41,18.67,8.22,0.00,0,0.00,5038.24,46,AMR1
708,OUTBOUND,H,9437.73,14421.50,14421.50,14470.48,4983.77,27.27,16.67,2.00,3.05,1,0.00,5032.75,25,AMR2
709,INBOUND,E,9440.81,14439.80,14439.80,14499.85,4998.99,37.43,20.62,8.12,0.00,0,0.00,5059.04,38,AMR3
710,INBOUND,C,9444.93,14470.50,14470.50,14521.83,5025.57,32.07,17.27,6.50,0.00,0,0.00,5076.90,34,AMR2
711,OUTBOUND,F,9448.47,14472.80,14472.80,14535.92,5024.33,40.97,20.14,2.00,0.00,0,0.00,5087.45,42,AMR1
712,OUTBOUND,I,9454.77,14499.90,14499.90,14555.08,5045.13,23.79,19.20,2.00,10.19,1,0.00,5100.31,23,AMR3
713,INBOUND,D,9460.36,14521.90,14521.90,14569.18,5061.54,25.77,19.52,8.40,0.00,0,0.00,5108.82,26,AMR2
714,OUTBOUND,E,9466.32,14536.00,14536.00,14610.71,5069.68,45.92,23.74,2.00,3.05,1,0.00,5144.39,42,AMR1
715,INBOUND,H,9471.38,14555.10,14555.10,14614.85,5083.72,36.90,20.85,7.60,0.00,0,0.00,5143.47,38,AMR3
716,OUTBOUND,C,9476.41,14569.20,14569.20,14630.27,5092.79,26.23,21.81,2.00,11.03,1,0.00,5153.86,24,AMR2
717,OUTBOUND,A,9480.18,14610.80,14610.80,14684.51,5130.62,45.33,21.67,2.00,4.79,0,0.00,5204.33,48,AMR1
718,INBOUND,H,9483.31,14614.90,14614.90,14672.01,5131.59,31.78,20.24,8.31,3.10,1,0.00,5188.70,30,AMR3
719,INBOUND,I,9487.11,14630.30,14630.30,14690.53,5143.19,36.39,14.80,6.43,7.05,2,0.00,5203.42,36,AMR2
720,OUTBOUND,J,9491.70,14672.10,14672.10,14756.27,5180.40,38.00,25.47,2.00,18.70,2,0.00,5264.57,36,AMR3
721,OUTBOUND,I,9495.66,14684.60,14684.60,14733.15,5188.94,27.74,18.80,2.00,0.00,0,0.00,5237.49,26,AMR1
722,INBOUND,H,9502.51,14690.60,14690.60,14744.58,5188.09,30.93,21.05,7.94,0.00,0,0.00,5242.07,29,AMR2
723,OUTBOUND,J,9506.16,14733.20,14733.20,14795.60,5227.04,36.61,20.17,2.00,3.62,1,0.00,5289.44,38,AMR1
724,INBOUND,I,9511.92,14744.60,14744.60,14798.65,5232.68,30.31,21.74,7.51,0.00,0,0.00,5286.73,29,AMR2
725,OUTBOUND,D,9515.57,14756.30,14756.30,14821.24,5240.73,32.39,25.40,2.00,5.16,1,0.00,5305.67,30,AMR3
726,INBOUND,E,9521.16,14795.70,14795.70,14865.22,5274.54,42.40,22.02,7.56,3.10,1,0.00,5344.06,43,AMR1
727,OUTBOUND,C,9525.80,14798.70,14798.70,14847.04,5272.90,26.12,20.22,2.00,0.00,0,0.00,5321.24,26,AMR2
728,OUTBOUND,G,9532.44,14821.30,14821.30,14873.48,5288.86,30.86,19.32,2.00,0.00,0,0.00,5341.04,32,AMR3
729,INBOUND,E,9536.34,14847.10,14847.10,14906.40,5310.76,37.86,19.44,7.44,0.00,0,0.00,5370.06,40,AMR2
730,INBOUND,F,9543.20,14865.30,14865.30,14926.38,5322.10,41.83,17.24,6.59,0.00,0,0.00,5383.18,43,AMR1
731,OUTBOUND,D,9549.61,14873.50,14873.50,14928.62,5323.89,35.81,17.31,2.00,0.00,0,0.00,5379.01,34,AMR3
732,OUTBOUND,I,9553.82,14906.40,14906.40,14949.44,5352.58,23.91,17.13,2.00,0.00,0,0.00,5395.62,22,AMR2
733,INBOUND,H,9557.23,14926.40,14926.40,14991.19,5369.17,36.06,19.53,6.04,7.20,2,0.00,5433.96,40,AMR1
734,OUTBOUND,E,9562.82,14928.70,14928.70,14994.08,5365.88,41.17,22.21,2.00,0.00,0,0.00,5431.26,42,AMR3
735,OUTBOUND,H,9567.74,14949.50,14949.50,15009.71,5381.76,29.61,19.27,2.00,9.33,2,0.00,5441.97,28,AMR2
736,INBOUND,H,9572.05,14991.20,14991.20,15044.64,5419.15,32.07,16.33,6.18,3.04,1,0.00,5472.59,30,AMR1
737,INBOUND,A,9575.65,14994.10,14994.10,15069.88,5418.45,41.42,24.48,5.91,7.90,1,0.00,5494.23,44,AMR3
738,OUTBOUND,J,9581.29,15009.80,15009.80,15070.33,5428.51,37.66,20.87,2.00,0.00,0,0.00,5489.04,40,AMR2
739,INBOUND,E,9586.91,15044.70,15044.70,15104.21,5457.79,35.36,18.69,5.73,3.46,1,0.00,5517.30,36,AMR1
740,INBOUND,G,9591.53,15069.90,15069.90,15130.12,5478.37,38.31,19.91,5.80,0.00,0,0.00,5538.59,42,AMR3
741,INBOUND,E,9598.51,15070.40,15070.40,15148.06,5471.89,41.34,19.46,8.01,14.86,1,0.00,5549.55,43,AMR2
742,INBOUND,J,9604.36,15104.30,15104.30,15163.28,5499.94,42.49,14.49,5.61,0.00,0,0.00,5558.92,43,AMR1
743,OUTBOUND,G,9610.99,15130.20,15130.20,15173.32,5519.21,19.09,22.03,2.00,0.00,0,0.00,5562.33,18,AMR3
744,INBOUND,G,9617.37,15148.10,15148.10,15204.61,5530.73,36.79,17.72,6.51,0.00,0,0.00,5587.24,41,AMR2
745,OUTBOUND,H,9621.54,15163.30,15163.30,15209.76,5541.76,23.40,15.74,2.00,5.31,1,0.00,5588.22,23,AMR1
746,OUTBOUND,H,9627.59,15173.40,15173.40,15238.80,5545.81,36.34,20.92,2.00,6.15,2,0.00,5611.21,32,AMR3
747,OUTBOUND,H,9631.48,15204.70,15204.70,15261.12,5573.22,19.91,21.41,2.00,13.10,2,0.00,5629.64,20,AMR2
748,OUTBOUND,H,9637.64,15209.80,15209.80,15279.10,5572.16,35.79,20.81,2.00,10.70,3,0.00,5641.46,32,AMR1
749,INBOUND,C,9642.49,15238.90,15238.90,15315.11,5596.41,42.99,19.51,5.99,11.71,3,0.00,5672.62,40,AMR3
750,OUTBOUND,A,9647.82,15261.20,15261.20,15327.68,5613.38,45.59,18.89,2.00,0.00,0,0.00,5679.86,46,AMR2
751,INBOUND,I,9654.38,15279.10,15279.10,15341.52,5624.72,37.75,17.14,7.93,5.54,1,0.00,5687.14,38,AMR1
752,OUTBOUND,D,9658.58,15315.20,15315.20,15361.43,5656.62,25.91,18.33,2.00,0.00,0,0.00,5702.85,24,AMR3
753,OUTBOUND,I,9665.55,15327.70,15327.70,15386.11,5662.15,32.32,21.08,2.00,3.02,1,0.00,5720.56,32,AMR2
754,OUTBOUND,A,9669.81,15341.60,15341.60,15406.51,5671.79,38.25,23.45,2.00,1.21,1,0.00,5736.70,38,AMR1
755,OUTBOUND,E,9674.14,15361.50,15361.50,15438.04,5687.36,49.02,22.44,2.00,3.08,1,0.00,5763.90,50,AMR3
756,INBOUND,D,9677.16,15386.20,15386.20,15444.24,5709.04,33.83,22.21,6.73,0.00,0,0.00,5767.08,34,AMR2
757,OUTBOUND,C,9683.22,15406.60,15406.60,15468.40,5723.38,30.41,24.55,2.00,4.84,1,0.00,5785.18,28,AMR1
758,OUTBOUND,F,9688.68,15438.10,15438.10,15506.89,5749.42,39.19,18.17,2.00,9.43,1,0.00,5818.21,42,AMR3
759,OUTBOUND,C,9695.54,15444.30,15444.30,15492.20,5748.76,22.36,20.53,2.00,3.01,1,0.00,5796.66,20,AMR2
760,INBOUND,C,9699.34,15468.40,15468.40,15528.05,5769.06,35.25,17.74,6.83,4.67,1,0.00,5828.71,36,AMR1
761,OUTBOUND,C,9705.36,15492.20,15492.20,15550.76,5786.84,30.75,22.77,2.00,3.04,1,0.00,5845.40,30,AMR2
762,INBOUND,B,9708.38,15506.90,15506.90,15567.45,5798.52,37.91,20.64,7.75,0.00,0,0.00,5859.07,39,AMR3
763,OUTBOUND,C,9714.89,15528.10,15528.10,15575.39,5813.21,17.70,24.58,2.00,3.00,1,0.00,5860.50,16,AMR1
764,INBOUND,C,9719.90,15550.80,15550.80,15608.60,5830.90,32.88,18.18,6.43,4.74,1,0.00,5888.70,34,AMR2
765,INBOUND,H,9724.09,15567.50,15567.50,15632.51,5843.41,31.03,21.26,7.93,10.71,2,0.00,5908.42,31,AMR3
766,OUTBOUND,E,9730.65,15575.40,15575.40,15646.48,5844.75,44.16,21.22,2.00,3.70,1,0.00,5915.83,44,AMR1
767,INBOUND,I,9735.08,15608.60,15608.60,15665.57,5873.52,31.58,20.30,8.01,3.09,1,0.00,5930.49,30,AMR2
768,INBOUND,B,9739.00,15632.60,15632.60,15689.64,5893.60,31.16,23.88,6.60,0.00,0,0.00,5950.64,32,AMR3
769,OUTBOUND,D,9744.93,15646.50,15646.50,15700.76,5901.57,33.31,16.17,2.00,2.78,1,0.00,5955.83,32,AMR1
770,INBOUND,A,9749.40,15665.60,15665.60,15724.50,5916.20,38.14,18.76,6.89,0.00,0,0.00,5975.10,40,AMR2
771,OUTBOUND,C,9755.90,15689.70,15689.70,15733.89,5933.80,23.02,19.17,2.00,0.00,0,0.00,5977.99,22,AMR3
772,OUTBOUND,J,9762.88,15700.80,15700.80,15772.00,5937.92,41.54,23.59,2.00,4.06,1,0.00,6009.12,44,AMR1
773,INBOUND,F,9765.96,15724.50,15724.50,15791.86,5958.54,43.91,21.45,6.65,0.00,0,0.00,6025.90,45,AMR2
774,INBOUND,I,9770.48,15733.90,15733.90,15804.44,5963.42,42.91,22.57,8.40,3.06,1,0.00,6033.96,41,AMR3
775,INBOUND,J,9774.10,15772.00,15772.00,15832.84,5997.90,42.75,16.09,7.95,0.00,0,0.00,6058.74,44,AMR1
776,INBOUND,J,9778.30,15791.90,15791.90,15861.60,6013.60,41.79,20.45,5.92,5.46,1,0.00,6083.30,43,AMR2
777,INBOUND,B,9782.38,15804.50,15804.50,15878.99,6022.12,34.60,25.62,6.25,12.26,2,0.00,6096.61,31,AMR3
778,OUTBOUND,C,9788.70,15832.90,15832.90,15882.73,6044.20,25.19,22.65,2.00,0.00,0,0.00,6094.03,24,AMR1
779,INBOUND,D,9792.16,15861.70,15861.70,15922.97,6069.54,36.07,20.95,8.12,2.26,1,0.00,6130.81,36,AMR2
780,OUTBOUND,D,9795.96,15879.00,15879.00,15928.68,6083.04,26.74,20.94,2.00,0.00,0,0.00,6132.72,26,AMR3
781,INBOUND,C,9801.77,15882.80,15882.80,15939.03,6081.03,34.35,19.88,7.16,0.00,0,0.00,6137.26,36,AMR1
782,OUTBOUND,I,9806.76,15923.00,15923.00,15964.34,6116.24,19.31,17.85,2.00,2.18,1,0.00,6157.58,18,AMR2
783,INBOUND,C,9810.70,15928.70,15928.70,15984.33,6118.00,34.39,19.23,8.04,0.00,0,0.00,6173.63,36,AMR3
784,OUTBOUND,B,9817.04,15939.10,15939.10,15985.96,6122.06,24.68,20.19,2.00,0.00,0,0.00,6168.92,24,AMR1
785,OUTBOUND,C,9823.15,15964.40,15964.40,16013.83,6141.25,30.02,17.41,2.00,0.00,0,0.00,6190.68,28,AMR2
786,INBOUND,H,9828.73,15984.40,15984.40,16039.12,6155.67,27.34,25.37,7.79,0.00,0,0.00,6210.39,26,AMR3
787,OUTBOUND,D,9833.59,15986.00,15986.00,16051.33,6152.41,38.71,21.52,2.00,3.10,1,0.00,6217.74,36,AMR1
788,INBOUND,H,9840.00,16013.90,16013.90,16074.00,6173.90,35.51,17.55,8.22,5.04,1,0.00,6234.00,36,AMR2
789,OUTBOUND,C,9845.95,16039.20,16039.20,16081.31,6193.25,21.17,18.94,2.00,0.00,0,0.00,6235.36,18,AMR3
790,OUTBOUND,B,9852.36,16051.40,16051.40,16107.18,6199.04,35.43,18.35,2.00,0.00,0,0.00,6254.82,36,AMR1
791,OUTBOUND,H,9856.79,16074.10,16074.10,16126.95,6217.31,16.90,20.52,2.00,13.42,2,0.00,6270.16,16,AMR2
792,OUTBOUND,C,9861.28,16081.40,16081.40,16144.71,6220.12,30.41,18.78,2.00,12.12,2,0.00,6283.43,28,AMR3
793,OUTBOUND,I,9865.88,16107.20,16107.20,16166.58,6241.32,35.32,18.98,2.00,3.08,1,0.00,6300.70,32,AMR1
794,INBOUND,J,9872.28,16127.00,16127.00,16199.19,6254.72,44.08,23.11,6.85,3.05,0,0.00,6326.91,44,AMR2
795,OUTBOUND,A,9875.74,16144.80,16144.80,16209.99,6269.06,40.33,22.86,2.00,0.00,0,0.00,6334.25,42,AMR3
796,INBOUND,F,9879.15,16166.60,16166.60,16230.72,6287.45,42.73,19.39,6.55,0.00,0,0.00,6351.57,45,AMR1
797,OUTBOUND,I,9884.86,16199.20,16199.20,16246.18,6314.34,21.91,20.81,2.00,2.26,1,0.00,6361.32,22,AMR2
798,INBOUND,J,9890.31,16210.00,16210.00,16277.84,6319.69,44.57,21.27,7.01,0.00,0,0.00,6387.53,45,AMR3
799,OUTBOUND,I,9895.24,16230.80,16230.80,16283.59,6335.56,29.09,21.70,2.00,0.00,0,0.00,6388.35,29,AMR1
800,OUTBOUND,H,9898.43,16246.20,16246.20,16304.69,6347.77,25.48,18.27,2.00,12.74,1,0.00,6406.26,24,AMR2
801,OUTBOUND,I,9920.47,16277.90,16277.90,16321.29,6357.43,20.02,19.85,2.00,1.51,1,0.00,6400.82,19,AMR3
802,OUTBOUND,D,9942.71,16283.60,16283.60,16354.75,6340.89,38.82,22.93,2.00,7.40,3,0.00,6412.04,34,AMR1
803,OUTBOUND,J,9962.90,16304.70,16304.70,16370.24,6341.80,38.74,18.21,2.00,6.59,2,0.00,6407.34,40,AMR2
804,INBOUND,D,9982.23,16321.30,16321.30,16388.75,6339.07,37.74,22.15,6.36,5.56,1,0.00,6406.52,39,AMR3
805,OUTBOUND,G,10000.69,16354.80,16354.80,16404.64,6354.11,27.86,19.97,2.00,0.00,0,0.00,6403.95,28,AMR1
806,INBOUND,I,10024.08,16370.30,16370.30,16435.02,6346.22,37.61,22.09,7.62,3.02,1,0.00,6410.94,36,AMR2
807,INBOUND,C,10039.62,16388.80,16388.80,16445.15,6349.18,27.20,20.48,5.74,6.67,1,0.00,6405.53,27,AMR3
808,OUTBOUND,H,10063.11,16404.70,16404.70,16450.32,6341.59,25.85,17.76,2.00,0.00,0,0.00,6387.21,24,AMR1
809,OUTBOUND,H,10078.86,16435.10,16435.10,16477.95,6356.24,19.92,20.93,2.00,0.00,0,0.00,6399.09,20,AMR2
810,OUTBOUND,E,10096.27,16445.20,16445.20,16518.87,6348.93,42.45,17.77,2.00,11.45,1,0.00,6422.60,40,AMR3
811,OUTBOUND,I,10116.34,16450.40,16450.40,16499.51,6334.06,30.17,16.94,2.00,0.00,0,0.00,6383.17,30,AMR1
812,OUTBOUND,D,10135.37,16478.00,16478.00,16539.48,6342.63,32.45,18.96,2.00,8.08,1,0.00,6404.11,32,AMR2
813,OUTBOUND,J,10154.96,16499.60,16499.60,16569.31,6344.64,39.99,22.06,2.00,5.66,1,0.00,6414.35,42,AMR1
814,OUTBOUND,H,10170.84,16518.90,16518.90,16584.78,6348.06,29.80,23.91,2.00,10.16,2,0.00,6413.94,26,AMR3
815,OUTBOUND,H,10189.00,16539.50,16539.50,16603.79,6350.50,27.40,19.56,2.00,15.33,2,0.00,6414.79,26,AMR2
816,OUTBOUND,G,10205.03,16569.40,16569.40,16621.78,6364.37,27.91,19.41,2.00,3.06,1,0.00,6416.75,26,AMR1
817,INBOUND,A,10225.60,16584.80,16584.80,16645.01,6359.20,41.42,15.79,5.93,1.02,0,0.00,6419.41,44,AMR3
818,OUTBOUND,J,10248.52,16603.80,16603.80,16669.67,6355.28,41.08,19.78,2.00,3.01,1,0.00,6421.15,42,AMR2
819,OUTBOUND,I,10266.56,16621.80,16621.80,16684.61,6355.24,29.73,19.54,2.00,11.54,2,0.00,6418.05,28,AMR1
820,INBOUND,H,10283.63,16645.10,16645.10,16698.19,6361.47,33.24,17.84,8.42,0.00,0,0.00,6414.56,37,AMR3
821,OUTBOUND,A,10302.27,16669.70,16669.70,16730.91,6367.43,40.42,17.79,2.00,1.03,0,0.00,6428.64,42,AMR2
822,INBOUND,H,10319.50,16684.70,16684.70,16745.86,6365.20,37.66,21.49,7.16,0.00,0,0.00,6426.36,38,AMR1
823,OUTBOUND,J,10340.10,16698.20,16698.20,16764.80,6358.10,31.74,25.03,2.00,7.84,2,0.00,6424.70,31,AMR3
824,INBOUND,F,10359.83,16731.00,16731.00,16803.62,6371.17,46.16,21.42,6.26,3.04,1,0.00,6443.79,48,AMR2
825,OUTBOUND,B,10379.35,16745.90,16745.90,16795.34,6366.55,24.96,22.48,2.00,0.00,0,0.00,6415.99,24,AMR1
826,INBOUND,F,10394.38,16764.90,16764.90,16826.95,6370.52,45.15,14.90,7.70,0.00,0,0.00,6432.57,48,AMR3
827,INBOUND,E,10419.02,16795.40,16795.40,16858.90,6376.38,41.19,20.32,7.71,0.00,0,0.00,6439.88,42,AMR1
828,INBOUND,B,10439.24,16803.70,16803.70,16868.19,6364.46,39.09,16.66,5.63,6.74,1,0.00,6428.95,40,AMR2
829,OUTBOUND,H,10463.21,16827.00,16827.00,16875.94,6363.79,27.20,19.73,2.00,0.00,0,0.00,6412.73,28,AMR3
830,OUTBOUND,G,10486.43,16859.00,16859.00,16941.89,6372.57,36.07,17.65,2.00,27.17,4,0.00,6455.46,38,AMR1
831,OUTBOUND,D,10503.97,16868.20,16868.20,16960.38,6364.23,38.08,24.36,2.00,27.74,3,0.00,6456.41,34,AMR2
832,OUTBOUND,G,10520.18,16876.00,16876.00,16925.09,6355.82,29.35,17.74,2.00,0.00,0,0.00,6404.91,30,AMR3
833,OUTBOUND,D,10539.75,16925.10,16925.10,16983.15,6385.35,29.92,18.12,2.00,8.02,1,0.00,6443.40,28,AMR3
834,OUTBOUND,G,10558.13,16941.90,16941.90,16998.61,6383.77,31.91,19.77,2.00,3.04,1,0.00,6440.48,32,AMR1
835,INBOUND,J,10582.39,16960.40,16960.40,17028.09,6378.01,41.39,19.68,5.63,4.62,1,0.00,6445.70,42,AMR2
836,INBOUND,H,10605.11,16983.20,16983.20,17042.82,6378.09,37.87,19.75,8.47,0.00,0,0.00,6437.71,38,AMR3
837,INBOUND,I,10626.70,16998.70,16998.70,17064.82,6372.00,41.16,22.95,6.07,0.00,0,0.00,6438.12,41,AMR1
838,OUTBOUND,A,10651.34,17028.10,17028.10,17122.19,6376.76,51.33,20.23,2.00,20.54,4,0.00,6470.85,52,AMR2
839,INBOUND,I,10673.70,17042.90,17042.90,17093.72,6369.20,28.42,20.40,8.17,0.00,0,0.00,6420.02,28,AMR3
840,OUTBOUND,H,10697.09,17064.90,17064.90,17109.28,6367.81,20.58,21.80,2.00,0.00,0,0.00,6412.19,21,AMR1
841,OUTBOUND,C,10719.90,17093.80,17093.80,17140.09,6373.90,21.92,17.36,2.00,5.01,1,0.00,6420.19,20,AMR3
842,INBOUND,C,10736.64,17109.30,17109.30,17171.59,6372.66,35.42,20.82,6.99,4.07,1,0.00,6434.95,35,AMR1
843,OUTBOUND,J,10755.51,17122.20,17122.20,17185.21,6366.69,36.91,21.00,2.00,3.10,1,0.00,6429.70,40,AMR2
844,OUTBOUND,I,10779.34,17140.10,17140.10,17201.57,6360.76,31.74,17.17,2.00,10.56,1,0.00,6422.23,32,AMR3
845,INBOUND,J,10798.52,17171.60,17171.60,17230.13,6373.08,33.66,22.88,7.31,0.00,0,0.00,6431.61,33,AMR1
846,OUTBOUND,E,10821.15,17185.30,17185.30,17253.22,6364.15,42.67,20.25,2.00,3.09,0,0.00,6432.07,40,AMR2
847,INBOUND,E,10845.78,17201.60,17201.60,17265.12,6355.82,41.89,19.63,6.42,0.00,0,0.00,6419.34,44,AMR3
848,OUTBOUND,C,10868.83,17230.20,17230.20,17282.11,6361.37,28.02,21.89,2.00,0.00,0,0.00,6413.28,28,AMR1
849,OUTBOUND,I,10889.86,17253.30,17253.30,17310.40,6363.44,30.34,24.76,2.00,0.00,0,0.00,6420.54,30,AMR2
850,INBOUND,I,10913.29,17265.20,17265.20,17325.46,6351.91,35.00,23.26,6.56,0.00,0,0.00,6412.17,34,AMR3
851,OUTBOUND,I,10935.41,17282.20,17282.20,17328.50,6346.79,27.74,16.56,2.00,0.00,0,0.00,6393.09,26,AMR1
852,OUTBOUND,J,10952.41,17310.40,17310.40,17365.51,6357.99,35.33,17.77,2.00,0.00,0,0.00,6413.10,36,AMR2
853,OUTBOUND,F,10970.32,17325.50,17325.50,17390.72,6355.18,35.79,22.55,2.00,4.89,1,0.00,6420.40,36,AMR3
854,INBOUND,C,10986.65,17328.50,17328.50,17388.34,6341.85,35.25,22.59,7.90,0.00,0,0.00,6401.69,36,AMR1
855,OUTBOUND,F,11007.07,17365.60,17365.60,17439.57,6358.53,47.16,21.79,2.00,3.03,1,0.00,6432.50,46,AMR2
856,INBOUND,F,11023.23,17388.40,17388.40,17447.42,6365.17,34.27,22.75,7.32,0.00,0,0.00,6424.19,35,AMR1
857,INBOUND,J,11043.03,17390.80,17390.80,17457.89,6347.77,43.67,18.79,7.84,2.63,1,0.00,6414.86,44,AMR3
858,INBOUND,I,11065.13,17439.60,17439.60,17498.02,6374.47,37.06,19.36,6.65,0.00,0,0.00,6432.89,38,AMR2
859,OUTBOUND,G,11088.91,17447.50,17447.50,17489.44,6358.59,21.17,18.76,2.00,0.00,0,0.00,6400.53,21,AMR1
860,INBOUND,B,11104.03,17457.90,17457.90,17514.20,6353.87,33.33,19.70,6.62,1.27,1,0.00,6410.17,36,AMR3
861,OUTBOUND,A,11122.84,17489.50,17489.50,17563.35,6366.66,46.27,15.65,2.00,9.93,1,0.00,6440.51,48,AMR1
862,OUTBOUND,E,11138.41,17498.10,17498.10,17549.15,6359.69,32.25,16.80,2.00,0.00,0,0.00,6410.74,32,AMR2
863,INBOUND,E,11163.24,17514.30,17514.30,17565.51,6351.06,32.57,16.64,7.71,0.00,0,0.00,6402.27,36,AMR3
864,INBOUND,E,11186.64,17549.20,17549.20,17607.64,6362.56,38.87,17.57,6.29,0.00,0,0.00,6421.00,40,AMR2
865,OUTBOUND,A,11209.17,17563.40,17563.40,17633.59,6354.23,46.29,19.45,2.00,2.45,1,0.00,6424.42,48,AMR1
866,OUTBOUND,B,11232.31,17565.60,17565.60,17616.45,6333.29,32.00,16.85,2.00,0.00,0,0.00,6384.14,32,AMR3
867,INBOUND,I,11255.99,17607.70,17607.70,17669.41,6351.71,37.52,16.50,5.87,5.68,1,0.00,6413.42,37,AMR2
868,INBOUND,I,11278.42,17616.50,17616.50,17687.23,6338.08,43.28,19.34,8.20,6.11,2,0.00,6408.81,40,AMR3
869,INBOUND,E,11295.79,17633.60,17633.60,17708.59,6337.81,45.82,16.82,7.55,10.35,2,0.00,6412.80,45,AMR1
870,INBOUND,G,11317.44,17669.50,17669.50,17730.30,6352.06,32.16,22.20,5.69,4.44,1,0.00,6412.86,34,AMR2
871,INBOUND,F,11336.60,17687.30,17687.30,17747.99,6350.70,35.93,20.42,7.13,2.33,1,0.00,6411.39,37,AMR3
872,OUTBOUND,E,11352.14,17708.60,17708.60,17756.14,6356.46,23.82,21.72,2.00,0.00,0,0.00,6404.00,23,AMR1
873,OUTBOUND,H,11373.35,17730.30,17730.30,17775.74,6356.95,17.58,19.24,2.00,6.62,1,0.00,6402.39,17,AMR2
874,OUTBOUND,F,11397.46,17748.00,17748.00,17791.37,6350.54,23.57,17.79,2.00,0.00,0,0.00,6393.91,23,AMR3
875,INBOUND,J,11418.35,17756.20,17756.20,17824.87,6337.85,46.36,17.28,7.87,3.03,1,0.00,6406.52,46,AMR1
876,INBOUND,D,11441.11,17775.80,17775.80,17831.10,6334.69,33.86,17.07,6.61,2.38,1,0.00,6389.99,34,AMR2
877,OUTBOUND,B,11460.60,17791.40,17791.40,17846.37,6330.80,34.97,18.01,2.00,0.00,0,0.00,6385.77,34,AMR3
878,OUTBOUND,I,11485.22,17824.90,17824.90,17870.53,6339.68,21.55,19.07,2.00,3.00,1,0.00,6385.31,20,AMR1
879,OUTBOUND,G,11503.99,17831.20,17831.20,17886.11,6327.21,31.99,18.39,2.00,2.53,1,0.00,6382.12,32,AMR2
880,INBOUND,C,11524.56,17846.40,17846.40,17910.85,6321.84,36.22,20.87,7.97,5.36,1,0.00,6386.29,37,AMR3
881,OUTBOUND,E,11545.40,17870.60,17870.60,17937.75,6325.20,45.60,19.55,2.00,0.00,0,0.00,6392.35,46,AMR1
882,INBOUND,C,11563.70,17886.20,17886.20,17939.00,6322.50,32.83,17.97,7.54,0.00,0,0.00,6375.30,35,AMR2
883,OUTBOUND,F,11580.24,17910.90,17910.90,17974.08,6330.66,37.20,23.98,2.00,0.00,0,0.00,6393.84,37,AMR3
884,OUTBOUND,J,11595.75,17937.80,17937.80,18011.75,6342.05,39.36,19.71,2.00,12.88,2,0.00,6416.00,40,AMR1
885,OUTBOUND,H,11617.37,17939.00,17939.00,17998.35,6321.63,20.50,21.85,2.00,15.00,1,0.00,6380.98,17,AMR2
886,INBOUND,F,11633.10,17974.10,17974.10,18047.76,6341.00,44.56,17.81,6.80,9.29,2,0.00,6414.66,46,AMR3
887,INBOUND,C,11650.30,17998.40,17998.40,18058.90,6348.10,33.03,25.47,5.87,0.00,0,0.00,6408.60,34,AMR2
888,INBOUND,I,11665.98,18011.80,18011.80,18076.02,6345.82,41.20,21.02,6.47,0.00,0,0.00,6410.04,41,AMR1
889,INBOUND,I,11685.14,18047.80,18047.80,18107.72,6362.66,38.29,19.62,8.18,0.00,0,0.00,6422.58,39,AMR3
890,OUTBOUND,D,11701.06,18058.90,18058.90,18105.60,6357.84,25.50,19.20,2.00,0.00,0,0.00,6404.54,26,AMR2
891,OUTBOUND,F,11718.19,18076.10,18076.10,18135.74,6357.91,38.33,19.30,2.00,0.00,0,0.00,6417.55,39,AMR1
892,OUTBOUND,D,11736.80,18105.70,18105.70,18156.54,6368.90,31.90,16.94,2.00,0.00,0,0.00,6419.74,30,AMR2
893,INBOUND,H,11757.98,18107.80,18107.80,18162.33,6349.82,30.25,22.28,7.10,0.00,0,0.00,6404.35,29,AMR3
894,OUTBOUND,A,11781.22,18135.80,18135.80,18201.93,6354.58,43.27,20.85,2.00,0.00,0,0.00,6420.71,44,AMR1
895,OUTBOUND,H,11802.91,18156.60,18156.60,18223.24,6353.69,31.53,20.04,2.00,13.07,2,0.00,6420.33,28,AMR2
896,INBOUND,J,11826.95,18162.40,18162.40,18222.47,6335.45,34.27,23.81,7.19,0.00,0,0.00,6395.52,35,AMR3
897,OUTBOUND,A,11844.39,18202.00,18202.00,18307.02,6357.61,47.50,20.71,2.00,34.89,3,0.00,6462.63,46,AMR1
898,OUTBOUND,G,11868.25,18222.50,18222.50,18288.85,6354.25,31.22,20.66,2.00,12.46,1,0.00,6420.60,31,AMR3
899,OUTBOUND,I,11887.11,18223.30,18223.30,18271.52,6336.19,25.44,20.79,2.00,0.00,0,0.00,6384.41,24,AMR2
900,INBOUND,I,11902.35,18271.60,18271.60,18333.92,6369.25,36.34,22.57,7.80,1.40,1,0.00,6431.57,36,AMR2
901,OUTBOUND,I,11922.50,18288.90,18288.90,18344.47,6366.40,29.70,18.45,2.00,5.42,1,0.00,6421.97,28,AMR3
902,INBOUND,E,11942.37,18307.10,18307.10,18396.18,6364.73,58.00,18.40,8.37,10.68,3,0.00,6453.81,58,AMR1
903,INBOUND,I,11959.29,18334.00,18334.00,18414.49,6374.71,39.00,24.24,7.55,15.26,3,0.00,6455.20,34,AMR2
904,INBOUND,C,11983.77,18344.50,18344.50,18427.56,6360.73,37.72,21.61,5.68,21.73,3,0.00,6443.79,37,AMR3
905,INBOUND,B,12004.10,18396.20,18396.20,18456.61,6392.10,33.39,20.56,7.32,4.46,1,0.00,6452.51,34,AMR1
906,INBOUND,D,12025.81,18414.50,18414.50,18469.96,6388.69,33.16,20.30,8.08,0.00,0,0.00,6444.15,33,AMR2
907,OUTBOUND,B,12045.05,18427.60,18427.60,18481.91,6382.55,27.54,21.68,2.00,3.09,1,0.00,6436.86,27,AMR3
908,OUTBOUND,G,12065.43,18456.70,18456.70,18505.55,6391.27,19.41,21.97,2.00,5.48,1,0.00,6440.12,18,AMR1
909,INBOUND,C,12087.90,18470.00,18470.00,18519.68,6382.10,27.80,19.88,6.90,0.00,0,0.00,6431.78,29,AMR2
910,OUTBOUND,F,12107.49,18482.00,18482.00,18553.61,6374.51,44.82,19.96,2.00,4.83,2,0.00,6446.12,44,AMR3
911,OUTBOUND,A,12123.36,18505.60,18505.60,18572.77,6382.24,46.29,18.88,2.00,0.00,0,0.00,6449.41,48,AMR1
912,INBOUND,I,12146.31,18519.70,18519.70,18573.17,6373.39,29.65,21.83,6.24,0.00,0,0.00,6426.86,28,AMR2
913,OUTBOUND,D,12167.06,18553.70,18553.70,18617.36,6386.64,37.25,24.42,2.00,0.00,0,0.00,6450.30,36,AMR3
914,OUTBOUND,H,12186.13,18572.80,18572.80,18642.49,6386.67,31.97,23.86,2.00,11.87,1,0.00,6456.36,28,AMR1
915,OUTBOUND,F,12205.18,18573.20,18573.20,18656.00,6368.02,42.06,16.46,2.00,22.28,1,0.00,6450.82,44,AMR2
916,INBOUND,B,12224.07,18617.40,18617.40,18680.70,6393.33,36.05,19.65,7.00,5.60,1,0.00,6456.63,38,AMR3
917,INBOUND,J,12239.13,18642.50,18642.50,18708.42,6403.37,43.92,19.00,5.57,1.01,0,0.00,6469.29,45,AMR1
918,OUTBOUND,J,12261.69,18656.00,18656.00,18717.03,6394.31,39.25,19.79,2.00,0.00,0,0.00,6455.34,42,AMR2
919,INBOUND,B,12283.70,18680.70,18680.70,18732.94,6397.00,30.41,19.83,5.65,0.00,0,0.00,6449.24,30,AMR3
920,OUTBOUND,B,12307.98,18708.50,18708.50,18777.87,6400.52,36.92,20.70,2.00,9.75,1,0.00,6469.89,37,AMR1
921,INBOUND,E,12330.85,18717.10,18717.10,18775.63,6386.25,38.85,17.68,7.11,0.00,0,0.00,6444.78,40,AMR2
922,INBOUND,H,12346.71,18733.00,18733.00,18788.76,6386.29,32.03,17.63,8.15,4.11,1,0.00,6442.05,31,AMR3
923,OUTBOUND,A,12365.66,18775.70,18775.70,18851.50,6410.04,44.93,21.64,2.00,7.23,1,0.00,6485.84,46,AMR2
924,INBOUND,D,12382.23,18777.90,18777.90,18831.67,6395.67,36.22,15.55,6.70,0.00,0,0.00,6449.44,36,AMR1
925,OUTBOUND,I,12404.70,18788.80,18788.80,18834.07,6384.10,21.13,22.14,2.00,0.00,0,0.00,6429.37,19,AMR3
926,INBOUND,C,12429.30,18831.70,18831.70,18877.34,6402.40,24.05,19.59,6.34,0.00,0,0.00,6448.04,24,AMR1
927,OUTBOUND,F,12451.07,18834.10,18834.10,18901.52,6383.03,43.00,19.42,2.00,3.03,0,0.00,6450.45,42,AMR3
928,OUTBOUND,I,12471.60,18851.60,18851.60,18921.81,6380.00,33.49,18.81,2.00,15.91,1,0.00,6450.21,32,AMR2
929,OUTBOUND,A,12487.84,18877.40,18877.40,18939.19,6389.56,32.69,21.49,2.00,5.62,1,0.00,6451.35,32,AMR1
930,OUTBOUND,I,12508.80,18901.60,18901.60,18963.13,6392.80,27.76,20.90,2.00,10.88,2,0.00,6454.33,26,AMR3
931,OUTBOUND,E,12533.27,18921.90,18921.90,18992.96,6388.63,42.33,18.75,2.00,7.98,2,0.00,6459.69,42,AMR2
932,INBOUND,F,12555.76,18939.20,18939.20,19021.32,6383.44,48.24,23.79,5.64,8.09,2,0.00,6465.56,48,AMR1
933,OUTBOUND,I,12574.88,18963.20,18963.20,19020.83,6388.32,33.01,16.45,2.00,6.17,2,0.00,6445.95,30,AMR3
934,INBOUND,D,12591.49,18993.00,18993.00,19050.74,6401.51,34.71,16.01,6.87,5.02,1,0.00,6459.25,35,AMR2
935,INBOUND,D,12614.84,19020.90,19020.90,19093.10,6406.06,39.51,16.50,6.48,14.19,2,0.00,6478.26,38,AMR3
936,INBOUND,J,12631.65,19021.40,19021.40,19089.06,6389.75,41.84,19.79,5.99,4.03,1,0.00,6457.41,47,AMR1
937,OUTBOUND,I,12655.17,19050.80,19050.80,19097.25,6395.63,20.86,23.59,2.00,0.00,0,0.00,6442.08,19,AMR2
938,INBOUND,B,12676.61,19089.10,19089.10,19141.09,6412.49,34.63,15.36,7.10,0.00,0,0.00,6464.48,35,AMR1
939,OUTBOUND,E,12698.33,19093.10,19093.10,19144.99,6394.77,29.75,20.15,2.00,0.00,0,0.00,6446.66,28,AMR3
940,INBOUND,J,12715.31,19097.30,19097.30,19164.91,6381.99,41.37,21.91,6.61,2.33,1,0.00,6449.60,42,AMR2
941,OUTBOUND,F,12739.82,19141.10,19141.10,19195.69,6401.28,31.74,20.85,2.00,0.00,0,0.00,6455.87,32,AMR1
942,INBOUND,D,12761.53,19145.00,19145.00,19199.52,6383.47,36.91,15.61,7.68,0.00,0,0.00,6437.99,38,AMR3
943,OUTBOUND,B,12779.38,19165.00,19165.00,19230.33,6385.62,39.25,24.08,2.00,0.00,0,0.00,6450.95,40,AMR2
944,INBOUND,H,12797.56,19195.70,19195.70,19252.68,6398.14,37.90,17.08,7.85,0.00,0,0.00,6455.12,38,AMR1
945,OUTBOUND,E,12818.73,19199.60,19199.60,19256.35,6380.87,31.75,17.36,2.00,5.64,1,0.00,6437.62,30,AMR3
946,INBOUND,F,12839.38,19230.40,19230.40,19305.55,6391.02,47.68,19.41,6.01,6.06,2,0.00,6466.17,47,AMR2
947,INBOUND,C,12863.97,19252.70,19252.70,19312.82,6388.73,26.81,22.76,5.94,8.54,2,0.00,6448.85,25,AMR1
948,INBOUND,D,12882.10,19256.40,19256.40,19327.19,6374.30,35.20,20.69,5.59,12.90,1,0.00,6445.09,36,AMR3
949,INBOUND,G,12904.50,19305.60,19305.60,19369.52,6401.10,40.95,20.97,6.44,0.00,0,0.00,6465.02,41,AMR2
950,OUTBOUND,C,12927.90,19312.90,19312.90,19353.64,6385.00,16.00,22.74,2.00,0.00,0,0.00,6425.74,15,AMR1
951,INBOUND,H,12950.23,19327.20,19327.20,19380.54,6376.97,27.40,21.94,8.26,2.00,1,0.00,6430.31,27,AMR3
952,OUTBOUND,E,12969.68,19353.70,19353.70,19413.48,6384.02,41.19,16.59,2.00,0.00,0,0.00,6443.80,42,AMR1
953,INBOUND,C,12990.20,19369.60,19369.60,19419.75,6379.40,29.75,18.39,5.91,0.00,0,0.00,6429.55,30,AMR2
954,INBOUND,E,13011.27,19380.60,19380.60,19438.47,6369.33,33.86,16.34,7.08,5.68,1,0.00,6427.20,35,AMR3
955,OUTBOUND,D,13035.18,19413.50,19413.50,19465.06,6378.32,31.39,18.16,2.00,0.00,0,0.00,6429.88,30,AMR1
956,INBOUND,B,13057.51,19419.80,19419.80,19470.42,6362.29,27.95,20.67,6.53,0.00,0,0.00,6412.91,28,AMR2
957,OUTBOUND,A,13073.27,19438.50,19438.50,19507.11,6365.23,47.97,18.64,2.00,0.00,0,0.00,6433.84,50,AMR3
958,OUTBOUND,J,13094.58,19465.10,19465.10,19528.81,6370.52,41.54,20.17,2.00,0.00,0,0.00,6434.23,44,AMR1
959,INBOUND,D,13117.28,19470.50,19470.50,19521.28,6353.22,29.50,19.28,6.08,0.00,0,0.00,6404.00,30,AMR2
960,OUTBOUND,I,13137.79,19507.20,19507.20,19565.80,6369.41,32.66,22.94,2.00,1.00,1,0.00,6428.01,32,AMR3
961,OUTBOUND,C,13157.51,19521.30,19521.30,19581.32,6363.79,27.23,19.22,2.00,11.58,2,0.00,6423.81,26,AMR2
962,INBOUND,J,13176.44,19528.90,19528.90,19595.90,6352.46,45.16,15.16,6.12,4.67,1,0.00,6419.46,47,AMR1
963,OUTBOUND,C,13200.01,19565.90,19565.90,19615.75,6365.89,30.08,16.76,2.00,1.10,0,0.00,6415.74,28,AMR3
964,OUTBOUND,B,13220.02,19581.40,19581.40,19637.28,6361.38,32.84,21.05,2.00,0.00,0,0.00,6417.26,32,AMR2
965,INBOUND,A,13238.66,19595.90,19595.90,19656.75,6357.24,41.00,17.85,5.87,0.00,0,0.00,6418.09,43,AMR1
966,OUTBOUND,J,13262.14,19615.80,19615.80,19680.22,6353.66,38.53,23.89,2.00,0.00,0,0.00,6418.08,40,AMR3
967,INBOUND,C,13284.71,19637.30,19637.30,19698.54,6352.59,32.07,22.01,7.91,5.16,1,0.00,6413.83,34,AMR2
968,INBOUND,J,13301.30,19656.80,19656.80,19722.58,6355.50,44.03,16.68,6.36,3.07,1,0.00,6421.28,44,AMR1
969,INBOUND,C,13322.90,19680.30,19680.30,19738.97,6357.40,35.17,21.50,6.27,0.00,0,0.00,6416.07,36,AMR3
970,OUTBOUND,F,13345.22,19698.60,19698.60,19751.60,6353.38,34.86,16.15,2.00,0.00,0,0.00,6406.38,34,AMR2
971,OUTBOUND,H,13362.41,19722.60,19722.60,19767.51,6360.19,26.15,16.76,2.00,0.00,0,0.00,6405.10,26,AMR1
972,OUTBOUND,F,13378.04,19739.00,19739.00,19799.57,6360.96,36.89,21.68,2.00,0.00,0,0.00,6421.53,38,AMR3
973,OUTBOUND,D,13393.46,19751.70,19751.70,19815.43,6358.24,32.40,20.04,2.00,9.29,2,0.00,6421.97,32,AMR2
974,INBOUND,F,13417.54,19767.60,19767.60,19834.04,6350.06,45.16,19.28,7.51,0.00,0,0.00,6416.50,48,AMR1
975,OUTBOUND,H,13437.24,19799.60,19799.60,19845.98,6362.36,25.05,19.33,2.00,0.00,0,0.00,6408.74,24,AMR3
976,INBOUND,F,13452.64,19815.50,19815.50,19878.87,6362.86,42.18,19.19,7.65,0.00,0,0.00,6426.23,44,AMR2
977,OUTBOUND,I,13474.67,19834.10,19834.10,19891.72,6359.43,35.10,20.52,2.00,0.00,0,0.00,6417.05,36,AMR1
978,OUTBOUND,E,13498.02,19846.00,19846.00,19926.01,6347.98,50.06,24.87,2.00,3.07,1,0.00,6427.99,50,AMR3
979,INBOUND,C,13518.47,19878.90,19878.90,19941.08,6360.43,32.80,22.26,6.72,5.12,1,0.00,6422.61,33,AMR2
980,INBOUND,F,13540.00,19891.80,19891.80,19965.90,6351.80,47.00,16.40,6.93,8.70,2,0.00,6425.90,48,AMR1
981,INBOUND,B,13561.54,19926.10,19926.10,19986.13,6364.56,36.82,21.21,6.46,0.00,0,0.00,6424.59,39,AMR3
982,INBOUND,D,13579.05,19941.10,19941.10,20004.86,6362.05,25.90,24.90,5.77,10.97,1,0.00,6425.81,25,AMR2
983,INBOUND,F,13598.11,19966.00,19966.00,20039.32,6367.89,45.15,20.75,7.11,5.42,1,0.00,6441.21,50,AMR1
984,INBOUND,J,13621.04,19986.20,19986.20,20049.52,6365.16,40.18,18.06,8.24,3.09,1,0.00,6428.48,39,AMR3
985,OUTBOUND,C,13641.06,20004.90,20004.90,20056.11,6363.84,24.38,24.83,2.00,0.00,0,0.00,6415.05,24,AMR2
986,INBOUND,B,13657.71,20039.40,20039.40,20096.17,6381.69,37.67,17.10,8.49,0.00,0,0.00,6438.46,42,AMR1
987,OUTBOUND,D,13679.15,20049.60,20049.60,20097.10,6370.45,24.17,21.32,2.00,0.00,0,0.00,6417.95,22,AMR3
988,OUTBOUND,F,13696.02,20056.20,20056.20,20116.78,6360.18,39.07,19.50,2.00,0.00,0,0.00,6420.76,40,AMR2
989,OUTBOUND,B,13718.19,20096.20,20096.20,20134.28,6378.01,20.89,15.19,2.00,0.00,0,0.00,6416.09,20,AMR1
990,OUTBOUND,F,13735.49,20097.10,20097.10,20153.78,6361.61,37.75,16.93,2.00,0.00,0,0.00,6418.29,40,AMR3
991,INBOUND,H,13751.63,20116.80,20116.80,20171.41,6365.17,34.56,18.05,5.82,0.00,0,0.00,6419.78,36,AMR2
992,OUTBOUND,C,13768.73,20134.30,20134.30,20195.76,6365.57,32.40,21.46,2.00,5.61,1,0.00,6427.03,30,AMR1
993,INBOUND,A,13792.07,20153.80,20153.80,20223.72,6361.73,43.98,20.88,8.32,3.06,1,0.00,6431.65,45,AMR3
994,INBOUND,J,13807.50,20171.50,20171.50,20238.95,6364.00,36.83,19.68,6.90,8.94,2,0.00,6431.45,38,AMR2
995,INBOUND,I,13824.11,20195.80,20195.80,20267.51,6371.69,38.54,25.69,5.84,5.48,1,0.00,6443.40,39,AMR1
996,INBOUND,C,13848.02,20223.80,20223.80,20284.23,6375.78,35.25,20.08,6.06,3.09,1,0.00,6436.21,35,AMR3
997,OUTBOUND,C,13864.68,20239.00,20239.00,20303.09,6374.32,29.45,24.67,2.00,7.97,2,0.00,6438.41,28,AMR2
998,INBOUND,J,13889.26,20267.60,20267.60,20345.80,6378.34,46.33,20.70,6.03,9.17,3,0.00,6456.54,42,AMR1
999,INBOUND,E,13910.64,20284.30,20284.30,20348.80,6373.66,34.43,19.03,7.05,9.04,1,0.00,6438.16,34,AMR3
1000,OUTBOUND,J,13927.80,20303.10,20303.10,20364.59,6375.30,35.32,24.17,2.00,0.00,0,0.00,6436.79,36,AMR2
