주문ID,저장구역,발생시각(s),작업시작(배정)시각(s),입고장 도착(s),RFID 통과(s),저장구역 처리완료(s),출고완료(s),총처리시간(s),주문 대응시간(s),배정 AMR,배정 당시 AMR-입고장 거리(m),실제 배차비용(s),최소 가능비용(s),최소비용 AMR,배차 비효율,추가 이동거리(m),추가 예상시간(s),수동 배차 확인 개입,경로충돌,정면충돌,병목 횟수,병목 대기(s),장시간정체 개입,장시간정체 개입시간(s),이동거리(m),이동시간(s),작업시간(s),대기시간(s),입고 토트,적치 슬롯,출고 토트,피킹 슬롯
O0001,B,0.0,0.0,9.8,21.1,57.3,90.4,90.4,0.0,AMR2,14,86.7,86.7,AMR2,0,0,0.0,0,0,0,0,0.0,0,0.0,49,47.0,43.4,0.0,T-0151,B-01-01,T-0016,B-01-05
O0002,D,22.4,22.4,32.9,43.4,76.0,109.8,87.4,0.0,AMR1,15,81.7,81.7,AMR1,0,0,0.0,0,0,0,1,2.0,0,0.0,46,44.5,40.9,2.0,T-0152,D-01-01,T-0046,D-04-03
O0003,B,38.8,38.8,64.5,77.5,111.5,147.1,108.3,0.0,AMR3,31,103.8,103.8,AMR3,0,0,0.0,0,0,0,1,4.0,0,0.0,62,59.7,44.6,4.0,T-0153,B-02-01,T-0017,B-05-03
O0004,I,61.2,90.5,114.0,127.5,165.4,193.6,132.4,29.3,AMR2,25,98.5,98.5,AMR2,0,0,0.0,0,0,0,0,0.0,0,0.0,56,57.9,45.2,0.0,T-0154,I-01-01,T-0121,I-04-03
O0005,A,82.1,147.2,170.7,183.4,218.3,257.1,175.0,65.1,AMR3,25,106.2,106.2,AMR3,0,0,0.0,0,0,0,0,0.0,0,0.0,72,70.3,39.6,0.0,T-0156,A-02-01,T-0001,A-02-03
O0006,D,98.1,109.9,138.4,154.1,184.0,213.7,115.6,11.8,AMR1,25,97.8,97.8,AMR1,0,0,0.0,0,0,0,0,0.0,0,0.0,52,53.8,45.0,5.0,T-0155,D-03-01,T-0047,D-01-02
O0007,I,119.1,193.7,217.2,231.7,265.5,297.0,177.9,74.6,AMR2,25,97.3,97.3,AMR2,0,0,0.0,0,0,0,2,3.0,0,0.0,54,56.3,44.0,3.0,T-0157,I-02-01,T-0122,I-03-02
O0008,I,141.2,297.1,320.6,334.2,368.9,397.8,256.6,155.9,AMR2,25,97.7,97.7,AMR2,0,0,0.0,0,0,0,0,0.0,0,0.0,54,56.3,44.4,0.0,T-0160,I-04-01,T-0123,I-03-01
O0009,J,158.4,213.8,241.3,255.2,293.6,326.6,168.2,55.4,AMR1,25,105.2,105.2,AMR1,0,0,0.0,0,0,0,0,0.0,0,0.0,68,67.5,41.3,4.0,T-0158,J-01-01,T-0136,J-04-02
O0010,A,181.5,357.7,381.2,392.3,432.6,469.8,288.3,176.2,AMR3,25,111.6,111.6,AMR3,0,0,0.0,0,0,0,0,0.0,0,0.0,68,67.1,45.0,0.0,T-0162,A-03-01,T-0002,A-05-03
O0011,F,203.5,326.7,350.2,366.4,405.6,435.8,232.3,123.2,AMR1,25,108.7,108.7,AMR1,0,0,0.0,0,0,0,0,0.0,0,0.0,68,67.5,41.6,0.0,T-0161,F-02-01,T-0076,F-05-05
O0012,F,220.1,469.9,493.4,504.7,546.9,581.1,361.0,249.8,AMR3,25,107.6,107.6,AMR3,0,0,0.0,0,0,0,0,0.0,0,0.0,72,70.7,40.5,0.0,T-0165,F-03-01,T-0077,F-01-01
O0013,B,236.0,257.2,280.7,291.1,330.2,357.6,121.6,21.2,AMR3,25,98.9,98.9,AMR3,0,0,0.0,0,0,0,0,0.0,0,0.0,56,57.5,42.9,0.0,T-0159,B-04-01,T-0018,B-05-04
O0014,J,259.5,397.9,421.4,437.2,480.4,514.9,255.4,138.4,AMR2,25,111.8,111.8,AMR2,0,0,0.0,0,0,0,0,0.0,0,0.0,70,69.1,47.9,0.0,T-0163,J-02-01,T-0137,J-06-03
O0015,H,282.6,538.1,562.6,577.2,616.1,640.9,358.3,255.5,AMR1,25,100.4,100.4,AMR1,0,0,0.0,0,0,0,0,0.0,0,0.0,52,54.2,47.6,1.0,T-0167,H-04-01,T-0106,H-02-04
O0016,G,298.8,435.9,459.4,471.0,509.3,538.0,239.2,137.1,AMR1,25,100.7,100.7,AMR1,0,0,0.0,0,0,0,0,0.0,0,0.0,56,57.9,44.2,0.0,T-0164,G-03-01,T-0091,G-05-02
O0017,J,319.3,641.0,664.5,678.4,720.3,751.0,431.7,321.7,AMR1,25,107.9,107.9,AMR1,0,0,0.0,0,0,0,0,0.0,0,0.0,66,66.0,44.0,0.0,T-0170,J-04-01,T-0138,J-03-03
O0018,B,340.1,581.2,604.7,620.1,657.9,688.6,348.5,241.1,AMR3,25,105.9,105.9,AMR3,0,0,0.0,0,0,0,0,0.0,0,0.0,56,57.5,49.9,0.0,T-0168,B-01-02,T-0020,B-04-05
O0019,E,361.7,611.1,634.6,646.1,680.7,716.0,354.3,249.4,AMR2,25,104.9,104.9,AMR2,0,0,0.0,0,0,0,0,0.0,0,0.0,64,63.4,41.5,0.0,T-0169,E-03-01,T-0061,E-01-04
O0020,B,385.3,515.0,538.5,549.3,580.6,611.0,225.7,129.7,AMR2,25,94.5,94.5,AMR2,0,0,0.0,0,0,0,0,0.0,0,0.0,56,57.5,38.5,0.0,T-0166,B-05-01,T-0019,B-04-02
O0021,F,403.0,716.1,739.6,755.2,801.1,833.7,430.7,313.1,AMR2,25,114.0,114.0,AMR2,0,0,0.0,0,0,0,0,0.0,0,0.0,72,70.7,46.9,0.0,T-0172,F-01-01,T-0078,F-01-04
O0022,D,421.7,688.7,712.2,723.5,755.5,783.4,361.7,267.0,AMR3,25,89.5,89.5,AMR3,0,0,0.0,0,0,0,0,0.0,0,0.0,56,58.0,36.7,0.0,T-0171,D-04-01,T-0048,D-05-05
O0023,B,439.4,833.8,857.3,870.3,901.3,930.8,491.4,394.4,AMR2,25,93.9,93.9,AMR2,0,0,0.0,0,0,0,0,0.0,0,0.0,58,59.1,37.9,0.0,T-0175,B-02-02,T-0021,B-03-04
O0024,I,460.8,751.1,774.6,788.5,824.3,849.2,388.4,290.3,AMR1,25,93.4,93.4,AMR1,0,0,0.0,0,0,0,0,0.0,0,0.0,56,58.0,40.1,0.0,T-0173,I-03-01,T-0124,I-05-03
O0025,H,478.2,783.5,807.0,819.0,852.8,886.8,408.6,305.3,AMR3,25,93.8,93.8,AMR3,0,0,0.0,0,0,0,1,6.0,1,1.0,54,56.3,41.0,6.0,T-0174,H-05-01,T-0107,H-03-04
O0026,I,495.9,886.9,910.4,925.2,960.6,984.8,488.9,391.0,AMR3,25,97.0,97.0,AMR3,0,0,0.0,0,0,0,0,0.0,0,0.0,52,54.2,43.7,0.0,T-0177,I-05-01,T-0125,I-01-05
O0027,A,517.8,961.5,985.0,998.3,1038.3,1073.0,555.2,443.7,AMR1,25,113.1,113.1,AMR1,0,0,0.0,0,0,0,0,0.0,0,0.0,66,65.0,46.5,0.0,T-0179,A-05-01,T-0003,A-06-03
O0028,F,541.0,930.9,954.4,968.5,1012.6,1047.1,506.1,389.9,AMR2,25,112.6,112.6,AMR2,0,0,0.0,0,0,0,0,0.0,0,0.0,72,70.7,45.5,0.0,T-0178,F-05-01,T-0079,F-01-05
O0029,D,558.6,849.3,881.8,896.0,932.3,961.4,402.8,290.7,AMR1,25,96.1,96.1,AMR1,0,0,0.0,0,0,0,0,0.0,1,4.0,60,59.8,43.3,9.0,T-0176,D-06-01,T-0049,D-05-01
O0030,F,582.4,1073.1,1096.6,1111.2,1158.7,1191.1,608.7,490.7,AMR1,25,114.4,114.4,AMR1,0,0,0.0,0,0,0,0,0.0,0,0.0,72,70.7,47.3,0.0,T-0182,F-06-01,T-0080,F-02-04
O0031,G,604.0,984.9,1009.4,1024.2,1059.1,1088.6,484.6,380.9,AMR3,25,99.3,99.3,AMR3,0,0,0.0,0,0,0,1,2.0,0,0.0,56,57.9,42.8,3.0,T-0180,G-01-02,T-0092,G-04-01
O0032,E,623.5,1146.2,1169.7,1182.2,1217.5,1247.7,624.2,522.7,AMR2,25,101.5,101.5,AMR2,0,0,0.0,0,0,0,0,0.0,0,0.0,64,63.4,38.1,0.0,T-0184,E-04-01,T-0062,E-02-05
O0033,I,641.0,1047.2,1070.7,1083.3,1120.9,1146.1,505.1,406.2,AMR2,25,98.0,98.0,AMR2,0,0,0.0,0,0,0,0,0.0,0,0.0,52,54.2,44.7,0.0,T-0181,I-06-01,T-0126,I-02-04
O0034,J,658.6,1213.1,1238.6,1250.4,1289.7,1324.3,665.7,554.5,AMR3,25,107.2,107.2,AMR3,0,0,0.0,0,0,0,0,0.0,0,0.0,66,65.9,43.3,2.0,T-0186,J-06-01,T-0139,J-03-01
O0035,G,682.6,1088.7,1120.2,1133.8,1166.3,1213.0,530.4,406.1,AMR3,25,97.3,97.3,AMR3,0,0,0.0,0,0,0,1,16.0,2,14.0,58,59.5,40.8,24.0,T-0183,G-04-01,T-0093,G-03-05
O0036,C,699.8,1191.2,1214.7,1226.2,1261.5,1290.9,591.1,491.4,AMR1,25,97.7,97.7,AMR1,0,0,0.0,0,0,0,0,0.0,0,0.0,52,54.3,45.4,0.0,T-0185,C-01-01,T-0031,C-04-01
O0037,A,719.8,1324.4,1347.9,1361.3,1400.5,1433.5,713.7,604.6,AMR3,25,108.6,108.6,AMR3,0,0,0.0,0,0,0,0,0.0,0,0.0,68,67.1,42.0,0.0,T-0189,A-01-02,T-0004,A-05-04
O0038,C,736.3,1291.0,1314.5,1328.0,1360.0,1387.0,650.7,554.7,AMR1,25,94.0,94.0,AMR1,0,0,0.0,0,0,0,0,0.0,0,0.0,52,54.3,41.7,0.0,T-0188,C-04-01,T-0032,C-05-03
O0039,B,755.5,1247.8,1271.3,1282.6,1318.6,1349.2,593.7,492.3,AMR2,25,96.7,96.7,AMR2,0,0,0.0,0,0,0,0,0.0,0,0.0,60,60.7,40.7,0.0,T-0187,B-03-02,T-0022,B-01-03
O0040,H,774.3,1349.3,1372.8,1386.0,1419.2,1451.3,677.0,575.0,AMR2,25,95.1,95.1,AMR2,0,0,0.0,0,0,0,1,5.0,0,0.0,52,54.7,42.3,5.0,T-0190,H-02-02,T-0108,H-04-02
O0041,I,791.8,1387.1,1410.6,1422.7,1458.2,1487.5,695.7,595.3,AMR1,25,95.3,95.3,AMR1,0,0,0.0,0,0,0,0,0.0,0,0.0,56,58.4,42.0,0.0,T-0191,I-01-02,T-0127,I-05-02
O0042,B,813.6,1433.6,1457.1,1470.4,1507.7,1536.5,722.9,620.0,AMR3,25,98.2,98.2,AMR3,0,0,0.0,0,0,0,0,0.0,0,0.0,60,60.7,42.2,0.0,T-0192,B-04-02,T-0023,B-01-04
O0043,E,837.5,1451.4,1480.9,1496.6,1536.1,1572.2,734.7,613.9,AMR2,25,109.5,109.5,AMR2,0,0,0.0,0,0,0,0,0.0,1,1.0,70,68.7,46.1,6.0,T-0193,E-01-02,T-0063,E-06-03
O0044,E,855.9,1595.7,1620.2,1633.1,1669.9,1701.9,846.0,739.8,AMR1,25,101.5,101.5,AMR1,0,0,0.0,0,0,0,0,0.0,0,0.0,68,67.1,38.1,1.0,T-0197,E-04-02,T-0064,E-05-01
O0045,A,872.5,1487.6,1511.1,1525.2,1563.9,1595.6,723.1,615.1,AMR1,25,107.5,107.5,AMR1,0,0,0.0,0,0,0,0,0.0,0,0.0,68,67.1,40.9,0.0,T-0194,A-03-02,T-0005,A-04-01
O0046,C,897.2,1536.6,1560.1,1570.9,1607.1,1636.9,739.7,639.4,AMR3,25,97.6,97.6,AMR3,0,0,0.0,0,0,0,0,0.0,0,0.0,54,55.0,45.3,0.0,T-0195,C-05-01,T-0033,C-03-01
O0047,E,921.3,1675.1,1698.6,1710.7,1750.0,1783.2,861.9,753.8,AMR2,25,108.1,108.1,AMR2,0,0,0.0,0,0,0,0,0.0,0,0.0,64,63.4,44.7,0.0,T-0199,E-05-01,T-0065,E-02-02
O0048,D,941.4,1572.3,1595.8,1608.7,1644.6,1675.0,733.6,630.9,AMR2,25,99.1,99.1,AMR2,0,0,0.0,0,0,0,0,0.0,0,0.0,54,56.4,46.3,0.0,T-0196,D-05-01,T-0050,D-03-02
O0049,C,960.1,1702.0,1725.5,1737.1,1770.9,1799.4,839.3,741.9,AMR1,25,94.9,94.9,AMR1,0,0,0.0,0,0,0,1,1.0,0,0.0,52,53.8,42.6,1.0,T-0200,C-03-01,T-0034,C-01-04
O0050,I,984.7,1731.5,1755.0,1766.3,1801.1,1838.6,853.9,746.8,AMR3,25,93.4,93.4,AMR3,0,0,0.0,0,0,0,1,7.0,1,2.0,58,60.0,40.1,7.0,T-0201,I-02-02,T-0128,I-06-03
O0051,H,1005.7,1637.0,1660.5,1673.7,1706.9,1731.4,725.7,631.3,AMR3,25,92.5,92.5,AMR3,0,0,0.0,0,0,0,0,0.0,0,0.0,52,54.7,39.7,0.0,T-0198,H-04-02,T-0109,H-05-05
O0052,F,1021.8,1877.9,1901.4,1914.9,1956.8,1987.1,965.3,856.1,AMR2,25,107.2,107.2,AMR2,0,0,0.0,0,0,0,0,0.0,0,0.0,70,69.1,40.1,0.0,T-0205,F-02-02,T-0081,F-03-04
O0053,D,1039.2,1783.3,1806.8,1817.7,1849.5,1877.8,838.6,744.1,AMR2,25,87.8,87.8,AMR2,0,0,0.0,0,0,0,0,0.0,0,0.0,58,59.5,35.0,0.0,T-0202,D-01-02,T-0051,D-06-04
O0054,B,1063.6,1799.5,1831.0,1845.5,1877.6,1906.3,842.7,735.9,AMR1,25,99.4,99.4,AMR1,0,0,0.0,0,0,0,0,0.0,1,3.0,54,55.4,43.4,8.0,T-0203,B-01-03,T-0024,B-06-04
O0055,B,1083.5,1930.5,1954.0,1970.3,2005.5,2034.1,950.6,847.0,AMR3,25,102.1,102.1,AMR3,0,0,0.0,0,0,0,0,0.0,0,0.0,56,57.5,46.1,0.0,T-0207,B-02-03,T-0025,B-05-02
O0056,C,1106.2,1838.7,1862.2,1872.7,1902.9,1930.4,824.2,732.5,AMR3,25,91.8,91.8,AMR3,0,0,0.0,0,0,0,0,0.0,0,0.0,50,52.2,39.5,0.0,T-0204,C-06-01,T-0035,C-06-05
O0057,I,1125.9,1987.2,2010.7,2022.6,2060.4,2087.1,961.2,861.3,AMR2,25,95.3,95.3,AMR2,0,0,0.0,0,0,0,0,0.0,0,0.0,56,57.9,42.0,0.0,T-0208,I-05-02,T-0130,I-04-05
O0058,J,1143.6,2008.3,2034.8,2049.1,2087.6,2118.9,975.3,864.7,AMR1,25,104.0,104.0,AMR1,0,0,0.0,0,0,0,0,0.0,0,0.0,68,67.5,40.1,3.0,T-0209,J-03-01,T-0140,J-05-02
O0059,I,1168.2,1906.4,1929.9,1941.6,1975.4,2008.2,840.0,738.2,AMR1,25,91.6,91.6,AMR1,0,0,0.0,0,0,0,1,4.0,0,0.0,58,59.5,38.3,4.0,T-0206,I-03-02,T-0129,I-06-05
O0060,E,1190.1,2034.2,2058.7,2071.2,2115.0,2149.2,959.1,844.1,AMR3,25,110.3,110.3,AMR3,0,0,0.0,0,0,0,0,0.0,0,0.0,68,67.1,46.9,1.0,T-0210,E-02-02,T-0066,E-04-03
O0061,F,1215.0,2187.8,2211.3,2225.7,2265.9,2297.8,1082.8,972.8,AMR2,25,111.7,111.7,AMR2,0,0,0.0,0,0,0,0,0.0,0,0.0,66,65.4,44.6,0.0,T-0214,F-03-02,T-0082,F-06-03
O0062,H,1239.0,2087.2,2110.7,2122.8,2160.8,2187.7,948.7,848.2,AMR2,25,97.0,97.0,AMR2,0,0,0.0,0,0,0,0,0.0,0,0.0,54,56.3,44.2,0.0,T-0211,H-05-02,T-0110,H-03-01
O0063,B,1256.5,2149.3,2172.8,2186.1,2219.6,2249.8,993.3,892.8,AMR3,25,101.1,101.1,AMR3,0,0,0.0,0,0,0,0,0.0,0,0.0,54,55.4,45.1,0.0,T-0213,B-05-02,T-0026,B-06-02
O0064,I,1271.7,2119.0,2142.5,2158.5,2193.5,2222.3,950.6,847.3,AMR1,25,95.5,95.5,AMR1,0,0,0.0,0,0,0,0,0.0,0,0.0,60,61.1,42.2,0.0,T-0212,I-06-02,T-0131,I-04-02
O0065,A,1292.6,2404.4,2427.9,2442.0,2481.2,2517.4,1224.8,1111.8,AMR2,25,109.3,109.3,AMR2,0,0,0.0,0,0,0,0,0.0,0,0.0,72,70.3,42.7,0.0,T-0220,A-06-01,T-0007,A-01-03
O0066,A,1314.7,2297.9,2321.4,2333.4,2372.3,2404.3,1089.6,983.2,AMR2,25,108.0,108.0,AMR2,0,0,0.0,0,0,0,0,0.0,0,0.0,66,65.0,41.4,0.0,T-0217,A-04-01,T-0006,A-06-01
O0067,A,1330.4,2561.0,2589.5,2605.8,2645.6,2683.0,1352.6,1230.6,AMR3,25,113.3,113.3,AMR3,0,0,0.0,0,0,0,0,0.0,0,0.0,72,70.3,46.7,5.0,T-0225,A-05-02,T-0008,A-02-02
O0068,D,1346.1,2315.4,2345.9,2359.0,2391.2,2423.7,1077.6,969.3,AMR1,25,96.3,96.3,AMR1,0,0,0.0,0,0,0,1,4.0,1,2.0,52,53.8,43.5,11.0,T-0218,D-02-02,T-0053,D-02-01
O0069,D,1367.8,2222.4,2245.9,2257.9,2287.7,2315.3,947.5,854.6,AMR1,25,91.9,91.9,AMR1,0,0,0.0,0,0,0,0,0.0,0,0.0,52,53.8,39.1,0.0,T-0215,D-03-02,T-0052,D-02-02
O0070,J,1384.1,2350.2,2373.7,2386.4,2428.2,2458.6,1074.5,966.1,AMR3,25,105.4,105.4,AMR3,0,0,0.0,0,0,0,1,1.0,0,0.0,66,65.9,41.5,1.0,T-0219,J-01-02,T-0141,J-03-02
O0071,H,1403.8,2249.9,2273.4,2289.7,2324.1,2350.1,946.3,846.1,AMR3,25,96.7,96.7,AMR3,0,0,0.0,0,0,0,0,0.0,0,0.0,54,56.3,43.9,0.0,T-0216,H-03-01,T-0111,H-03-02
O0072,B,1420.7,2423.8,2452.3,2466.2,2500.2,2537.6,1116.9,1003.1,AMR1,25,98.7,98.7,AMR1,0,0,0.0,0,0,0,1,7.0,1,2.0,58,59.1,42.7,12.0,T-0221,B-06-02,T-0027,B-03-01
O0073,G,1440.0,2537.7,2565.2,2578.0,2616.4,2646.8,1206.8,1097.7,AMR1,25,100.5,100.5,AMR1,0,0,0.0,0,0,0,0,0.0,0,0.0,60,61.1,44.0,4.0,T-0224,G-03-02,T-0094,G-02-02
O0074,A,1459.7,2918.8,2942.3,2957.5,3001.6,3035.2,1575.5,1459.1,AMR2,25,115.9,115.9,AMR2,0,0,0.0,0,0,0,0,0.0,0,0.0,68,67.1,49.3,0.0,T-0235,A-02-02,T-0009,A-04-02
O0075,F,1475.3,2806.6,2830.1,2840.6,2885.2,2918.7,1443.4,1331.3,AMR2,25,113.8,113.8,AMR2,0,0,0.0,0,0,0,0,0.0,0,0.0,66,65.4,46.7,0.0,T-0232,F-05-02,T-0083,F-06-04
O0076,D,1492.8,2458.7,2482.2,2497.6,2531.9,2560.9,1068.1,965.9,AMR3,25,97.5,97.5,AMR3,0,0,0.0,0,0,0,0,0.0,0,0.0,56,57.5,44.7,0.0,T-0222,D-02-01,T-0054,D-05-04
O0077,G,1512.3,2749.8,2773.3,2785.2,2823.2,2851.7,1339.4,1237.5,AMR1,25,97.3,97.3,AMR1,0,0,0.0,0,0,0,0,0.0,0,0.0,60,61.1,40.8,0.0,T-0230,G-02-02,T-0095,G-02-04
O0078,D,1530.1,2616.8,2640.3,2652.6,2682.7,2709.2,1179.1,1086.7,AMR2,25,90.9,90.9,AMR2,0,0,0.0,0,0,0,0,0.0,0,0.0,52,54.3,38.1,0.0,T-0226,D-04-02,T-0055,D-02-03
O0079,I,1549.5,2517.5,2541.0,2553.4,2586.2,2616.7,1067.2,968.0,AMR2,25,94.6,94.6,AMR2,0,0,0.0,0,0,0,0,0.0,0,0.0,56,57.9,41.3,0.0,T-0223,I-04-02,T-0132,I-04-04
O0080,I,1565.0,2646.9,2670.4,2684.3,2716.6,2749.7,1184.7,1081.9,AMR1,25,96.8,96.8,AMR1,0,0,0.0,0,0,0,0,0.0,0,0.0,56,59.3,43.5,0.0,T-0227,I-02-03,T-0133,I-02-05
O0081,D,1589.7,2683.1,2706.6,2722.0,2752.0,2779.5,1189.8,1093.4,AMR3,25,91.2,91.2,AMR3,0,0,0.0,0,0,0,0,0.0,0,0.0,56,58.0,38.4,0.0,T-0228,D-01-03,T-0056,D-04-04
O0082,H,1608.8,2709.3,2732.8,2745.8,2782.5,2806.5,1197.7,1100.5,AMR2,25,95.8,95.8,AMR2,0,0,0.0,0,0,0,0,0.0,0,0.0,52,54.2,43.0,0.0,T-0229,H-03-02,T-0112,H-02-05
O0083,A,1632.4,3168.2,3191.7,3204.8,3244.9,3282.6,1650.2,1535.8,AMR1,25,112.3,112.3,AMR1,0,0,0.0,0,0,0,0,0.0,0,0.0,70,68.7,45.7,0.0,T-0242,A-01-01,T-0011,A-03-05
O0084,G,1651.2,2851.8,2875.3,2890.7,2930.2,2956.9,1305.7,1200.6,AMR1,25,103.7,103.7,AMR1,0,0,0.0,0,0,0,0,0.0,0,0.0,56,57.9,47.2,0.0,T-0233,G-04-02,T-0096,G-05-04
O0085,H,1675.5,2874.3,2898.8,2911.8,2947.2,2971.8,1296.3,1198.8,AMR3,25,95.1,95.1,AMR3,0,0,0.0,0,0,0,0,0.0,0,0.0,52,54.2,42.3,1.0,T-0234,H-06-02,T-0113,H-01-01
O0086,I,1694.7,2779.6,2803.1,2814.0,2851.4,2874.2,1179.5,1084.9,AMR3,25,93.7,93.7,AMR3,0,0,0.0,0,0,0,0,0.0,0,0.0,52,54.2,40.4,0.0,T-0231,I-03-03,T-0134,I-01-03
O0087,C,1716.9,2957.0,2980.5,2993.5,3030.1,3059.5,1342.6,1240.1,AMR1,25,99.8,99.8,AMR1,0,0,0.0,0,0,0,0,0.0,0,0.0,54,55.0,47.5,0.0,T-0236,C-01-02,T-0036,C-03-02
O0088,A,1734.8,3059.6,3083.1,3094.0,3134.8,3168.1,1433.3,1324.8,AMR1,25,104.8,104.8,AMR1,0,0,0.0,0,0,0,0,0.0,0,0.0,72,70.3,38.2,0.0,T-0239,A-04-02,T-0010,A-01-01
O0089,A,1757.3,3282.7,3306.2,3318.6,3357.6,3391.8,1634.5,1525.4,AMR1,25,105.4,105.4,AMR1,0,0,0.0,0,0,0,0,0.0,0,0.0,72,70.3,38.8,0.0,T-0245,A-06-02,T-0012,A-02-05
O0090,I,1778.2,3133.2,3156.7,3171.8,3208.1,3235.9,1457.7,1355.0,AMR2,25,101.7,101.7,AMR2,0,0,0.0,0,0,0,0,0.0,0,0.0,52,54.3,48.4,0.0,T-0241,I-04-03,T-0154,I-01-01
O0091,I,1794.7,2971.9,3004.4,3018.6,3051.6,3080.8,1286.1,1177.2,AMR3,25,96.9,96.9,AMR3,0,0,0.0,0,0,0,0,0.0,1,4.0,54,56.3,43.6,9.0,T-0237,I-01-03,T-0135,I-03-05
O0092,B,1818.3,3035.3,3058.8,3071.5,3105.5,3133.1,1314.8,1217.0,AMR2,25,98.4,98.4,AMR2,0,0,0.0,0,0,0,0,0.0,0,0.0,54,55.4,42.4,0.0,T-0238,B-03-01,T-0028,B-06-05
O0093,D,1833.9,3080.9,3107.4,3120.1,3155.2,3192.5,1358.6,1247.0,AMR3,25,98.9,98.9,AMR3,0,0,0.0,0,0,0,1,5.0,0,0.0,56,57.5,46.1,8.0,T-0240,D-02-03,T-0057,D-05-02
O0094,J,1850.1,3295.9,3330.4,3344.0,3384.6,3417.6,1567.5,1445.8,AMR3,25,107.1,107.1,AMR3,0,0,0.0,0,0,0,0,0.0,1,6.0,68,67.5,43.2,11.0,T-0246,J-02-02,T-0142,J-05-01
O0095,A,1870.9,3440.1,3465.6,3480.1,3516.8,3552.5,1681.6,1569.2,AMR2,25,108.3,108.3,AMR2,0,0,0.0,0,0,0,0,0.0,0,0.0,70,68.7,41.7,2.0,T-0250,A-01-03,T-0013,A-03-04
O0096,J,1890.1,3391.9,3415.4,3428.9,3468.4,3501.3,1611.2,1501.8,AMR1,25,104.2,104.2,AMR1,0,0,0.0,0,0,0,0,0.0,0,0.0,70,69.1,40.3,0.0,T-0248,J-05-01,T-0143,J-06-04
O0097,E,1910.3,3236.0,3259.5,3273.6,3309.0,3341.2,1430.9,1325.7,AMR2,25,103.1,103.1,AMR2,0,0,0.0,0,0,0,0,0.0,0,0.0,66,65.5,39.7,0.0,T-0244,E-05-02,T-0067,E-03-03
O0098,F,1932.0,3552.6,3576.1,3587.1,3629.1,3662.5,1730.5,1620.6,AMR2,25,109.5,109.5,AMR2,0,0,0.0,0,0,0,0,0.0,0,0.0,68,67.5,42.4,0.0,T-0253,F-02-03,T-0084,F-04-02
O0099,C,1949.7,3192.6,3216.1,3229.2,3256.0,3295.8,1346.1,1242.9,AMR3,25,87.2,87.2,AMR3,0,0,0.0,0,0,0,1,14.0,1,9.0,52,54.3,34.9,14.0,T-0243,C-02-02,T-0037,C-05-02
O0100,H,1971.2,3417.7,3441.2,3457.4,3491.6,3517.6,1546.4,1446.5,AMR3,25,98.5,98.5,AMR3,0,0,0.0,0,0,0,0,0.0,0,0.0,52,54.2,45.7,0.0,T-0249,H-01-01,T-0114,H-02-03
O0101,B,1995.4,3341.3,3364.8,3377.7,3412.3,3440.0,1444.6,1345.9,AMR2,25,95.6,95.6,AMR2,0,0,0.0,0,0,0,0,0.0,0,0.0,58,59.1,39.6,0.0,T-0247,B-03-03,T-0029,B-03-05
O0102,J,2015.0,3592.3,3615.8,3629.8,3671.9,3702.9,1687.9,1577.3,AMR1,25,107.0,107.0,AMR1,0,0,0.0,0,0,0,0,0.0,0,0.0,68,67.5,43.1,0.0,T-0254,J-03-02,T-0144,J-04-04
O0103,D,2030.8,3517.7,3549.2,3562.6,3596.1,3630.1,1599.3,1486.9,AMR3,25,97.6,97.6,AMR3,0,0,0.0,0,0,0,0,0.0,1,3.0,58,59.6,44.8,8.0,T-0252,D-05-02,T-0058,D-06-02
O0104,F,2048.4,3834.0,3857.5,3870.2,3912.0,3946.6,1898.2,1785.6,AMR3,25,112.2,112.2,AMR3,0,0,0.0,0,0,0,0,0.0,0,0.0,68,67.5,45.1,0.0,T-0261,F-06-02,T-0086,F-04-05
O0105,F,2072.2,3703.0,3726.5,3737.6,3775.9,3806.5,1734.3,1630.8,AMR1,25,105.2,105.2,AMR1,0,0,0.0,0,0,0,0,0.0,0,0.0,66,65.4,38.1,0.0,T-0257,F-04-02,T-0085,F-06-02
O0106,I,2088.8,3662.6,3686.1,3698.9,3737.8,3766.9,1678.1,1573.8,AMR2,25,99.7,99.7,AMR2,0,0,0.0,0,0,0,0,0.0,0,0.0,56,57.9,46.4,0.0,T-0256,I-02-01,T-0160,I-04-01
O0107,I,2106.8,3767.0,3790.5,3805.3,3841.9,3870.2,1763.4,1660.2,AMR2,25,96.8,96.8,AMR2,0,0,0.0,0,0,0,0,0.0,0,0.0,56,59.7,43.5,0.0,T-0259,I-04-01,T-0173,I-03-01
O0108,I,2128.5,3501.4,3524.9,3536.0,3569.6,3592.2,1463.7,1372.9,AMR1,25,89.9,89.9,AMR1,0,0,0.0,0,0,0,0,0.0,0,0.0,52,54.2,36.6,0.0,T-0251,I-01-01,T-0157,I-02-01
O0109,B,2152.8,3724.9,3750.4,3765.5,3801.2,3833.9,1681.1,1572.1,AMR3,25,102.3,102.3,AMR3,0,0,0.0,0,0,0,0,0.0,0,0.0,60,60.7,46.3,2.0,T-0258,B-06-01,T-0151,B-01-01
O0110,B,2170.4,3630.2,3653.7,3664.5,3698.0,3724.8,1554.4,1459.8,AMR3,25,95.2,95.2,AMR3,0,0,0.0,0,0,0,0,0.0,0,0.0,54,55.4,39.2,0.0,T-0255,B-04-03,T-0030,B-06-01
O0111,E,2191.0,4260.9,4284.4,4300.5,4339.9,4374.0,2183.0,2069.9,AMR3,25,112.1,112.1,AMR3,0,0,0.0,0,0,0,0,0.0,0,0.0,64,64.4,48.7,0.0,T-0273,E-06-02,T-0070,E-02-04
O0112,F,2212.0,4135.2,4170.7,4181.8,4224.0,4260.8,2048.8,1923.2,AMR3,25,110.0,110.0,AMR3,0,0,0.0,0,0,0,0,0.0,1,7.0,72,70.7,42.9,12.0,T-0270,F-03-03,T-0087,F-01-02
O0113,E,2233.9,3806.6,3830.1,3844.0,3879.7,3912.9,1679.0,1572.7,AMR1,25,102.6,102.6,AMR1,0,0,0.0,0,0,0,0,0.0,0,0.0,68,67.1,39.2,0.0,T-0260,E-01-03,T-0068,E-04-04
O0114,A,2253.8,4304.3,4332.8,4347.5,4389.4,4428.0,2174.2,2050.5,AMR1,25,115.0,115.0,AMR1,0,0,0.0,0,0,0,0,0.0,0,0.0,72,70.3,48.4,5.0,T-0275,A-02-03,T-0014,A-01-04
O0115,E,2275.1,3961.6,3994.1,4005.8,4044.2,4079.1,1804.0,1686.5,AMR2,25,103.2,103.2,AMR2,0,0,0.0,0,0,0,0,0.0,1,4.0,70,68.7,39.8,9.0,T-0265,E-02-03,T-0069,E-06-02
O0116,C,2290.2,3870.3,3893.8,3904.3,3933.9,3961.5,1671.3,1580.1,AMR2,25,89.7,89.7,AMR2,0,0,0.0,0,0,0,0,0.0,0,0.0,52,53.8,37.4,0.0,T-0262,C-03-02,T-0038,C-02-05
O0117,C,2315.0,3946.7,3970.2,3982.9,4015.5,4043.6,1728.6,1631.7,AMR3,25,94.2,94.2,AMR3,0,0,0.0,0,0,0,0,0.0,0,0.0,54,55.0,41.9,0.0,T-0264,C-05-02,T-0039,C-03-04
O0118,G,2334.4,4017.8,4041.3,4051.8,4091.5,4123.1,1788.7,1683.4,AMR1,25,100.7,100.7,AMR1,0,0,0.0,0,0,0,0,0.0,0,0.0,60,61.1,44.2,0.0,T-0266,G-05-02,T-0097,G-02-01
O0119,B,2349.5,3913.0,3936.5,3948.7,3986.1,4017.7,1668.2,1563.5,AMR1,25,100.0,100.0,AMR1,0,0,0.0,0,0,0,0,0.0,0,0.0,60,60.7,44.0,0.0,T-0263,B-01-01,T-0153,B-02-01
O0120,I,2373.5,4079.2,4102.7,4117.7,4150.4,4179.1,1805.6,1705.7,AMR2,25,94.8,94.8,AMR2,0,0,0.0,0,0,0,0,0.0,0,0.0,56,58.4,41.5,0.0,T-0268,I-03-01,T-0177,I-05-01
O0121,J,2396.9,4389.6,4422.1,4433.4,4471.6,4506.8,2109.9,1992.7,AMR2,25,104.6,104.6,AMR2,0,0,0.0,0,0,0,0,0.0,1,4.0,68,67.5,40.7,9.0,T-0277,J-04-02,T-0145,J-05-04
O0122,C,2413.3,4043.7,4067.2,4081.7,4109.9,4135.1,1721.8,1630.4,AMR3,25,89.4,89.4,AMR3,0,0,0.0,0,0,0,0,0.0,0,0.0,52,54.3,37.1,0.0,T-0267,C-02-03,T-0040,C-04-02
O0123,A,2431.4,4842.7,4869.2,4882.8,4927.1,4965.2,2533.8,2411.3,AMR1,25,115.8,115.8,AMR1,0,0,0.0,0,0,0,0,0.0,0,0.0,72,70.3,49.2,3.0,T-0290,A-03-03,T-0015,A-01-05
O0124,D,2448.5,4374.1,4397.6,4413.7,4450.1,4480.2,2031.7,1925.6,AMR3,25,103.0,103.0,AMR3,0,0,0.0,0,0,0,0,0.0,0,0.0,54,55.9,50.2,0.0,T-0276,D-04-03,T-0060,D-03-03
O0125,I,2464.6,4179.2,4202.7,4216.3,4256.7,4283.8,1819.2,1714.6,AMR2,25,98.3,98.3,AMR2,0,0,0.0,0,0,0,0,0.0,0,0.0,58,59.6,45.0,0.0,T-0271,I-05-01,T-0181,I-06-01
O0126,C,2489.3,4212.1,4235.6,4249.1,4280.4,4304.2,1814.9,1722.8,AMR1,25,92.2,92.2,AMR1,0,0,0.0,0,0,0,0,0.0,0,0.0,50,52.2,39.9,0.0,T-0272,C-02-01,T-0042,C-06-02
O0127,C,2512.9,4123.2,4146.7,4159.7,4187.1,4212.0,1699.1,1610.3,AMR1,25,87.3,87.3,AMR1,0,0,0.0,0,0,0,0,0.0,0,0.0,52,53.8,35.0,0.0,T-0269,C-04-02,T-0041,C-02-01
O0128,F,2528.2,4706.2,4729.7,4744.9,4786.8,4821.1,2292.9,2178.0,AMR2,25,111.3,111.3,AMR2,0,0,0.0,0,0,0,0,0.0,0,0.0,72,70.7,44.2,0.0,T-0286,F-01-02,T-0088,F-01-03
O0129,D,2551.2,4283.9,4308.4,4319.9,4353.5,4389.5,1838.3,1732.7,AMR2,25,90.3,90.3,AMR2,0,0,0.0,0,0,0,1,8.0,1,3.0,58,59.1,37.5,9.0,T-0274,D-06-02,T-0059,D-06-05
O0130,B,2567.8,4506.9,4530.4,4544.1,4580.4,4608.1,2040.3,1939.1,AMR2,25,99.7,99.7,AMR2,0,0,0.0,0,0,0,0,0.0,0,0.0,56,57.5,43.7,0.0,T-0280,B-02-01,T-0159,B-04-01
O0131,H,2591.5,4428.1,4451.6,4464.3,4498.6,4522.8,1931.3,1836.6,AMR1,25,93.3,93.3,AMR1,0,0,0.0,0,0,0,0,0.0,0,0.0,52,54.2,40.5,0.0,T-0278,H-01-03,T-0115,H-01-05
O0132,H,2608.5,4574.6,4598.1,4610.2,4646.1,4673.4,2064.9,1966.1,AMR3,25,99.0,99.0,AMR3,0,0,0.0,0,0,0,0,0.0,0,0.0,50,52.6,46.2,0.0,T-0282,H-02-03,T-0116,H-06-01
O0133,D,2626.6,4480.3,4503.8,4519.1,4548.1,4574.5,1947.9,1853.7,AMR3,25,93.2,93.2,AMR3,0,0,0.0,0,0,0,0,0.0,0,0.0,52,53.8,40.4,0.0,T-0279,D-03-03,T-0152,D-01-01
O0134,D,2641.8,4673.5,4697.0,4713.3,4748.8,4777.4,2135.6,2031.7,AMR3,25,100.8,100.8,AMR3,0,0,0.0,0,0,0,0,0.0,0,0.0,54,55.9,48.0,0.0,T-0285,D-01-01,T-0155,D-03-01
O0135,B,2660.1,4608.2,4631.7,4644.1,4677.7,4706.1,2046.0,1948.1,AMR2,25,96.4,96.4,AMR2,0,0,0.0,0,0,0,0,0.0,0,0.0,56,57.5,40.4,0.0,T-0283,B-04-01,T-0166,B-05-01
O0136,I,2678.6,4627.3,4655.8,4669.4,4704.2,4732.5,2053.9,1948.7,AMR1,25,99.3,99.3,AMR1,0,0,0.0,0,0,0,0,0.0,0,0.0,52,54.2,46.0,5.0,T-0284,I-01-02,T-0201,I-02-02
O0137,I,2700.4,4522.9,4554.4,4565.6,4602.7,4627.2,1926.8,1822.5,AMR1,25,95.4,95.4,AMR1,0,0,0.0,0,0,0,0,0.0,1,3.0,52,54.2,42.1,8.0,T-0281,I-06-01,T-0191,I-01-02
O0138,B,2724.8,4732.6,4756.1,4767.0,4802.7,4842.6,2117.8,2007.8,AMR1,25,97.3,97.3,AMR1,0,0,0.0,0,0,0,1,8.0,1,3.0,60,60.7,41.3,8.0,T-0287,B-05-01,T-0168,B-01-02
O0139,E,2741.6,5069.6,5093.1,5108.8,5146.4,5181.1,2439.5,2328.0,AMR1,25,110.5,110.5,AMR1,0,0,0.0,0,0,0,0,0.0,0,0.0,64,64.4,47.1,0.0,T-0296,E-03-03,T-0071,E-02-01
O0140,G,2757.7,4919.2,4942.7,4958.1,4993.7,5017.5,2259.8,2161.5,AMR2,25,99.0,99.0,AMR2,0,0,0.0,0,0,0,0,0.0,0,0.0,54,55.8,42.5,0.0,T-0292,G-06-02,T-0099,G-06-04
O0141,F,2779.9,4965.3,4988.8,5002.3,5039.6,5069.5,2289.6,2185.4,AMR1,25,103.8,103.8,AMR1,0,0,0.0,0,0,0,0,0.0,0,0.0,68,67.5,36.7,0.0,T-0293,F-01-03,T-0089,F-04-01
O0142,I,2801.0,4878.9,4902.4,4914.9,4953.1,4979.6,2178.6,2077.9,AMR3,25,97.7,97.7,AMR3,0,0,0.0,0,0,0,0,0.0,0,0.0,54,56.3,44.4,0.0,T-0291,I-02-02,T-0206,I-03-02
O0143,J,2819.9,5126.0,5149.5,5165.0,5204.6,5236.2,2416.3,2306.1,AMR2,25,107.2,107.2,AMR2,0,0,0.0,0,0,0,1,1.0,0,0.0,66,65.9,43.3,1.0,T-0298,J-05-02,T-0146,J-03-05
O0144,G,2837.4,4777.5,4801.0,4813.3,4849.2,4878.8,2041.4,1940.1,AMR3,25,96.7,96.7,AMR3,0,0,0.0,0,0,0,0,0.0,0,0.0,60,61.1,40.2,0.0,T-0288,G-02-01,T-0098,G-02-03
O0145,I,2857.6,5017.6,5041.1,5056.8,5097.7,5125.9,2268.3,2160.0,AMR2,25,103.2,103.2,AMR2,0,0,0.0,0,0,0,0,0.0,0,0.0,56,58.4,49.9,0.0,T-0295,I-03-02,T-0208,I-05-02
O0146,D,2879.8,4821.2,4844.7,4855.4,4887.8,4919.1,2039.3,1941.4,AMR2,25,92.8,92.8,AMR2,0,0,0.0,0,0,0,0,0.0,0,0.0,56,57.9,40.0,0.0,T-0289,D-03-01,T-0171,D-04-01
O0147,F,2899.1,5514.1,5542.6,5557.4,5596.9,5632.3,2733.2,2615.0,AMR3,25,109.6,109.6,AMR3,0,0,0.0,0,0,0,0,0.0,0,0.0,72,70.7,42.5,5.0,T-0309,F-04-03,T-0161,F-02-01
O0148,B,2917.3,4979.7,5013.2,5026.1,5061.1,5090.9,2173.6,2062.4,AMR3,25,96.5,96.5,AMR3,0,0,0.0,0,0,0,0,0.0,1,5.0,60,60.7,40.5,10.0,T-0294,B-01-02,T-0175,B-02-02
O0149,I,2941.3,5181.2,5204.7,5217.4,5255.3,5283.7,2342.4,2239.9,AMR1,25,96.3,96.3,AMR1,0,0,0.0,0,0,0,0,0.0,0,0.0,58,59.5,43.0,0.0,T-0299,I-05-02,T-0212,I-06-02
O0150,F,2962.9,5388.7,5412.2,5423.1,5465.2,5495.5,2532.6,2425.8,AMR1,25,104.8,104.8,AMR1,0,0,0.0,0,0,0,0,0.0,0,0.0,70,69.1,37.7,0.0,T-0305,F-04-01,T-0090,F-03-05
O0151,I,2984.9,5283.8,5307.3,5329.7,5361.3,5388.6,2403.7,2298.9,AMR1,25,100.2,100.2,AMR1,0,0,0.0,0,0,0,0,0.0,0,0.0,56,57.9,46.9,0.0,T-0302,I-06-02,T-0223,I-04-02
O0152,G,3001.8,5445.5,5469.0,5482.4,5521.3,5550.3,2548.5,2443.7,AMR2,25,103.4,103.4,AMR2,0,0,0.0,0,0,0,0,0.0,0,0.0,56,57.9,46.9,0.0,T-0307,G-02-03,T-0101,G-04-03
O0153,C,3024.3,5091.0,5117.5,5130.9,5166.0,5197.6,2173.3,2066.7,AMR3,25,100.1,100.1,AMR3,0,0,0.0,0,0,0,1,2.0,0,0.0,52,53.8,47.8,5.0,T-0297,C-06-02,T-0043,C-01-03
O0154,G,3045.0,5339.6,5363.1,5378.1,5417.4,5445.4,2400.4,2294.6,AMR2,25,101.2,101.2,AMR2,0,0,0.0,0,0,0,0,0.0,0,0.0,60,61.1,44.7,0.0,T-0304,G-01-03,T-0100,G-02-05
O0155,E,3068.3,5236.3,5259.8,5270.2,5302.8,5339.5,2271.2,2168.0,AMR2,25,101.1,101.1,AMR2,0,0,0.0,0,0,0,0,0.0,0,0.0,66,65.5,37.7,0.0,T-0301,E-02-01,T-0072,E-03-02
O0156,J,3085.4,5732.2,5755.7,5768.9,5812.4,5842.1,2756.7,2646.8,AMR3,25,106.3,106.3,AMR3,0,0,0.0,0,0,0,0,0.0,0,0.0,68,67.5,42.4,0.0,T-0315,J-02-03,T-0147,J-04-05
O0157,H,3107.0,5303.4,5330.9,5341.8,5377.4,5406.0,2299.0,2196.4,AMR3,25,95.7,95.7,AMR3,0,0,0.0,0,0,0,1,1.0,0,0.0,52,54.7,42.9,5.0,T-0303,H-06-01,T-0117,H-05-03
O0158,D,3126.4,5197.7,5228.2,5240.8,5274.4,5303.3,2176.9,2071.3,AMR3,25,91.6,91.6,AMR3,0,0,0.0,0,0,0,0,0.0,1,2.0,60,59.8,38.8,7.0,T-0300,D-04-01,T-0176,D-06-01
O0159,C,3146.1,5495.6,5519.1,5530.7,5562.2,5593.1,2447.0,2349.5,AMR1,25,95.5,95.5,AMR1,0,0,0.0,0,0,0,0,0.0,0,0.0,52,54.3,43.2,0.0,T-0308,C-01-03,T-0044,C-05-04
O0160,I,3162.0,5406.1,5436.6,5451.5,5482.6,5514.0,2352.0,2244.1,AMR3,25,94.9,94.9,AMR3,0,0,0.0,0,0,0,1,5.0,1,2.0,52,54.3,41.6,12.0,T-0306,I-04-02,T-0227,I-02-03
O0161,F,3183.3,5995.2,6018.7,6035.0,6076.9,6107.7,2924.4,2811.9,AMR1,25,110.5,110.5,AMR1,0,0,0.0,0,0,0,0,0.0,0,0.0,70,69.1,43.4,0.0,T-0323,F-02-01,T-0165,F-03-01
O0162,D,3206.5,5550.4,5573.9,5588.5,5621.1,5651.5,2445.0,2343.9,AMR2,25,96.4,96.4,AMR2,0,0,0.0,0,0,0,0,0.0,0,0.0,56,57.5,43.6,0.0,T-0310,D-06-01,T-0196,D-05-01
O0163,D,3224.6,5632.4,5655.9,5669.1,5702.8,5732.1,2507.5,2407.8,AMR3,25,98.2,98.2,AMR3,0,0,0.0,0,0,0,0,0.0,0,0.0,52,54.3,45.4,0.0,T-0312,D-05-01,T-0202,D-01-02
O0164,D,3239.8,5795.5,5819.0,5833.9,5870.7,5900.1,2660.3,2555.7,AMR1,25,101.0,101.0,AMR1,0,0,0.0,0,0,0,0,0.0,0,0.0,54,56.4,48.2,0.0,T-0317,D-01-02,T-0215,D-03-02
O0165,B,3260.9,5693.0,5716.5,5729.9,5765.1,5795.4,2534.5,2432.1,AMR1,25,99.3,99.3,AMR1,0,0,0.0,0,0,0,0,0.0,0,0.0,58,59.1,43.3,0.0,T-0314,B-02-02,T-0187,B-03-02
O0166,J,3280.1,6162.2,6185.7,6198.0,6238.4,6271.0,2990.9,2882.1,AMR2,25,108.9,108.9,AMR2,0,0,0.0,0,0,0,0,0.0,0,0.0,64,63.8,45.0,0.0,T-0328,J-03-03,T-0148,J-01-03
O0167,G,3302.3,5593.2,5616.7,5627.7,5668.0,5692.9,2390.6,2290.9,AMR1,25,98.3,98.3,AMR1,0,0,0.0,0,0,0,0,0.0,0,0.0,56,57.9,41.8,0.0,T-0311,G-03-03,T-0102,G-05-05
O0168,C,3321.3,5651.6,5680.1,5692.6,5720.6,5751.1,2429.8,2330.3,AMR2,25,92.5,92.5,AMR2,0,0,0.0,0,0,0,0,0.0,0,0.0,52,54.3,40.2,5.0,T-0313,C-03-03,T-0045,C-04-03
O0169,B,3343.2,5860.4,5889.9,5901.4,5935.5,5965.6,2622.4,2517.2,AMR2,25,97.7,97.7,AMR2,0,0,0.0,0,0,0,0,0.0,1,1.0,56,57.5,41.7,6.0,T-0319,B-03-02,T-0192,B-04-02
O0170,I,3360.3,5751.2,5779.7,5793.9,5826.2,5860.3,2500.0,2390.9,AMR2,25,93.1,93.1,AMR2,0,0,0.0,0,0,0,1,8.0,1,3.0,54,56.3,39.8,13.0,T-0316,I-02-03,T-0231,I-03-03
O0171,D,3375.8,5900.2,5923.7,5935.6,5967.0,5995.1,2619.3,2524.4,AMR1,25,93.4,93.4,AMR1,0,0,0.0,0,0,0,0,0.0,0,0.0,52,54.3,40.6,0.0,T-0320,D-03-02,T-0218,D-02-02
O0172,H,3395.4,5842.2,5865.7,5882.1,5911.4,5939.7,2544.3,2446.8,AMR3,25,96.1,96.1,AMR3,0,0,0.0,0,0,0,0,0.0,0,0.0,52,54.2,43.3,0.0,T-0318,H-03-03,T-0118,H-01-02
O0173,I,3415.7,5965.7,5989.2,6002.0,6037.6,6066.2,2650.5,2550.0,AMR2,25,99.1,99.1,AMR2,0,0,0.0,0,0,0,0,0.0,0,0.0,52,54.7,45.8,0.0,T-0322,I-03-03,T-0237,I-01-03
O0174,H,3433.9,6034.7,6058.2,6070.9,6108.5,6135.1,2701.2,2600.8,AMR3,25,96.9,96.9,AMR3,0,0,0.0,0,0,0,0,0.0,0,0.0,54,56.3,44.1,0.0,T-0324,H-02-01,T-0120,H-03-05
O0175,I,3457.0,6107.8,6131.3,6145.7,6182.3,6210.4,2753.4,2650.8,AMR1,25,98.0,98.0,AMR1,0,0,0.0,0,0,0,0,0.0,0,0.0,56,57.9,44.7,0.0,T-0326,I-01-03,T-0241,I-04-03
O0176,I,3480.3,6210.5,6234.0,6244.8,6279.1,6310.9,2830.6,2730.2,AMR1,25,95.0,95.0,AMR1,0,0,0.0,0,0,0,1,1.5,0,0.0,54,57.2,41.7,1.5,T-0329,I-04-03,T-0251,I-01-01
O0177,H,3504.3,5939.8,5963.3,5975.9,6008.6,6034.6,2530.3,2435.5,AMR3,25,93.4,93.4,AMR3,0,0,0.0,0,0,0,0,0.0,0,0.0,52,54.2,40.6,0.0,T-0321,H-01-02,T-0119,H-02-01
O0178,D,3521.9,6066.3,6089.8,6102.8,6134.0,6162.1,2640.2,2544.4,AMR2,25,94.8,94.8,AMR2,0,0,0.0,0,0,0,0,0.0,0,0.0,52,53.8,42.0,0.0,T-0325,D-02-02,T-0222,D-02-01
O0179,I,3539.7,6311.0,6334.5,6349.3,6382.8,6411.9,2872.2,2771.3,AMR1,25,97.5,97.5,AMR1,0,0,0.0,0,0,0,1,2.5,0,0.0,52,54.2,44.2,2.5,T-0332,I-01-01,T-0256,I-02-01
O0180,E,3560.9,6227.2,6257.7,6268.4,6304.9,6339.0,2778.1,2666.3,AMR3,25,99.5,99.5,AMR3,0,0,0.0,0,0,0,0,0.0,1,2.0,70,68.7,36.1,7.0,T-0330,E-03-02,T-0073,E-06-01
O0181,E,3576.7,6473.6,6497.1,6511.0,6547.6,6580.4,3003.7,2896.9,AMR2,25,106.8,106.8,AMR2,0,0,0.0,0,0,0,0,0.0,0,0.0,64,63.4,43.4,0.0,T-0337,E-06-01,T-0074,E-01-01
O0182,F,3594.4,6635.5,6659.0,6672.1,6713.0,6748.1,3153.7,3041.1,AMR3,25,109.0,109.0,AMR3,0,0,0.0,0,0,0,0,0.0,0,0.0,72,70.7,41.9,0.0,T-0342,F-03-01,T-0172,F-01-01
O0183,C,3610.2,6135.2,6158.7,6171.6,6200.1,6227.1,2616.9,2525.0,AMR3,25,90.4,90.4,AMR3,0,0,0.0,0,0,0,0,0.0,0,0.0,52,53.8,38.1,0.0,T-0327,C-04-03,T-0185,C-01-01
O0184,C,3629.1,6271.1,6294.6,6309.9,6344.1,6372.3,2743.2,2642.0,AMR2,25,99.2,99.2,AMR2,0,0,0.0,0,0,0,0,0.0,0,0.0,52,54.3,46.9,0.0,T-0331,C-01-01,T-0188,C-04-01
O0185,G,3646.2,6372.4,6395.9,6411.6,6443.3,6473.5,2827.3,2726.2,AMR2,25,99.7,99.7,AMR2,0,0,0.0,0,0,0,0,0.0,0,0.0,56,57.9,43.2,0.0,T-0334,G-04-03,T-0103,G-05-01
O0186,H,3664.5,6339.1,6362.6,6375.7,6410.1,6437.1,2772.6,2674.6,AMR3,25,96.1,96.1,AMR3,0,0,0.0,0,0,0,0,0.0,0,0.0,52,54.7,43.3,0.0,T-0333,H-04-03,T-0167,H-04-01
O0187,G,3680.1,6611.1,6634.6,6650.3,6690.6,6717.6,3037.5,2931.0,AMR1,25,101.9,101.9,AMR1,0,0,0.0,0,0,0,0,0.0,0,0.0,60,61.1,45.4,0.0,T-0341,G-06-01,T-0105,G-01-01
O0188,J,3704.2,6852.8,6876.3,6890.1,6926.9,6960.1,3255.9,3148.6,AMR3,25,107.4,107.4,AMR3,0,0,0.0,0,0,0,0,0.0,0,0.0,64,63.8,43.5,0.0,T-0348,J-06-02,T-0150,J-01-04
O0189,J,3719.4,6504.5,6528.0,6539.4,6576.1,6611.0,2891.6,2785.1,AMR1,25,101.2,101.2,AMR1,0,0,0.0,0,0,0,0,0.0,0,0.0,70,69.2,37.3,0.0,T-0338,J-01-03,T-0149,J-06-02
O0190,F,3739.2,6980.5,7008.0,7022.8,7062.6,7096.4,3357.2,3241.3,AMR2,25,111.5,111.5,AMR2,0,0,0.0,0,0,0,0,0.0,0,0.0,68,67.5,44.4,4.0,T-0352,F-01-01,T-0178,F-05-01
O0191,G,3761.7,6540.1,6563.6,6574.7,6610.3,6635.4,2873.7,2778.4,AMR3,25,96.0,96.0,AMR3,0,0,0.0,0,0,0,0,0.0,0,0.0,54,55.8,39.5,0.0,T-0339,G-05-01,T-0104,G-06-01
O0192,I,3784.2,6437.2,6460.7,6473.8,6509.8,6540.0,2755.8,2653.0,AMR3,25,95.0,95.0,AMR3,0,0,0.0,0,0,0,0,0.0,0,0.0,60,61.1,41.7,0.0,T-0336,I-02-01,T-0259,I-04-01
O0193,H,3808.2,6412.0,6435.5,6448.4,6481.4,6504.4,2696.2,2603.8,AMR1,25,90.5,90.5,AMR1,0,0,0.0,0,0,0,0,0.0,0,0.0,52,54.7,37.7,0.0,T-0335,H-04-01,T-0174,H-05-01
O0194,H,3825.9,6677.8,6701.3,6715.8,6752.1,6780.0,2954.1,2851.9,AMR2,25,100.8,100.8,AMR2,0,0,0.0,0,0,0,0,0.0,0,0.0,52,54.2,48.0,0.0,T-0343,H-05-01,T-0190,H-02-02
O0195,G,3844.8,6748.2,6771.7,6786.2,6822.8,6852.7,3007.9,2903.4,AMR3,25,101.5,101.5,AMR3,0,0,0.0,0,0,0,0,0.0,0,0.0,58,59.5,45.0,0.0,T-0345,G-01-01,T-0164,G-03-01
O0196,H,3861.4,6780.1,6803.6,6818.2,6857.3,6883.1,3021.7,2918.7,AMR2,25,101.1,101.1,AMR2,0,0,0.0,0,0,0,0,0.0,0,0.0,52,54.7,48.3,0.0,T-0346,H-02-02,T-0198,H-04-02
O0197,I,3886.2,6580.5,6604.0,6617.2,6652.2,6677.7,2791.5,2694.3,AMR2,25,94.2,94.2,AMR2,0,0,0.0,0,0,0,0,0.0,0,0.0,54,56.3,40.9,0.0,T-0340,I-04-01,T-0268,I-03-01
O0198,J,3910.3,7293.9,7317.4,7331.4,7371.5,7401.6,3491.3,3383.6,AMR2,25,107.8,107.8,AMR2,0,0,0.0,0,0,0,0,0.0,0,0.0,64,63.8,43.9,0.0,T-0361,J-01-01,T-0163,J-02-01
O0199,B,3931.9,6816.1,6839.6,6852.8,6889.7,6920.4,2988.5,2884.2,AMR1,25,99.6,99.6,AMR1,0,0,0.0,0,0,0,0,0.0,0,0.0,60,60.7,43.6,0.0,T-0347,B-04-02,T-0203,B-01-03
O0200,H,3951.2,6920.5,6944.0,6955.6,6989.7,7017.7,3066.5,2969.3,AMR1,25,95.3,95.3,AMR1,0,0,0.0,0,0,0,0,0.0,0,0.0,52,54.7,42.5,0.0,T-0350,H-04-02,T-0211,H-05-02
O0201,D,3954.4,6717.7,6741.2,6751.8,6786.6,6816.0,2861.6,2763.3,AMR1,25,90.6,90.6,AMR1,0,0,0.0,0,0,0,0,0.0,0,0.0,56,58.5,37.8,2.0,T-0344,D-02-01,T-0226,D-04-02
O0202,F,3958.7,8411.3,8434.8,8450.8,8489.1,8521.9,4563.2,4452.6,AMR2,25,112.3,112.3,AMR2,0,0,0.0,0,0,0,0,0.0,0,0.0,66,65.4,45.2,0.0,T-0394,F-05-01,T-0182,F-06-01
O0203,E,3964.7,7464.9,7488.4,7503.0,7539.7,7574.6,3609.9,3500.2,AMR3,25,106.0,106.0,AMR3,0,0,0.0,0,0,0,0,0.0,0,0.0,68,67.1,42.6,0.0,T-0366,E-01-01,T-0075,E-05-05
O0204,A,3969.6,7356.8,7380.3,7392.3,7430.7,7464.8,3495.2,3387.2,AMR3,25,104.3,104.3,AMR3,0,0,0.0,0,0,0,0,0.0,0,0.0,72,70.3,37.7,0.0,T-0363,A-04-03,T-0156,A-02-01
O0205,C,3973.5,6883.2,6906.7,6918.3,6951.1,6980.4,3006.9,2909.7,AMR2,25,95.2,95.2,AMR2,0,0,0.0,0,0,0,0,0.0,0,0.0,52,54.3,42.9,0.0,T-0349,C-04-01,T-0195,C-05-01
O0206,C,3980.3,7224.2,7247.7,7263.2,7300.0,7325.3,3345.0,3243.9,AMR1,25,99.6,99.6,AMR1,0,0,0.0,0,0,0,0,0.0,0,0.0,52,53.8,47.3,0.0,T-0359,C-06-01,T-0236,C-01-02
O0207,C,3983.9,6960.2,6983.7,6998.1,7031.0,7058.5,3074.6,2976.3,AMR3,25,95.6,95.6,AMR3,0,0,0.0,0,0,0,0,0.0,0,0.0,54,55.0,43.3,0.0,T-0351,C-05-01,T-0200,C-03-01
O0208,H,3990.7,7017.8,7041.3,7054.1,7090.7,7119.3,3128.6,3027.1,AMR1,25,98.0,98.0,AMR1,0,0,0.0,0,0,0,0,0.0,0,0.0,54,56.3,45.2,0.0,T-0353,H-05-02,T-0216,H-03-01
O0209,J,3994.4,7119.4,7143.9,7159.5,7194.9,7224.1,3229.7,3125.0,AMR1,25,103.8,103.8,AMR1,0,0,0.0,0,0,0,0,0.0,0,0.0,64,63.8,39.9,1.0,T-0356,J-04-03,T-0158,J-01-01
O0210,E,3997.8,8010.4,8033.9,8046.4,8085.3,8118.1,4120.3,4012.6,AMR2,25,105.6,105.6,AMR2,0,0,0.0,0,0,0,0,0.0,0,0.0,66,65.5,42.2,0.0,T-0382,E-04-03,T-0169,E-03-01
O0211,G,4003.1,7251.3,7274.8,7286.4,7327.2,7356.7,3353.6,3248.2,AMR3,25,100.8,100.8,AMR3,0,0,0.0,0,0,0,0,0.0,0,0.0,60,61.1,44.3,0.0,T-0360,G-03-01,T-0180,G-01-02
O0212,D,4009.8,7154.3,7177.8,7188.9,7221.7,7251.2,3241.4,3144.5,AMR3,25,95.9,95.9,AMR3,0,0,0.0,0,0,0,0,0.0,0,0.0,52,53.8,43.1,0.0,T-0357,D-04-02,T-0228,D-01-03
O0213,B,4015.2,7325.4,7348.9,7360.0,7399.0,7430.1,3414.9,3310.2,AMR1,25,100.0,100.0,AMR1,0,0,0.0,0,0,0,0,0.0,0,0.0,60,60.7,44.0,0.0,T-0362,B-01-03,T-0207,B-02-03
O0214,C,4020.9,7058.6,7082.1,7093.0,7124.8,7154.2,3133.3,3037.7,AMR3,25,95.7,95.7,AMR3,0,0,0.0,0,0,0,0,0.0,0,0.0,50,52.2,43.4,0.0,T-0354,C-03-01,T-0204,C-06-01
O0215,I,4027.1,7401.7,7425.2,7441.5,7481.7,7508.3,3481.2,3374.6,AMR2,25,102.0,102.0,AMR2,0,0,0.0,0,0,0,0,0.0,0,0.0,56,57.9,48.7,0.0,T-0364,I-03-01,T-0271,I-05-01
O0216,H,4031.6,7096.5,7120.0,7131.9,7169.6,7194.6,3163.0,3064.9,AMR2,25,94.6,94.6,AMR2,0,0,0.0,0,0,0,0,0.0,0,0.0,54,56.3,41.8,0.0,T-0355,H-03-01,T-0229,H-03-02
O0217,A,4037.9,9649.1,9672.6,9686.8,9727.6,9766.1,5728.2,5611.2,AMR2,25,113.3,113.3,AMR2,0,0,0.0,0,0,0,0,0.0,0,0.0,72,70.3,46.7,0.0,T-0430,A-05-01,T-0189,A-01-02
O0218,F,4044.8,8903.8,8927.3,8939.7,8982.0,9016.8,4972.0,4859.0,AMR3,25,111.0,111.0,AMR3,0,0,0.0,0,0,0,0,0.0,0,0.0,70,69.1,43.9,0.0,T-0408,F-02-02,T-0214,F-03-02
O0219,H,4048.4,7194.7,7218.2,7231.9,7269.3,7293.8,3245.4,3146.3,AMR2,25,99.3,99.3,AMR2,0,0,0.0,0,0,0,0,0.0,0,0.0,50,52.6,46.5,0.0,T-0358,H-03-02,T-0234,H-06-02
O0220,I,4054.6,7701.9,7730.4,7746.5,7781.8,7810.7,3756.1,3647.3,AMR2,25,102.4,102.4,AMR2,0,0,0.0,0,0,0,0,0.0,0,0.0,52,54.7,49.1,5.0,T-0373,I-06-01,T-0284,I-01-02
O0221,E,4059.4,9237.9,9261.4,9274.5,9314.4,9349.4,5290.0,5178.5,AMR2,25,111.5,111.5,AMR2,0,0,0.0,0,0,0,0,0.0,0,0.0,64,63.4,48.1,0.0,T-0418,E-04-01,T-0193,E-01-02
O0222,A,4065.8,7837.4,7860.9,7873.4,7910.3,7944.4,3878.6,3771.6,AMR1,25,104.9,104.9,AMR1,0,0,0.0,0,0,0,0,0.0,0,0.0,70,68.7,38.3,0.0,T-0377,A-02-01,T-0162,A-03-01
O0223,I,4072.3,7574.7,7598.2,7611.1,7651.8,7683.1,3610.8,3502.4,AMR3,25,102.1,102.1,AMR3,0,0,0.0,0,0,0,0,0.0,0,0.0,58,59.6,48.8,0.0,T-0369,I-05-01,T-0281,I-06-01
O0224,C,4077.8,7508.4,7531.9,7543.9,7581.3,7607.6,3529.8,3430.6,AMR2,25,97.7,97.7,AMR2,0,0,0.0,0,0,0,0,0.0,0,0.0,52,53.8,45.4,0.0,T-0367,C-01-02,T-0243,C-02-02
O0225,D,4084.2,7810.8,7834.3,7849.7,7887.0,7916.4,3832.2,3726.6,AMR2,25,100.9,100.9,AMR2,0,0,0.0,0,0,0,0,0.0,0,0.0,56,57.5,48.1,0.0,T-0376,D-06-02,T-0276,D-04-03
O0226,H,4090.4,7430.2,7453.7,7468.3,7497.2,7522.1,3431.7,3339.8,AMR1,25,88.5,88.5,AMR1,0,0,0.0,0,0,0,1,2.0,0,0.0,52,54.2,35.7,2.0,T-0365,H-06-02,T-0249,H-01-01
O0227,A,4093.4,10351.7,10383.2,10398.7,10437.9,10476.7,6383.3,6258.3,AMR2,25,113.9,113.9,AMR2,0,0,0.0,0,0,0,1,1.0,1,3.0,70,68.7,47.3,9.0,T-0451,A-01-02,T-0194,A-03-02
O0228,D,4099.3,7522.2,7555.7,7571.9,7601.9,7631.7,3532.4,3422.9,AMR1,25,98.5,98.5,AMR1,0,0,0.0,0,0,0,0,0.0,1,5.0,52,53.8,45.7,10.0,T-0368,D-01-03,T-0240,D-02-03
O0229,F,4104.2,8693.9,8717.4,8727.9,8773.5,8808.3,4704.1,4589.7,AMR3,25,110.8,110.8,AMR3,0,0,0.0,0,0,0,0,0.0,0,0.0,72,70.7,43.7,0.0,T-0402,F-06-01,T-0205,F-02-02
O0230,D,4107.5,7631.8,7656.3,7672.2,7707.9,7737.2,3629.7,3524.3,AMR1,25,99.2,99.2,AMR1,0,0,0.0,0,0,0,0,0.0,0,0.0,56,58.0,46.4,1.0,T-0371,D-02-03,T-0252,D-05-02
O0231,H,4113.2,7607.7,7632.2,7643.7,7678.3,7701.8,3588.6,3494.5,AMR2,25,91.7,91.7,AMR2,0,0,0.0,0,0,0,0,0.0,0,0.0,52,54.2,38.9,1.0,T-0370,H-01-01,T-0278,H-01-03
O0232,H,4120.2,7683.2,7706.7,7717.2,7750.1,7776.8,3656.6,3563.0,AMR3,25,92.2,92.2,AMR3,0,0,0.0,0,0,0,0,0.0,0,0.0,52,54.2,39.4,0.0,T-0372,H-01-03,T-0282,H-02-03
O0233,D,4125.0,7737.3,7760.8,7774.1,7808.3,7837.3,3712.3,3612.3,AMR1,25,93.7,93.7,AMR1,0,0,0.0,0,0,0,0,0.0,0,0.0,58,59.1,40.9,0.0,T-0374,D-05-02,T-0274,D-06-02
O0234,D,4130.9,8118.2,8141.7,8157.1,8189.5,8218.0,4087.1,3987.3,AMR2,25,96.7,96.7,AMR2,0,0,0.0,0,0,0,0,0.0,0,0.0,54,55.9,43.9,0.0,T-0385,D-04-03,T-0279,D-03-03
O0235,H,4134.8,7869.3,7892.8,7909.1,7942.7,7967.9,3833.1,3734.5,AMR3,25,95.1,95.1,AMR3,0,0,0.0,0,0,0,0,0.0,0,0.0,54,56.3,42.3,0.0,T-0378,H-06-01,T-0318,H-03-03
O0236,H,4141.1,7776.9,7800.4,7811.8,7846.1,7869.2,3728.1,3635.8,AMR3,25,92.5,92.5,AMR3,0,0,0.0,0,0,0,0,0.0,0,0.0,50,52.6,39.7,0.0,T-0375,H-02-03,T-0303,H-06-01
O0237,B,4145.3,8264.9,8289.4,8304.9,8338.0,8374.6,4229.3,4119.6,AMR3,25,102.2,102.2,AMR3,0,0,0.0,0,0,0,1,5.0,0,0.0,56,57.5,46.2,6.0,T-0390,B-02-03,T-0213,B-05-02
O0238,H,4148.5,7968.0,7991.5,8003.2,8039.6,8064.5,3916.0,3819.5,AMR3,25,95.1,95.1,AMR3,0,0,0.0,0,0,0,0,0.0,0,0.0,52,54.2,42.3,0.0,T-0381,H-03-03,T-0321,H-01-02
O0239,F,4155.3,9475.6,9499.1,9512.9,9553.7,9585.4,5430.1,5320.3,AMR1,25,109.4,109.4,AMR1,0,0,0.0,0,0,0,0,0.0,0,0.0,68,67.5,42.3,0.0,T-0425,F-03-02,T-0232,F-05-02
O0240,I,4161.7,7916.5,7940.0,7951.2,7986.8,8010.3,3848.6,3754.8,AMR2,25,92.9,92.9,AMR2,0,0,0.0,0,0,0,0,0.0,0,0.0,52,54.2,39.6,0.0,T-0379,I-01-02,T-0291,I-02-02
O0241,C,4166.5,7944.5,7968.0,7979.9,8011.4,8042.2,3875.7,3778.0,AMR1,25,94.1,94.1,AMR1,0,0,0.0,0,0,0,0,0.0,0,0.0,54,55.9,41.8,0.0,T-0380,C-02-02,T-0262,C-03-02
O0242,C,4173.3,8064.6,8090.1,8103.2,8132.1,8161.7,3988.4,3891.3,AMR3,25,93.1,93.1,AMR3,0,0,0.0,0,0,0,0,0.0,0,0.0,52,54.3,40.8,2.0,T-0384,C-03-02,T-0264,C-05-02
O0243,C,4178.2,8161.8,8190.3,8204.2,8234.6,8264.8,4086.6,3983.6,AMR3,25,96.5,96.5,AMR3,0,0,0.0,0,0,0,0,0.0,0,0.0,52,53.8,44.2,5.0,T-0387,C-05-02,T-0267,C-02-03
O0244,H,4181.8,8042.3,8065.8,8077.2,8111.7,8136.3,3954.5,3860.5,AMR1,25,92.6,92.6,AMR1,0,0,0.0,0,0,0,0,0.0,0,0.0,52,54.2,39.8,0.0,T-0383,H-01-02,T-0324,H-02-01
O0245,I,4188.8,8218.1,8241.6,8257.7,8291.6,8317.8,4129.0,4029.3,AMR2,25,96.7,96.7,AMR2,0,0,0.0,0,0,0,0,0.0,0,0.0,54,56.3,43.4,0.0,T-0388,I-02-02,T-0295,I-03-02
O0246,G,4194.2,8136.4,8165.9,8181.1,8215.3,8240.0,4045.8,3942.2,AMR1,25,96.2,96.2,AMR1,0,0,0.0,0,0,0,0,0.0,1,1.0,56,57.9,39.7,6.0,T-0386,G-01-02,T-0183,G-04-01
O0247,I,4199.0,8374.7,8398.2,8409.6,8446.9,8479.2,4280.2,4175.7,AMR3,25,96.7,96.7,AMR3,0,0,0.0,0,0,0,0,0.0,0,0.0,60,61.1,43.4,0.0,T-0393,I-03-02,T-0299,I-05-02
O0248,C,4204.3,8317.9,8341.4,8354.1,8384.3,8411.2,4206.9,4113.6,AMR2,25,91.8,91.8,AMR2,0,0,0.0,0,0,0,0,0.0,0,0.0,52,53.8,39.5,0.0,T-0391,C-04-02,T-0272,C-02-01
O0249,C,4209.8,8240.1,8265.6,8276.6,8307.9,8335.2,4125.4,4030.3,AMR1,25,91.1,91.1,AMR1,0,0,0.0,0,0,0,0,0.0,0,0.0,52,54.3,38.8,2.0,T-0389,C-02-03,T-0269,C-04-02
O0250,D,4213.7,8849.1,8880.6,8896.4,8934.3,8966.8,4753.1,4635.4,AMR1,25,102.9,102.9,AMR1,0,0,0.0,0,0,0,0,0.0,1,3.0,58,59.6,50.1,8.0,T-0407,D-04-01,T-0310,D-06-01
O0251,F,4218.4,12154.8,12178.3,12192.1,12237.4,12272.4,8054.0,7936.4,AMR1,25,114.0,114.0,AMR1,0,0,0.0,0,0,0,0,0.0,0,0.0,72,70.7,46.9,0.0,T-0503,F-01-02,T-0293,F-01-03
O0252,H,4221.5,8335.3,8365.8,8377.8,8413.8,8440.3,4218.8,4113.8,AMR1,25,96.1,96.1,AMR1,0,0,0.0,0,0,0,0,0.0,1,2.0,52,54.7,43.3,7.0,T-0392,H-02-01,T-0333,H-04-03
O0253,D,4227.9,8522.0,8545.5,8557.3,8593.7,8624.0,4396.1,4294.1,AMR2,25,98.9,98.9,AMR2,0,0,0.0,0,0,0,0,0.0,0,0.0,54,55.9,46.1,0.0,T-0397,D-01-01,T-0289,D-03-01
O0254,J,4234.1,8585.3,8608.8,8619.7,8662.0,8693.8,4459.7,4351.2,AMR3,25,104.9,104.9,AMR3,0,0,0.0,0,0,0,0,0.0,0,0.0,68,67.5,41.0,0.0,T-0399,J-02-01,T-0170,J-04-01
O0255,D,4238.8,8440.4,8463.9,8477.3,8507.2,8536.2,4297.4,4201.6,AMR1,25,91.8,91.8,AMR1,0,0,0.0,0,0,0,1,3.0,0,0.0,52,53.8,39.0,3.0,T-0395,D-03-03,T-0285,D-01-01
O0256,D,4245.1,8646.4,8671.9,8686.1,8721.4,8753.4,4508.3,4401.3,AMR1,25,100.3,100.3,AMR1,0,0,0.0,0,0,0,0,0.0,0,0.0,56,57.5,47.5,2.0,T-0401,D-03-01,T-0300,D-04-01
O0257,E,4250.5,8479.3,8502.8,8515.2,8549.7,8585.2,4334.7,4228.8,AMR3,25,102.2,102.2,AMR3,0,0,0.0,0,0,0,0,0.0,0,0.0,68,67.1,38.8,0.0,T-0396,E-03-01,T-0184,E-04-01
O0258,J,4254.0,9067.2,9090.7,9104.5,9146.6,9179.6,4925.6,4813.2,AMR1,25,107.2,107.2,AMR1,0,0,0.0,0,0,0,0,0.0,0,0.0,70,69.1,43.3,0.0,T-0413,J-04-01,T-0186,J-06-01
O0259,I,4260.7,8536.3,8569.8,8582.7,8619.9,8646.3,4385.6,4275.6,AMR1,25,93.7,93.7,AMR1,0,0,0.0,0,0,0,0,0.0,1,5.0,58,59.6,40.4,10.0,T-0398,I-05-02,T-0302,I-06-02
O0260,I,4264.1,8624.1,8647.6,8660.4,8696.2,8727.1,4463.0,4360.0,AMR2,25,97.9,97.9,AMR2,0,0,0.0,0,0,0,0,0.0,0,0.0,56,58.4,44.6,0.0,T-0400,I-06-02,T-0306,I-04-02
O0261,C,4268.4,8727.2,8750.7,8762.7,8799.0,8827.8,4559.4,4458.8,AMR2,25,100.7,100.7,AMR2,0,0,0.0,0,0,0,0,0.0,0,0.0,50,52.2,48.4,0.0,T-0403,C-02-01,T-0297,C-06-02
O0262,G,4275.2,9816.4,9839.9,9855.5,9896.0,9925.7,5650.5,5541.2,AMR3,25,107.9,107.9,AMR3,0,0,0.0,0,0,0,0,0.0,0,0.0,56,57.9,51.4,0.0,T-0435,G-02-02,T-0233,G-04-02
O0263,J,4282.0,14234.5,14258.0,14281.1,14324.2,14356.2,10074.2,9952.5,AMR1,25,118.1,118.1,AMR1,0,0,0.0,0,0,0,0,0.0,0,0.0,68,67.5,54.2,0.0,T-0563,J-06-02,T-0356,J-04-03
O0264,B,4287.3,8753.5,8777.0,8789.2,8817.5,8849.0,4561.7,4466.2,AMR1,25,94.5,94.5,AMR1,0,0,0.0,0,0,0,1,1.6,0,0.0,54,55.4,38.5,1.6,T-0404,B-05-02,T-0221,B-06-02
O0265,H,4292.4,9016.9,9040.4,9054.8,9088.9,9114.1,4821.7,4724.5,AMR3,25,95.8,95.8,AMR3,0,0,0.0,0,0,0,0,0.0,0,0.0,52,54.2,43.0,0.0,T-0411,H-05-01,T-0346,H-02-02
O0266,I,4299.4,8808.4,8831.9,8845.3,8877.8,8903.7,4604.3,4509.0,AMR3,25,94.4,94.4,AMR3,0,0,0.0,0,0,0,0,0.0,0,0.0,52,54.2,41.1,0.0,T-0405,I-04-02,T-0316,I-02-03
O0267,H,4304.3,8827.9,8856.4,8869.3,8899.5,8923.0,4618.7,4523.6,AMR2,25,88.2,88.2,AMR2,0,0,0.0,0,0,0,0,0.0,0,0.0,52,54.7,35.4,5.0,T-0406,H-04-03,T-0335,H-04-01
O0268,I,4307.7,9114.2,9137.7,9150.2,9184.2,9212.9,4905.2,4806.5,AMR3,25,97.3,97.3,AMR3,0,0,0.0,0,0,0,0,0.0,0,0.0,52,54.7,44.0,0.0,T-0414,I-03-03,T-0326,I-01-03
O0269,F,4312.6,10964.2,10987.7,11002.1,11044.7,11077.9,6765.3,6651.6,AMR3,25,111.7,111.7,AMR3,0,0,0.0,0,0,0,0,0.0,0,0.0,70,69.1,44.6,0.0,T-0468,F-06-02,T-0270,F-03-03
O0270,H,4315.8,8923.1,8951.6,8964.2,8998.8,9028.2,4712.4,4607.3,AMR2,25,92.2,92.2,AMR2,0,0,0.0,0,0,0,1,6.0,1,1.0,52,54.7,39.4,11.0,T-0409,H-04-01,T-0343,H-05-01
O0271,G,4319.3,8966.9,8990.4,9002.5,9038.6,9067.1,4747.8,4647.6,AMR1,25,94.2,94.2,AMR1,0,0,0.0,0,0,0,1,3.0,0,0.0,58,59.5,37.7,3.0,T-0410,G-04-01,T-0224,G-03-02
O0272,I,4324.9,9409.1,9432.6,9443.6,9481.6,9508.2,5183.3,5084.2,AMR3,25,97.7,97.7,AMR3,0,0,0.0,0,0,0,0,0.0,0,0.0,52,54.7,44.4,0.0,T-0423,I-01-01,T-0336,I-02-01
O0273,I,4328.6,9028.3,9064.8,9080.3,9113.6,9141.5,4812.9,4699.7,AMR2,25,97.2,97.2,AMR2,0,0,0.0,0,0,0,0,0.0,1,8.0,54,56.3,43.9,13.0,T-0412,I-02-03,T-0322,I-03-03
O0274,H,4333.4,9179.7,9203.2,9218.7,9253.7,9279.6,4946.2,4846.3,AMR1,25,98.0,98.0,AMR1,0,0,0.0,0,0,0,0,0.0,0,0.0,52,54.7,45.2,0.0,T-0416,H-02-02,T-0350,H-04-02
O0275,I,4336.9,9310.1,9333.6,9345.5,9384.2,9409.0,5072.1,4973.2,AMR3,25,97.5,97.5,AMR3,0,0,0.0,0,0,0,0,0.0,0,0.0,52,54.7,44.2,0.0,T-0420,I-04-03,T-0332,I-01-01
O0276,B,4340.1,9141.6,9165.1,9177.7,9209.2,9237.8,4897.7,4801.5,AMR2,25,93.1,93.1,AMR2,0,0,0.0,0,0,0,0,0.0,0,0.0,58,59.1,37.1,0.0,T-0415,B-06-02,T-0238,B-03-01
O0277,I,4343.7,9213.0,9236.5,9247.2,9281.7,9310.0,4966.3,4869.3,AMR3,25,91.9,91.9,AMR3,0,0,0.0,0,0,0,0,0.0,0,0.0,56,58.4,38.6,0.0,T-0417,I-01-03,T-0329,I-04-03
O0278,A,4347.6,9542.2,9565.7,9577.2,9615.9,9649.0,5301.4,5194.6,AMR2,25,106.3,106.3,AMR2,0,0,0.0,0,0,0,0,0.0,0,0.0,68,67.1,39.7,0.0,T-0427,A-03-01,T-0179,A-05-01
O0279,B,4354.4,9279.7,9303.2,9316.5,9351.5,9379.2,5024.8,4925.3,AMR1,25,96.4,96.4,AMR1,0,0,0.0,0,0,0,0,0.0,0,0.0,58,59.1,40.4,0.0,T-0419,B-03-01,T-0247,B-03-03
O0280,H,4361.1,9508.3,9531.8,9547.6,9581.9,9608.4,5247.3,5147.2,AMR3,25,98.2,98.2,AMR3,0,0,0.0,0,0,0,0,0.0,0,0.0,52,54.7,45.4,0.0,T-0426,H-04-02,T-0353,H-05-02
O0281,B,4367.4,9379.3,9402.8,9415.6,9446.0,9475.5,5108.1,5011.9,AMR1,25,94.7,94.7,AMR1,0,0,0.0,0,0,0,0,0.0,0,0.0,56,57.5,38.7,0.0,T-0422,B-03-03,T-0255,B-04-03
O0282,D,4372.6,9349.5,9373.0,9386.2,9417.9,9446.5,5073.9,4976.9,AMR2,25,91.9,91.9,AMR2,0,0,0.0,0,0,0,0,0.0,0,0.0,56,57.9,39.1,0.0,T-0421,D-06-01,T-0312,D-05-01
O0283,F,4376.8,10649.2,10672.7,10686.6,10729.5,10758.3,6381.5,6272.4,AMR3,25,110.8,110.8,AMR3,0,0,0.0,0,0,0,0,0.0,0,0.0,66,65.4,43.7,0.0,T-0459,F-04-02,T-0261,F-06-02
O0284,C,4383.5,9446.6,9470.1,9482.2,9513.2,9542.1,5158.6,5063.1,AMR2,25,94.0,94.0,AMR2,0,0,0.0,0,0,0,0,0.0,0,0.0,52,53.8,41.7,0.0,T-0424,C-06-02,T-0308,C-01-03
O0285,G,4389.4,9608.5,9633.0,9644.9,9687.0,9718.3,5328.9,5219.1,AMR3,25,104.2,104.2,AMR3,0,0,0.0,0,0,0,0,0.0,0,0.0,60,61.1,47.7,1.0,T-0429,G-03-02,T-0230,G-02-02
O0286,I,4394.4,9687.9,9711.4,9726.5,9762.4,9791.3,5396.9,5293.5,AMR1,25,100.4,100.4,AMR1,0,0,0.0,0,0,0,0,0.0,0,0.0,54,56.3,47.1,0.0,T-0431,I-04-01,T-0364,I-03-01
O0287,F,4398.7,10539.5,10563.0,10578.9,10617.9,10649.1,6250.4,6140.8,AMR3,25,109.2,109.2,AMR3,0,0,0.0,0,0,0,0,0.0,0,0.0,68,67.5,42.1,0.0,T-0456,F-02-03,T-0257,F-04-02
O0288,J,4405.4,10095.2,10118.7,10131.5,10174.9,10204.2,5798.8,5689.8,AMR1,25,107.0,107.0,AMR1,0,0,0.0,0,0,0,0,0.0,0,0.0,66,65.9,43.1,0.0,T-0443,J-06-01,T-0209,J-03-01
O0289,I,4410.7,9585.5,9609.0,9624.2,9661.8,9687.8,5277.1,5174.8,AMR1,25,97.7,97.7,AMR1,0,0,0.0,0,0,0,0,0.0,0,0.0,56,57.9,44.4,0.0,T-0428,I-02-01,T-0340,I-04-01
O0290,I,4415.0,9791.4,9814.9,9826.0,9860.0,9890.9,5475.9,5376.4,AMR1,25,92.5,92.5,AMR1,0,0,0.0,0,0,0,0,0.0,0,0.0,60,60.3,39.2,0.0,T-0434,I-03-01,T-0369,I-05-01
O0291,J,4421.9,10305.2,10328.7,10344.6,10385.3,10414.0,5992.1,5883.3,AMR1,25,108.9,108.9,AMR1,0,0,0.0,0,0,0,0,0.0,0,0.0,64,63.8,45.0,0.0,T-0449,J-03-01,T-0219,J-01-02
O0292,H,4426.9,9718.4,9741.9,9754.6,9791.7,9816.3,5389.4,5291.5,AMR3,25,94.4,94.4,AMR3,0,0,0.0,0,0,0,0,0.0,0,0.0,54,56.3,41.6,0.0,T-0432,H-05-02,T-0355,H-03-01
O0293,I,4433.4,9891.0,9914.5,9925.9,9962.3,9991.5,5558.1,5457.6,AMR1,25,94.3,94.3,AMR1,0,0,0.0,0,0,0,0,0.0,0,0.0,58,59.5,41.0,0.0,T-0437,I-05-01,T-0373,I-06-01
O0294,D,4439.3,9766.2,9789.7,9801.5,9829.3,9854.4,5415.1,5326.9,AMR2,25,86.8,86.8,AMR2,0,0,0.0,0,0,0,0,0.0,0,0.0,52,54.2,34.0,0.0,T-0433,D-05-01,T-0317,D-01-02
O0295,E,4444.2,9854.5,9878.0,9892.0,9930.9,9962.8,5518.6,5410.3,AMR2,25,104.6,104.6,AMR2,0,0,0.0,0,0,0,0,0.0,0,0.0,68,67.1,41.2,0.0,T-0436,E-01-02,T-0197,E-04-02
O0296,E,4449.9,10617.3,10640.8,10654.4,10694.9,10730.3,6280.4,6167.4,AMR1,25,109.3,109.3,AMR1,0,0,0.0,0,0,0,0,0.0,0,0.0,68,67.1,45.9,0.0,T-0458,E-04-02,T-0199,E-05-01
O0297,H,4456.4,10123.5,10147.0,10159.1,10197.3,10224.6,5768.2,5667.1,AMR3,25,99.7,99.7,AMR3,0,0,0.0,0,0,0,0,0.0,0,0.0,52,54.2,46.9,0.0,T-0444,H-06-02,T-0370,H-01-01
O0298,G,4462.3,9991.6,10015.1,10029.5,10069.0,10095.1,5632.8,5529.3,AMR1,25,102.1,102.1,AMR1,0,0,0.0,0,0,0,0,0.0,0,0.0,56,57.9,45.6,0.0,T-0440,G-04-02,T-0266,G-05-02
O0299,H,4467.7,9925.8,9949.3,9965.6,10000.5,10029.0,5561.3,5458.1,AMR3,25,99.7,99.7,AMR3,0,0,0.0,0,0,0,0,0.0,0,0.0,54,56.3,46.9,0.0,T-0438,H-03-01,T-0358,H-03-02
O0300,C,4473.7,9962.9,9986.4,10001.1,10031.4,10061.5,5587.8,5489.2,AMR2,25,95.9,95.9,AMR2,0,0,0.0,0,0,0,0,0.0,0,0.0,54,55.0,43.6,0.0,T-0439,C-01-03,T-0313,C-03-03
O0301,D,4479.5,10061.6,10085.1,10100.3,10134.7,10162.2,5682.7,5582.1,AMR2,25,95.6,95.6,AMR2,0,0,0.0,0,0,0,0,0.0,0,0.0,54,56.3,42.8,1.5,T-0442,D-01-02,T-0320,D-03-02
O0302,H,4483.7,10029.1,10052.6,10065.5,10096.2,10123.4,5639.7,5545.4,AMR3,25,94.5,94.5,AMR3,0,0,0.0,0,0,0,0,0.0,0,0.0,50,52.6,41.7,0.0,T-0441,H-03-02,T-0365,H-06-02
O0303,D,4487.9,10476.8,10500.3,10516.3,10552.1,10584.1,6096.2,5988.9,AMR2,25,102.6,102.6,AMR2,0,0,0.0,0,0,0,0,0.0,0,0.0,56,57.5,49.8,0.0,T-0454,D-02-01,T-0357,D-04-02
O0304,D,4493.0,10255.0,10278.5,10291.1,10323.2,10351.6,5858.6,5762.0,AMR2,25,92.6,92.6,AMR2,0,0,0.0,0,0,0,1,3.0,0,0.0,52,53.8,39.8,3.0,T-0448,D-02-02,T-0344,D-02-01
O0305,F,4496.7,10224.7,10252.2,10263.1,10302.7,10335.8,5839.1,5728.0,AMR3,25,103.5,103.5,AMR3,0,0,0.0,0,0,0,0,0.0,0,0.0,72,70.7,36.4,4.0,T-0447,F-05-02,T-0253,F-02-03
O0306,D,4502.4,10162.3,10185.8,10200.5,10228.1,10254.9,5752.5,5659.9,AMR2,25,90.1,90.1,AMR2,0,0,0.0,0,0,0,1,1.0,0,0.0,52,54.3,37.3,1.0,T-0445,D-03-02,T-0325,D-02-02
O0307,H,4507.3,10204.3,10227.8,10242.7,10277.7,10305.1,5797.8,5697.0,AMR1,25,99.4,99.4,AMR1,0,0,0.0,0,0,0,0,0.0,0,0.0,52,54.2,46.6,0.0,T-0446,H-01-01,T-0372,H-01-03
O0308,E,4510.3,10758.4,10781.9,10795.9,10833.3,10864.8,6354.5,6248.1,AMR3,25,106.4,106.4,AMR3,0,0,0.0,0,0,0,0,0.0,0,0.0,64,63.4,43.0,0.0,T-0462,E-05-01,T-0210,E-02-02
O0309,H,4515.5,10515.7,10539.2,10551.7,10589.7,10617.2,6101.7,6000.2,AMR1,25,101.7,101.7,AMR1,0,0,0.0,0,0,0,0,0.0,0,0.0,50,52.6,48.9,0.0,T-0455,H-02-03,T-0378,H-06-01
O0310,J,4519.7,12418.2,12441.7,12455.6,12498.0,12529.3,8009.6,7898.5,AMR2,25,109.1,109.1,AMR2,0,0,0.0,0,0,0,0,0.0,0,0.0,66,65.9,45.2,0.0,T-0511,J-05-01,T-0254,J-03-02
O0311,I,4524.5,10335.9,10359.4,10372.3,10404.5,10430.3,5905.8,5811.4,AMR3,25,92.5,92.5,AMR3,0,0,0.0,0,0,0,1,1.0,0,0.0,52,54.2,39.2,1.0,T-0450,I-06-01,T-0379,I-01-02
O0312,H,4528.0,10414.1,10437.6,10453.5,10490.3,10515.6,5987.6,5886.1,AMR1,25,100.1,100.1,AMR1,0,0,0.0,0,0,0,0,0.0,0,0.0,52,54.2,47.3,0.0,T-0452,H-01-03,T-0375,H-02-03
O0313,A,4532.1,11538.2,11564.7,11579.4,11612.9,11649.8,7117.7,7006.1,AMR1,25,108.1,108.1,AMR1,0,0,0.0,0,0,0,0,0.0,0,0.0,68,67.1,41.5,3.0,T-0485,A-03-02,T-0217,A-04-01
O0314,C,4536.3,10430.4,10461.9,10478.3,10509.6,10539.4,6003.1,5894.1,AMR3,25,99.0,99.0,AMR3,0,0,0.0,0,0,0,0,0.0,1,3.0,52,54.3,46.7,8.0,T-0453,C-03-03,T-0327,C-04-03
O0315,E,4542.2,11683.5,11707.0,11723.0,11760.7,11791.9,7249.7,7141.3,AMR3,25,108.4,108.4,AMR3,0,0,0.0,0,0,0,0,0.0,0,0.0,64,63.4,45.0,0.0,T-0489,E-05-02,T-0260,E-01-03
O0316,D,4547.7,10584.2,10607.7,10621.4,10655.4,10682.4,6134.7,6036.5,AMR2,25,94.7,94.7,AMR2,0,0,0.0,0,0,0,0,0.0,0,0.0,52,54.8,41.9,1.5,T-0457,D-04-02,T-0368,D-01-03
O0317,J,4551.7,11178.5,11202.0,11213.5,11252.6,11285.8,6734.1,6626.8,AMR3,25,107.4,107.4,AMR3,0,0,0.0,0,0,0,0,0.0,0,0.0,64,63.8,43.5,0.0,T-0474,J-01-02,T-0246,J-02-02
O0318,J,4558.0,11815.4,11839.9,11853.8,11894.0,11928.5,7370.5,7257.4,AMR2,25,108.5,108.5,AMR2,0,0,0.0,0,0,0,0,0.0,0,0.0,68,67.5,44.6,1.0,T-0493,J-02-02,T-0248,J-05-01
O0319,A,4561.2,13511.5,13535.0,13550.4,13590.8,13625.7,9064.5,8950.3,AMR3,25,110.5,110.5,AMR3,0,0,0.0,0,0,0,0,0.0,0,0.0,72,70.3,43.9,0.0,T-0543,A-05-02,T-0235,A-02-02
O0320,H,4567.1,10730.4,10753.9,10767.1,10801.3,10827.3,6260.2,6163.3,AMR1,25,93.4,93.4,AMR1,0,0,0.0,0,0,0,0,0.0,0,0.0,54,56.3,40.6,0.0,T-0461,H-06-01,T-0381,H-03-03
O0321,D,4573.1,10682.5,10706.0,10718.2,10748.3,10778.7,6205.6,6109.4,AMR2,25,93.2,93.2,AMR2,0,0,0.0,0,0,0,1,2.0,0,0.0,52,53.8,40.4,2.0,T-0460,D-01-03,T-0371,D-02-03
O0322,H,4579.6,10827.4,10850.9,10863.9,10902.3,10928.3,6348.7,6247.8,AMR1,25,99.5,99.5,AMR1,0,0,0.0,0,0,0,0,0.0,0,0.0,52,54.2,46.7,0.0,T-0464,H-03-03,T-0383,H-01-02
O0323,F,4583.6,11304.7,11333.2,11345.7,11387.9,11419.7,6836.1,6721.1,AMR2,25,106.4,106.4,AMR2,0,0,0.0,0,0,0,0,0.0,0,0.0,72,70.7,39.3,5.0,T-0478,F-03-03,T-0286,F-01-02
O0324,C,4589.6,10778.8,10806.3,10819.8,10853.0,10883.3,6293.7,6189.2,AMR2,25,97.0,97.0,AMR2,0,0,0.0,0,0,0,1,2.0,0,0.0,52,53.8,44.7,6.0,T-0463,C-04-03,T-0331,C-01-01
O0325,D,4596.5,10864.9,10888.4,10900.0,10935.0,10964.1,6367.6,6268.4,AMR3,25,94.0,94.0,AMR3,0,0,0.0,0,0,0,0,0.0,0,0.0,56,58.0,41.2,0.0,T-0465,D-02-03,T-0374,D-05-02
O0326,G,4602.4,10883.4,10912.9,10924.6,10965.0,10993.1,6390.7,6281.0,AMR2,25,99.1,99.1,AMR2,0,0,0.0,0,0,0,0,0.0,1,1.0,60,61.1,42.6,6.0,T-0466,G-05-02,T-0288,G-02-01
O0327,H,4605.7,10928.4,10951.9,10966.6,11000.8,11025.0,6419.3,6322.7,AMR1,25,95.2,95.2,AMR1,0,0,0.0,0,0,0,0,0.0,0,0.0,52,54.2,42.4,0.0,T-0467,H-01-02,T-0392,H-02-01
O0328,H,4609.2,11103.7,11127.2,11141.9,11178.7,11202.8,6593.6,6494.5,AMR2,25,97.2,97.2,AMR2,0,0,0.0,0,0,0,0,0.0,0,0.0,52,54.7,44.4,0.0,T-0472,H-04-03,T-0409,H-04-01
O0329,E,4613.7,10993.2,11016.7,11031.1,11068.0,11103.6,6489.9,6379.5,AMR2,25,106.7,106.7,AMR2,0,0,0.0,0,0,0,0,0.0,0,0.0,68,67.1,43.3,0.0,T-0469,E-02-02,T-0244,E-05-02
O0330,H,4619.4,11025.1,11048.6,11065.0,11100.3,11124.1,6504.7,6405.7,AMR1,25,97.1,97.1,AMR1,0,0,0.0,0,0,0,0,0.0,0,0.0,52,54.7,44.3,0.0,T-0470,H-02-01,T-0406,H-04-03
O0331,I,4623.3,11223.8,11250.3,11263.6,11300.1,11328.5,6705.2,6600.5,AMR1,25,98.7,98.7,AMR1,0,0,0.0,0,0,0,0,0.0,0,0.0,54,56.3,45.4,3.0,T-0476,I-02-02,T-0393,I-03-02
O0332,D,4627.5,11078.0,11101.5,11115.1,11150.9,11178.4,6550.9,6450.5,AMR3,25,94.1,94.1,AMR3,0,0,0.0,0,0,0,0,0.0,0,0.0,58,59.1,41.3,0.0,T-0471,D-05-02,T-0376,D-06-02
O0333,I,4634.3,11124.2,11151.7,11164.6,11198.7,11223.7,6589.4,6489.9,AMR1,25,94.6,94.6,AMR1,0,0,0.0,0,0,0,0,0.0,0,0.0,52,54.2,41.3,4.0,T-0473,I-01-02,T-0388,I-02-02
O0334,B,4637.7,11517.6,11541.1,11556.0,11589.0,11620.1,6982.4,6879.9,AMR2,25,103.1,103.1,AMR2,0,0,0.0,0,0,0,0,0.0,0,0.0,54,55.4,47.1,0.0,T-0484,B-04-03,T-0258,B-06-01
O0335,J,4642.5,13815.6,13844.1,13859.9,13902.3,13934.0,9291.5,9173.1,AMR3,25,111.3,111.3,AMR3,0,0,0.0,0,0,0,0,0.0,0,0.0,66,66.0,47.4,5.0,T-0552,J-02-03,T-0328,J-03-03
O0336,D,4649.3,11202.9,11226.4,11239.6,11273.7,11304.6,6655.3,6553.6,AMR2,25,94.7,94.7,AMR2,0,0,0.0,0,0,0,0,0.0,0,0.0,60,59.8,41.9,0.0,T-0475,D-06-02,T-0385,D-04-03
O0337,G,4654.9,11328.6,11357.1,11372.3,11406.2,11439.7,6784.8,6673.7,AMR1,25,101.8,101.8,AMR1,0,0,0.0,0,0,0,1,5.0,0,0.0,54,55.8,45.3,10.0,T-0479,G-02-01,T-0292,G-06-02
O0338,H,4661.7,11285.9,11309.4,11322.6,11357.8,11382.5,6720.8,6624.2,AMR3,25,94.7,94.7,AMR3,0,0,0.0,0,0,0,0,0.0,0,0.0,52,54.7,41.9,0.0,T-0477,H-04-01,T-0411,H-05-01
O0339,E,4666.5,12486.3,12510.8,12523.5,12560.4,12595.1,7928.6,7819.8,AMR3,25,107.8,107.8,AMR3,0,0,0.0,0,0,0,0,0.0,0,0.0,64,63.4,44.4,1.0,T-0513,E-01-03,T-0265,E-02-03
O0340,H,4673.4,11419.8,11443.3,11457.6,11491.9,11517.5,6844.1,6746.4,AMR2,25,96.3,96.3,AMR2,0,0,0.0,0,0,0,0,0.0,0,0.0,52,54.2,43.5,0.0,T-0481,H-05-01,T-0416,H-02-02
O0341,C,4678.0,11382.6,11406.1,11419.9,11450.2,11478.6,6800.6,6704.6,AMR3,25,94.0,94.0,AMR3,0,0,0.0,0,0,0,0,0.0,0,0.0,52,54.3,41.7,0.0,T-0480,C-01-01,T-0349,C-04-01
O0342,C,4681.3,11478.7,11502.2,11514.4,11547.0,11574.8,6893.5,6797.4,AMR3,25,94.1,94.1,AMR3,0,0,0.0,0,0,0,0,0.0,0,0.0,52,54.3,41.8,0.0,T-0483,C-04-01,T-0351,C-05-01
O0343,D,4687.5,11439.8,11467.3,11478.8,11510.6,11538.1,6850.6,6752.3,AMR1,25,91.2,91.2,AMR1,0,0,0.0,0,0,0,0,0.0,0,0.0,54,55.9,38.4,4.0,T-0482,D-04-03,T-0395,D-03-03
O0344,G,4691.3,12184.6,12208.1,12222.0,12263.8,12295.9,7604.6,7493.3,AMR3,25,106.7,106.7,AMR3,0,0,0.0,0,0,0,0,0.0,0,0.0,60,61.1,50.2,0.0,T-0504,G-01-03,T-0307,G-02-03
O0345,B,4696.6,11853.5,11877.0,11887.5,11926.1,11955.9,7259.3,7156.9,AMR1,25,100.9,100.9,AMR1,0,0,0.0,0,0,0,0,0.0,0,0.0,56,57.5,44.9,0.0,T-0494,B-02-01,T-0283,B-04-01
O0346,G,4702.8,11574.9,11598.4,11613.1,11651.5,11683.4,6980.6,6872.1,AMR3,25,103.9,103.9,AMR3,0,0,0.0,0,0,0,0,0.0,0,0.0,60,61.1,47.4,0.0,T-0486,G-06-02,T-0304,G-01-03
O0347,B,4706.9,11649.9,11673.4,11686.0,11719.6,11750.3,7043.4,6943.0,AMR1,25,95.7,95.7,AMR1,0,0,0.0,0,0,0,0,0.0,0,0.0,60,60.7,39.7,0.0,T-0488,B-06-01,T-0263,B-01-01
O0348,C,4710.9,11620.2,11643.7,11659.0,11690.5,11719.2,7008.3,6909.3,AMR2,25,95.5,95.5,AMR2,0,0,0.0,0,0,0,0,0.0,0,0.0,54,55.8,43.2,0.0,T-0487,C-05-01,T-0354,C-03-01
O0349,B,4713.9,11750.4,11773.9,11786.3,11824.2,11853.4,7139.5,7036.5,AMR1,25,98.3,98.3,AMR1,0,0,0.0,0,0,0,0,0.0,0,0.0,60,60.7,42.3,0.0,T-0491,B-01-01,T-0280,B-02-01
O0350,C,4718.2,11883.0,11906.5,11922.8,11953.6,11980.9,7262.7,7164.8,AMR3,25,96.4,96.4,AMR3,0,0,0.0,0,0,0,0,0.0,0,0.0,52,53.8,44.1,0.0,T-0495,C-01-02,T-0380,C-02-02
O0351,C,4724.2,11719.3,11742.8,11758.2,11786.8,11815.3,7091.1,6995.1,AMR2,25,96.1,96.1,AMR2,0,0,0.0,0,0,0,0,0.0,0,0.0,50,52.2,43.8,0.0,T-0490,C-03-01,T-0359,C-06-01
O0352,C,4729.0,11792.0,11815.5,11826.7,11855.2,11882.9,7153.9,7063.0,AMR3,25,89.4,89.4,AMR3,0,0,0.0,0,0,0,0,0.0,0,0.0,52,53.8,37.1,0.0,T-0492,C-06-01,T-0367,C-01-02
O0353,A,4734.0,13870.0,13893.5,13908.3,13947.4,13981.5,9247.5,9136.0,AMR2,25,111.0,111.0,AMR2,0,0,0.0,0,0,0,0,0.0,0,0.0,68,67.1,44.4,0.0,T-0553,A-02-02,T-0239,A-04-02
O0354,A,4738.8,12075.4,12102.9,12113.5,12154.0,12184.5,7445.7,7336.6,AMR3,25,106.7,106.7,AMR3,0,0,0.0,0,0,0,0,0.0,0,0.0,66,65.0,40.1,4.0,T-0501,A-04-01,T-0220,A-06-01
O0355,C,4745.2,11956.0,11979.5,11990.1,12028.8,12055.8,7310.6,7210.8,AMR1,25,97.1,97.1,AMR1,0,0,0.0,0,0,0,0,0.0,0,0.0,54,55.0,44.8,0.0,T-0497,C-02-02,T-0384,C-03-02
O0356,C,4751.1,12462.9,12486.4,12502.3,12536.8,12566.9,7815.8,7711.8,AMR1,25,102.5,102.5,AMR1,0,0,0.0,0,0,0,0,0.0,0,0.0,52,53.8,50.2,0.0,T-0512,C-04-02,T-0403,C-02-01
O0357,H,4756.5,11928.6,11952.1,11966.0,11999.1,12027.0,7270.5,7172.1,AMR2,25,96.5,96.5,AMR2,0,0,0.0,0,0,0,0,0.0,0,0.0,52,54.7,43.7,0.0,T-0496,H-02-02,T-0426,H-04-02
O0358,H,4762.0,12027.1,12050.6,12065.4,12101.2,12127.9,7365.9,7265.1,AMR2,25,98.9,98.9,AMR2,0,0,0.0,0,0,0,0,0.0,0,0.0,52,54.7,46.1,0.0,T-0499,H-04-02,T-0432,H-05-02
O0359,I,4769.0,11981.0,12004.5,12017.1,12049.0,12075.3,7306.3,7212.0,AMR3,25,89.7,89.7,AMR3,0,0,0.0,0,0,0,0,0.0,0,0.0,56,57.9,36.4,0.0,T-0498,I-03-02,T-0398,I-05-02
O0360,C,4774.4,12055.9,12079.4,12090.4,12124.8,12154.7,7380.3,7281.5,AMR1,25,96.8,96.8,AMR1,0,0,0.0,0,0,0,0,0.0,0,0.0,52,54.3,44.5,0.0,T-0500,C-03-02,T-0387,C-05-02
O0361,J,4780.0,12832.4,12855.9,12866.8,12911.2,12942.4,8162.4,8052.4,AMR2,25,106.4,106.4,AMR2,0,0,0.0,0,0,0,0,0.0,0,0.0,68,67.5,42.5,0.0,T-0523,J-03-02,T-0277,J-04-02
O0362,F,4784.8,14302.6,14326.1,14342.4,14385.0,14421.7,9636.9,9517.8,AMR2,25,115.5,115.5,AMR2,0,0,0.0,0,0,0,0,0.0,0,0.0,72,70.7,48.4,0.0,T-0565,F-04-03,T-0323,F-02-01
O0363,C,4791.1,12128.0,12151.5,12167.5,12199.0,12224.6,7433.5,7336.9,AMR2,25,95.1,95.1,AMR2,0,0,0.0,0,0,0,0,0.0,0,0.0,52,53.8,42.8,0.0,T-0502,C-05-02,T-0389,C-02-03
O0364,E,4795.8,13981.6,14005.1,14018.6,14060.4,14095.0,9299.2,9185.8,AMR2,25,111.3,111.3,AMR2,0,0,0.0,0,0,0,0,0.0,0,0.0,66,65.5,47.9,0.0,T-0556,E-02-01,T-0330,E-03-02
O0365,C,4801.5,12272.5,12296.0,12309.5,12339.9,12367.1,7565.6,7471.0,AMR1,25,92.6,92.6,AMR1,0,0,0.0,0,0,0,0,0.0,0,0.0,52,54.3,40.3,0.0,T-0506,C-02-03,T-0391,C-04-02
O0366,H,4804.9,12224.7,12248.2,12259.1,12292.1,12318.7,7513.8,7419.8,AMR2,25,90.5,90.5,AMR2,0,0,0.0,0,0,0,0,0.0,0,0.0,54,56.3,37.7,0.0,T-0505,H-05-02,T-0438,H-03-01
O0367,H,4810.1,12296.0,12319.5,12330.4,12366.5,12390.8,7580.7,7485.9,AMR3,25,91.3,91.3,AMR3,0,0,0.0,0,0,0,0,0.0,0,0.0,54,56.3,38.5,0.0,T-0507,H-03-01,T-0441,H-03-02
O0368,I,4813.6,12318.8,12343.3,12355.9,12392.1,12418.1,7604.5,7505.2,AMR2,25,91.6,91.6,AMR2,0,0,0.0,0,0,0,0,0.0,0,0.0,58,60.0,38.3,1.0,T-0508,I-05-02,T-0400,I-06-02
O0369,H,4816.8,12390.9,12414.4,12425.9,12461.6,12486.2,7669.4,7574.1,AMR3,25,95.5,95.5,AMR3,0,0,0.0,0,0,0,0,0.0,0,0.0,50,52.6,42.7,0.0,T-0510,H-03-02,T-0444,H-06-02
O0370,D,4820.2,12367.2,12390.7,12404.5,12437.4,12462.8,7642.6,7547.0,AMR1,25,94.6,94.6,AMR1,0,0,0.0,0,0,0,0,0.0,0,0.0,52,53.8,41.8,0.0,T-0509,D-03-03,T-0397,D-01-01
O0371,E,4825.1,13346.9,13370.4,13382.1,13420.7,13454.7,8629.6,8521.8,AMR2,25,105.7,105.7,AMR2,0,0,0.0,0,0,0,0,0.0,0,0.0,66,65.5,42.3,0.0,T-0538,E-06-02,T-0296,E-03-03
O0372,G,4829.6,12788.2,12811.7,12825.9,12865.8,12896.2,8066.6,7958.6,AMR3,25,105.0,105.0,AMR3,0,0,0.0,0,0,0,0,0.0,0,0.0,58,59.5,48.5,0.0,T-0522,G-02-03,T-0311,G-03-03
O0373,G,4835.9,13478.4,13501.9,13517.2,13557.3,13585.5,8749.6,8642.5,AMR1,25,105.7,105.7,AMR1,0,0,0.0,0,0,0,0,0.0,0,0.0,56,57.9,49.2,0.0,T-0542,G-03-03,T-0334,G-04-03
O0374,H,4841.6,12529.4,12552.9,12567.5,12602.4,12628.5,7786.9,7687.8,AMR2,25,97.7,97.7,AMR2,0,0,0.0,0,0,0,0,0.0,0,0.0,52,54.2,44.9,0.0,T-0514,H-06-02,T-0446,H-01-01
O0375,E,4845.3,12896.3,12919.8,12931.5,12968.9,13006.9,8161.6,8051.0,AMR3,25,105.3,105.3,AMR3,0,0,0.0,0,0,0,0,0.0,0,0.0,70,68.7,41.9,0.0,T-0525,E-02-03,T-0273,E-06-02
O0376,D,4849.7,12567.0,12590.5,12603.4,12640.6,12667.3,7817.6,7717.3,AMR1,25,96.8,96.8,AMR1,0,0,0.0,0,0,0,0,0.0,0,0.0,54,56.3,44.0,0.0,T-0515,D-01-01,T-0401,D-03-01
O0377,C,4855.3,12595.2,12618.7,12634.1,12663.7,12688.4,7833.1,7739.9,AMR3,25,93.3,93.3,AMR3,0,0,0.0,0,0,0,0,0.0,0,0.0,50,52.2,41.0,0.0,T-0516,C-02-01,T-0424,C-06-02
O0378,I,4861.3,12628.6,12652.1,12664.3,12702.2,12730.3,7869.0,7767.3,AMR2,25,97.1,97.1,AMR2,0,0,0.0,0,0,0,0,0.0,0,0.0,56,57.9,43.8,0.0,T-0517,I-06-02,T-0405,I-04-02
O0379,H,4865.7,12667.4,12690.9,12704.8,12738.5,12764.5,7898.8,7801.7,AMR1,25,95.7,95.7,AMR1,0,0,0.0,0,0,0,0,0.0,0,0.0,52,54.2,42.9,0.0,T-0518,H-01-01,T-0452,H-01-03
O0380,B,4871.0,12688.5,12715.0,12725.9,12757.5,12788.1,7917.1,7817.5,AMR3,25,95.1,95.1,AMR3,0,0,0.0,0,0,0,0,0.0,0,0.0,56,57.5,39.1,3.0,T-0519,B-04-01,T-0287,B-05-01
O0381,C,4877.1,12730.4,12753.9,12769.5,12803.8,12832.3,7955.2,7853.3,AMR2,25,100.4,100.4,AMR2,0,0,0.0,0,0,0,0,0.0,0,0.0,52,53.8,48.1,0.0,T-0520,C-06-02,T-0439,C-01-03
O0382,I,4881.8,12764.6,12788.1,12800.3,12835.1,12860.1,7978.3,7882.8,AMR1,25,94.1,94.1,AMR1,0,0,0.0,0,0,0,0,0.0,0,0.0,52,54.7,40.8,0.0,T-0521,I-04-02,T-0412,I-02-03
O0383,A,4885.9,13065.1,13091.6,13103.5,13141.7,13173.9,8288.0,8179.2,AMR1,25,105.3,105.3,AMR1,0,0,0.0,0,0,0,0,0.0,0,0.0,68,67.1,38.7,3.0,T-0530,A-06-01,T-0225,A-05-02
O0384,I,4890.6,12860.2,12883.7,12894.5,12928.5,12959.3,8068.7,7969.6,AMR1,25,91.1,91.1,AMR1,0,0,0.0,0,0,0,1,5.0,0,0.0,54,56.3,37.8,5.0,T-0524,I-02-03,T-0414,I-03-03
O0385,I,4896.3,12942.5,12966.0,12981.3,13018.0,13044.2,8147.9,8046.2,AMR2,25,98.8,98.8,AMR2,0,0,0.0,0,0,0,1,2.0,0,0.0,52,54.2,45.5,2.0,T-0526,I-03-03,T-0417,I-01-03
O0386,D,4899.5,13044.3,13067.8,13079.3,13117.4,13151.2,8251.7,8144.8,AMR2,25,100.2,100.2,AMR2,0,0,0.0,0,0,0,0,0.0,0,0.0,58,59.5,47.4,0.0,T-0529,D-04-01,T-0421,D-06-01
O0387,C,4905.6,13174.0,13198.5,13214.7,13249.0,13278.2,8372.6,8268.4,AMR1,25,100.5,100.5,AMR1,0,0,0.0,0,0,0,0,0.0,0,0.0,54,55.0,48.2,1.0,T-0533,C-01-03,T-0453,C-03-03
O0388,D,4910.6,12959.4,12989.9,13004.1,13034.7,13065.0,8154.4,8048.8,AMR1,25,93.9,93.9,AMR1,0,0,0.0,0,0,0,0,0.0,1,2.0,56,57.5,41.1,7.0,T-0527,D-03-01,T-0407,D-04-01
O0389,H,4915.7,13007.0,13030.5,13046.4,13080.8,13107.7,8192.0,8091.3,AMR3,25,99.3,99.3,AMR3,0,0,0.0,0,0,0,0,0.0,0,0.0,52,54.2,46.5,0.0,T-0528,H-01-03,T-0455,H-02-03
O0390,F,4920.3,13658.6,13682.1,13695.8,13733.6,13766.1,8845.8,8738.3,AMR2,25,107.1,107.1,AMR2,0,0,0.0,0,0,0,0,0.0,0,0.0,68,67.5,40.0,0.0,T-0547,F-01-03,T-0305,F-04-01
O0391,H,4925.1,13151.3,13174.8,13189.1,13222.3,13246.6,8321.5,8226.2,AMR2,25,95.5,95.5,AMR2,0,0,0.0,0,0,0,0,0.0,0,0.0,50,52.6,42.7,0.0,T-0532,H-02-03,T-0461,H-06-01
O0392,I,4929.9,13107.8,13131.3,13145.2,13177.5,13208.3,8278.4,8177.9,AMR3,25,95.4,95.4,AMR3,0,0,0.0,0,0,0,0,0.0,0,0.0,56,58.4,42.1,0.0,T-0531,I-01-03,T-0420,I-04-03
O0393,H,4933.3,13246.7,13270.2,13283.6,13320.7,13346.8,8413.5,8313.4,AMR2,25,96.6,96.6,AMR2,0,0,0.0,0,0,0,0,0.0,0,0.0,54,56.3,43.8,0.0,T-0535,H-06-01,T-0464,H-03-03
O0394,J,4939.5,13585.6,13609.1,13620.8,13661.5,13691.5,8752.0,8646.1,AMR1,25,102.3,102.3,AMR1,0,0,0.0,0,0,0,0,0.0,0,0.0,68,67.5,38.4,0.0,T-0545,J-04-02,T-0298,J-05-02
O0395,B,4942.9,13208.4,13231.9,13247.2,13278.7,13310.1,8367.2,8265.5,AMR3,25,97.0,97.0,AMR3,0,0,0.0,0,0,0,0,0.0,0,0.0,60,60.7,41.0,0.0,T-0534,B-05-01,T-0294,B-01-02
O0396,I,4948.2,13310.2,13333.7,13348.3,13385.3,13408.6,8460.4,8362.0,AMR3,25,97.0,97.0,AMR3,0,0,0.0,0,0,0,0,0.0,0,0.0,52,54.7,43.7,0.0,T-0537,I-04-03,T-0423,I-01-01
O0397,D,4954.2,13278.3,13301.8,13312.6,13350.7,13379.6,8425.4,8324.1,AMR1,25,93.0,93.0,AMR1,0,0,0.0,0,0,0,0,0.0,0,0.0,60,61.1,40.2,0.0,T-0536,D-06-01,T-0433,D-05-01
O0398,D,4959.3,13554.2,13577.7,13592.8,13627.9,13658.5,8699.2,8594.9,AMR2,25,100.7,100.7,AMR2,0,0,0.0,0,0,0,0,0.0,0,0.0,54,56.4,47.9,0.0,T-0544,D-01-02,T-0445,D-03-02
O0399,J,4963.7,14117.5,14143.0,14158.0,14203.7,14234.4,9270.7,9153.8,AMR1,25,108.7,108.7,AMR1,0,0,0.0,0,0,0,0,0.0,0,0.0,70,70.1,44.8,2.0,T-0560,J-01-03,T-0348,J-06-02
O0400,D,4967.6,13379.7,13403.2,13416.4,13450.9,13478.3,8510.7,8412.1,AMR1,25,97.6,97.6,AMR1,0,0,0.0,0,0,0,0,0.0,0,0.0,52,53.8,44.8,0.0,T-0539,D-05-01,T-0442,D-01-02
O0401,B,4988.6,13408.7,13432.2,13446.0,13481.9,13511.4,8522.8,8420.1,AMR3,25,98.0,98.0,AMR3,0,0,0.0,0,0,0,0,0.0,0,0.0,60,60.7,42.0,0.0,T-0540,B-01-02,T-0314,B-02-02
O0402,H,5013.1,13454.8,13478.3,13490.8,13527.7,13554.1,8541.0,8441.7,AMR2,25,97.9,97.9,AMR2,0,0,0.0,0,0,0,0,0.0,0,0.0,52,54.2,45.1,0.0,T-0541,H-03-03,T-0467,H-01-02
O0403,J,5035.7,13691.6,13715.1,13726.1,13768.8,13796.4,8760.7,8655.9,AMR1,25,104.9,104.9,AMR1,0,0,0.0,0,0,0,0,0.0,0,0.0,64,63.8,41.0,0.0,T-0548,J-05-02,T-0315,J-02-03
O0404,J,5057.5,14460.4,14483.9,14497.8,14540.9,14574.0,9516.5,9402.9,AMR1,25,113.7,113.7,AMR1,0,0,0.0,0,0,0,0,0.0,0,0.0,64,63.8,49.8,0.0,T-0569,J-01-01,T-0399,J-02-01
O0405,J,5078.9,15170.2,15193.7,15209.9,15253.4,15286.1,10207.2,10091.3,AMR2,25,116.0,116.0,AMR2,0,0,0.0,0,0,0,0,0.0,0,0.0,64,63.8,52.1,0.0,T-0589,J-01-02,T-0493,J-02-02
O0406,F,5102.5,14004.5,14029.0,14043.6,14085.4,14117.4,9014.9,8902.0,AMR1,25,111.5,111.5,AMR1,0,0,0.0,0,0,0,0,0.0,0,0.0,68,67.5,44.4,1.0,T-0557,F-04-01,T-0309,F-04-03
O0407,H,5121.9,13625.8,13649.3,13663.1,13695.4,13721.1,8599.2,8503.9,AMR3,25,93.9,93.9,AMR3,0,0,0.0,0,0,0,0,0.0,0,0.0,52,54.2,41.1,0.0,T-0546,H-01-02,T-0470,H-02-01
O0408,E,5143.2,13796.5,13820.0,13832.5,13864.9,13899.9,8756.7,8653.3,AMR1,25,103.4,103.4,AMR1,0,0,0.0,0,0,0,0,0.0,0,0.0,64,63.4,40.0,0.0,T-0551,E-03-03,T-0301,E-02-01
O0409,I,5158.8,13766.2,13789.7,13805.6,13845.3,13869.9,8711.1,8607.4,AMR2,25,102.8,102.8,AMR2,0,0,0.0,0,0,0,0,0.0,0,0.0,52,54.2,49.5,0.0,T-0550,I-01-01,T-0428,I-02-01
O0410,H,5176.9,13721.2,13744.7,13756.9,13789.0,13815.5,8638.6,8544.3,AMR3,25,92.4,92.4,AMR3,0,0,0.0,0,0,0,0,0.0,0,0.0,52,54.7,39.6,0.0,T-0549,H-02-01,T-0472,H-04-03
O0411,E,5192.4,14191.9,14215.4,14228.6,14268.3,14302.5,9110.1,8999.5,AMR2,25,105.3,105.3,AMR2,0,0,0.0,0,0,0,0,0.0,0,0.0,70,68.7,41.9,0.0,T-0562,E-03-02,T-0337,E-06-01
O0412,B,5213.9,13900.0,13923.5,13937.6,13971.3,14004.4,8790.5,8686.1,AMR1,25,101.3,101.3,AMR1,0,0,0.0,0,0,0,0,0.0,0,0.0,58,59.1,45.3,0.0,T-0554,B-02-02,T-0319,B-03-02
O0413,G,5234.8,15738.4,15761.9,15785.4,15825.8,15854.3,10619.5,10503.6,AMR1,25,114.5,114.5,AMR1,0,0,0.0,0,0,0,0,0.0,0,0.0,56,57.9,58.0,0.0,T-0605,G-01-02,T-0410,G-04-01
O0414,A,5255.6,14137.7,14167.2,14179.2,14215.0,14262.1,9006.5,8882.1,AMR3,25,103.7,103.7,AMR3,0,0,0.0,0,0,0,1,11.0,2,7.0,72,70.3,37.1,17.0,T-0561,A-04-02,T-0242,A-01-01
O0415,J,5279.7,13934.1,13958.6,13971.3,14006.1,14033.9,8754.2,8654.4,AMR3,25,98.9,98.9,AMR3,0,0,0.0,0,0,0,0,0.0,0,0.0,64,63.8,35.0,1.0,T-0555,J-03-03,T-0338,J-01-03
O0416,J,5296.6,14356.3,14379.8,14391.2,14431.8,14460.3,9163.7,9059.7,AMR1,25,104.1,104.1,AMR1,0,0,0.0,0,0,0,0,0.0,0,0.0,64,63.8,40.2,0.0,T-0566,J-04-03,T-0361,J-01-01
O0417,A,5316.6,15286.2,15309.7,15323.6,15363.8,15398.3,10081.7,9969.6,AMR2,25,113.7,113.7,AMR2,0,0,0.0,0,0,0,0,0.0,0,0.0,66,65.0,47.1,0.0,T-0592,A-01-01,T-0245,A-06-02
O0418,F,5332.6,15956.7,15980.2,16002.2,16040.8,16075.5,10742.9,10624.1,AMR1,25,115.2,115.2,AMR1,0,0,0.0,0,0,0,0,0.0,0,0.0,72,70.7,48.1,0.0,T-0611,F-06-01,T-0408,F-02-02
O0419,C,5348.5,14034.0,14057.5,14072.6,14102.9,14137.6,8789.1,8685.5,AMR3,25,97.6,97.6,AMR3,0,0,0.0,0,0,0,1,4.0,0,0.0,52,54.3,45.3,4.0,T-0558,C-03-03,T-0463,C-04-03
O0420,H,5366.0,14095.1,14118.6,14133.7,14166.4,14191.8,8825.8,8729.1,AMR2,25,94.8,94.8,AMR2,0,0,0.0,0,0,0,0,0.0,0,0.0,52,54.7,42.0,0.0,T-0559,H-04-03,T-0477,H-04-01
O0421,J,5386.2,14676.4,14699.9,14715.5,14757.8,14792.4,9406.2,9290.2,AMR1,25,110.8,110.8,AMR1,0,0,0.0,0,0,0,0,0.0,0,0.0,70,69.1,46.9,0.0,T-0575,J-04-01,T-0443,J-06-01
O0422,E,5404.9,14374.3,14403.8,14419.1,14456.3,14487.9,9083.0,8969.4,AMR3,25,107.6,107.6,AMR3,0,0,0.0,0,0,0,0,0.0,1,1.0,64,63.4,44.2,6.0,T-0567,E-06-01,T-0366,E-01-01
O0423,F,5423.9,14421.8,14445.3,14456.2,14497.9,14531.1,9107.2,8997.9,AMR2,25,107.3,107.3,AMR2,0,0,0.0,0,0,0,0,0.0,0,0.0,70,69.1,40.2,0.0,T-0568,F-02-01,T-0342,F-03-01
O0424,F,5444.9,14842.9,14866.4,14881.8,14920.7,14953.2,9508.3,9398.0,AMR2,25,109.9,109.9,AMR2,0,0,0.0,0,0,0,0,0.0,0,0.0,68,67.5,42.8,0.0,T-0580,F-01-01,T-0394,F-05-01
O0425,I,5463.2,14262.2,14285.7,14301.3,14335.3,14374.2,8911.0,8799.0,AMR3,25,96.4,96.4,AMR3,0,0,0.0,0,0,0,1,11.0,1,6.0,56,57.9,43.1,11.0,T-0564,I-02-01,T-0431,I-04-01
O0426,E,5482.1,15489.7,15513.2,15529.4,15568.1,15602.8,10120.7,10007.6,AMR2,25,111.0,111.0,AMR2,0,0,0.0,0,0,0,0,0.0,0,0.0,66,65.5,47.6,0.0,T-0598,E-04-03,T-0396,E-03-01
O0427,J,5505.6,15060.6,15084.1,15099.5,15140.8,15170.1,9664.5,9555.0,AMR2,25,109.6,109.6,AMR2,0,0,0.0,0,0,0,0,0.0,0,0.0,64,63.8,45.7,0.0,T-0586,J-03-01,T-0474,J-01-02
O0428,J,5523.9,14574.1,14597.6,14608.5,14646.1,14676.3,9152.4,9050.2,AMR1,25,98.6,98.6,AMR1,0,0,0.0,0,0,0,0,0.0,0,0.0,68,67.5,34.7,0.0,T-0572,J-02-01,T-0413,J-04-01
O0429,F,5540.3,14587.3,14621.8,14635.4,14678.0,14709.9,9169.6,9047.0,AMR3,25,108.0,108.0,AMR3,0,0,0.0,0,0,0,0,0.0,1,6.0,72,70.7,40.9,11.0,T-0573,F-03-01,T-0352,F-01-01
O0430,G,5565.0,14531.2,14554.7,14565.9,14602.1,14630.9,9065.9,8966.2,AMR2,25,98.3,98.3,AMR2,0,0,0.0,0,0,0,0,0.0,0,0.0,56,57.9,41.8,0.0,T-0571,G-04-03,T-0339,G-05-01
O0431,B,5586.0,14488.0,14511.5,14526.7,14557.4,14587.2,9001.2,8902.0,AMR3,25,94.7,94.7,AMR3,0,0,0.0,0,0,0,1,3.0,0,0.0,56,57.5,38.7,3.0,T-0570,B-03-02,T-0347,B-04-02
O0432,F,5606.6,16091.6,16123.1,16139.0,16183.5,16217.0,10610.4,10485.0,AMR3,25,115.4,115.4,AMR3,0,0,0.0,0,0,0,0,0.0,1,3.0,70,69.1,48.3,8.0,T-0615,F-02-02,T-0425,F-03-02
O0433,I,5628.3,14631.0,14654.5,14668.8,14706.2,14731.0,9102.7,9002.7,AMR2,25,97.0,97.0,AMR2,0,0,0.0,0,0,0,0,0.0,0,0.0,54,56.3,43.7,0.0,T-0574,I-04-01,T-0434,I-03-01
O0434,G,5649.7,14805.8,14840.3,14854.9,14890.0,14918.5,9268.8,9156.1,AMR3,25,102.4,102.4,AMR3,0,0,0.0,0,0,0,0,0.0,1,6.0,54,55.8,45.9,11.0,T-0579,G-05-01,T-0341,G-06-01
O0435,F,5668.3,16419.5,16443.0,16458.7,16505.8,16538.3,10870.0,10751.2,AMR3,25,115.2,115.2,AMR3,0,0,0.0,0,0,0,0,0.0,0,0.0,72,70.7,48.1,0.0,T-0624,F-05-02,T-0456,F-02-03
O0436,D,5685.1,14731.1,14757.6,14773.6,14807.6,14842.8,9157.7,9046.0,AMR2,25,97.2,97.2,AMR2,0,0,0.0,0,0,0,1,10.0,1,5.0,52,54.3,44.4,13.0,T-0577,D-03-02,T-0448,D-02-02
O0437,H,5709.6,14710.0,14733.5,14745.3,14780.2,14805.7,9096.1,9000.4,AMR3,25,93.8,93.8,AMR3,0,0,0.0,0,0,0,0,0.0,0,0.0,52,54.7,41.0,0.0,T-0576,H-04-01,T-0481,H-05-01
O0438,C,5726.9,15086.6,15110.1,15126.0,15161.4,15192.4,9465.5,9359.7,AMR1,25,103.4,103.4,AMR1,0,0,0.0,0,0,0,0,0.0,0,0.0,52,54.7,51.1,0.0,T-0587,C-01-01,T-0483,C-04-01
O0439,B,5742.6,14792.5,14816.0,14829.2,14865.3,14895.9,9153.3,9049.9,AMR1,25,98.3,98.3,AMR1,0,0,0.0,0,0,0,0,0.0,0,0.0,60,61.1,42.3,0.0,T-0578,B-04-02,T-0362,B-01-03
O0440,I,5765.4,14918.6,14943.1,14959.1,14995.4,15023.8,9258.4,9153.2,AMR3,25,99.0,99.0,AMR3,0,0,0.0,0,0,0,0,0.0,0,0.0,56,58.5,45.7,1.0,T-0582,I-03-01,T-0437,I-05-01
O0441,J,5787.0,14953.3,14976.8,14988.3,15028.7,15060.5,9273.5,9166.3,AMR2,25,105.2,105.2,AMR2,0,0,0.0,0,0,0,0,0.0,0,0.0,66,65.9,41.3,0.0,T-0583,J-06-01,T-0449,J-03-01
O0442,C,5807.9,14896.0,14919.5,14935.0,14964.4,14991.3,9183.4,9088.1,AMR1,25,93.8,93.8,AMR1,0,0,0.0,0,0,0,0,0.0,0,0.0,52,53.8,41.5,0.0,T-0581,C-04-03,T-0480,C-01-01
O0443,J,5824.8,15329.1,15357.6,15368.9,15409.1,15443.5,9618.7,9504.3,AMR3,25,105.8,105.8,AMR3,0,0,0.0,0,0,0,0,0.0,0,0.0,68,67.5,41.9,5.0,T-0594,J-02-02,T-0511,J-05-01
O0444,A,5847.0,15620.4,15650.9,15665.1,15703.4,15738.3,9891.3,9773.4,AMR1,25,107.2,107.2,AMR1,0,0,0.0,0,0,0,0,0.0,1,2.0,72,70.3,40.6,7.0,T-0602,A-06-02,T-0250,A-01-03
O0445,D,5865.6,14991.4,15014.9,15025.9,15057.8,15086.5,9220.9,9125.8,AMR1,25,90.0,90.0,AMR1,0,0,0.0,0,0,0,0,0.0,0,0.0,56,57.9,37.2,0.0,T-0584,D-02-02,T-0454,D-02-01
O0446,H,5886.7,15023.9,15047.4,15058.1,15092.5,15117.7,9231.0,9137.2,AMR3,25,92.4,92.4,AMR3,0,0,0.0,0,0,0,0,0.0,0,0.0,52,54.2,39.6,0.0,T-0585,H-05-01,T-0496,H-02-02
O0447,E,5907.1,15192.5,15218.0,15230.2,15268.8,15305.1,9398.0,9285.4,AMR1,25,102.9,102.9,AMR1,0,0,0.0,0,0,0,1,4.0,0,0.0,68,67.1,39.5,6.0,T-0590,E-01-01,T-0382,E-04-03
O0448,D,5931.1,15117.8,15141.3,15155.7,15189.5,15221.7,9290.6,9186.7,AMR3,25,99.2,99.2,AMR3,0,0,0.0,0,0,0,0,0.0,0,0.0,56,57.5,46.4,0.0,T-0588,D-02-01,T-0457,D-04-02
O0449,J,5952.9,15415.2,15445.7,15456.2,15494.1,15526.0,9573.1,9462.3,AMR1,25,101.8,101.8,AMR1,0,0,0.0,0,0,0,0,0.0,1,2.0,66,65.9,37.9,7.0,T-0596,J-05-01,T-0523,J-03-02
O0450,E,5972.5,15758.5,15786.0,15802.2,15837.4,15877.7,9905.2,9786.0,AMR3,25,106.5,106.5,AMR3,0,0,0.0,0,0,0,1,5.0,0,0.0,68,67.1,43.1,9.0,T-0606,E-03-01,T-0418,E-04-01
O0451,G,5992.5,15221.8,15245.3,15256.2,15299.0,15329.0,9336.5,9229.3,AMR3,25,102.6,102.6,AMR3,0,0,0.0,0,0,0,0,0.0,0,0.0,60,61.1,46.1,0.0,T-0591,G-06-01,T-0345,G-01-01
O0452,J,6015.7,15892.0,15926.5,15941.1,15980.7,16013.7,9998.0,9876.3,AMR2,25,107.0,107.0,AMR2,0,0,0.0,0,0,0,0,0.0,1,6.0,68,67.6,43.1,11.0,T-0610,J-03-02,T-0545,J-04-02
O0453,A,6039.4,16775.0,16798.5,16813.4,16856.5,16888.9,10849.5,10735.6,AMR2,25,113.4,113.4,AMR2,0,0,0.0,0,0,0,0,0.0,0,0.0,68,67.1,46.8,0.0,T-0634,A-03-03,T-0363,A-04-03
O0454,I,6063.2,15305.2,15333.7,15345.8,15384.0,15415.1,9351.9,9242.0,AMR1,25,95.7,95.7,AMR1,0,0,0.0,0,0,0,1,3.0,0,0.0,58,59.5,42.4,8.0,T-0593,I-05-01,T-0450,I-06-01
O0455,I,6085.3,15547.1,15573.6,15586.7,15621.7,15655.2,9569.9,9461.8,AMR3,25,97.7,97.7,AMR3,0,0,0.0,0,0,0,1,6.0,1,1.0,52,54.7,44.4,9.0,T-0600,I-06-01,T-0473,I-01-02
O0456,C,6103.1,15398.4,15421.9,15433.3,15464.3,15489.6,9386.5,9295.3,AMR2,25,89.2,89.2,AMR2,0,0,0.0,0,0,0,0,0.0,0,0.0,52,54.3,36.9,0.0,T-0595,C-04-01,T-0487,C-05-01
O0457,I,6122.6,15655.3,15678.8,15693.1,15730.6,15758.4,9635.8,9532.7,AMR3,25,102.2,102.2,AMR3,0,0,0.0,0,0,0,0,0.0,0,0.0,52,54.2,48.9,0.0,T-0603,I-01-02,T-0476,I-02-02
O0458,B,6145.9,15443.6,15470.1,15481.7,15515.2,15547.0,9401.1,9297.7,AMR3,25,95.7,95.7,AMR3,0,0,0.0,0,0,0,0,0.0,0,0.0,60,60.7,39.7,3.0,T-0597,B-01-03,T-0390,B-02-03
O0459,F,6169.1,15854.4,15877.9,15890.5,15926.9,15956.6,9787.5,9685.3,AMR1,25,103.9,103.9,AMR1,0,0,0.0,0,0,0,0,0.0,0,0.0,66,65.4,36.8,0.0,T-0608,F-05-01,T-0402,F-06-01
O0460,G,6188.3,15526.1,15549.6,15560.5,15592.1,15620.3,9432.0,9337.8,AMR1,25,91.2,91.2,AMR1,0,0,0.0,0,0,0,0,0.0,0,0.0,58,59.5,34.7,0.0,T-0599,G-01-01,T-0360,G-03-01
O0461,G,6207.0,15602.9,15626.4,15642.6,15677.0,15705.5,9498.5,9395.9,AMR2,25,98.0,98.0,AMR2,0,0,0.0,0,0,0,0,0.0,0,0.0,60,61.1,41.5,0.0,T-0601,G-03-01,T-0386,G-01-02
O0462,A,6225.8,16347.7,16371.2,16384.8,16425.4,16460.6,10234.8,10121.9,AMR2,25,109.2,109.2,AMR2,0,0,0.0,0,0,0,0,0.0,0,0.0,72,70.3,42.6,0.0,T-0622,A-01-03,T-0275,A-02-03
O0463,F,6250.1,16236.7,16264.2,16275.5,16315.8,16347.6,10097.5,9986.6,AMR2,25,106.5,106.5,AMR2,0,0,0.0,0,0,0,0,0.0,0,0.0,68,67.5,39.4,4.0,T-0619,F-03-02,T-0447,F-05-02
O0464,E,6266.4,15877.8,15902.3,15914.4,15949.6,15982.2,9715.8,9611.4,AMR3,25,103.4,103.4,AMR3,0,0,0.0,0,0,0,0,0.0,0,0.0,64,63.4,40.0,1.0,T-0609,E-04-01,T-0436,E-01-02
O0465,C,6288.4,15705.6,15729.1,15740.9,15771.6,15800.0,9511.6,9417.2,AMR2,25,91.7,91.7,AMR2,0,0,0.0,0,0,0,0,0.0,0,0.0,54,55.0,39.4,0.0,T-0604,C-05-01,T-0490,C-03-01
O0466,J,6308.1,16178.6,16202.1,16212.6,16256.7,16287.9,9979.8,9870.5,AMR1,25,105.7,105.7,AMR1,0,0,0.0,0,0,0,0,0.0,0,0.0,68,67.5,41.8,0.0,T-0617,J-04-02,T-0548,J-05-02
O0467,A,6332.1,16660.2,16687.7,16701.4,16739.8,16774.9,10442.8,10328.1,AMR2,25,108.6,108.6,AMR2,0,0,0.0,0,0,0,0,0.0,0,0.0,70,68.7,42.0,4.0,T-0631,A-02-03,T-0290,A-03-03
O0468,C,6349.3,15800.1,15823.6,15838.8,15868.0,15891.9,9542.6,9450.8,AMR2,25,91.9,91.9,AMR2,0,0,0.0,0,0,0,0,0.0,0,0.0,50,52.2,39.6,0.0,T-0607,C-03-01,T-0492,C-06-01
O0469,J,6373.7,16640.3,16663.8,16677.4,16716.4,16748.4,10374.7,10266.6,AMR3,25,108.2,108.2,AMR3,0,0,0.0,0,0,0,0,0.0,0,0.0,64,63.8,44.3,0.0,T-0630,J-05-02,T-0552,J-02-03
O0470,E,6392.9,16075.6,16099.1,16110.8,16146.1,16178.5,9785.6,9682.7,AMR1,25,99.2,99.2,AMR1,0,0,0.0,0,0,0,0,0.0,0,0.0,68,67.1,35.8,0.0,T-0614,E-01-02,T-0458,E-04-02
O0471,A,6410.9,17297.1,17320.6,17335.4,17377.4,17413.9,11003.0,10886.2,AMR2,25,114.7,114.7,AMR2,0,0,0.0,0,0,0,0,0.0,0,0.0,70,68.7,48.1,0.0,T-0649,A-02-01,T-0427,A-03-01
O0472,J,6430.1,16844.8,16868.3,16881.3,16924.0,16956.7,10526.6,10414.7,AMR3,25,109.9,109.9,AMR3,0,0,0.0,0,0,0,0,0.0,0,0.0,66,65.9,46.0,0.0,T-0636,J-02-03,T-0555,J-03-03
O0473,H,6445.8,15982.3,16005.8,16019.9,16054.4,16091.5,9645.7,9536.5,AMR3,25,97.3,97.3,AMR3,0,0,0.0,0,0,0,1,10.0,1,5.0,52,54.7,44.5,10.0,T-0612,H-02-02,T-0499,H-04-02
O0474,I,6466.1,16013.8,16037.3,16049.6,16084.5,16112.7,9646.6,9547.7,AMR2,25,93.4,93.4,AMR2,0,0,0.0,0,0,0,1,2.5,0,0.0,54,56.3,40.1,2.5,T-0613,I-02-02,T-0498,I-03-02
O0475,C,6483.6,16112.8,16147.3,16158.4,16192.2,16236.6,9753.0,9629.2,AMR2,25,97.3,97.3,AMR2,0,0,0.0,0,0,0,1,14.0,2,15.0,52,53.8,45.0,25.0,T-0616,C-06-01,T-0495,C-01-02
O0476,J,6502.8,17156.7,17180.2,17194.0,17237.4,17269.2,10766.4,10653.9,AMR3,25,112.6,112.6,AMR3,0,0,0.0,0,0,0,0,0.0,0,0.0,64,63.8,48.7,0.0,T-0645,J-03-03,T-0560,J-01-03
O0477,G,6520.3,16486.1,16509.6,16524.8,16563.9,16592.2,10071.9,9965.8,AMR1,25,103.1,103.1,AMR1,0,0,0.0,0,0,0,0,0.0,0,0.0,58,59.5,46.6,0.0,T-0626,G-04-01,T-0429,G-03-02
O0478,B,6541.9,16386.3,16409.8,16424.8,16457.7,16486.0,9944.1,9844.4,AMR1,25,100.3,100.3,AMR1,0,0,0.0,0,0,0,0,0.0,0,0.0,54,55.4,44.3,0.0,T-0623,B-05-02,T-0415,B-06-02
O0479,B,6566.6,16217.1,16240.6,16255.0,16287.7,16317.5,9750.9,9650.5,AMR3,25,98.9,98.9,AMR3,0,0,0.0,0,0,0,0,0.0,0,0.0,56,57.5,42.9,0.0,T-0618,B-02-03,T-0404,B-05-02
O0480,I,6587.1,16317.6,16341.1,16355.5,16388.7,16419.4,9832.3,9730.5,AMR3,25,96.7,96.7,AMR3,0,0,0.0,0,0,0,0,0.0,0,0.0,56,58.4,43.4,0.0,T-0621,I-03-02,T-0508,I-05-02
O0481,H,6602.3,16288.0,16311.5,16325.8,16362.7,16386.2,9783.9,9685.7,AMR1,25,96.3,96.3,AMR1,0,0,0.0,0,0,0,0,0.0,0,0.0,52,54.7,43.5,0.0,T-0620,H-04-02,T-0505,H-05-02
O0482,F,6623.6,17185.9,17209.4,17224.6,17264.5,17297.0,10673.4,10562.3,AMR2,25,112.8,112.8,AMR2,0,0,0.0,0,0,0,0,0.0,0,0.0,66,65.4,45.7,0.0,T-0646,F-04-02,T-0468,F-06-02
O0483,F,6646.1,16906.0,16936.5,16947.7,16988.3,17021.3,10375.2,10259.9,AMR1,25,107.9,107.9,AMR1,0,0,0.0,0,0,0,0,0.0,1,2.0,68,67.5,40.8,7.0,T-0638,F-02-03,T-0459,F-04-02
O0484,B,6664.6,16538.4,16561.9,16573.4,16610.5,16640.2,9975.6,9873.8,AMR3,25,98.7,98.7,AMR3,0,0,0.0,0,0,0,0,0.0,0,0.0,58,59.1,42.7,0.0,T-0627,B-06-02,T-0419,B-03-01
O0485,F,6686.9,17427.8,17461.3,17477.1,17519.2,17554.0,10867.1,10740.9,AMR1,25,112.6,112.6,AMR1,0,0,0.0,0,0,0,0,0.0,1,5.0,72,70.7,45.5,10.0,T-0653,F-03-03,T-0503,F-01-02
O0486,I,6702.4,16460.7,16484.2,16497.8,16531.0,16562.4,9860.0,9758.3,AMR2,25,95.5,95.5,AMR2,0,0,0.0,0,0,0,0,0.0,0,0.0,58,59.5,42.2,0.0,T-0625,I-05-02,T-0517,I-06-02
O0487,C,6725.5,16562.5,16586.0,16601.1,16630.5,16660.1,9934.6,9837.0,AMR2,25,96.1,96.1,AMR2,0,0,0.0,0,0,0,0,0.0,0,0.0,52,53.8,43.8,0.0,T-0628,C-01-02,T-0497,C-02-02
O0488,H,6745.1,16592.3,16615.8,16631.1,16667.6,16696.2,9951.1,9847.2,AMR1,25,100.4,100.4,AMR1,0,0,0.0,0,0,0,0,0.0,0,0.0,54,56.3,47.6,0.0,T-0629,H-05-02,T-0507,H-03-01
O0489,C,6762.0,16792.5,16823.0,16838.6,16873.3,16905.9,10143.9,10030.5,AMR1,25,96.7,96.7,AMR1,0,0,0.0,0,0,0,1,7.0,2,4.0,54,55.0,44.4,14.0,T-0635,C-02-02,T-0500,C-03-02
O0490,H,6784.1,16748.5,16772.0,16785.2,16819.2,16844.7,10060.6,9964.4,AMR3,25,92.7,92.7,AMR3,0,0,0.0,0,0,0,0,0.0,0,0.0,54,56.3,39.9,0.0,T-0633,H-03-01,T-0510,H-03-02
O0491,A,6802.1,17217.4,17240.9,17252.7,17290.4,17327.4,10525.3,10415.3,AMR1,25,106.3,106.3,AMR1,0,0,0.0,0,0,0,0,0.0,0,0.0,72,70.3,39.7,0.0,T-0647,A-04-03,T-0377,A-02-01
O0492,F,6825.9,17764.3,17787.8,17801.3,17846.1,17880.4,11054.5,10938.4,AMR1,25,115.7,115.7,AMR1,0,0,0.0,0,0,0,0,0.0,0,0.0,68,67.5,48.6,0.0,T-0662,F-01-03,T-0557,F-04-01
O0493,I,6846.1,16696.3,16719.8,16733.9,16767.2,16792.4,9946.3,9850.2,AMR1,25,91.5,91.5,AMR1,0,0,0.0,0,0,0,0,0.0,0,0.0,56,57.9,38.2,0.0,T-0632,I-06-02,T-0521,I-04-02
O0494,D,6863.6,16956.8,16980.3,16996.6,17029.8,17055.9,10192.3,10093.2,AMR3,25,97.6,97.6,AMR3,0,0,0.0,0,0,0,0,0.0,0,0.0,52,54.3,44.8,0.0,T-0639,D-04-02,T-0460,D-01-03
O0495,A,6882.2,17475.0,17498.5,17509.8,17549.9,17586.4,10704.2,10592.8,AMR3,25,110.9,110.9,AMR3,0,0,0.0,0,0,0,0,0.0,0,0.0,68,67.1,44.3,0.0,T-0654,A-03-01,T-0430,A-05-01
O0496,F,6899.9,17269.3,17292.8,17304.8,17346.3,17380.8,10480.9,10369.4,AMR3,25,109.5,109.5,AMR3,0,0,0.0,0,0,0,0,0.0,0,0.0,70,69.1,42.4,0.0,T-0648,F-06-02,T-0478,F-03-03
O0497,H,6923.8,16889.0,16912.5,16928.4,16958.1,16981.9,10058.1,9965.2,AMR2,25,93.1,93.1,AMR2,0,0,0.0,0,0,0,0,0.0,0,0.0,50,52.6,40.3,0.0,T-0637,H-03-02,T-0514,H-06-02
O0498,C,6942.2,17115.8,17139.3,17153.6,17185.8,17217.3,10275.1,10173.6,AMR1,25,99.0,99.0,AMR1,0,0,0.0,0,0,0,1,1.0,0,0.0,52,53.8,46.7,1.0,T-0644,C-05-02,T-0506,C-02-03
O0499,F,6964.1,17647.3,17670.8,17681.5,17729.0,17764.2,10800.1,10683.2,AMR1,25,113.3,113.3,AMR1,0,0,0.0,0,0,0,0,0.0,0,0.0,72,70.7,46.2,0.0,T-0659,F-01-02,T-0547,F-01-03
O0500,B,6981.8,16982.0,17005.5,17018.2,17054.0,17082.3,10100.5,10000.2,AMR2,25,97.2,97.2,AMR2,0,0,0.0,0,0,0,0,0.0,0,0.0,58,59.1,41.2,0.0,T-0640,B-03-01,T-0422,B-03-03
O0501,G,7001.0,17082.4,17105.9,17117.6,17154.7,17185.8,10184.8,10081.4,AMR2,25,98.7,98.7,AMR2,0,0,0.0,0,0,0,0,0.0,0,0.0,60,61.2,42.2,0.0,T-0643,G-03-02,T-0435,G-02-02
O0502,C,7026.0,17021.4,17044.9,17060.6,17090.4,17115.7,10089.7,9995.4,AMR1,25,92.3,92.3,AMR1,0,0,0.0,0,0,0,0,0.0,0,0.0,52,54.3,40.0,0.0,T-0641,C-03-02,T-0502,C-05-02
O0503,B,7043.9,17056.0,17079.5,17093.0,17126.4,17156.6,10112.7,10012.1,AMR3,25,97.6,97.6,AMR3,0,0,0.0,0,0,0,1,1.5,0,0.0,56,57.5,41.6,1.5,T-0642,B-03-03,T-0484,B-04-03
O0504,E,7062.2,17697.8,17721.3,17737.3,17776.6,17807.2,10745.0,10635.6,AMR3,25,108.4,108.4,AMR3,0,0,0.0,0,0,0,0,0.0,0,0.0,64,64.4,45.0,0.0,T-0660,E-05-01,T-0469,E-02-02
O0505,G,7081.6,17327.5,17351.0,17362.5,17398.1,17427.7,10346.1,10245.9,AMR1,25,94.8,94.8,AMR1,0,0,0.0,0,0,0,1,4.0,0,0.0,56,57.9,38.3,4.0,T-0650,G-02-02,T-0440,G-04-02
O0506,F,7103.5,18783.4,18811.9,18826.3,18870.2,18906.0,11802.5,11679.9,AMR2,25,115.6,115.6,AMR2,0,0,0.0,0,0,0,0,0.0,0,0.0,70,69.1,48.5,5.0,T-0691,F-02-01,T-0573,F-03-01
O0507,F,7119.0,18876.0,18899.5,18915.1,18960.2,18996.0,11877.0,11757.0,AMR3,25,116.4,116.4,AMR3,0,0,0.0,0,0,0,0,0.0,0,0.0,72,70.7,49.3,0.0,T-0693,F-03-01,T-0580,F-01-01
O0508,E,7144.0,17586.5,17611.0,17623.8,17660.5,17697.7,10553.7,10442.5,AMR3,25,106.5,106.5,AMR3,0,0,0.0,0,0,0,0,0.0,0,0.0,68,67.1,43.1,1.0,T-0657,E-04-02,T-0462,E-05-01
O0509,A,7168.8,18465.9,18489.4,18501.0,18543.8,18579.2,11410.4,11297.1,AMR2,25,112.8,112.8,AMR2,0,0,0.0,0,0,0,0,0.0,0,0.0,68,67.1,46.2,0.0,T-0682,A-03-02,T-0501,A-04-01
O0510,G,7190.5,17414.0,17437.5,17451.6,17487.2,17513.3,10322.8,10223.5,AMR2,25,97.9,97.9,AMR2,0,0,0.0,0,0,0,0,0.0,0,0.0,56,57.9,41.4,0.0,T-0652,G-04-02,T-0466,G-05-02
O0511,C,7210.6,17380.9,17404.4,17417.3,17448.5,17474.9,10264.3,10170.3,AMR3,25,92.0,92.0,AMR3,0,0,0.0,0,0,0,0,0.0,0,0.0,52,54.3,39.7,0.0,T-0651,C-02-03,T-0512,C-04-02
O0512,J,7227.0,18296.8,18320.3,18336.1,18379.1,18411.9,11184.9,11069.8,AMR1,25,111.5,111.5,AMR1,0,0,0.0,0,0,0,0,0.0,0,0.0,68,67.5,47.6,0.0,T-0677,J-06-02,T-0566,J-04-03
O0513,A,7249.8,17830.7,17855.2,17871.3,17908.2,17948.4,10698.6,10580.9,AMR2,25,111.0,111.0,AMR2,0,0,0.0,0,0,0,1,2.0,0,0.0,72,70.3,44.4,3.0,T-0664,A-05-01,T-0451,A-01-02
O0514,F,7265.5,17920.8,17944.3,17959.0,18001.0,18030.5,10765.0,10655.3,AMR3,25,109.3,109.3,AMR3,0,0,0.0,0,0,0,0,0.0,0,0.0,68,67.5,42.2,0.0,T-0666,F-04-01,T-0565,F-04-03
O0515,J,7284.3,17611.0,17635.5,17646.9,17686.3,17721.7,10437.4,10326.7,AMR2,25,104.4,104.4,AMR2,0,0,0.0,0,0,0,0,0.0,0,0.0,70,69.2,40.5,1.0,T-0658,J-01-03,T-0563,J-06-02
O0516,H,7305.4,17513.4,17536.9,17549.4,17584.3,17610.9,10305.5,10208.0,AMR2,25,96.1,96.1,AMR2,0,0,0.0,0,0,0,0,0.0,0,0.0,52,54.2,43.3,0.0,T-0655,H-06-02,T-0518,H-01-01
O0517,B,7324.1,17554.1,17577.6,17590.0,17619.5,17647.2,10323.1,10230.0,AMR1,25,93.7,93.7,AMR1,0,0,0.0,0,0,0,0,0.0,0,0.0,54,55.4,37.7,0.0,T-0656,B-04-03,T-0488,B-06-01
O0518,F,7340.5,18440.9,18464.4,18479.9,18520.0,18555.0,11214.5,11100.4,AMR3,25,110.5,110.5,AMR3,0,0,0.0,0,0,0,0,0.0,0,0.0,72,70.7,43.4,0.0,T-0681,F-04-03,T-0568,F-02-01
O0519,E,7358.6,17807.3,17830.8,17846.1,17885.7,17920.7,10562.1,10448.7,AMR3,25,108.7,108.7,AMR3,0,0,0.0,0,0,0,0,0.0,0,0.0,68,68.1,45.3,0.0,T-0663,E-02-02,T-0489,E-05-02
O0520,A,7383.2,17981.3,18004.8,18018.4,18056.9,18093.0,10709.8,10598.1,AMR1,25,109.6,109.6,AMR1,0,0,0.0,0,0,0,0,0.0,0,0.0,70,68.7,43.0,0.0,T-0668,A-01-02,T-0485,A-03-02
O0521,G,7403.2,17721.8,17745.3,17755.8,17793.6,17830.6,10427.4,10318.6,AMR2,25,99.2,99.2,AMR2,0,0,0.0,0,0,0,1,5.0,0,0.0,60,61.1,42.7,5.0,T-0661,G-05-02,T-0479,G-02-01
O0522,E,7419.4,18820.9,18844.4,18857.4,18898.7,18936.8,11517.4,11401.5,AMR1,25,110.6,110.6,AMR1,0,0,0.0,0,0,0,0,0.0,0,0.0,70,68.7,47.2,0.0,T-0692,E-02-03,T-0538,E-06-02
O0523,J,7438.9,18763.9,18787.4,18803.2,18843.2,18875.9,11437.0,11325.0,AMR3,25,111.1,111.1,AMR3,0,0,0.0,0,0,0,0,0.0,0,0.0,64,64.8,47.2,0.0,T-0690,J-04-03,T-0569,J-01-01
O0524,H,7460.8,18030.6,18054.1,18069.9,18108.6,18135.4,10674.6,10569.8,AMR3,25,103.4,103.4,AMR3,0,0,0.0,0,0,0,0,0.0,0,0.0,52,54.2,50.6,0.0,T-0669,H-01-03,T-0532,H-02-03
O0525,B,7477.0,17948.5,17972.0,17983.9,18020.9,18055.4,10578.4,10471.5,AMR2,25,100.2,100.2,AMR2,0,0,0.0,0,0,0,1,2.0,0,0.0,60,60.7,44.2,2.0,T-0667,B-06-01,T-0491,B-01-01
O0526,H,7493.8,17880.5,17904.0,17919.2,17957.3,17981.2,10487.4,10386.7,AMR1,25,99.3,99.3,AMR1,0,0,0.0,0,0,0,0,0.0,0,0.0,52,54.2,46.5,0.0,T-0665,H-01-01,T-0528,H-01-03
O0527,F,7516.9,19206.6,19230.1,19242.6,19286.1,19321.4,11804.5,11689.7,AMR3,25,114.4,114.4,AMR3,0,0,0.0,0,0,0,0,0.0,0,0.0,68,67.5,47.3,0.0,T-0702,F-01-01,T-0608,F-05-01
O0528,B,7535.3,18135.5,18159.0,18171.1,18205.4,18237.9,10702.6,10600.2,AMR3,25,100.9,100.9,AMR3,0,0,0.0,0,0,0,0,0.0,0,0.0,56,57.5,44.9,0.0,T-0672,B-02-01,T-0519,B-04-01
O0529,E,7555.8,18603.8,18627.3,18642.1,18678.6,18715.4,11159.6,11048.0,AMR1,25,107.6,107.6,AMR1,0,0,0.0,0,0,0,1,4.0,0,0.0,64,63.4,44.2,4.0,T-0686,E-05-02,T-0513,E-01-03
O0530,C,7577.9,18191.6,18215.1,18231.3,18268.9,18296.7,10718.8,10613.7,AMR1,25,103.6,103.6,AMR1,0,0,0.0,0,0,0,0,0.0,0,0.0,52,53.8,51.3,0.0,T-0674,C-04-02,T-0516,C-02-01
O0531,B,7598.0,18055.5,18079.0,18093.8,18128.5,18158.4,10560.4,10457.5,AMR2,25,98.2,98.2,AMR2,0,0,0.0,0,0,0,0,0.0,0,0.0,60,60.7,42.2,0.0,T-0670,B-01-01,T-0494,B-02-01
O0532,D,7620.9,18093.1,18116.6,18132.3,18163.3,18191.5,10570.6,10472.2,AMR1,25,96.9,96.9,AMR1,0,0,0.0,0,0,0,0,0.0,0,0.0,52,54.3,44.1,0.0,T-0671,D-01-03,T-0465,D-02-03
O0533,I,7636.1,18238.0,18261.5,18273.2,18309.2,18337.7,10701.6,10601.9,AMR3,25,96.7,96.7,AMR3,0,0,0.0,0,0,0,0,0.0,0,0.0,54,56.3,43.4,0.0,T-0675,I-02-03,T-0526,I-03-03
O0534,I,7654.8,18158.5,18183.0,18194.9,18229.7,18255.2,10600.4,10503.7,AMR2,25,94.7,94.7,AMR2,0,0,0.0,0,0,0,0,0.0,0,0.0,52,54.3,41.4,1.0,T-0673,I-04-02,T-0524,I-02-03
O0535,B,7676.0,18356.6,18385.1,18399.1,18433.7,18465.8,10789.8,10680.6,AMR2,25,102.7,102.7,AMR2,0,0,0.0,0,0,0,0,0.0,0,0.0,56,57.5,46.7,5.0,T-0679,B-04-01,T-0534,B-05-01
O0536,H,7694.1,18255.3,18285.8,18301.8,18334.5,18356.5,10662.4,10561.2,AMR2,25,94.4,94.4,AMR2,0,0,0.0,0,0,0,0,0.0,1,2.0,50,52.6,41.6,7.0,T-0676,H-02-03,T-0535,H-06-01
O0537,G,7713.1,18555.1,18578.6,18594.1,18632.6,18657.5,10944.4,10842.0,AMR3,25,103.1,103.1,AMR3,0,0,0.0,0,0,0,0,0.0,0,0.0,54,55.8,46.6,0.0,T-0684,G-02-01,T-0486,G-06-02
O0538,F,7728.9,19532.1,19555.6,19571.1,19613.8,19650.5,11921.6,11803.2,AMR3,25,114.8,114.8,AMR3,0,0,0.0,0,0,0,0,0.0,0,0.0,72,70.7,47.7,0.0,T-0711,F-06-01,T-0615,F-02-02
O0539,H,7744.6,18337.8,18361.3,18372.2,18411.1,18440.8,10696.2,10593.2,AMR3,25,99.5,99.5,AMR3,0,0,0.0,0,0,0,0,0.0,0,0.0,54,56.3,46.7,0.0,T-0678,H-06-01,T-0541,H-03-03
O0540,C,7764.8,18505.4,18528.9,18544.0,18577.5,18603.7,10838.9,10740.6,AMR1,25,96.8,96.8,AMR1,0,0,0.0,0,0,0,0,0.0,0,0.0,52,53.8,44.5,0.0,T-0683,C-06-02,T-0533,C-01-03
O0541,C,7786.2,18412.0,18435.5,18448.2,18479.9,18505.3,10719.1,10625.8,AMR1,25,93.4,93.4,AMR1,0,0,0.0,0,0,0,0,0.0,0,0.0,50,52.2,41.1,0.0,T-0680,C-02-01,T-0520,C-06-02
O0542,A,7805.5,20485.8,20511.3,20527.4,20569.9,20608.6,12803.1,12680.3,AMR3,25,117.1,117.1,AMR3,0,0,0.0,0,0,0,0,0.0,0,0.0,72,70.3,50.5,2.0,T-0738,A-04-02,T-0592,A-01-01
O0543,E,7825.7,19013.1,19043.6,19059.9,19097.4,19131.0,11305.3,11187.4,AMR2,25,109.5,109.5,AMR2,0,0,0.0,0,0,0,0,0.0,1,2.0,64,64.8,46.1,7.0,T-0697,E-03-03,T-0556,E-02-01
O0544,D,7842.3,18657.6,18681.1,18697.0,18732.2,18763.8,10921.5,10815.3,AMR3,25,101.5,101.5,AMR3,0,0,0.0,0,0,0,0,0.0,0,0.0,56,57.5,48.7,0.0,T-0687,D-02-03,T-0471,D-05-02
O0545,I,7866.8,18579.3,18602.8,18614.2,18648.8,18674.7,10807.9,10712.5,AMR2,25,94.5,94.5,AMR2,0,0,0.0,0,0,0,0,0.0,0,0.0,52,54.2,41.2,0.0,T-0685,I-03-03,T-0531,I-01-03
O0546,E,7890.3,18715.5,18739.0,18749.8,18785.0,18820.8,10930.5,10825.2,AMR1,25,101.3,101.3,AMR1,0,0,0.0,0,0,0,1,4.0,0,0.0,64,63.4,37.9,4.0,T-0689,E-01-03,T-0525,E-02-03
O0547,I,7911.6,18906.1,18929.6,18945.0,18981.7,19013.0,11101.4,10994.5,AMR2,25,102.4,102.4,AMR2,0,0,0.0,0,0,0,2,3.6,0,0.0,52,54.2,49.1,3.6,T-0694,I-04-03,T-0550,I-01-01
O0548,E,7927.9,18936.9,18960.4,18973.0,19008.4,19043.6,11115.7,11009.0,AMR1,25,104.6,104.6,AMR1,0,0,0.0,0,0,0,0,0.0,0,0.0,66,65.5,41.2,0.0,T-0695,E-06-02,T-0551,E-03-03
O0549,I,7948.2,18674.8,18705.3,18716.5,18753.6,18783.3,10835.1,10726.6,AMR2,25,96.3,96.3,AMR2,0,0,0.0,0,0,0,0,0.0,1,2.0,56,58.5,43.0,7.0,T-0688,I-01-03,T-0537,I-04-03
O0550,J,7964.9,19265.3,19288.8,19301.5,19347.2,19380.6,11415.7,11300.4,AMR1,25,110.0,110.0,AMR1,0,0,0.0,0,0,0,0,0.0,0,0.0,70,69.2,46.1,0.0,T-0704,J-04-01,T-0583,J-06-01
O0551,J,7981.6,19043.7,19067.2,19081.9,19121.1,19151.9,11170.3,11062.1,AMR1,25,108.2,108.2,AMR1,0,0,0.0,0,0,0,0,0.0,0,0.0,64,63.9,44.3,0.0,T-0698,J-01-01,T-0572,J-02-01
O0552,F,8005.6,19321.5,19345.0,19356.7,19398.4,19430.7,11425.1,11315.9,AMR3,25,110.9,110.9,AMR3,0,0,0.0,0,0,0,0,0.0,0,0.0,66,65.4,43.8,0.0,T-0705,F-05-01,T-0611,F-06-01
O0553,A,8021.0,20625.4,20655.9,20671.7,20711.4,20745.9,12724.9,12604.4,AMR2,25,115.1,115.1,AMR2,0,0,0.0,0,0,0,0,0.0,1,2.0,66,65.0,48.5,7.0,T-0742,A-01-01,T-0602,A-06-02
O0554,J,8036.5,19482.7,19506.2,19519.7,19560.8,19595.3,11558.8,11446.2,AMR1,25,110.6,110.6,AMR1,0,0,0.0,0,0,0,0,0.0,0,0.0,66,65.9,46.7,0.0,T-0710,J-06-01,T-0586,J-03-01
O0555,J,8058.0,19152.0,19178.5,19190.9,19234.7,19265.2,11207.2,11094.0,AMR1,25,106.6,106.6,AMR1,0,0,0.0,0,0,0,0,0.0,0,0.0,68,67.5,42.7,3.0,T-0701,J-02-01,T-0575,J-04-01
O0556,A,8079.2,19664.4,19697.9,19711.6,19749.4,19786.1,11706.9,11585.2,AMR2,25,111.2,111.2,AMR2,0,0,0.0,0,0,0,0,0.0,1,5.0,68,67.1,44.6,10.0,T-0715,A-06-01,T-0543,A-05-02
O0557,I,8103.1,18996.1,19019.6,19033.3,19073.3,19096.7,10993.6,10893.0,AMR3,25,99.7,99.7,AMR3,0,0,0.0,0,0,0,0,0.0,0,0.0,52,54.2,46.4,0.0,T-0696,I-01-01,T-0564,I-02-01
O0558,E,8124.5,19228.7,19254.2,19268.9,19306.4,19339.3,11214.8,11104.2,AMR2,25,104.5,104.5,AMR2,0,0,0.0,0,0,0,1,2.0,0,0.0,66,65.5,41.1,4.0,T-0703,E-02-01,T-0562,E-03-02
O0559,G,8141.9,19096.8,19120.3,19134.8,19176.4,19206.5,11064.6,10954.9,AMR3,25,105.1,105.1,AMR3,0,0,0.0,0,0,0,0,0.0,0,0.0,60,61.1,48.6,0.0,T-0699,G-06-02,T-0504,G-01-03
O0560,A,8161.5,19339.4,19368.9,19385.1,19422.4,19453.5,11292.0,11177.9,AMR2,25,109.7,109.7,AMR2,0,0,0.0,0,0,0,0,0.0,1,1.0,66,65.0,43.1,6.0,T-0706,A-04-01,T-0530,A-06-01
O0561,H,8180.9,19131.1,19154.6,19166.4,19204.5,19228.6,11047.7,10950.2,AMR2,25,96.1,96.1,AMR2,0,0,0.0,0,0,0,0,0.0,0,0.0,52,54.2,43.3,0.0,T-0700,H-03-03,T-0546,H-01-02
O0562,J,8197.9,19595.4,19618.9,19634.1,19671.7,19705.4,11507.5,11397.5,AMR1,25,107.1,107.1,AMR1,0,0,0.0,0,0,0,1,3.0,0,0.0,64,63.8,43.2,3.0,T-0713,J-03-01,T-0589,J-01-02
O0563,F,8216.0,19705.5,19729.0,19742.3,19782.6,19814.5,11598.5,11489.5,AMR1,25,106.9,106.9,AMR1,0,0,0.0,0,0,0,0,0.0,0,0.0,70,69.2,39.8,0.0,T-0716,F-02-02,T-0619,F-03-02
O0564,F,8240.9,21114.2,21150.7,21164.2,21208.4,21244.4,13003.5,12873.3,AMR3,25,115.2,115.2,AMR3,0,0,0.0,0,0,0,0,0.0,1,8.0,70,69.1,48.1,13.0,T-0756,F-06-02,T-0653,F-03-03
O0565,F,8257.2,19814.6,19838.1,19850.4,19891.2,19925.2,11668.0,11557.4,AMR1,25,110.2,110.2,AMR1,0,0,0.0,0,0,0,0,0.0,0,0.0,68,67.5,43.1,0.0,T-0719,F-03-02,T-0624,F-05-02
O0566,F,8277.8,20051.6,20086.1,20096.5,20140.0,20174.2,11896.4,11773.8,AMR3,25,111.2,111.2,AMR3,0,0,0.0,0,0,0,0,0.0,1,6.0,68,67.5,44.1,11.0,T-0726,F-02-03,T-0646,F-04-02
O0567,E,8297.5,20463.8,20487.3,20500.4,20542.4,20577.7,12280.2,12166.3,AMR1,25,111.8,111.8,AMR1,0,0,0.0,0,0,0,0,0.0,0,0.0,66,65.5,48.4,0.0,T-0737,E-04-03,T-0606,E-03-01
O0568,B,8315.0,19380.7,19404.2,19417.8,19452.0,19482.6,11167.6,11065.7,AMR1,25,97.2,97.2,AMR1,0,0,0.0,0,0,0,0,0.0,0,0.0,60,60.7,41.2,0.0,T-0707,B-05-01,T-0540,B-01-02
O0569,G,8332.9,19430.8,19454.3,19469.2,19502.4,19532.0,11199.1,11097.9,AMR3,25,96.6,96.6,AMR3,0,0,0.0,0,0,0,0,0.0,0,0.0,60,61.1,40.1,0.0,T-0708,G-01-03,T-0522,G-02-03
O0570,C,8352.1,19453.6,19478.1,19490.7,19522.1,19547.6,11195.5,11101.5,AMR2,25,90.3,90.3,AMR2,0,0,0.0,0,0,0,0,0.0,0,0.0,54,55.0,38.0,1.0,T-0709,C-01-03,T-0558,C-03-03
O0571,F,8376.4,19925.3,19949.8,19964.8,20004.1,20039.0,11662.6,11548.9,AMR1,25,109.1,109.1,AMR1,0,0,0.0,0,0,0,0,0.0,0,0.0,72,70.7,42.0,1.0,T-0722,F-05-02,T-0638,F-02-03
O0572,H,8399.0,19547.7,19579.2,19591.4,19630.7,19664.3,11265.3,11148.7,AMR2,25,98.7,98.7,AMR2,0,0,0.0,0,0,0,2,8.5,2,5.0,52,54.2,45.9,16.5,T-0712,H-01-02,T-0549,H-02-01
O0573,E,8418.7,19891.0,19914.5,19928.7,19972.2,20005.0,11586.3,11472.3,AMR2,25,108.7,108.7,AMR2,0,0,0.0,0,0,0,0,0.0,0,0.0,70,68.7,45.3,0.0,T-0721,E-03-02,T-0567,E-06-01
O0574,G,8433.9,19748.7,19772.2,19786.3,19824.3,19853.6,11419.7,11314.8,AMR3,25,101.9,101.9,AMR3,0,0,0.0,0,0,0,0,0.0,0,0.0,58,59.5,45.4,0.0,T-0717,G-02-03,T-0542,G-03-03
O0575,D,8453.5,19650.6,19674.1,19686.0,19718.1,19748.6,11295.1,11197.1,AMR3,25,91.7,91.7,AMR3,0,0,0.0,0,0,0,0,0.0,0,0.0,58,59.1,38.9,0.0,T-0714,D-05-02,T-0475,D-06-02
O0576,A,8474.3,20240.2,20263.7,20278.5,20316.5,20353.9,11879.6,11765.9,AMR1,25,110.0,110.0,AMR1,0,0,0.0,0,0,0,0,0.0,0,0.0,72,70.3,43.4,0.0,T-0731,A-05-02,T-0553,A-02-02
O0577,J,8492.1,20039.1,20062.6,20075.7,20114.4,20147.5,11655.4,11547.0,AMR1,25,108.5,108.5,AMR1,0,0,0.0,0,0,0,0,0.0,0,0.0,64,63.8,44.6,0.0,T-0725,J-01-02,T-0594,J-02-02
O0578,E,8513.9,20174.3,20197.8,20210.6,20247.3,20281.0,11767.1,11660.4,AMR3,25,103.0,103.0,AMR3,0,0,0.0,0,0,0,0,0.0,0,0.0,68,67.1,39.6,0.0,T-0729,E-01-01,T-0598,E-04-03
O0579,B,8529.0,19786.2,19809.7,19823.8,19858.5,19890.9,11361.9,11257.2,AMR2,25,100.0,100.0,AMR2,0,0,0.0,0,0,0,0,0.0,0,0.0,60,60.7,44.0,0.0,T-0718,B-01-02,T-0554,B-02-02
O0580,E,8545.3,20987.9,21011.4,21027.1,21067.6,21103.3,12558.0,12442.6,AMR1,25,111.7,111.7,AMR1,0,0,0.0,0,0,0,0,0.0,0,0.0,68,67.1,48.3,0.0,T-0752,E-03-01,T-0609,E-04-01
O0581,G,8564.0,19853.7,19877.2,19890.2,19923.9,19951.5,11387.5,11289.7,AMR3,25,96.4,96.4,AMR3,0,0,0.0,0,0,0,0,0.0,0,0.0,56,57.9,39.9,0.0,T-0720,G-03-03,T-0571,G-04-03
O0582,A,8579.4,20354.0,20377.5,20392.4,20431.4,20463.7,11884.3,11774.6,AMR1,25,109.2,109.2,AMR1,0,0,0.0,0,0,0,0,0.0,0,0.0,68,67.1,42.6,0.0,T-0734,A-02-02,T-0561,A-04-02
O0583,E,8598.0,20005.1,20028.6,20041.7,20074.9,20105.2,11507.2,11407.1,AMR2,25,100.1,100.1,AMR2,0,0,0.0,0,0,0,0,0.0,0,0.0,64,63.4,36.7,0.0,T-0724,E-06-01,T-0590,E-01-01
O0584,H,8616.9,19951.6,19975.1,19991.3,20026.9,20051.5,11434.6,11334.7,AMR3,25,97.0,97.0,AMR3,0,0,0.0,0,0,0,1,1.0,0,0.0,52,54.7,44.2,1.0,T-0723,H-02-01,T-0559,H-04-03
O0585,J,8634.7,20303.8,20328.3,20341.4,20383.4,20415.7,11781.0,11669.1,AMR2,25,107.3,107.3,AMR2,0,0,0.0,0,0,0,0,0.0,0,0.0,68,67.5,43.4,1.0,T-0733,J-02-02,T-0596,J-05-01
O0586,C,8655.8,20199.8,20223.3,20239.4,20275.7,20303.7,11647.9,11544.0,AMR2,25,102.4,102.4,AMR2,0,0,0.0,0,0,0,0,0.0,0,0.0,52,53.8,50.1,0.0,T-0730,C-04-03,T-0587,C-01-01
O0587,F,8674.8,20840.6,20864.1,20875.0,20918.4,20947.7,12272.9,12165.8,AMR2,25,108.8,108.8,AMR2,0,0,0.0,0,0,0,0,0.0,0,0.0,66,65.4,41.7,0.0,T-0748,F-04-02,T-0648,F-06-02
O0588,C,8699.1,20105.3,20128.8,20139.4,20170.3,20199.7,11500.6,11406.2,AMR2,25,92.4,92.4,AMR2,0,0,0.0,0,0,0,0,0.0,0,0.0,52,54.3,40.1,0.0,T-0727,C-03-03,T-0581,C-04-03
O0589,G,8720.2,20147.6,20171.1,20182.0,20213.2,20240.1,11519.9,11427.4,AMR1,25,91.1,91.1,AMR1,0,0,0.0,0,0,0,0,0.0,0,0.0,56,57.9,34.6,0.0,T-0728,G-04-03,T-0579,G-05-01
O0590,A,8735.6,21056.2,21079.7,21095.1,21135.6,21170.0,12434.4,12320.6,AMR2,25,110.1,110.1,AMR2,0,0,0.0,0,0,0,0,0.0,0,0.0,72,70.3,43.5,0.0,T-0754,A-01-03,T-0631,A-02-03
O0591,H,8757.7,20281.1,20304.6,20318.9,20357.0,20386.0,11628.3,11523.4,AMR3,25,103.0,103.0,AMR3,0,0,0.0,0,0,0,0,0.0,0,0.0,52,54.7,50.2,0.0,T-0732,H-04-03,T-0576,H-04-01
O0592,J,8777.3,20673.9,20697.4,20710.3,20753.5,20783.2,12005.9,11896.6,AMR1,25,105.7,105.7,AMR1,0,0,0.0,0,0,0,0,0.0,0,0.0,68,67.5,41.8,0.0,T-0743,J-04-02,T-0630,J-05-02
O0593,J,8793.7,22495.4,22527.9,22542.5,22586.6,22622.7,13829.0,13701.7,AMR2,25,113.1,113.1,AMR2,0,0,0.0,0,0,0,0,0.0,1,4.0,70,69.1,49.2,9.0,T-0796,J-01-03,T-0677,J-06-02
O0594,J,8810.3,20415.8,20439.3,20452.9,20487.6,20519.3,11709.0,11605.5,AMR2,25,100.5,100.5,AMR2,0,0,0.0,0,0,0,1,1.0,0,0.0,66,65.9,36.6,1.0,T-0736,J-05-01,T-0610,J-03-02
O0595,J,8833.7,20519.4,20542.9,20555.2,20594.7,20625.3,11791.6,11685.7,AMR2,25,101.3,101.3,AMR2,0,0,0.0,0,0,0,1,1.0,0,0.0,68,67.5,37.4,1.0,T-0739,J-03-02,T-0617,J-04-02
O0596,I,8853.8,20386.1,20409.6,20422.7,20459.0,20485.7,11631.9,11532.3,AMR3,25,95.0,95.0,AMR3,0,0,0.0,0,0,0,0,0.0,0,0.0,56,57.9,41.7,0.0,T-0735,I-02-01,T-0574,I-04-01
O0597,J,8873.7,21975.8,22003.3,22016.9,22058.6,22089.9,13216.2,13102.1,AMR2,25,110.2,110.2,AMR2,0,0,0.0,0,0,0,0,0.0,0,0.0,64,63.8,46.3,4.0,T-0781,J-03-03,T-0658,J-01-03
O0598,A,8893.4,21170.1,21193.6,21207.0,21243.8,21279.5,12386.1,12276.7,AMR2,25,107.3,107.3,AMR2,0,0,0.0,0,0,0,0,0.0,0,0.0,70,68.7,40.7,0.0,T-0757,A-02-03,T-0634,A-03-03
O0599,B,8911.8,20807.3,20830.8,20843.3,20882.8,20911.6,11999.8,11895.5,AMR3,25,101.2,101.2,AMR3,0,0,0.0,0,0,0,0,0.0,0,0.0,58,59.1,45.2,0.0,T-0747,B-02-02,T-0570,B-03-02
O0600,A,8932.6,20947.8,20971.3,20986.0,21021.5,21056.1,12123.5,12015.2,AMR2,25,104.6,104.6,AMR2,0,0,0.0,0,0,0,0,0.0,0,0.0,72,70.3,38.0,0.0,T-0751,A-06-02,T-0622,A-01-03
O0601,G,8936.6,20577.8,20601.3,20614.0,20650.2,20673.8,11737.2,11641.2,AMR1,25,96.7,96.7,AMR1,0,0,0.0,0,0,0,0,0.0,0,0.0,54,55.8,40.2,0.0,T-0740,G-05-01,T-0591,G-06-01
O0602,I,8940.6,20608.7,20632.2,20647.1,20683.3,20711.7,11771.1,11668.1,AMR3,25,98.0,98.0,AMR3,0,0,0.0,0,0,0,1,2.0,0,0.0,54,56.3,44.7,2.0,T-0741,I-04-01,T-0582,I-03-01
O0603,F,8945.7,21445.9,21469.4,21483.5,21526.6,21558.7,12613.0,12500.2,AMR3,25,109.2,109.2,AMR3,0,0,0.0,0,0,0,0,0.0,0,0.0,72,70.7,42.1,0.0,T-0765,F-03-03,T-0659,F-01-02
O0604,C,8951.9,20746.0,20769.5,20780.1,20812.3,20840.5,11888.6,11794.1,AMR2,25,92.5,92.5,AMR2,0,0,0.0,0,0,0,0,0.0,0,0.0,52,54.3,40.2,0.0,T-0745,C-01-01,T-0595,C-04-01
O0605,D,8955.0,20711.8,20735.3,20747.1,20777.1,20807.2,11852.2,11756.8,AMR3,25,90.7,90.7,AMR3,0,0,0.0,0,0,0,0,0.0,0,0.0,56,57.5,37.9,0.0,T-0744,D-06-02,T-0482,D-04-03
O0606,I,8960.8,20911.7,20935.2,20946.1,20985.8,21015.5,12054.7,11950.9,AMR3,25,99.2,99.2,AMR3,0,0,0.0,0,0,0,0,0.0,0,0.0,56,57.9,45.9,0.0,T-0750,I-03-01,T-0593,I-05-01
O0607,G,8966.7,20783.3,20806.8,20822.6,20860.8,20887.0,11920.3,11816.6,AMR1,25,99.1,99.1,AMR1,0,0,0.0,0,0,0,0,0.0,0,0.0,60,61.1,42.6,0.0,T-0746,G-06-01,T-0599,G-01-01
O0608,F,8971.9,22929.4,22952.9,22966.4,23009.3,23042.1,14070.2,13957.5,AMR2,25,112.3,112.3,AMR2,0,0,0.0,0,0,0,0,0.0,0,0.0,68,67.5,45.2,0.0,T-0808,F-04-01,T-0681,F-04-03
O0609,F,8976.4,22059.5,22088.0,22101.0,22142.1,22177.0,13200.6,13083.1,AMR3,25,108.9,108.9,AMR3,0,0,0.0,0,0,0,0,0.0,0,0.0,72,70.7,41.8,5.0,T-0783,F-01-02,T-0662,F-01-03
O0610,H,8980.8,20887.1,20910.6,20923.9,20960.9,20987.8,12007.0,11906.3,AMR1,25,98.8,98.8,AMR1,0,0,0.0,0,0,0,0,0.0,0,0.0,52,54.7,46.0,0.0,T-0749,H-04-01,T-0585,H-05-01
O0611,E,8985.8,21609.3,21632.8,21645.1,21683.3,21719.7,12733.9,12623.5,AMR1,25,106.7,106.7,AMR1,0,0,0.0,0,0,0,0,0.0,0,0.0,68,67.1,43.3,0.0,T-0770,E-04-02,T-0660,E-05-01
O0612,E,8989.9,21201.0,21224.5,21235.2,21271.7,21301.2,12311.3,12211.1,AMR1,25,100.2,100.2,AMR1,0,0,0.0,0,0,0,0,0.0,0,0.0,64,63.4,36.8,0.0,T-0758,E-04-01,T-0614,E-01-02
O0613,F,8995.8,22335.5,22359.0,22374.1,22412.7,22445.2,13449.4,13339.7,AMR1,25,109.3,109.3,AMR1,0,0,0.0,0,0,0,0,0.0,0,0.0,68,67.5,42.2,0.0,T-0791,F-01-03,T-0666,F-04-01
O0614,H,9000.7,21015.6,21039.1,21051.9,21090.2,21114.1,12113.4,12014.9,AMR3,25,96.1,96.1,AMR3,0,0,0.0,0,0,0,1,1.0,0,0.0,52,54.2,43.3,1.0,T-0753,H-05-01,T-0612,H-02-02
O0615,F,9004.2,26725.4,26748.9,26763.9,26810.5,26841.0,17836.8,17721.2,AMR3,25,113.6,113.6,AMR3,0,0,0.0,0,0,0,0,0.0,0,0.0,70,69.1,46.5,0.0,T-0918,F-02-02,T-0719,F-03-02
O0616,B,9010.4,21103.4,21126.9,21138.3,21172.1,21200.9,12190.5,12093.0,AMR1,25,96.0,96.0,AMR1,0,0,0.0,0,0,0,0,0.0,0,0.0,56,57.5,40.0,0.0,T-0755,B-03-02,T-0578,B-04-02
O0617,A,9013.6,22369.4,22392.9,22407.6,22443.3,22480.5,13466.9,13355.8,AMR3,25,110.6,110.6,AMR3,0,0,0.0,0,0,0,0,0.0,0,0.0,68,67.1,44.0,0.0,T-0792,A-03-03,T-0647,A-04-03
O0618,J,9020.3,21344.4,21367.9,21378.7,21415.5,21445.8,12425.5,12324.1,AMR3,25,101.5,101.5,AMR3,0,0,0.0,0,0,0,0,0.0,0,0.0,64,63.8,37.6,0.0,T-0762,J-05-02,T-0636,J-02-03
O0619,E,9024.2,21401.8,21427.3,21440.7,21474.3,21509.3,12485.1,12377.6,AMR1,25,101.8,101.8,AMR1,0,0,0.0,0,0,0,0,0.0,0,0.0,68,67.1,38.4,2.0,T-0764,E-01-02,T-0657,E-04-02
O0620,D,9030.0,21244.5,21268.0,21281.3,21313.5,21344.3,12314.3,12214.5,AMR3,25,96.3,96.3,AMR3,0,0,0.0,0,0,0,0,0.0,0,0.0,54,56.3,43.5,0.0,T-0759,D-04-03,T-0509,D-03-03
O0621,B,9033.1,21279.6,21303.1,21315.4,21349.2,21379.4,12346.3,12246.5,AMR2,25,95.1,95.1,AMR2,0,0,0.0,0,0,0,0,0.0,0,0.0,60,60.7,39.1,0.0,T-0760,B-04-02,T-0597,B-01-03
O0622,H,9037.1,21301.3,21326.8,21339.0,21376.0,21401.7,12364.6,12264.2,AMR1,25,96.5,96.5,AMR1,0,0,0.0,0,0,0,0,0.0,0,0.0,52,54.7,43.7,2.0,T-0761,H-02-02,T-0620,H-04-02
O0623,B,9042.0,21379.5,21403.0,21415.5,21448.5,21482.4,12440.4,12337.5,AMR2,25,98.2,98.2,AMR2,0,0,0.0,0,0,0,0,0.0,0,0.0,60,60.7,42.2,0.0,T-0763,B-01-03,T-0618,B-02-03
O0624,B,9048.8,21509.4,21532.9,21546.0,21579.2,21609.2,12560.4,12460.6,AMR1,25,98.3,98.3,AMR1,0,0,0.0,0,0,0,0,0.0,0,0.0,56,57.5,42.3,0.0,T-0767,B-02-03,T-0623,B-05-02
O0625,F,9054.4,23558.3,23581.8,23593.3,23636.8,23673.4,14619.0,14503.9,AMR2,25,111.5,111.5,AMR2,0,0,0.0,0,0,0,0,0.0,0,0.0,72,70.7,44.4,0.0,T-0826,F-04-03,T-0691,F-02-01
O0626,E,9060.0,21931.5,21955.0,21967.2,22006.1,22040.0,12980.0,12871.5,AMR1,25,104.8,104.8,AMR1,0,0,0.0,0,0,0,0,0.0,0,0.0,68,67.1,41.4,0.0,T-0779,E-02-02,T-0686,E-05-02
O0627,C,9064.2,21482.5,21506.0,21517.1,21553.0,21581.3,12517.1,12418.3,AMR2,25,96.8,96.8,AMR2,0,0,0.0,0,0,0,0,0.0,0,0.0,52,54.3,44.5,0.0,T-0766,C-04-01,T-0604,C-05-01
O0628,C,9069.5,21558.8,21582.3,21593.8,21625.3,21652.4,12582.9,12489.3,AMR3,25,90.9,90.9,AMR3,0,0,0.0,0,0,0,0,0.0,0,0.0,54,55.0,38.6,0.0,T-0768,C-05-01,T-0607,C-03-01
O0629,A,9074.1,22480.6,22504.1,22519.5,22555.4,22592.8,13518.7,13406.5,AMR3,25,108.5,108.5,AMR3,0,0,0.0,0,0,0,0,0.0,0,0.0,72,70.3,41.9,0.0,T-0795,A-04-03,T-0649,A-02-01
O0630,H,9080.3,21581.4,21605.9,21620.0,21653.5,21678.7,12598.4,12501.1,AMR2,25,94.4,94.4,AMR2,0,0,0.0,0,0,0,0,0.0,0,0.0,52,54.7,41.6,1.0,T-0769,H-04-02,T-0629,H-05-02
O0631,C,9083.3,21652.5,21676.0,21691.2,21724.8,21751.3,12668.0,12569.2,AMR3,25,98.9,98.9,AMR3,0,0,0.0,0,0,0,0,0.0,0,0.0,50,52.2,46.6,0.0,T-0771,C-03-01,T-0616,C-06-01
O0632,G,9087.5,21824.3,21847.8,21861.0,21901.8,21931.4,12843.9,12736.8,AMR1,25,102.5,102.5,AMR1,0,0,0.0,0,0,0,0,0.0,0,0.0,60,61.1,46.0,0.0,T-0776,G-03-01,T-0605,G-01-02
O0633,G,9092.5,21678.8,21702.3,21717.9,21752.2,21780.2,12687.7,12586.3,AMR2,25,98.4,98.4,AMR2,0,0,0.0,0,0,0,0,0.0,0,0.0,58,59.5,41.9,0.0,T-0772,G-01-01,T-0601,G-03-01
O0634,E,9096.5,21719.8,21743.3,21757.2,21793.3,21824.2,12727.7,12623.3,AMR1,25,104.4,104.4,AMR1,0,0,0.0,0,0,0,0,0.0,0,0.0,64,63.4,41.0,0.0,T-0773,E-05-01,T-0663,E-02-02
O0635,J,9102.5,21751.4,21774.9,21786.8,21825.8,21854.9,12752.4,12648.9,AMR3,25,101.4,101.4,AMR3,0,0,0.0,0,0,0,0,0.0,0,0.0,66,66.0,37.5,0.0,T-0774,J-02-03,T-0645,J-03-03
O0636,H,9105.5,21780.3,21803.8,21814.9,21850.5,21879.8,12774.3,12674.8,AMR2,25,96.0,96.0,AMR2,0,0,0.0,0,0,0,0,0.0,0,0.0,54,56.3,43.2,0.0,T-0775,H-05-02,T-0633,H-03-01
O0637,I,9111.2,21953.3,21978.8,21994.1,22029.6,22059.4,12948.2,12842.1,AMR3,25,97.9,97.9,AMR3,0,0,0.0,0,0,0,0,0.0,0,0.0,58,59.5,44.6,2.0,T-0780,I-05-01,T-0600,I-06-01
O0638,C,9116.3,21855.0,21878.5,21892.9,21926.4,21953.2,12836.9,12738.7,AMR3,25,96.7,96.7,AMR3,0,0,0.0,0,0,0,0,0.0,0,0.0,52,53.8,44.4,0.0,T-0777,C-06-01,T-0628,C-01-02
O0639,D,9123.2,21879.9,21903.4,21919.5,21948.7,21975.7,12852.5,12756.7,AMR2,25,94.8,94.8,AMR2,0,0,0.0,0,0,0,0,0.0,0,0.0,52,53.8,42.0,0.0,T-0778,D-03-03,T-0515,D-01-01
O0640,H,9127.3,22040.1,22063.6,22076.0,22110.1,22136.9,13009.6,12912.8,AMR1,25,93.3,93.3,AMR1,0,0,0.0,0,0,0,0,0.0,0,0.0,54,56.3,40.5,0.0,T-0782,H-03-01,T-0637,H-03-02
O0641,A,9131.5,24422.2,24445.7,24461.8,24501.0,24535.2,15403.7,15290.7,AMR1,25,112.5,112.5,AMR1,0,0,0.0,0,0,0,0,0.0,0,0.0,68,67.1,45.9,0.0,T-0851,A-02-02,T-0738,A-04-02
O0642,A,9137.1,23835.1,23858.6,23872.5,23914.0,23946.8,14809.7,14698.0,AMR3,25,111.2,111.2,AMR3,0,0,0.0,0,0,0,0,0.0,0,0.0,68,67.1,44.6,0.0,T-0834,A-06-01,T-0731,A-05-02
O0643,H,9141.9,22137.0,22160.5,22172.4,22207.7,22235.1,13093.2,12995.1,AMR1,25,98.3,98.3,AMR1,0,0,0.0,0,0,0,0,0.0,0,0.0,50,52.6,45.5,0.0,T-0785,H-03-02,T-0655,H-06-02
O0644,E,9145.4,23448.0,23471.5,23485.0,23522.8,23558.2,14412.8,14302.6,AMR2,25,110.2,110.2,AMR2,0,0,0.0,0,0,0,0,0.0,0,0.0,64,63.4,46.8,0.0,T-0823,E-01-03,T-0692,E-02-03
O0645,D,9150.9,22090.0,22113.5,22125.5,22160.7,22193.4,13042.5,12939.1,AMR2,25,95.3,95.3,AMR2,0,0,0.0,0,0,0,1,5.0,0,0.0,54,55.9,42.5,5.0,T-0784,D-01-01,T-0527,D-03-01
O0646,G,9154.5,22235.2,22258.7,22273.1,22309.1,22335.4,13180.9,13080.7,AMR1,25,98.8,98.8,AMR1,0,0,0.0,0,0,0,0,0.0,0,0.0,56,57.9,42.3,0.0,T-0788,G-01-02,T-0626,G-04-01
O0647,I,9159.1,22177.1,22200.6,22213.1,22247.3,22277.0,13117.9,13018.0,AMR3,25,97.5,97.5,AMR3,0,0,0.0,0,0,0,1,1.5,0,0.0,52,54.2,44.2,1.5,T-0786,I-06-01,T-0603,I-01-02
O0648,B,9165.4,22193.5,22225.0,22237.6,22267.7,22295.0,13129.6,13028.1,AMR2,25,94.1,94.1,AMR2,0,0,0.0,0,0,0,0,0.0,1,3.0,54,55.4,38.1,8.0,T-0787,B-05-02,T-0627,B-06-02
O0649,A,9171.4,22645.9,22670.4,22685.1,22726.0,22758.3,13586.9,13474.5,AMR1,25,109.3,109.3,AMR1,0,0,0.0,0,0,0,0,0.0,0,0.0,70,68.7,42.7,1.0,T-0800,A-02-01,T-0654,A-03-01
O0650,C,9176.5,22277.1,22300.6,22314.2,22342.5,22369.3,13192.8,13100.6,AMR3,25,90.7,90.7,AMR3,0,0,0.0,0,0,0,0,0.0,0,0.0,52,53.8,38.4,0.0,T-0789,C-01-02,T-0635,C-02-02
O0651,B,9182.8,22295.1,22324.6,22337.7,22371.7,22399.5,13216.7,13112.3,AMR2,25,95.3,95.3,AMR2,0,0,0.0,0,0,0,0,0.0,1,1.0,58,59.1,39.3,6.0,T-0790,B-06-02,T-0640,B-03-01
O0652,I,9188.0,22399.6,22423.1,22436.4,22469.4,22495.3,13307.3,13211.6,AMR2,25,94.8,94.8,AMR2,0,0,0.0,0,0,0,0,0.0,0,0.0,52,54.2,41.5,0.0,T-0793,I-01-02,T-0613,I-02-02
O0653,F,9193.7,24942.2,24965.7,24977.0,25022.7,25058.1,15864.4,15748.5,AMR1,25,112.3,112.3,AMR1,0,0,0.0,0,0,0,0,0.0,0,0.0,72,70.7,45.2,0.0,T-0866,F-03-01,T-0702,F-01-01
O0654,C,9200.3,22592.9,22616.4,22632.2,22667.5,22695.3,13495.0,13392.6,AMR3,25,100.4,100.4,AMR3,0,0,0.0,0,0,0,0,0.0,0,0.0,52,54.3,48.1,0.0,T-0798,C-03-02,T-0644,C-05-02
O0655,C,9203.8,22445.3,22468.8,22484.3,22514.1,22544.1,13340.3,13241.5,AMR1,25,96.1,96.1,AMR1,0,0,0.0,0,0,0,0,0.0,0,0.0,54,55.0,43.8,0.0,T-0794,C-02-02,T-0641,C-03-02
O0656,J,9208.6,22901.8,22925.3,22938.8,22982.9,23012.4,13803.8,13693.2,AMR3,25,107.0,107.0,AMR3,0,0,0.0,0,0,0,0,0.0,0,0.0,68,67.5,43.1,0.0,T-0807,J-06-02,T-0690,J-04-03
O0657,J,9213.2,23042.2,23065.7,23081.6,23124.6,23153.0,13939.8,13829.0,AMR2,25,109.9,109.9,AMR2,0,0,0.0,0,0,0,0,0.0,0,0.0,64,64.8,46.0,0.0,T-0811,J-04-03,T-0698,J-01-01
O0658,H,9218.5,22544.2,22567.7,22580.2,22618.7,22645.8,13427.3,13325.7,AMR1,25,100.2,100.2,AMR1,0,0,0.0,0,0,0,0,0.0,0,0.0,52,54.2,47.4,0.0,T-0797,H-06-02,T-0665,H-01-01
O0659,A,9221.8,22795.0,22818.5,22830.5,22869.5,22901.7,13679.9,13573.2,AMR3,25,106.2,106.2,AMR3,0,0,0.0,0,0,0,0,0.0,0,0.0,68,67.1,39.6,0.0,T-0804,A-03-01,T-0664,A-05-01
O0660,D,9224.9,22622.8,22646.3,22657.8,22695.2,22724.9,13500.0,13397.9,AMR2,25,97.4,97.4,AMR2,0,0,0.0,0,0,0,0,0.0,0,0.0,56,57.5,44.6,0.0,T-0799,D-03-01,T-0529,D-04-01
O0661,F,9231.8,28646.2,28669.7,28682.5,28726.3,28759.4,19527.6,19414.4,AMR2,25,114.9,114.9,AMR2,0,0,0.0,0,0,0,0,0.0,0,0.0,66,65.4,47.8,0.0,T-0973,F-04-02,T-0756,F-06-02
O0662,I,9238.8,22695.4,22718.9,22734.0,22768.3,22794.9,13556.1,13456.6,AMR3,25,95.0,95.0,AMR3,0,0,0.0,0,0,0,1,1.5,0,0.0,54,56.3,41.7,1.5,T-0801,I-02-02,T-0621,I-03-02
O0663,G,9242.1,22725.0,22748.5,22762.2,22803.5,22829.7,13587.6,13482.9,AMR2,25,101.7,101.7,AMR2,0,0,0.0,0,0,0,0,0.0,0,0.0,58,59.5,45.2,0.0,T-0802,G-04-01,T-0643,G-03-02
O0664,D,9247.7,22758.4,22781.9,22794.2,22828.4,22858.7,13611.0,13510.7,AMR1,25,94.0,94.0,AMR1,0,0,0.0,0,0,0,0,0.0,0,0.0,58,59.1,41.2,0.0,T-0803,D-04-01,T-0536,D-06-01
O0665,D,9252.3,22829.8,22853.3,22866.5,22898.4,22929.3,13677.0,13577.5,AMR2,25,92.5,92.5,AMR2,0,0,0.0,0,0,0,0,0.0,0,0.0,60,59.8,39.7,0.0,T-0805,D-06-01,T-0539,D-05-01
O0666,F,9258.3,28124.8,28159.3,28171.6,28217.1,28254.7,18996.4,18866.5,AMR1,25,114.3,114.3,AMR1,0,0,0.0,0,0,0,1,1.0,1,6.0,72,70.7,47.2,12.0,T-0959,F-05-02,T-0726,F-02-03
O0667,I,9264.2,22858.8,22882.3,22893.4,22930.7,22959.6,13695.4,13594.6,AMR1,25,95.6,95.6,AMR1,0,0,0.0,0,0,0,0,0.0,0,0.0,56,58.5,42.3,0.0,T-0806,I-03-02,T-0625,I-05-02
O0668,H,9268.2,22959.7,22983.2,22996.0,23032.8,23059.6,13791.4,13691.5,AMR1,25,98.5,98.5,AMR1,0,0,0.0,0,0,0,0,0.0,0,0.0,52,54.2,45.7,0.0,T-0809,H-01-01,T-0669,H-01-03
O0669,A,9275.0,23504.4,23533.9,23545.7,23583.1,23618.7,14343.7,14229.4,AMR3,25,106.2,106.2,AMR3,0,0,0.0,0,0,0,0,0.0,1,1.0,70,68.7,39.6,6.0,T-0825,A-01-02,T-0682,A-03-02
O0670,C,9281.2,23109.6,23133.1,23148.3,23180.2,23207.8,13926.6,13828.4,AMR3,25,96.2,96.2,AMR3,0,0,0.0,0,0,0,0,0.0,0,0.0,52,54.3,43.9,0.0,T-0813,C-02-03,T-0674,C-04-02
O0671,C,9285.0,23012.5,23036.0,23050.7,23079.5,23109.5,13824.5,13727.5,AMR3,25,95.5,95.5,AMR3,0,0,0.0,0,0,0,0,0.0,0,0.0,52,53.8,43.2,0.0,T-0810,C-05-02,T-0651,C-02-03
O0672,A,9290.4,23724.0,23747.5,23758.7,23800.0,23835.0,14544.6,14433.6,AMR3,25,109.6,109.6,AMR3,0,0,0.0,0,0,0,1,3.0,0,0.0,66,65.0,43.0,3.0,T-0831,A-04-01,T-0715,A-06-01
O0673,D,9296.4,23059.7,23090.2,23100.8,23131.0,23172.6,13876.2,13763.3,AMR1,25,91.9,91.9,AMR1,0,0,0.0,0,0,0,1,13.0,2,10.0,52,53.8,39.1,20.0,T-0812,D-05-01,T-0544,D-01-02
O0674,A,9300.2,23172.7,23200.2,23211.6,23246.5,23281.2,13981.0,13872.5,AMR1,25,100.8,100.8,AMR1,0,0,0.0,0,0,0,0,0.0,0,0.0,72,70.3,34.2,4.0,T-0815,A-05-01,T-0668,A-01-02
O0675,H,9305.3,23153.1,23176.6,23190.4,23225.5,23253.5,13948.2,13847.8,AMR2,25,99.0,99.0,AMR2,0,0,0.0,0,0,0,0,0.0,0,0.0,52,54.2,46.2,0.0,T-0814,H-01-03,T-0676,H-02-03
O0676,E,9310.6,23253.6,23277.1,23290.6,23325.7,23357.3,14046.7,13943.0,AMR2,25,103.7,103.7,AMR2,0,0,0.0,0,0,0,0,0.0,0,0.0,64,63.4,40.3,0.0,T-0817,E-05-02,T-0689,E-01-03
O0677,D,9314.9,23207.9,23231.4,23246.2,23280.6,23311.2,13996.3,13893.0,AMR3,25,100.2,100.2,AMR3,0,0,0.0,0,0,0,0,0.0,0,0.0,54,55.9,47.4,0.0,T-0816,D-01-02,T-0577,D-03-02
O0678,D,9319.0,23281.3,23304.8,23315.9,23347.4,23375.8,14056.8,13962.3,AMR1,25,92.0,92.0,AMR1,0,0,0.0,0,0,0,0,0.0,0,0.0,52,53.8,39.2,1.5,T-0818,D-03-02,T-0584,D-02-02
O0679,C,9324.8,23311.3,23334.8,23349.3,23379.8,23408.9,14084.1,13986.5,AMR3,25,94.1,94.1,AMR3,0,0,0.0,0,0,0,1,2.0,0,0.0,52,53.8,41.8,2.0,T-0819,C-04-02,T-0680,C-02-01
O0680,G,9331.5,23375.9,23405.4,23416.6,23457.1,23486.4,14154.9,14044.4,AMR1,25,99.9,99.9,AMR1,0,0,0.0,0,0,0,0,0.0,1,1.0,60,61.1,43.4,6.0,T-0821,G-03-02,T-0650,G-02-02
O0681,H,9337.3,23357.4,23380.9,23391.3,23424.8,23447.9,14110.6,14020.1,AMR2,25,90.7,90.7,AMR2,0,0,0.0,0,0,0,0,0.0,0,0.0,50,52.6,37.9,0.0,T-0820,H-02-03,T-0678,H-06-01
O0682,D,9341.0,23409.0,23432.5,23447.2,23477.6,23504.3,14163.3,14068.0,AMR3,25,94.3,94.3,AMR3,0,0,0.0,0,0,0,0,0.0,0,0.0,52,53.8,41.5,0.0,T-0822,D-02-02,T-0588,D-02-01
O0683,F,9345.3,23778.1,23801.6,23815.5,23853.7,23885.9,14540.6,14432.8,AMR2,25,105.8,105.8,AMR2,0,0,0.0,0,0,0,0,0.0,0,0.0,70,69.1,38.7,0.0,T-0832,F-02-01,T-0693,F-03-01
O0684,G,9350.5,26236.0,26259.5,26283.0,26325.1,26351.4,17000.9,16885.5,AMR2,25,110.8,110.8,AMR2,0,0,0.0,0,0,0,0,0.0,0,0.0,60,61.1,54.3,0.0,T-0904,G-06-02,T-0708,G-01-03
O0685,D,9354.0,23486.5,23510.0,23525.6,23560.9,23588.5,14234.5,14132.5,AMR1,25,96.8,96.8,AMR1,0,0,0.0,0,0,0,0,0.0,0,0.0,56,58.0,44.0,0.0,T-0824,D-02-01,T-0639,D-04-02
O0686,E,9359.6,23792.4,23825.9,23839.9,23885.1,23917.5,14557.9,14432.8,AMR1,25,109.8,109.8,AMR1,0,0,0.0,0,0,0,0,0.0,1,5.0,70,68.7,46.4,10.0,T-0833,E-02-03,T-0695,E-06-02
O0687,A,9364.8,23588.6,23612.1,23623.3,23661.5,23693.2,14328.4,14223.8,AMR1,25,104.1,104.1,AMR1,0,0,0.0,0,0,0,0,0.0,0,0.0,68,67.1,37.5,0.0,T-0827,A-03-02,T-0706,A-04-01
O0688,A,9369.3,24041.5,24065.0,24075.8,24113.6,24151.8,14782.5,14672.2,AMR3,25,106.6,106.6,AMR3,0,0,0.0,0,0,0,0,0.0,0,0.0,72,70.3,40.0,0.0,T-0840,A-05-02,T-0734,A-02-02
O0689,J,9373.0,23618.8,23642.3,23653.2,23691.8,23723.9,14350.9,14245.8,AMR3,25,105.2,105.2,AMR3,0,0,0.0,0,0,0,0,0.0,0,0.0,64,63.8,41.3,0.0,T-0828,J-01-01,T-0701,J-02-01
O0690,H,9378.3,23673.5,23697.0,23711.1,23750.6,23778.0,14399.7,14295.2,AMR2,25,101.0,101.0,AMR2,0,0,0.0,0,0,0,0,0.0,0,0.0,54,56.3,48.2,0.0,T-0829,H-06-01,T-0700,H-03-03
O0691,D,9385.1,23693.3,23720.8,23732.9,23762.8,23792.3,14407.2,14308.2,AMR1,25,90.0,90.0,AMR1,0,0,0.0,0,0,0,1,4.0,0,0.0,52,53.8,37.2,8.0,T-0830,D-04-02,T-0671,D-01-03
O0692,F,9388.6,29554.4,29577.9,29592.5,29636.2,29670.9,20282.3,20165.8,AMR3,25,116.1,116.1,AMR3,0,0,0.0,0,0,0,0,0.0,0,0.0,68,67.5,49.0,0.0,T-0999,F-01-03,T-0808,F-04-01
O0693,F,9394.4,25416.6,25440.1,25453.9,25494.7,25527.6,16133.2,16022.2,AMR2,25,110.6,110.6,AMR2,0,0,0.0,0,0,0,0,0.0,0,0.0,68,67.5,43.5,0.0,T-0880,F-01-01,T-0705,F-05-01
O0694,F,9399.6,27458.7,27482.2,27506.4,27542.8,27572.5,18172.9,18059.1,AMR3,25,113.4,113.4,AMR3,0,0,0.0,0,0,0,0,0.0,0,0.0,68,67.5,46.3,0.0,T-0939,F-03-02,T-0722,F-05-02
O0695,H,9404.7,23886.0,23909.5,23920.1,23956.8,23983.5,14578.8,14481.3,AMR2,25,96.1,96.1,AMR2,0,0,0.0,0,0,0,0,0.0,0,0.0,52,54.2,43.3,0.0,T-0835,H-03-03,T-0712,H-01-02
O0696,C,9409.7,23917.6,23941.1,23956.9,23984.2,24013.7,14604.0,14507.9,AMR1,25,96.2,96.2,AMR1,0,0,0.0,0,0,0,0,0.0,0,0.0,50,52.2,43.9,0.0,T-0836,C-02-01,T-0683,C-06-02
O0697,B,9414.6,23983.6,24007.1,24019.8,24058.5,24088.4,14673.8,14569.0,AMR2,25,101.7,101.7,AMR2,0,0,0.0,0,0,0,0,0.0,0,0.0,58,59.1,45.7,0.0,T-0838,B-03-01,T-0642,B-03-03
O0698,D,9418.9,23946.9,23970.4,23983.6,24015.4,24041.4,14622.5,14528.0,AMR3,25,93.0,93.0,AMR3,0,0,0.0,0,0,0,0,0.0,0,0.0,52,54.3,40.2,0.0,T-0837,D-01-03,T-0687,D-02-03
O0699,I,9422.5,24191.6,24215.1,24229.8,24267.5,24295.5,14873.0,14769.1,AMR2,25,103.0,103.0,AMR2,0,0,0.0,0,0,0,0,0.0,0,0.0,52,54.2,49.7,0.0,T-0844,I-04-02,T-0675,I-02-03
O0700,I,9426.1,24013.8,24037.3,24048.5,24083.8,24111.9,14685.8,14587.7,AMR1,25,91.9,91.9,AMR1,0,0,0.0,0,0,0,0,0.0,0,0.0,58,59.5,38.6,0.0,T-0839,I-05-02,T-0632,I-06-02
O0701,H,9432.4,24214.3,24238.8,24252.6,24290.0,24318.4,14886.0,14781.9,AMR1,25,101.7,101.7,AMR1,0,0,0.0,0,0,0,0,0.0,0,0.0,52,54.2,48.9,1.0,T-0845,H-01-02,T-0723,H-02-01
O0702,I,9438.5,24088.5,24112.0,24125.5,24164.8,24191.5,14753.0,14650.0,AMR2,25,98.4,98.4,AMR2,0,0,0.0,0,0,0,0,0.0,0,0.0,56,57.9,45.1,0.0,T-0841,I-06-02,T-0673,I-04-02
O0703,B,9442.1,24112.0,24136.5,24148.5,24178.1,24214.2,14772.1,14669.9,AMR1,25,95.7,95.7,AMR1,0,0,0.0,0,0,0,1,4.0,0,0.0,56,57.5,39.7,5.0,T-0842,B-03-03,T-0656,B-04-03
O0704,C,9448.0,24151.9,24175.4,24190.8,24224.1,24250.7,14802.7,14703.9,AMR3,25,97.3,97.3,AMR3,0,0,0.0,0,0,0,0,0.0,0,0.0,52,53.8,45.0,0.0,T-0843,C-06-02,T-0709,C-01-03
O0705,J,9451.1,24353.1,24376.6,24391.2,24431.0,24462.7,15011.6,14902.0,AMR3,25,106.0,106.0,AMR3,0,0,0.0,0,0,0,0,0.0,0,0.0,68,67.5,42.1,0.0,T-0849,J-02-01,T-0704,J-04-01
O0706,D,9457.2,24250.8,24274.3,24287.9,24322.8,24353.0,14895.8,14793.6,AMR3,25,97.0,97.0,AMR3,0,0,0.0,0,0,0,0,0.0,0,0.0,56,58.0,44.2,0.0,T-0846,D-02-03,T-0714,D-05-02
O0707,I,9463.0,24295.6,24319.1,24333.1,24370.9,24395.3,14932.3,14832.6,AMR2,25,96.7,96.7,AMR2,0,0,0.0,0,0,0,0,0.0,0,0.0,54,56.3,43.4,0.0,T-0847,I-02-03,T-0685,I-03-03
O0708,G,9466.3,24318.5,24343.0,24355.5,24394.7,24422.1,14955.8,14852.2,AMR1,25,101.2,101.2,AMR1,0,0,0.0,0,0,0,0,0.0,0,0.0,56,57.9,44.7,1.0,T-0848,G-02-02,T-0652,G-04-02
O0709,I,9471.9,24395.4,24418.9,24434.3,24467.3,24490.4,15018.5,14923.5,AMR2,25,93.6,93.6,AMR2,0,0,0.0,0,0,0,0,0.0,0,0.0,52,54.7,40.3,0.0,T-0850,I-03-03,T-0688,I-01-03
O0710,G,9475.0,24490.5,24514.0,24524.6,24559.6,24588.5,15113.5,15015.5,AMR2,25,96.6,96.6,AMR2,0,0,0.0,0,0,0,0,0.0,0,0.0,56,57.9,40.1,0.0,T-0853,G-04-02,T-0661,G-05-02
O0711,J,9478.0,24656.5,24683.0,24698.3,24737.8,24770.6,15292.6,15178.5,AMR3,25,105.9,105.9,AMR3,0,0,0.0,0,0,0,0,0.0,0,0.0,70,69.1,42.0,3.0,T-0858,J-04-01,T-0710,J-06-01
O0712,A,9484.3,28328.1,28351.6,28366.6,28406.8,28444.7,18960.4,18843.8,AMR2,25,112.9,112.9,AMR2,0,0,0.0,0,0,0,0,0.0,0,0.0,72,70.3,46.3,0.0,T-0964,A-01-03,T-0757,A-02-03
O0713,H,9489.4,24462.8,24486.3,24498.7,24532.4,24556.9,15067.5,14973.4,AMR3,25,92.2,92.2,AMR3,0,0,0.0,0,0,0,0,0.0,0,0.0,52,54.7,39.4,0.0,T-0852,H-02-01,T-0732,H-04-03
O0714,H,9493.4,24557.0,24582.5,24598.8,24632.6,24656.4,15163.0,15063.6,AMR3,25,95.5,95.5,AMR3,0,0,0.0,0,0,0,0,0.0,0,0.0,52,54.7,42.7,2.0,T-0855,H-04-03,T-0749,H-04-01
O0715,D,9498.3,24535.3,24558.8,24571.3,24605.4,24635.2,15136.9,15037.0,AMR1,25,93.6,93.6,AMR1,0,0,0.0,0,0,0,0,0.0,0,0.0,58,59.1,40.8,0.0,T-0854,D-05-02,T-0744,D-06-02
O0716,J,9504.0,24833.1,24856.6,24869.4,24908.4,24942.1,15438.1,15329.1,AMR1,25,107.0,107.0,AMR1,0,0,0.0,0,0,0,0,0.0,0,0.0,66,65.9,43.1,0.0,T-0863,J-06-01,T-0713,J-03-01
O0717,I,9510.0,24588.6,24612.1,24627.7,24667.6,24699.1,15189.1,15078.6,AMR2,25,103.4,103.4,AMR2,0,0,0.0,0,0,0,1,2.5,0,0.0,56,57.9,50.1,2.5,T-0856,I-01-03,T-0694,I-04-03
O0718,C,9515.3,24635.3,24658.8,24673.2,24705.9,24733.7,15218.4,15120.0,AMR1,25,95.7,95.7,AMR1,0,0,0.0,0,0,0,0,0.0,0,0.0,54,55.0,43.4,0.0,T-0857,C-01-03,T-0727,C-03-03
O0719,I,9518.9,24699.2,24722.7,24737.2,24766.9,24793.4,15274.5,15180.3,AMR2,25,93.2,93.2,AMR2,0,0,0.0,0,0,0,0,0.0,0,0.0,52,54.3,39.9,0.0,T-0859,I-04-03,T-0696,I-01-01
O0720,C,9525.1,24733.8,24758.3,24772.2,24804.3,24833.0,15307.9,15208.7,AMR1,25,96.2,96.2,AMR1,0,0,0.0,0,0,0,0,0.0,0,0.0,52,54.3,43.9,1.0,T-0860,C-03-03,T-0730,C-04-03
O0721,I,9531.8,24793.5,24818.0,24840.8,24872.1,24896.9,15365.1,15261.7,AMR2,25,101.0,101.0,AMR2,0,0,0.0,0,0,0,0,0.0,0,0.0,52,54.7,47.7,1.0,T-0862,I-01-01,T-0735,I-02-01
O0722,H,9534.9,24770.7,24794.2,24810.0,24842.8,24867.2,15332.3,15235.8,AMR3,25,94.6,94.6,AMR3,0,0,0.0,0,0,0,0,0.0,0,0.0,52,54.7,41.8,0.0,T-0861,H-04-01,T-0753,H-05-01
O0723,H,9540.2,24867.3,24890.8,24906.2,24942.2,24969.0,15428.8,15327.1,AMR3,25,100.3,100.3,AMR3,0,0,0.0,0,0,0,0,0.0,0,0.0,52,54.2,47.5,0.0,T-0864,H-05-01,T-0761,H-02-02
O0724,I,9547.0,25158.8,25182.3,25198.5,25235.2,25261.7,15714.7,15611.8,AMR1,25,98.3,98.3,AMR1,0,0,0.0,0,0,0,0,0.0,0,0.0,56,57.9,45.0,0.0,T-0872,I-03-01,T-0780,I-05-01
O0725,I,9551.2,24995.4,25018.9,25034.5,25069.2,25095.9,15544.7,15444.2,AMR2,25,95.9,95.9,AMR2,0,0,0.0,0,0,0,0,0.0,0,0.0,56,57.9,42.6,0.0,T-0868,I-02-01,T-0741,I-04-01
O0726,D,9557.8,24897.0,24920.5,24931.3,24967.6,24995.3,15437.5,15339.2,AMR2,25,93.6,93.6,AMR2,0,0,0.0,0,0,0,0,0.0,0,0.0,56,57.5,40.8,0.0,T-0865,D-06-02,T-0759,D-04-03
O0727,H,9563.7,25058.2,25081.7,25098.1,25130.0,25158.7,15595.0,15494.5,AMR1,25,98.6,98.6,AMR1,0,0,0.0,0,0,0,0,0.0,0,0.0,52,54.7,45.8,0.0,T-0869,H-02-02,T-0769,H-04-02
O0728,C,9567.1,24969.1,24992.6,25003.7,25032.4,25076.6,15509.5,15402.0,AMR3,25,92.0,92.0,AMR3,0,0,0.0,0,0,0,1,14.0,1,9.0,52,53.8,39.7,14.0,T-0867,C-04-03,T-0745,C-01-01
O0729,G,9572.5,25096.0,25129.5,25144.4,25185.1,25211.6,15639.1,15523.5,AMR2,25,101.0,101.0,AMR2,0,0,0.0,0,0,0,0,0.0,1,5.0,60,61.1,44.5,10.0,T-0871,G-05-02,T-0684,G-02-01
O0730,H,9579.4,25182.6,25206.1,25221.5,25255.7,25283.1,15703.7,15603.2,AMR3,25,98.6,98.6,AMR3,0,0,0.0,0,0,0,0,0.0,0,0.0,52,54.7,45.8,0.0,T-0873,H-04-02,T-0775,H-05-02
O0731,I,9584.4,25076.7,25105.2,25119.5,25158.0,25182.5,15598.1,15492.3,AMR3,25,97.8,97.8,AMR3,0,0,0.0,0,0,0,0,0.0,0,0.0,54,56.3,44.5,5.0,T-0870,I-04-01,T-0750,I-03-01
O0732,I,9588.1,25384.6,25408.1,25420.9,25453.9,25480.3,15892.2,15796.5,AMR3,25,94.7,94.7,AMR3,0,0,0.0,0,0,0,0,0.0,0,0.0,52,54.3,41.4,0.0,T-0879,I-06-01,T-0793,I-01-02
O0733,D,9594.2,25211.7,25235.2,25246.6,25279.0,25309.5,15715.3,15617.5,AMR2,25,94.7,94.7,AMR2,0,0,0.0,0,0,0,0,0.0,0,0.0,54,55.9,41.9,0.0,T-0874,D-04-03,T-0778,D-03-03
O0734,I,9597.5,25676.8,25703.3,25718.4,25758.4,25784.7,16187.2,16079.3,AMR3,25,99.8,99.8,AMR3,0,0,0.0,0,0,0,0,0.0,0,0.0,56,58.4,46.5,3.0,T-0888,I-03-02,T-0839,I-05-02
O0735,I,9603.6,25261.8,25285.3,25299.7,25332.2,25360.2,15756.6,15658.2,AMR1,25,92.2,92.2,AMR1,0,0,0.0,0,0,0,0,0.0,0,0.0,58,59.5,38.9,0.0,T-0875,I-05-01,T-0786,I-06-01
O0736,H,9608.1,25309.6,25334.1,25349.7,25388.4,25416.5,15808.4,15701.5,AMR2,25,102.4,102.4,AMR2,0,0,0.0,0,0,0,0,0.0,0,0.0,54,56.3,49.6,1.0,T-0877,H-05-02,T-0782,H-03-01
O0737,D,9612.5,25283.2,25309.7,25323.3,25354.2,25384.5,15772.0,15670.7,AMR3,25,97.3,97.3,AMR3,0,0,0.0,0,0,0,0,0.0,0,0.0,52,53.8,44.5,3.0,T-0876,D-03-03,T-0784,D-01-01
O0738,I,9616.3,25576.9,25600.4,25615.3,25652.3,25676.7,16060.4,15960.6,AMR3,25,96.7,96.7,AMR3,0,0,0.0,0,0,0,0,0.0,0,0.0,54,56.4,43.4,0.0,T-0885,I-02-02,T-0806,I-03-02
O0739,C,9619.4,25360.3,25383.8,25394.7,25424.8,25455.6,15836.2,15740.9,AMR1,25,92.6,92.6,AMR1,0,0,0.0,0,0,0,0,0.0,0,0.0,54,55.0,40.3,0.0,T-0878,C-01-01,T-0766,C-04-01
O0740,I,9624.8,25480.4,25503.9,25517.4,25553.0,25576.8,15952.0,15855.6,AMR3,25,95.0,95.0,AMR3,0,0,0.0,0,0,0,0,0.0,0,0.0,52,54.7,41.7,0.0,T-0882,I-01-02,T-0801,I-02-02
O0741,C,9628.9,25756.8,25780.3,25796.2,25830.4,25860.0,16231.1,16127.9,AMR1,25,100.5,100.5,AMR1,0,0,0.0,0,0,0,0,0.0,0,0.0,54,55.0,48.2,0.0,T-0890,C-04-01,T-0768,C-05-01
O0742,B,9635.5,25455.7,25479.2,25491.4,25521.2,25548.7,15913.2,15820.2,AMR1,25,93.6,93.6,AMR1,0,0,0.0,0,0,0,0,0.0,0,0.0,54,55.4,37.6,0.0,T-0881,B-04-03,T-0667,B-06-01
O0743,B,9640.6,25527.7,25551.2,25565.4,25598.7,25629.4,15988.8,15887.1,AMR2,25,97.0,97.0,AMR2,0,0,0.0,0,0,0,0,0.0,0,0.0,60,60.7,41.0,0.0,T-0883,B-06-01,T-0670,B-01-01
O0744,D,9644.7,25548.8,25575.3,25586.5,25620.7,25655.9,16011.2,15904.1,AMR1,25,97.1,97.1,AMR1,0,0,0.0,0,0,0,0,0.0,0,0.0,60,59.8,44.3,3.0,T-0884,D-01-01,T-0799,D-03-01
O0745,H,9648.4,25656.0,25679.5,25690.8,25729.0,25756.7,16108.3,16007.6,AMR1,25,97.2,97.2,AMR1,0,0,0.0,0,0,0,0,0.0,0,0.0,54,56.3,44.4,0.0,T-0887,H-03-01,T-0785,H-03-02
O0746,D,9654.5,25724.9,25748.4,25761.8,25793.0,25823.9,16169.4,16070.4,AMR2,25,90.8,90.8,AMR2,0,0,0.0,0,0,0,0,0.0,0,0.0,58,59.5,38.0,1.5,T-0889,D-04-01,T-0805,D-06-01
O0747,D,9660.0,25629.5,25653.0,25666.4,25697.7,25724.8,16064.8,15969.5,AMR2,25,90.6,90.6,AMR2,0,0,0.0,0,0,0,0,0.0,0,0.0,56,57.5,37.8,0.0,T-0886,D-03-01,T-0803,D-04-01
O0748,I,9663.4,26064.8,26088.3,26103.9,26142.9,26169.7,16506.3,16401.4,AMR1,25,102.5,102.5,AMR1,0,0,0.0,0,0,0,1,1.5,0,0.0,52,54.2,49.2,1.5,T-0899,I-04-02,T-0847,I-02-03
O0749,H,9669.8,25784.8,25808.3,25822.3,25860.6,25885.2,16215.4,16115.0,AMR3,25,100.6,100.6,AMR3,0,0,0.0,0,0,0,0,0.0,0,0.0,50,52.6,47.8,0.0,T-0891,H-03-02,T-0797,H-06-02
O0750,J,9674.1,26091.7,26115.2,26127.2,26165.3,26196.8,16522.7,16417.6,AMR3,25,105.2,105.2,AMR3,0,0,0.0,0,0,0,0,0.0,0,0.0,64,63.8,41.3,0.0,T-0900,J-03-01,T-0725,J-01-02
O0751,D,9677.7,25885.3,25908.8,25920.4,25958.7,25991.2,16313.5,16207.6,AMR3,25,101.2,101.2,AMR3,0,0,0.0,0,0,0,0,0.0,0,0.0,56,57.5,48.4,0.0,T-0894,D-06-01,T-0812,D-05-01
O0752,E,9681.9,25924.0,25947.5,25963.2,25997.3,26029.9,16348.0,16242.1,AMR2,25,103.8,103.8,AMR2,0,0,0.0,0,0,0,0,0.0,0,0.0,66,65.5,40.4,0.0,T-0895,E-06-02,T-0697,E-03-03
O0753,G,9687.9,25824.0,25847.5,25859.9,25895.7,25923.9,16236.0,16136.1,AMR2,25,100.6,100.6,AMR2,0,0,0.0,0,0,0,0,0.0,0,0.0,54,55.8,44.1,0.0,T-0892,G-02-01,T-0699,G-06-02
O0754,I,9692.2,25860.1,25883.6,25894.1,25931.5,25962.4,16270.2,16167.9,AMR1,25,95.0,95.0,AMR1,0,0,0.0,0,0,0,0,0.0,0,0.0,60,60.6,41.7,0.0,T-0893,I-05-02,T-0841,I-06-02
O0755,D,9695.6,25991.3,26014.8,26028.1,26063.1,26091.6,16396.0,16295.7,AMR3,25,99.3,99.3,AMR3,0,0,0.0,0,0,0,0,0.0,0,0.0,52,53.8,46.5,0.0,T-0897,D-05-01,T-0816,D-01-02
O0756,I,9701.7,25962.5,25986.0,25998.2,26036.1,26064.7,16363.0,16260.8,AMR1,25,94.4,94.4,AMR1,0,0,0.0,0,0,0,0,0.0,0,0.0,60,61.1,41.1,0.0,T-0896,I-06-02,T-0844,I-04-02
O0757,J,9705.5,26295.0,26321.5,26335.3,26372.6,26407.2,16701.7,16589.5,AMR3,25,105.3,105.3,AMR3,0,0,0.0,0,0,0,1,4.0,0,0.0,64,63.8,41.4,7.0,T-0906,J-01-02,T-0733,J-02-02
O0758,F,9711.8,26130.2,26153.7,26166.0,26204.1,26235.9,16524.1,16418.4,AMR2,25,107.4,107.4,AMR2,0,0,0.0,0,0,0,0,0.0,0,0.0,66,65.4,40.3,0.0,T-0901,F-05-01,T-0711,F-06-01
O0759,B,9716.8,26030.0,26053.5,26065.3,26100.1,26130.1,16413.3,16313.2,AMR2,25,95.4,95.4,AMR2,0,0,0.0,0,0,0,0,0.0,0,0.0,60,60.7,39.4,0.0,T-0898,B-01-01,T-0672,B-02-01
O0760,F,9722.4,26609.1,26636.6,26650.4,26691.8,26725.3,17002.9,16886.7,AMR3,25,108.6,108.6,AMR3,0,0,0.0,0,0,0,0,0.0,0,0.0,72,70.7,41.5,4.0,T-0915,F-06-01,T-0716,F-02-02
O0761,I,9727.2,26169.8,26193.3,26204.5,26243.4,26273.6,16546.4,16442.6,AMR1,25,96.8,96.8,AMR1,0,0,0.0,0,0,0,1,1.5,0,0.0,56,58.8,43.5,1.5,T-0902,I-02-03,T-0850,I-03-03
O0762,J,9732.3,27001.1,27024.6,27038.7,27078.6,27113.7,17381.4,17268.8,AMR1,25,109.0,109.0,AMR1,0,0,0.0,0,0,0,0,0.0,0,0.0,68,67.5,45.1,0.0,T-0926,J-02-02,T-0736,J-05-01
O0763,E,9737.4,27336.5,27370.0,27385.3,27422.1,27458.6,17721.2,17599.1,AMR3,25,110.0,110.0,AMR3,0,0,0.0,0,0,0,0,0.0,1,5.0,66,65.5,46.6,10.0,T-0936,E-02-01,T-0721,E-03-02
O0764,C,9744.0,26196.9,26220.4,26236.4,26269.5,26294.9,16550.9,16452.9,AMR3,25,95.3,95.3,AMR3,0,0,0.0,0,0,0,0,0.0,0,0.0,54,55.0,43.0,0.0,T-0903,C-05-01,T-0771,C-03-01
O0765,E,9750.1,26480.2,26503.7,26516.9,26555.1,26588.8,16838.7,16730.1,AMR1,25,108.6,108.6,AMR1,0,0,0.0,0,0,0,0,0.0,0,0.0,64,63.4,45.2,0.0,T-0911,E-03-03,T-0703,E-02-01
O0766,I,9755.7,26273.7,26297.2,26309.2,26347.5,26372.7,16617.0,16518.0,AMR1,25,98.1,98.1,AMR1,0,0,0.0,0,0,0,0,0.0,0,0.0,52,54.2,44.8,0.0,T-0905,I-03-03,T-0856,I-01-03
O0767,C,9762.5,26372.8,26399.3,26422.3,26453.7,26480.1,16717.6,16610.3,AMR1,25,104.4,104.4,AMR1,0,0,0.0,0,0,0,0,0.0,0,0.0,50,52.2,52.1,3.0,T-0908,C-03-01,T-0777,C-06-01
O0768,D,9766.6,26351.5,26375.0,26391.0,26429.0,26455.8,16689.2,16584.9,AMR2,25,101.2,101.2,AMR2,0,0,0.0,0,0,0,0,0.0,0,0.0,54,55.9,48.4,0.0,T-0907,D-01-02,T-0818,D-03-02
O0769,D,9771.1,26455.9,26479.4,26491.2,26525.4,26551.0,16779.9,16684.8,AMR2,25,94.1,94.1,AMR2,0,0,0.0,0,0,0,0,0.0,0,0.0,52,53.8,41.3,0.0,T-0910,D-03-02,T-0822,D-02-02
O0770,H,9778.1,26407.3,26430.8,26446.2,26481.6,26507.4,16729.3,16629.2,AMR3,25,98.7,98.7,AMR3,0,0,0.0,0,0,0,0,0.0,0,0.0,52,54.2,45.9,0.0,T-0909,H-06-02,T-0809,H-01-01
O0771,D,9784.8,26644.7,26668.2,26681.7,26715.1,26746.5,16961.7,16859.9,AMR2,25,97.1,97.1,AMR2,0,0,0.0,0,0,0,0,0.0,0,0.0,56,57.5,44.3,0.0,T-0916,D-02-01,T-0830,D-04-02
O0772,D,9789.0,26551.1,26574.6,26586.2,26619.4,26644.6,16855.6,16762.1,AMR2,25,92.0,92.0,AMR2,0,0,0.0,0,0,0,0,0.0,0,0.0,52,54.3,39.2,0.0,T-0913,D-02-02,T-0824,D-02-01
O0773,I,9793.9,26507.5,26531.0,26546.4,26579.7,26609.0,16815.1,16713.6,AMR3,25,96.9,96.9,AMR3,0,0,0.0,0,0,0,0,0.0,0,0.0,56,57.9,43.6,0.0,T-0912,I-01-03,T-0859,I-04-03
O0774,H,9799.7,26682.5,26706.0,26716.8,26753.1,26776.3,16976.6,16882.8,AMR1,25,92.4,92.4,AMR1,0,0,0.0,0,0,0,0,0.0,0,0.0,52,54.2,39.6,0.0,T-0917,H-01-03,T-0820,H-02-03
O0775,H,9806.0,26588.9,26612.4,26625.4,26658.0,26682.4,16876.4,16782.9,AMR1,25,92.1,92.1,AMR1,0,0,0.0,0,0,0,0,0.0,0,0.0,52,54.2,39.3,0.0,T-0914,H-01-01,T-0814,H-01-03
O0776,J,9809.4,28581.3,28604.8,28618.4,28661.7,28691.7,18882.3,18771.9,AMR1,25,110.5,110.5,AMR1,0,0,0.0,0,0,0,0,0.0,0,0.0,64,63.8,46.6,0.0,T-0971,J-03-03,T-0796,J-01-03
O0777,H,9814.5,26863.5,26889.0,26904.2,26937.1,26964.5,17150.0,17049.0,AMR2,25,99.2,99.2,AMR2,0,0,0.0,0,0,0,0,0.0,0,0.0,50,52.6,46.4,2.0,T-0922,H-02-03,T-0829,H-06-01
O0778,I,9819.2,26841.1,26864.6,26880.1,26910.7,26938.5,17119.3,17021.9,AMR3,25,96.5,96.5,AMR3,0,0,0.0,0,0,0,0,0.0,0,0.0,52,54.2,43.2,0.0,T-0921,I-04-03,T-0862,I-01-01
O0779,F,9822.9,28968.5,28992.0,29006.4,29050.7,29084.9,19262.0,19145.6,AMR2,25,112.8,112.8,AMR2,0,0,0.0,0,0,0,0,0.0,0,0.0,72,70.7,45.7,0.0,T-0982,F-03-03,T-0783,F-01-02
O0780,B,9826.0,26746.6,26773.1,26784.3,26817.7,26863.4,17037.4,16920.6,AMR2,25,96.3,96.3,AMR2,0,0,0.0,0,0,0,1,16.0,1,11.0,56,57.5,40.3,19.0,T-0919,B-02-01,T-0679,B-04-01
O0781,D,9831.4,26776.4,26799.9,26814.6,26844.3,26879.6,17048.2,16945.0,AMR1,25,92.8,92.8,AMR1,0,0,0.0,0,0,0,1,9.0,1,4.0,52,54.2,40.0,9.0,T-0920,D-04-02,T-0837,D-01-03
O0782,A,9835.5,26879.7,26913.2,26923.9,26964.9,27001.0,17165.5,17044.2,AMR1,25,107.6,107.6,AMR1,0,0,0.0,0,0,0,0,0.0,1,5.0,72,70.3,41.0,10.0,T-0923,A-04-02,T-0742,A-01-01
O0783,H,9841.7,26938.6,26962.1,26973.5,27011.7,27039.8,17198.1,17096.9,AMR3,25,97.7,97.7,AMR3,0,0,0.0,0,0,0,0,0.0,0,0.0,54,56.3,44.9,0.0,T-0924,H-06-01,T-0835,H-03-03
O0784,I,9845.5,27113.8,27137.3,27151.6,27190.5,27218.6,17373.1,17268.3,AMR1,25,100.2,100.2,AMR1,0,0,0.0,0,0,0,0,0.0,0,0.0,56,57.9,46.9,0.0,T-0929,I-02-01,T-0870,I-04-01
O0785,I,9852.4,26964.6,26988.1,27001.2,27038.1,27063.5,17211.1,17112.2,AMR2,25,98.0,98.0,AMR2,0,0,0.0,0,0,0,0,0.0,0,0.0,52,54.2,44.7,0.0,T-0925,I-01-01,T-0868,I-02-01
O0786,H,9856.9,27039.9,27063.4,27075.0,27106.7,27132.0,17275.1,17183.0,AMR3,25,90.7,90.7,AMR3,0,0,0.0,0,0,0,0,0.0,0,0.0,52,54.2,37.9,0.0,T-0927,H-03-03,T-0845,H-01-02
O0787,J,9862.4,28463.9,28492.4,28505.7,28548.2,28581.2,18718.8,18601.5,AMR1,25,110.3,110.3,AMR1,0,0,0.0,0,0,0,0,0.0,0,0.0,66,65.9,46.4,5.0,T-0968,J-02-03,T-0781,J-03-03
O0788,D,9869.1,27063.6,27087.1,27098.1,27128.1,27155.9,17286.8,17194.5,AMR2,25,90.9,90.9,AMR2,0,0,0.0,0,0,0,0,0.0,0,0.0,52,54.2,38.1,0.0,T-0928,D-01-03,T-0846,D-02-03
O0789,D,9872.5,27218.7,27242.2,27257.3,27290.6,27322.2,17449.7,17346.2,AMR1,25,97.2,97.2,AMR1,0,0,0.0,0,0,0,0,0.0,0,0.0,58,59.1,44.4,0.0,T-0932,D-05-02,T-0865,D-06-02
O0790,I,9878.3,27275.7,27299.2,27314.8,27356.1,27385.4,17507.1,17397.4,AMR2,25,105.2,105.2,AMR2,0,0,0.0,0,0,0,1,1.5,0,0.0,54,56.3,51.9,1.5,T-0934,I-04-01,T-0872,I-03-01
O0791,D,9881.9,27132.1,27161.6,27172.2,27203.6,27237.2,17355.3,17250.2,AMR3,25,90.4,90.4,AMR3,0,0,0.0,0,0,0,1,4.0,1,1.0,56,57.5,37.6,10.0,T-0930,D-02-03,T-0854,D-05-02
O0792,J,9887.4,27156.0,27185.5,27197.7,27237.7,27275.6,17388.2,17268.6,AMR2,25,106.6,106.6,AMR2,0,0,0.0,0,0,0,1,5.0,1,1.0,66,65.9,42.7,11.0,T-0931,J-05-01,T-0739,J-03-02
O0793,D,9892.6,27322.3,27345.8,27360.3,27395.8,27427.6,17535.0,17429.7,AMR1,25,100.2,100.2,AMR1,0,0,0.0,0,0,0,0,0.0,0,0.0,56,57.9,47.4,0.0,T-0935,D-06-02,T-0874,D-04-03
O0794,C,9896.9,27237.3,27265.8,27276.3,27306.3,27336.4,17439.5,17340.4,AMR3,25,88.6,88.6,AMR3,0,0,0.0,0,0,0,1,4.0,0,0.0,52,53.8,36.3,9.0,T-0933,C-06-01,T-0789,C-01-02
O0795,D,9903.7,27596.3,27619.8,27634.3,27669.4,27698.6,17794.9,17692.6,AMR2,25,100.8,100.8,AMR2,0,0,0.0,0,0,0,0,0.0,0,0.0,52,54.3,48.0,0.0,T-0943,D-03-03,T-0884,D-01-01
O0796,I,9910.5,27385.5,27409.0,27421.6,27459.6,27485.2,17574.7,17475.0,AMR2,25,94.6,94.6,AMR2,0,0,0.0,0,0,0,0,0.0,0,0.0,56,58.4,41.3,0.0,T-0937,I-03-01,T-0875,I-05-01
O0797,I,9916.3,27667.6,27691.1,27705.6,27744.5,27769.1,17852.8,17751.3,AMR3,25,100.6,100.6,AMR3,0,0,0.0,0,0,0,0,0.0,0,0.0,52,54.2,47.3,0.0,T-0945,I-01-02,T-0885,I-02-02
O0798,D,9920.0,27427.7,27451.2,27465.8,27494.2,27524.5,17604.5,17507.7,AMR1,25,93.3,93.3,AMR1,0,0,0.0,0,0,0,0,0.0,0,0.0,54,56.3,40.5,0.0,T-0938,D-04-03,T-0876,D-03-03
O0799,H,9923.1,27524.6,27548.1,27559.9,27593.0,27621.4,17698.3,17601.5,AMR1,25,95.4,95.4,AMR1,0,0,0.0,0,0,0,0,0.0,0,0.0,52,54.2,42.6,0.0,T-0941,H-01-02,T-0852,H-02-01
O0800,I,9929.2,27485.3,27508.8,27520.8,27555.0,27596.2,17667.0,17556.1,AMR2,25,94.7,94.7,AMR2,0,0,0.0,0,0,0,1,10.0,1,5.0,58,59.5,41.4,10.0,T-0940,I-05-01,T-0879,I-06-01
O0801,J,9949.3,28691.8,28715.3,28730.3,28772.0,28807.2,18857.9,18742.5,AMR1,25,110.2,110.2,AMR1,0,0,0.0,0,0,0,0,0.0,0,0.0,70,69.1,46.3,0.0,T-0974,J-01-03,T-0807,J-06-02
O0802,I,9967.0,27572.6,27596.1,27608.5,27644.3,27667.5,17700.5,17605.6,AMR3,25,94.0,94.0,AMR3,0,0,0.0,0,0,0,0,0.0,0,0.0,52,54.2,40.7,0.0,T-0942,I-06-01,T-0882,I-01-02
O0803,A,9987.4,27769.2,27792.7,27805.1,27838.8,27874.9,17887.5,17781.8,AMR3,25,107.3,107.3,AMR3,0,0,0.0,0,0,0,0,0.0,0,0.0,66,65.0,40.7,0.0,T-0948,A-01-01,T-0751,A-06-02
O0804,G,10007.9,27621.5,27645.0,27657.5,27697.3,27728.7,17720.8,17613.6,AMR1,25,102.6,102.6,AMR1,0,0,0.0,0,0,0,0,0.0,0,0.0,60,61.1,46.1,0.0,T-0944,G-01-03,T-0717,G-02-03
O0805,D,10030.2,27698.7,27722.2,27734.2,27768.1,27795.2,17765.0,17668.5,AMR2,25,91.9,91.9,AMR2,0,0,0.0,0,0,0,0,0.0,0,0.0,54,55.9,39.1,1.5,T-0946,D-01-01,T-0886,D-03-01
O0806,A,10054.0,27977.3,28000.8,28013.3,28050.8,28088.1,18034.1,17923.3,AMR3,25,107.1,107.1,AMR3,0,0,0.0,0,0,0,0,0.0,0,0.0,72,70.3,40.5,0.0,T-0954,A-06-02,T-0754,A-01-03
O0807,B,10071.6,27728.8,27752.3,27763.3,27796.0,27826.5,17754.9,17657.2,AMR1,25,96.2,96.2,AMR1,0,0,0.0,0,0,0,0,0.0,0,0.0,56,57.5,40.2,0.0,T-0947,B-04-01,T-0707,B-05-01
O0808,B,10095.3,27826.6,27850.1,27864.4,27901.7,27930.1,17834.8,17731.3,AMR1,25,98.8,98.8,AMR1,0,0,0.0,0,0,0,0,0.0,0,0.0,60,60.7,42.8,0.0,T-0950,B-05-01,T-0718,B-01-02
O0809,J,10112.4,28211.0,28241.5,28257.3,28296.6,28328.0,18215.6,18098.6,AMR2,25,106.3,106.3,AMR2,0,0,0.0,0,0,0,0,0.0,1,2.0,68,67.6,42.4,7.0,T-0961,J-04-02,T-0762,J-05-02
O0810,J,10130.9,27795.3,27818.8,27830.8,27871.9,27904.6,17773.7,17664.4,AMR2,25,105.7,105.7,AMR2,0,0,0.0,0,0,0,0,0.0,0,0.0,68,67.5,41.8,0.0,T-0949,J-03-02,T-0743,J-04-02
O0811,J,10150.2,28297.9,28321.4,28333.0,28372.0,28404.7,18254.5,18147.7,AMR3,25,106.9,106.9,AMR3,0,0,0.0,0,0,0,0,0.0,0,0.0,64,63.8,43.0,0.0,T-0963,J-05-02,T-0774,J-02-03
O0812,D,10173.0,27875.0,27898.5,27909.8,27945.9,27977.2,17804.2,17702.0,AMR3,25,95.6,95.6,AMR3,0,0,0.0,0,0,0,0,0.0,0,0.0,56,57.9,42.8,1.5,T-0951,D-03-01,T-0889,D-04-01
O0813,I,10193.7,27904.7,27928.2,27939.8,27975.3,28003.1,17809.4,17711.0,AMR2,25,95.4,95.4,AMR2,0,0,0.0,0,0,0,0,0.0,0,0.0,54,56.3,42.1,0.0,T-0952,I-02-02,T-0888,I-03-02
O0814,C,10214.7,27930.2,27953.7,27969.5,28003.4,28032.1,17817.4,17715.5,AMR1,25,100.4,100.4,AMR1,0,0,0.0,0,0,0,0,0.0,0,0.0,52,53.8,48.1,0.0,T-0953,C-01-02,T-0794,C-02-02
O0815,E,10239.5,28193.8,28217.3,28228.4,28264.4,28297.8,18058.3,17954.3,AMR3,25,104.0,104.0,AMR3,0,0,0.0,0,0,0,0,0.0,0,0.0,64,63.4,40.6,0.0,T-0960,E-06-01,T-0729,E-01-01
O0816,I,10260.2,28003.2,28026.7,28037.3,28077.5,28104.8,17844.6,17743.0,AMR2,25,96.9,96.9,AMR2,0,0,0.0,0,0,0,0,0.0,0,0.0,56,58.0,43.6,0.0,T-0955,I-03-02,T-0893,I-05-02
O0817,C,10283.3,28032.2,28055.7,28066.6,28098.5,28124.7,17841.4,17748.9,AMR1,25,89.8,89.8,AMR1,0,0,0.0,0,0,0,0,0.0,0,0.0,54,55.0,37.5,0.0,T-0956,C-02-02,T-0798,C-03-02
O0818,E,10307.5,28088.2,28111.7,28122.6,28158.5,28193.7,17886.2,17780.7,AMR3,25,100.2,100.2,AMR3,0,0,0.0,0,0,0,0,0.0,0,0.0,70,68.7,36.8,0.0,T-0957,E-03-02,T-0724,E-06-01
O0819,C,10323.8,28104.9,28135.4,28149.6,28177.7,28210.9,17887.1,17781.1,AMR2,25,91.0,91.0,AMR2,0,0,0.0,0,0,0,1,6.0,2,3.0,52,54.3,38.7,13.0,T-0958,C-03-02,T-0810,C-05-02
O0820,F,10340.3,28759.5,28783.0,28794.6,28836.9,28868.0,18527.7,18419.2,AMR2,25,106.5,106.5,AMR2,0,0,0.0,0,0,0,0,0.0,0,0.0,70,69.1,39.4,0.0,T-0976,F-06-02,T-0765,F-03-03
O0821,G,10362.9,28404.8,28428.3,28442.7,28479.0,28510.3,18147.4,18041.9,AMR3,25,102.5,102.5,AMR3,0,0,0.0,0,0,0,0,0.0,0,0.0,58,59.5,46.0,0.0,T-0966,G-02-03,T-0720,G-03-03
O0822,E,10379.3,29213.0,29236.5,29249.5,29288.7,29325.0,18945.7,18833.7,AMR1,25,108.3,108.3,AMR1,0,0,0.0,0,0,0,0,0.0,0,0.0,68,67.1,44.9,0.0,T-0989,E-03-01,T-0758,E-04-01
O0823,H,10398.4,28254.8,28278.3,28291.2,28324.9,28351.1,17952.7,17856.4,AMR1,25,94.4,94.4,AMR1,0,0,0.0,0,0,0,0,0.0,0,0.0,52,54.7,41.6,0.0,T-0962,H-02-01,T-0855,H-04-03
O0824,B,10419.8,28351.2,28375.7,28387.2,28425.1,28463.8,18044.0,17931.4,AMR1,25,99.9,99.9,AMR1,0,0,0.0,0,0,0,1,7.0,1,2.0,60,60.7,43.9,8.0,T-0965,B-01-02,T-0747,B-02-02
O0825,E,10439.9,28822.5,28855.0,28866.8,28906.3,28943.3,18503.4,18382.6,AMR3,25,108.1,108.1,AMR3,0,0,0.0,0,0,0,0,0.0,1,4.0,68,67.1,44.7,9.0,T-0978,E-01-01,T-0737,E-04-03
O0826,F,10464.3,28510.4,28533.9,28544.6,28582.5,28612.1,18147.8,18046.1,AMR3,25,101.3,101.3,AMR3,0,0,0.0,0,0,0,0,0.0,0,0.0,68,67.5,34.2,0.0,T-0969,F-02-03,T-0748,F-04-02
O0827,F,10488.8,29391.1,29414.6,29429.0,29470.3,29503.8,19015.0,18902.3,AMR2,25,109.1,109.1,AMR2,0,0,0.0,0,0,0,0,0.0,0,0.0,72,70.7,42.0,0.0,T-0994,F-01-02,T-0791,F-01-03
O0828,B,10503.8,28444.8,28468.3,28481.7,28511.7,28542.3,18038.5,17941.0,AMR2,25,94.4,94.4,AMR2,0,0,0.0,0,0,0,0,0.0,0,0.0,58,59.1,38.4,0.0,T-0967,B-02-02,T-0755,B-03-02
O0829,F,10528.5,30706.5,30730.0,30746.2,30787.3,30824.0,20295.5,20178.0,AMR3,25,113.9,113.9,AMR3,0,0,0.0,0,0,0,0,0.0,0,0.0,72,70.7,46.8,0.0,T-1032,F-04-03,T-0832,F-02-01
O0830,G,10551.5,28612.2,28635.7,28646.6,28683.7,28713.1,18161.6,18060.7,AMR3,25,99.5,99.5,AMR3,0,0,0.0,0,0,0,0,0.0,0,0.0,56,57.9,43.0,0.0,T-0972,G-03-03,T-0728,G-04-03
O0831,D,10576.2,28542.4,28565.9,28581.7,28617.7,28646.1,18069.9,17966.2,AMR2,25,96.9,96.9,AMR2,0,0,0.0,0,0,0,0,0.0,0,0.0,58,59.6,44.1,0.0,T-0970,D-04-01,T-0894,D-06-01
O0832,E,10593.9,31690.8,31714.3,31740.6,31777.4,31813.1,21219.2,21096.9,AMR2,25,117.0,117.0,AMR2,0,0,0.0,0,0,0,0,0.0,0,0.0,70,68.7,53.6,0.0,T-1060,E-02-03,T-0895,E-06-02
O0833,C,10614.3,28904.7,28928.2,28943.0,28979.2,29006.3,18392.0,18290.4,AMR1,25,99.6,99.6,AMR1,0,0,0.0,0,0,0,0,0.0,0,0.0,52,54.3,47.3,0.0,T-0980,C-02-03,T-0819,C-04-02
O0834,F,10637.9,30981.0,31004.5,31018.3,31064.1,31098.0,20460.1,20343.1,AMR1,25,115.0,115.0,AMR1,0,0,0.0,0,0,0,0,0.0,0,0.0,70,69.1,47.9,0.0,T-1040,F-02-01,T-0866,F-03-01
O0835,A,10660.5,29281.9,29305.4,29321.8,29355.8,29391.0,18730.5,18621.4,AMR2,25,107.0,107.0,AMR2,0,0,0.0,0,0,0,0,0.0,0,0.0,70,68.7,40.4,0.0,T-0991,A-02-03,T-0792,A-03-03
O0836,H,10681.8,28713.2,28739.7,28755.6,28788.8,28822.4,18140.6,18031.4,AMR3,25,98.3,98.3,AMR3,0,0,0.0,0,0,0,1,6.0,1,1.0,52,54.7,45.5,9.0,T-0975,H-04-03,T-0861,H-04-01
O0837,C,10698.0,28807.3,28830.8,28845.1,28875.5,28904.6,18206.6,18109.3,AMR1,25,95.8,95.8,AMR1,0,0,0.0,0,0,0,0,0.0,0,0.0,52,53.8,43.5,0.0,T-0977,C-05-02,T-0813,C-02-03
O0838,G,10717.6,28868.1,28891.6,28905.4,28943.4,28968.4,18250.8,18150.5,AMR2,25,98.9,98.9,AMR2,0,0,0.0,0,0,0,0,0.0,0,0.0,56,57.9,42.4,0.0,T-0979,G-04-03,T-0740,G-05-01
O0839,C,10742.5,29148.5,29172.0,29185.5,29219.1,29248.5,18506.0,18406.0,AMR3,25,100.1,100.1,AMR3,0,0,0.0,0,0,0,0,0.0,0,0.0,50,52.2,47.8,0.0,T-0987,C-02-01,T-0843,C-06-02
O0840,E,10760.5,28943.4,28966.9,28981.9,29016.0,29048.1,18287.6,18182.9,AMR3,25,102.6,102.6,AMR3,0,0,0.0,0,0,0,0,0.0,0,0.0,66,65.5,39.2,0.0,T-0981,E-04-03,T-0752,E-03-01
O0841,E,10782.1,30050.5,30074.0,30089.4,30129.9,30163.6,19381.5,19268.4,AMR1,25,109.4,109.4,AMR1,0,0,0.0,0,0,0,0,0.0,0,0.0,68,67.1,46.0,0.0,T-1013,E-01-02,T-0770,E-04-02
O0842,C,10800.8,29048.2,29071.7,29083.0,29119.1,29148.4,18347.6,18247.4,AMR3,25,98.7,98.7,AMR3,0,0,0.0,0,0,0,0,0.0,0,0.0,52,53.8,46.4,0.0,T-0984,C-04-02,T-0836,C-02-01
O0843,E,10819.8,29728.7,29756.2,29771.7,29810.6,29841.0,19021.2,18908.9,AMR1,25,108.3,108.3,AMR1,0,0,0.0,0,0,0,0,0.0,0,0.0,64,63.4,44.9,4.0,T-1004,E-04-01,T-0764,E-01-02
O0844,D,10841.8,29006.4,29029.9,29041.9,29076.8,29104.7,18262.9,18164.6,AMR1,25,93.6,93.6,AMR1,0,0,0.0,0,0,0,0,0.0,0,0.0,56,57.5,40.8,0.0,T-0983,D-06-01,T-0897,D-05-01
O0845,B,10863.3,29085.0,29108.5,29124.8,29154.6,29184.3,18321.0,18221.7,AMR2,25,97.8,97.8,AMR2,0,0,0.0,0,0,0,0,0.0,0,0.0,56,57.5,41.8,0.0,T-0985,B-03-02,T-0760,B-04-02
O0846,B,10880.5,29248.6,29272.1,29282.8,29318.5,29352.2,18471.7,18368.1,AMR3,25,98.9,98.9,AMR3,0,0,0.0,0,0,0,0,0.0,0,0.0,60,60.7,42.9,0.0,T-0990,B-04-02,T-0763,B-01-03
O0847,I,10901.4,29104.8,29132.3,29148.2,29186.8,29212.9,18311.5,18203.4,AMR1,25,97.4,97.4,AMR1,0,0,0.0,0,0,0,0,0.0,0,0.0,58,60.0,44.1,4.0,T-0986,I-05-02,T-0896,I-06-02
O0848,A,10920.8,29671.0,29694.5,29705.9,29745.3,29777.9,18857.1,18750.2,AMR3,25,106.4,106.4,AMR3,0,0,0.0,0,0,0,0,0.0,0,0.0,68,67.1,39.8,0.0,T-1002,A-03-03,T-0795,A-04-03
O0849,G,10944.0,29184.4,29207.9,29218.5,29253.6,29281.8,18337.8,18240.4,AMR2,25,98.1,98.1,AMR2,0,0,0.0,0,0,0,0,0.0,0,0.0,54,55.8,41.6,0.0,T-0988,G-05-01,T-0746,G-06-01
O0850,B,10960.3,29352.3,29375.8,29387.8,29425.7,29455.7,18495.4,18392.0,AMR3,25,98.7,98.7,AMR3,0,0,0.0,0,0,0,0,0.0,0,0.0,60,60.7,42.7,0.0,T-0993,B-01-03,T-0767,B-02-03
O0851,B,10979.2,29606.1,29629.6,29644.4,29676.6,29708.7,18729.5,18626.9,AMR2,25,101.1,101.1,AMR2,0,0,0.0,0,0,0,0,0.0,0,0.0,56,57.5,45.1,0.0,T-1000,B-02-03,T-0787,B-05-02
O0852,E,10997.3,30469.3,30492.8,30508.7,30550.1,30583.7,19586.4,19472.0,AMR1,25,110.7,110.7,AMR1,0,0,0.0,0,0,0,0,0.0,0,0.0,68,67.1,47.3,0.0,T-1025,E-04-02,T-0773,E-05-01
O0853,C,11016.1,29325.1,29348.6,29359.2,29390.9,29420.2,18404.1,18309.0,AMR1,25,93.6,93.6,AMR1,0,0,0.0,0,0,0,0,0.0,0,0.0,52,53.8,41.3,0.0,T-0992,C-06-02,T-0857,C-01-03
O0854,C,11041.0,29420.3,29443.8,29454.9,29486.8,29521.8,18480.8,18379.3,AMR1,25,91.8,91.8,AMR1,0,0,0.0,0,0,0,1,7.0,1,2.0,54,55.0,39.5,7.0,T-0995,C-01-03,T-0860,C-03-03
O0855,A,11061.4,30623.7,30655.2,30670.2,30708.5,30743.8,19682.4,19562.3,AMR2,25,110.0,110.0,AMR2,0,0,0.0,0,0,0,0,0.0,1,3.0,70,68.7,43.4,8.0,T-1030,A-02-01,T-0804,A-03-01
O0856,D,11080.8,29455.8,29479.3,29492.4,29524.9,29554.3,18473.5,18375.0,AMR3,25,94.0,94.0,AMR3,0,0,0.0,0,0,0,1,3.0,0,0.0,52,54.3,41.2,3.0,T-0996,D-05-01,T-0907,D-01-02
O0857,G,11103.2,29503.9,29527.4,29539.9,29575.3,29606.0,18502.8,18400.7,AMR2,25,97.5,97.5,AMR2,0,0,0.0,0,0,0,0,0.0,0,0.0,60,61.1,41.0,0.0,T-0997,G-06-01,T-0772,G-01-01
O0858,D,11125.1,29625.1,29653.6,29666.8,29699.7,29728.6,18603.5,18500.0,AMR1,25,95.4,95.4,AMR1,0,0,0.0,0,0,0,0,0.0,0,0.0,54,55.9,42.6,5.0,T-1001,D-01-02,T-0910,D-03-02
O0859,C,11149.1,29521.9,29551.4,29564.7,29596.1,29625.0,18475.9,18372.8,AMR1,25,95.1,95.1,AMR1,0,0,0.0,0,0,0,0,0.0,1,1.0,52,54.3,42.8,6.0,T-0998,C-03-03,T-0867,C-04-03
O0860,G,11170.0,29896.1,29928.6,29943.3,29983.9,30014.0,18844.0,18726.1,AMR2,25,104.3,104.3,AMR2,0,0,0.0,0,0,0,0,0.0,1,4.0,60,61.1,47.8,9.0,T-1009,G-03-01,T-0788,G-01-02
O0861,F,11194.6,30113.4,30136.9,30150.2,30188.7,30220.9,19026.3,18918.8,AMR2,25,107.1,107.1,AMR2,0,0,0.0,0,0,0,0,0.0,0,0.0,68,67.5,40.0,0.0,T-1015,F-04-01,T-0826,F-04-03
O0862,B,11212.1,29708.8,29732.3,29744.2,29775.9,29803.5,18591.4,18496.7,AMR2,25,95.3,95.3,AMR2,0,0,0.0,0,0,0,0,0.0,0,0.0,54,55.4,39.3,0.0,T-1003,B-05-02,T-0790,B-06-02
O0863,J,11232.6,29841.1,29864.6,29875.8,29917.0,29949.5,18716.9,18608.5,AMR1,25,104.8,104.8,AMR1,0,0,0.0,0,0,0,0,0.0,0,0.0,68,67.5,40.9,0.0,T-1007,J-06-02,T-0811,J-04-03
O0864,A,11253.7,29979.1,30002.6,30014.0,30053.7,30088.9,18835.2,18725.4,AMR3,25,106.1,106.1,AMR3,0,0,0.0,0,0,0,0,0.0,0,0.0,72,70.3,39.5,0.0,T-1011,A-04-03,T-0800,A-02-01
O0865,J,11270.7,31230.9,31254.4,31267.9,31312.5,31346.7,20076.0,19960.2,AMR3,25,112.2,112.2,AMR3,0,0,0.0,0,0,0,0,0.0,0,0.0,68,67.5,48.3,0.0,T-1047,J-02-01,T-0858,J-04-01
O0866,G,11287.6,29778.0,29801.5,29813.8,29851.1,29880.6,18593.0,18490.4,AMR3,25,99.6,99.6,AMR3,0,0,0.0,0,0,0,0,0.0,0,0.0,58,59.5,43.1,0.0,T-1005,G-01-01,T-0776,G-03-01
O0867,D,11309.1,29803.6,29827.1,29839.1,29871.3,29896.0,18586.9,18494.5,AMR2,25,91.4,91.4,AMR2,0,0,0.0,0,0,0,0,0.0,0,0.0,52,53.8,38.6,0.0,T-1006,D-03-02,T-0913,D-02-02
O0868,D,11327.9,29880.7,29904.2,29917.4,29951.2,29979.0,18651.1,18552.8,AMR3,25,96.8,96.8,AMR3,0,0,0.0,0,0,0,0,0.0,0,0.0,52,54.3,44.0,0.0,T-1008,D-02-02,T-0916,D-02-01
O0869,B,11349.3,29949.6,29973.1,29986.5,30021.7,30050.4,18701.1,18600.3,AMR1,25,97.7,97.7,AMR1,0,0,0.0,0,0,0,0,0.0,0,0.0,58,59.1,41.7,0.0,T-1010,B-06-02,T-0838,B-03-01
O0870,A,11373.2,30743.9,30767.4,30781.4,30817.2,30853.2,19480.0,19370.7,AMR2,25,108.8,108.8,AMR2,0,0,0.0,0,0,0,0,0.0,0,0.0,68,67.1,42.2,0.0,T-1033,A-03-01,T-0815,A-05-01
O0871,C,11397.5,30014.1,30037.6,30050.4,30082.9,30113.3,18715.8,18616.6,AMR2,25,97.7,97.7,AMR2,0,0,0.0,0,0,0,0,0.0,0,0.0,52,53.8,45.4,0.0,T-1012,C-04-03,T-0878,C-01-01
O0872,J,11421.2,30263.5,30287.0,30298.7,30338.1,30368.4,18947.2,18842.3,AMR1,25,105.0,105.0,AMR1,0,0,0.0,0,0,0,0,0.0,0,0.0,64,63.8,41.1,0.0,T-1019,J-04-03,T-0828,J-01-01
O0873,C,11439.8,30089.0,30112.5,30126.4,30162.7,30192.8,18753.0,18649.2,AMR3,25,101.8,101.8,AMR3,0,0,0.0,0,0,0,0,0.0,0,0.0,52,54.3,49.5,0.0,T-1014,C-01-01,T-0890,C-04-01
O0874,B,11464.4,30221.0,30244.5,30258.2,30294.9,30328.4,18864.0,18756.6,AMR2,25,104.3,104.3,AMR2,0,0,0.0,0,0,0,0,0.0,0,0.0,58,59.1,48.3,0.0,T-1018,B-03-01,T-0842,B-03-03
O0875,A,11485.2,30946.7,30977.2,30987.8,31030.4,31067.7,19582.5,19461.5,AMR2,25,109.9,109.9,AMR2,0,0,0.0,0,0,0,0,0.0,1,2.0,72,70.7,43.3,7.0,T-1039,A-05-01,T-0825,A-01-02
O0876,A,11502.4,32263.0,32286.5,32302.1,32347.0,32380.7,20878.3,20760.6,AMR1,25,114.0,114.0,AMR1,0,0,0.0,0,0,0,0,0.0,0,0.0,72,70.3,47.4,0.0,T-1076,A-05-02,T-0851,A-02-02
O0877,I,11522.5,30163.7,30187.2,30201.9,30238.3,30263.4,18740.9,18641.2,AMR1,25,95.1,95.1,AMR1,0,0,0.0,0,0,0,0,0.0,0,0.0,56,57.9,41.8,0.0,T-1016,I-06-02,T-0899,I-04-02
O0878,G,11541.7,30192.9,30216.4,30232.5,30269.9,30295.0,18753.3,18651.2,AMR3,25,100.7,100.7,AMR3,0,0,0.0,0,0,0,0,0.0,0,0.0,56,57.9,44.2,0.0,T-1017,G-01-02,T-0802,G-04-01
O0879,I,11563.1,30368.5,30392.0,30406.3,30441.3,30469.2,18906.1,18805.4,AMR1,25,99.8,99.8,AMR1,0,0,0.0,0,0,0,0,0.0,0,0.0,52,54.2,46.5,0.0,T-1022,I-04-02,T-0902,I-02-03
O0880,B,11579.6,30328.5,30352.0,30364.8,30398.4,30427.0,18847.4,18748.9,AMR2,25,97.0,97.0,AMR2,0,0,0.0,0,0,0,0,0.0,0,0.0,56,57.5,41.0,0.0,T-1021,B-03-03,T-0881,B-04-03
O0881,D,11595.4,30295.1,30318.6,30330.1,30365.3,30395.8,18800.4,18699.7,AMR3,25,96.0,96.0,AMR3,0,0,0.0,0,0,0,0,0.0,0,0.0,56,57.5,43.2,0.0,T-1020,D-02-01,T-0920,D-04-02
O0882,G,11615.8,30395.9,30419.4,30432.4,30471.7,30501.1,18885.3,18780.1,AMR3,25,102.2,102.2,AMR3,0,0,0.0,0,0,0,0,0.0,0,0.0,58,59.5,45.7,0.0,T-1023,G-04-01,T-0821,G-03-02
O0883,B,11637.1,30427.1,30450.6,30465.5,30497.7,30526.9,18889.8,18790.0,AMR2,25,100.4,100.4,AMR2,0,0,0.0,0,0,0,0,0.0,0,0.0,54,55.4,44.4,0.0,T-1024,B-04-03,T-0883,B-06-01
O0884,D,11659.1,30824.1,30847.6,30863.2,30899.6,30929.9,19270.8,19165.0,AMR3,25,104.8,104.8,AMR3,0,0,0.0,0,0,0,0,0.0,0,0.0,52,53.8,52.0,0.0,T-1035,D-04-02,T-0928,D-01-03
O0885,G,11676.5,30501.2,30524.7,30537.0,30573.4,30602.3,18925.8,18824.7,AMR3,25,95.5,95.5,AMR3,0,0,0.0,0,0,0,1,1.0,0,0.0,60,61.1,39.0,1.0,T-1026,G-03-02,T-0848,G-02-02
O0886,J,11696.1,31870.6,31894.1,31907.6,31949.8,31980.9,20284.8,20174.5,AMR3,25,110.4,110.4,AMR3,0,0,0.0,0,0,0,0,0.0,0,0.0,64,63.8,46.5,0.0,T-1065,J-03-01,T-0906,J-01-02
O0887,C,11714.2,30602.4,30630.9,30645.4,30676.8,30706.4,18992.2,18888.2,AMR3,25,96.3,96.3,AMR3,0,0,0.0,0,0,0,0,0.0,0,0.0,54,55.0,44.0,5.0,T-1029,C-05-01,T-0908,C-03-01
O0888,C,11729.3,30527.0,30550.5,30564.6,30592.3,30623.6,18894.3,18797.7,AMR2,25,93.6,93.6,AMR2,0,0,0.0,0,0,0,1,1.0,0,0.0,52,54.3,41.3,1.0,T-1027,C-04-01,T-0903,C-05-01
O0889,H,11744.4,30583.8,30607.3,30622.8,30657.6,30681.1,18936.7,18839.4,AMR1,25,95.4,95.4,AMR1,0,0,0.0,0,0,0,0,0.0,0,0.0,52,54.7,42.6,0.0,T-1028,H-04-01,T-0864,H-05-01
O0890,E,11764.6,31380.6,31405.1,31416.5,31455.7,31490.4,19725.8,19616.0,AMR2,25,108.8,108.8,AMR2,0,0,0.0,0,0,0,0,0.0,0,0.0,64,63.4,45.4,1.0,T-1051,E-05-02,T-0823,E-01-03
O0891,E,11783.4,30681.2,30704.7,30717.9,30750.6,30781.6,18998.2,18897.8,AMR1,25,100.4,100.4,AMR1,0,0,0.0,0,0,0,0,0.0,0,0.0,64,63.4,37.0,0.0,T-1031,E-05-01,T-0779,E-02-02
O0892,A,11807.2,31202.6,31226.1,31237.9,31277.5,31314.7,19507.5,19395.4,AMR1,25,110.0,110.0,AMR1,0,0,0.0,0,0,0,0,0.0,0,0.0,70,68.7,43.4,0.0,T-1046,A-01-02,T-0827,A-03-02
O0893,E,11830.3,31167.0,31190.5,31203.7,31243.6,31278.2,19447.9,19336.7,AMR2,25,107.5,107.5,AMR2,0,0,0.0,0,0,0,0,0.0,0,0.0,68,67.1,44.1,0.0,T-1045,E-02-02,T-0817,E-05-02
O0894,J,11845.9,31416.2,31439.7,31454.7,31496.5,31530.0,19684.1,19570.3,AMR1,25,108.5,108.5,AMR1,0,0,0.0,0,0,0,0,0.0,0,0.0,70,69.2,44.6,0.0,T-1052,J-04-01,T-0863,J-06-01
O0895,H,11861.7,30781.7,30805.2,30818.2,30849.1,30873.6,19011.9,18920.0,AMR1,25,90.5,90.5,AMR1,0,0,0.0,0,0,0,0,0.0,0,0.0,52,54.2,37.7,0.0,T-1034,H-05-01,T-0869,H-02-02
O0896,H,11880.3,30873.7,30901.2,30917.5,30949.8,30980.9,19100.6,18993.4,AMR1,25,97.2,97.2,AMR1,0,0,0.0,0,0,0,1,4.0,0,0.0,52,54.8,44.4,8.0,T-1037,H-02-02,T-0873,H-04-02
O0897,C,11897.0,30853.3,30876.8,30888.6,30919.6,30946.6,19049.6,18956.3,AMR2,25,93.4,93.4,AMR2,0,0,0.0,0,0,0,0,0.0,0,0.0,50,52.2,41.1,0.0,T-1036,C-03-01,T-0933,C-06-01
O0898,J,11919.7,31124.8,31148.3,31163.2,31203.3,31230.8,19311.1,19205.1,AMR3,25,106.1,106.1,AMR3,0,0,0.0,0,0,0,0,0.0,0,0.0,64,63.8,42.2,0.0,T-1044,J-01-01,T-0849,J-02-01
O0899,D,11941.9,30930.0,30953.5,30965.5,31001.3,31027.5,19085.6,18988.1,AMR3,25,96.5,96.5,AMR3,0,0,0.0,0,0,0,0,0.0,0,0.0,52,53.8,43.7,0.0,T-1038,D-01-03,T-0930,D-02-03
O0900,A,11962.0,31444.9,31468.4,31483.0,31520.3,31554.9,19592.9,19482.9,AMR3,25,109.5,109.5,AMR3,0,0,0.0,0,0,0,0,0.0,0,0.0,68,67.1,42.9,0.0,T-1053,A-03-02,T-0831,A-04-01
O0901,H,11979.5,31067.8,31091.3,31103.7,31141.8,31166.9,19187.4,19088.3,AMR2,25,97.2,97.2,AMR2,0,0,0.0,0,0,0,0,0.0,0,0.0,52,54.7,44.4,0.0,T-1042,H-04-02,T-0877,H-05-02
O0902,C,11998.3,31027.6,31051.1,31063.9,31094.7,31124.7,19126.4,19029.3,AMR3,25,95.6,95.6,AMR3,0,0,0.0,0,0,0,0,0.0,0,0.0,52,53.8,43.3,0.0,T-1041,C-06-01,T-0953,C-01-02
O0903,A,12022.6,32080.4,32103.9,32117.2,32155.9,32189.6,20167.0,20057.8,AMR3,25,108.7,108.7,AMR3,0,0,0.0,0,0,0,0,0.0,0,0.0,68,67.1,42.1,0.0,T-1071,A-06-01,T-0840,A-05-02
O0904,D,12039.9,31098.1,31121.6,31137.2,31173.6,31202.5,19162.6,19058.2,AMR1,25,99.2,99.2,AMR1,0,0,0.0,0,0,0,0,0.0,0,0.0,56,58.0,46.4,0.0,T-1043,D-02-03,T-0932,D-05-02
O0905,F,12064.0,33388.0,33412.5,33427.3,33470.1,33504.6,21440.6,21324.0,AMR1,25,113.6,113.6,AMR1,0,0,0.0,0,0,0,0,0.0,0,0.0,70,69.1,46.5,1.0,T-1109,F-02-02,T-0939,F-03-02
O0906,J,12087.3,32327.3,32350.8,32365.0,32406.5,32438.0,20350.7,20240.0,AMR2,25,110.8,110.8,AMR2,0,0,0.0,0,0,0,0,0.0,0,0.0,64,63.8,46.9,0.0,T-1078,J-01-02,T-0926,J-02-02
O0907,A,12103.5,32438.1,32461.6,32476.5,32517.0,32550.1,20446.6,20334.6,AMR2,25,111.5,111.5,AMR2,0,0,0.0,0,0,0,0,0.0,0,0.0,68,67.1,44.9,0.0,T-1081,A-02-02,T-0923,A-04-02
O0908,I,12120.7,31314.8,31338.3,31349.7,31386.6,31416.1,19295.4,19194.1,AMR1,25,97.7,97.7,AMR1,0,0,0.0,0,0,0,0,0.0,0,0.0,54,56.9,44.4,0.0,T-1049,I-02-03,T-0905,I-03-03
O0909,B,12145.3,31278.3,31301.8,31312.3,31350.4,31380.5,19235.2,19133.0,AMR2,25,97.5,97.5,AMR2,0,0,0.0,0,0,0,0,0.0,0,0.0,60,60.7,41.5,0.0,T-1048,B-06-01,T-0898,B-01-01
O0910,E,12168.9,31530.1,31553.6,31564.3,31601.1,31635.3,19466.4,19361.2,AMR1,25,105.2,105.2,AMR1,0,0,0.0,0,0,0,0,0.0,0,0.0,64,63.4,41.8,0.0,T-1055,E-01-03,T-0833,E-02-03
O0911,H,12184.8,31346.8,31370.3,31384.0,31420.2,31444.8,19260.0,19162.0,AMR3,25,94.5,94.5,AMR3,0,0,0.0,0,0,0,0,0.0,0,0.0,54,56.3,41.7,0.0,T-1050,H-05-02,T-0887,H-03-01
O0912,E,12203.5,31813.2,31836.7,31851.4,31888.7,31922.5,19719.0,19609.7,AMR2,25,107.2,107.2,AMR2,0,0,0.0,0,0,0,0,0.0,0,0.0,66,65.5,43.8,0.0,T-1063,E-06-02,T-0911,E-03-03
O0913,J,12226.3,31635.4,31658.9,31670.9,31712.0,31741.2,19514.9,19409.1,AMR1,25,103.8,103.8,AMR1,0,0,0.0,0,0,0,0,0.0,0,0.0,66,65.9,39.9,0.0,T-1058,J-06-01,T-0900,J-03-01
O0914,J,12246.0,33941.1,33964.6,33979.4,34024.6,34059.5,21813.5,21695.1,AMR1,25,113.8,113.8,AMR1,0,0,0.0,0,0,0,0,0.0,0,0.0,68,68.5,49.9,0.0,T-1124,J-03-02,T-0961,J-04-02
O0915,D,12270.9,31490.5,31514.0,31524.8,31556.1,31589.2,19318.3,19219.6,AMR2,25,91.9,91.9,AMR2,0,0,0.0,0,0,0,0,0.0,0,0.0,58,59.6,39.1,0.0,T-1054,D-05-02,T-0935,D-06-02
O0916,D,12294.9,31589.3,31612.8,31626.1,31658.0,31690.7,19395.8,19294.4,AMR2,25,94.2,94.2,AMR2,0,0,0.0,0,0,0,1,2.0,0,0.0,56,58.0,41.4,2.0,T-1057,D-06-02,T-0938,D-04-03
O0917,G,12310.0,31555.0,31578.5,31589.7,31625.4,31650.6,19340.6,19245.0,AMR3,25,94.2,94.2,AMR3,0,0,0.0,0,0,0,0,0.0,0,0.0,56,57.9,37.7,0.0,T-1056,G-02-02,T-0853,G-04-02
O0918,F,12327.3,32150.4,32173.9,32187.8,32231.0,32262.9,19935.6,19823.1,AMR1,25,108.9,108.9,AMR1,0,0,0.0,0,0,0,0,0.0,0,0.0,72,70.7,41.8,0.0,T-1073,F-03-01,T-0880,F-01-01
O0919,A,12350.7,31939.3,31969.8,31983.3,32016.6,32049.9,19699.2,19588.6,AMR1,25,105.2,105.2,AMR1,0,0,0.0,0,0,0,0,0.0,1,2.0,66,65.0,38.6,7.0,T-1067,A-04-01,T-0834,A-06-01
O0920,G,12365.7,31650.7,31683.2,31698.8,31735.2,31760.2,19394.5,19285.0,AMR3,25,99.1,99.1,AMR3,0,0,0.0,0,0,0,0,0.0,1,4.0,56,57.9,42.6,9.0,T-1059,G-04-02,T-0871,G-05-02
O0921,B,12388.0,31760.3,31788.8,31804.3,31841.9,31870.5,19482.5,19372.3,AMR3,25,100.5,100.5,AMR3,0,0,0.0,0,0,0,0,0.0,0,0.0,60,60.7,44.5,5.0,T-1062,B-01-01,T-0919,B-02-01
O0922,D,12408.3,31741.3,31764.8,31775.6,31811.6,31840.5,19432.2,19333.0,AMR1,25,96.1,96.1,AMR1,0,0,0.0,0,0,0,0,0.0,0,0.0,54,55.9,43.3,0.0,T-1061,D-04-03,T-0943,D-03-03
O0923,A,12428.2,33824.2,33847.7,33863.4,33904.1,33941.0,21512.8,21396.0,AMR1,25,113.1,113.1,AMR1,0,0,0.0,0,0,0,0,0.0,0,0.0,72,70.3,46.5,0.0,T-1121,A-06-02,T-0964,A-01-03
O0924,B,12450.3,31922.6,31946.1,31956.8,31989.6,32021.1,19570.8,19472.3,AMR2,25,97.0,97.0,AMR2,0,0,0.0,0,0,0,0,0.0,0,0.0,56,57.5,41.0,0.0,T-1066,B-02-01,T-0947,B-04-01
O0925,I,12474.5,31840.6,31864.1,31876.1,31911.1,31939.2,19464.7,19366.1,AMR1,25,96.6,96.6,AMR1,0,0,0.0,0,0,0,1,1.0,0,0.0,52,54.3,43.3,1.0,T-1064,I-03-03,T-0912,I-01-03
O0926,F,12496.6,32673.0,32705.5,32719.6,32759.1,32790.4,20293.8,20176.4,AMR1,25,110.1,110.1,AMR1,0,0,0.0,0,0,0,0,0.0,1,4.0,66,65.4,43.0,9.0,T-1088,F-05-01,T-0915,F-06-01
O0927,B,12521.3,32116.4,32139.9,32150.5,32186.1,32218.9,19697.6,19595.1,AMR2,25,97.8,97.8,AMR2,0,0,0.0,0,0,0,0,0.0,0,0.0,60,60.7,41.8,0.0,T-1072,B-05-01,T-0965,B-01-02
O0928,C,12537.3,31981.0,32004.5,32020.5,32053.3,32080.3,19543.0,19443.7,AMR3,25,97.8,97.8,AMR3,0,0,0.0,0,0,0,0,0.0,0,0.0,52,53.8,45.5,0.0,T-1068,C-01-02,T-0956,C-02-02
O0929,B,12560.5,32021.2,32044.7,32058.4,32089.5,32116.3,19555.8,19460.7,AMR2,25,93.6,93.6,AMR2,0,0,0.0,0,0,0,0,0.0,0,0.0,56,57.5,37.6,0.0,T-1069,B-04-01,T-0950,B-05-01
O0930,G,12581.1,32219.0,32242.5,32258.5,32296.6,32327.2,19746.1,19637.9,AMR2,25,103.6,103.6,AMR2,0,0,0.0,0,0,0,0,0.0,0,0.0,60,61.1,47.1,0.0,T-1075,G-05-02,T-0892,G-02-01
O0931,D,12605.8,32050.0,32073.5,32084.1,32122.1,32150.3,19544.5,19444.2,AMR1,25,96.3,96.3,AMR1,0,0,0.0,0,0,0,0,0.0,0,0.0,52,54.8,43.5,2.0,T-1070,D-03-03,T-0946,D-01-01
O0932,F,12623.4,33871.3,33895.8,33906.3,33952.5,33989.1,21365.7,21247.9,AMR2,25,113.2,113.2,AMR2,0,0,0.0,0,0,0,0,0.0,0,0.0,72,70.7,46.1,1.0,T-1123,F-05-02,T-0969,F-02-03
O0933,F,12645.4,34219.7,34243.2,34255.6,34297.1,34330.8,21685.4,21574.3,AMR2,25,112.8,112.8,AMR2,0,0,0.0,0,0,0,0,0.0,0,0.0,66,65.4,45.7,0.0,T-1132,F-04-02,T-0976,F-06-02
O0934,D,12664.9,32476.3,32499.8,32515.3,32549.3,32580.5,19915.6,19811.4,AMR1,25,101.1,101.1,AMR1,0,0,0.0,0,0,0,0,0.0,0,0.0,54,55.9,48.3,0.0,T-1082,D-01-01,T-0951,D-03-01
O0935,C,12689.4,32189.7,32213.2,32227.5,32261.0,32290.5,19601.1,19500.3,AMR3,25,98.1,98.1,AMR3,0,0,0.0,0,0,0,0,0.0,0,0.0,54,55.0,45.8,0.0,T-1074,C-02-02,T-0958,C-03-02
O0936,B,12705.5,32290.6,32314.1,32327.9,32364.0,32402.1,19696.6,19585.1,AMR3,25,97.8,97.8,AMR3,0,0,0.0,0,0,0,1,9.0,1,4.0,60,60.7,41.8,9.0,T-1077,B-01-02,T-0967,B-02-02
O0937,F,12725.0,32506.2,32529.7,32544.8,32583.1,32613.3,19888.3,19781.2,AMR3,25,106.7,106.7,AMR3,0,0,0.0,0,0,0,0,0.0,0,0.0,68,67.5,39.6,0.0,T-1083,F-01-01,T-0901,F-05-01
O0938,F,12741.2,33045.1,33069.6,33081.3,33124.5,33158.9,20417.7,20303.9,AMR2,25,109.2,109.2,AMR2,0,0,0.0,0,0,0,0,0.0,0,0.0,72,70.7,42.1,1.0,T-1099,F-06-01,T-0918,F-02-02
O0939,H,12760.7,32402.2,32428.7,32440.7,32477.0,32506.1,19745.4,19641.5,AMR3,25,97.4,97.4,AMR3,0,0,0.0,0,0,0,0,0.0,0,0.0,54,56.3,44.6,3.0,T-1080,H-03-01,T-0891,H-03-02
O0940,B,12784.2,32380.8,32404.3,32414.7,32448.1,32476.2,19692.0,19596.6,AMR1,25,92.3,92.3,AMR1,0,0,0.0,0,0,0,0,0.0,0,0.0,58,59.1,36.3,0.0,T-1079,B-02-02,T-0985,B-03-02
O0941,E,12807.3,32978.6,33002.1,33017.6,33054.6,33086.9,20279.6,20171.3,AMR1,25,108.3,108.3,AMR1,0,0,0.0,0,0,0,0,0.0,0,0.0,64,63.4,44.9,0.0,T-1097,E-03-03,T-0936,E-02-01
O0942,A,12829.2,32911.9,32935.4,32948.5,32986.5,33022.3,20193.1,20082.7,AMR3,25,106.7,106.7,AMR3,0,0,0.0,0,0,0,0,0.0,0,0.0,72,70.3,40.1,0.0,T-1095,A-04-02,T-0948,A-01-01
O0943,F,12852.6,34100.6,34131.1,34146.4,34187.6,34219.6,21367.0,21248.0,AMR2,25,111.6,111.6,AMR2,0,0,0.0,0,0,0,0,0.0,1,2.0,68,67.5,44.5,7.0,T-1129,F-02-03,T-0973,F-04-02
O0944,D,12868.5,32550.2,32573.7,32589.5,32627.9,32658.3,19789.8,19681.7,AMR2,25,103.4,103.4,AMR2,0,0,0.0,0,0,0,0,0.0,0,0.0,56,57.5,50.6,0.0,T-1084,D-03-01,T-0970,D-04-01
O0945,A,12887.5,33159.0,33182.5,33197.7,33234.9,33265.2,20377.7,20271.5,AMR2,25,107.8,107.8,AMR2,0,0,0.0,0,0,0,0,0.0,0,0.0,66,65.0,41.2,0.0,T-1102,A-01-01,T-0954,A-06-02
O0946,C,12905.1,32580.6,32604.1,32615.2,32644.3,32672.9,19767.8,19675.5,AMR1,25,87.3,87.3,AMR1,0,0,0.0,0,0,0,1,3.0,0,0.0,52,54.3,35.0,3.0,T-1085,C-03-02,T-0977,C-05-02
O0947,H,12929.6,32613.4,32636.9,32652.1,32688.7,32713.5,19783.9,19683.8,AMR3,25,100.3,100.3,AMR3,0,0,0.0,0,0,0,0,0.0,0,0.0,50,52.6,47.5,0.0,T-1086,H-03-02,T-0909,H-06-02
O0948,D,12952.1,32658.4,32681.9,32693.0,32727.6,32759.2,19807.1,19706.3,AMR2,25,94.5,94.5,AMR2,0,0,0.0,0,0,0,0,0.0,0,0.0,58,59.1,41.7,0.0,T-1087,D-04-01,T-0983,D-06-01
O0949,C,12971.7,32713.6,32737.1,32752.5,32783.6,32811.7,19840.0,19741.9,AMR3,25,96.6,96.6,AMR3,0,0,0.0,0,0,0,0,0.0,0,0.0,52,53.8,44.3,0.0,T-1089,C-05-02,T-0980,C-02-03
O0950,D,12986.8,32759.3,32782.8,32797.3,32827.6,32855.1,19868.3,19772.5,AMR2,25,91.1,91.1,AMR2,0,0,0.0,0,0,0,0,0.0,0,0.0,56,57.5,38.3,0.0,T-1090,D-06-01,T-0996,D-05-01
O0951,G,13003.8,32790.5,32814.0,32824.5,32859.5,32884.5,19880.7,19786.7,AMR1,25,94.7,94.7,AMR1,0,0,0.0,0,0,0,0,0.0,0,0.0,54,55.8,38.2,0.0,T-1091,G-02-01,T-0904,G-06-02
O0952,B,13025.7,32811.8,32838.3,32850.8,32881.8,32911.8,19886.1,19786.1,AMR3,25,95.5,95.5,AMR3,0,0,0.0,0,0,0,0,0.0,0,0.0,56,57.5,39.5,3.0,T-1092,B-03-02,T-0990,B-04-02
O0953,B,13046.5,33022.4,33045.9,33060.5,33095.1,33125.4,20078.9,19975.9,AMR3,25,98.3,98.3,AMR3,0,0,0.0,0,0,0,0,0.0,0,0.0,60,60.7,42.3,0.0,T-1098,B-04-02,T-0993,B-01-03
O0954,D,13071.5,32855.2,32878.7,32890.6,32924.5,32951.3,19879.8,19783.7,AMR2,25,94.2,94.2,AMR2,0,0,0.0,0,0,0,0,0.0,0,0.0,52,54.7,41.4,0.0,T-1093,D-05-01,T-1001,D-01-02
O0955,C,13090.9,32884.6,32908.1,32920.9,32950.0,32978.5,19887.6,19793.7,AMR1,25,91.9,91.9,AMR1,0,0,0.0,0,0,0,0,0.0,0,0.0,52,54.3,39.6,0.0,T-1094,C-02-03,T-0984,C-04-02
O0956,F,13115.0,33655.6,33684.1,33695.5,33735.4,33770.5,20655.5,20540.6,AMR2,25,107.5,107.5,AMR2,0,0,0.0,0,0,0,1,2.0,0,0.0,68,67.5,40.4,7.0,T-1117,F-03-02,T-0959,F-05-02
O0957,H,13130.4,32951.4,32974.9,32986.9,33021.2,33045.0,19914.6,19821.0,AMR2,25,92.2,92.2,AMR2,0,0,0.0,0,0,0,0,0.0,0,0.0,52,54.2,39.4,0.0,T-1096,H-06-02,T-0914,H-01-01
O0958,J,13147.1,33713.0,33736.5,33747.4,33790.1,33824.1,20677.0,20565.9,AMR1,25,107.5,107.5,AMR1,0,0,0.0,0,0,0,0,0.0,0,0.0,68,67.5,43.6,0.0,T-1118,J-02-02,T-0931,J-05-01
O0959,G,13170.3,33217.0,33240.5,33254.7,33294.6,33324.2,20153.9,20046.7,AMR3,25,102.6,102.6,AMR3,0,0,0.0,0,0,0,0,0.0,0,0.0,60,61.1,46.1,0.0,T-1104,G-01-03,T-0966,G-02-03
O0960,G,13185.6,33087.0,33110.5,33124.3,33162.5,33190.2,20004.6,19901.4,AMR1,25,98.6,98.6,AMR1,0,0,0.0,0,0,0,0,0.0,0,0.0,60,61.1,42.1,0.0,T-1100,G-06-02,T-0944,G-01-03
O0961,C,13204.1,33265.3,33288.8,33303.2,33335.0,33364.7,20160.6,20061.2,AMR2,25,99.5,99.5,AMR2,0,0,0.0,0,0,0,0,0.0,0,0.0,50,52.2,47.2,0.0,T-1105,C-02-01,T-0992,C-06-02
O0962,C,13221.9,33125.5,33149.0,33159.9,33189.4,33216.9,19995.0,19903.6,AMR3,25,89.9,89.9,AMR3,0,0,0.0,0,0,0,0,0.0,0,0.0,52,53.8,37.6,0.0,T-1101,C-04-02,T-0987,C-02-01
O0963,J,13243.1,34713.3,34736.8,34750.8,34793.7,34825.1,21582.0,21470.2,AMR3,25,111.9,111.9,AMR3,0,0,0.0,0,0,0,0,0.0,0,0.0,64,63.8,48.0,0.0,T-1146,J-02-03,T-0974,J-01-03
O0964,H,13264.5,33190.3,33213.8,33225.2,33254.9,33282.9,20018.4,19925.8,AMR1,25,88.2,88.2,AMR1,0,0,0.0,0,0,0,1,3.0,0,0.0,52,54.2,35.4,3.0,T-1103,H-01-01,T-0917,H-01-03
O0965,H,13288.4,33283.0,33312.5,33328.7,33364.3,33387.9,20099.5,19994.6,AMR1,25,97.5,97.5,AMR1,0,0,0.0,0,0,0,0,0.0,1,1.0,52,54.2,44.7,6.0,T-1106,H-01-03,T-0922,H-02-03
O0966,G,13304.3,33364.8,33388.3,33403.3,33439.0,33465.2,20160.9,20060.5,AMR2,25,97.4,97.4,AMR2,0,0,0.0,0,0,0,0,0.0,0,0.0,58,59.5,40.9,0.0,T-1108,G-02-03,T-0972,G-03-03
O0967,I,13323.5,33428.6,33452.1,33466.5,33505.7,33533.1,20209.6,20105.1,AMR3,25,103.1,103.1,AMR3,0,0,0.0,0,0,0,0,0.0,0,0.0,52,54.7,49.8,0.0,T-1110,I-04-03,T-0925,I-01-01
O0968,I,13344.8,33324.3,33347.8,33362.4,33396.2,33428.5,20083.7,19979.5,AMR3,25,96.4,96.4,AMR3,0,0,0.0,0,0,0,0,0.0,0,0.0,60,61.1,43.1,0.0,T-1107,I-01-03,T-0921,I-04-03
O0969,F,13369.7,34559.9,34583.4,34594.7,34637.9,34672.3,21302.6,21190.2,AMR1,25,110.4,110.4,AMR1,0,0,0.0,0,0,0,0,0.0,0,0.0,70,69.1,43.3,0.0,T-1142,F-06-02,T-0982,F-03-03
O0970,H,13390.1,33734.9,33760.4,33775.8,33815.9,33845.0,20454.9,20344.8,AMR3,25,104.6,104.6,AMR3,0,0,0.0,0,0,0,0,0.0,0,0.0,54,56.3,51.8,2.0,T-1119,H-06-01,T-0927,H-03-03
O0971,I,13414.2,33608.3,33631.8,33646.8,33686.1,33712.9,20298.7,20194.1,AMR1,25,103.7,103.7,AMR1,0,0,0.0,0,0,0,0,0.0,0,0.0,52,54.2,50.4,0.0,T-1115,I-01-01,T-0929,I-02-01
O0972,C,13433.1,33465.3,33488.8,33500.6,33530.5,33559.4,20126.3,20032.2,AMR2,25,92.6,92.6,AMR2,0,0,0.0,0,0,0,0,0.0,0,0.0,52,53.8,40.3,0.0,T-1111,C-06-02,T-0995,C-01-03
O0973,D,13451.3,33504.7,33528.2,33542.6,33578.3,33608.2,20156.9,20053.4,AMR1,25,100.4,100.4,AMR1,0,0,0.0,0,0,0,0,0.0,0,0.0,54,55.9,47.6,0.0,T-1112,D-01-02,T-1006,D-03-02
O0974,E,13475.3,33533.2,33556.7,33569.2,33605.8,33636.9,20161.6,20057.9,AMR3,25,101.6,101.6,AMR3,0,0,0.0,0,0,0,0,0.0,0,0.0,66,65.5,38.2,0.0,T-1113,E-02-01,T-0957,E-03-02
O0975,H,13498.3,33559.5,33583.0,33597.4,33630.7,33655.5,20157.2,20061.2,AMR2,25,96.2,96.2,AMR2,0,0,0.0,0,0,0,0,0.0,0,0.0,50,52.6,43.4,0.0,T-1114,H-02-03,T-0924,H-06-01
O0976,J,13516.9,33845.1,33871.6,33886.9,33923.7,33959.6,20442.7,20328.2,AMR3,25,102.5,102.5,AMR3,0,0,0.0,0,0,0,1,6.0,1,1.0,66,66.9,38.6,9.0,T-1122,J-05-01,T-0949,J-03-02
O0977,B,13541.7,33637.0,33660.5,33671.3,33705.5,33734.8,20193.1,20095.3,AMR3,25,93.1,93.1,AMR3,0,0,0.0,0,0,0,0,0.0,0,0.0,60,60.7,37.1,0.0,T-1116,B-01-03,T-1000,B-02-03
O0978,E,13563.2,33989.2,34012.7,34025.7,34065.3,34100.5,20537.3,20426.0,AMR2,25,106.0,106.0,AMR2,0,0,0.0,0,0,0,0,0.0,0,0.0,70,68.7,42.6,0.0,T-1126,E-03-02,T-0960,E-06-01
O0979,A,13586.4,34288.5,34312.0,34327.2,34370.3,34405.9,20819.5,20702.1,AMR3,25,113.7,113.7,AMR3,0,0,0.0,0,0,0,0,0.0,0,0.0,72,70.3,47.1,0.0,T-1134,A-01-03,T-0991,A-02-03
O0980,G,13607.1,34183.6,34207.1,34222.9,34261.7,34288.4,20681.3,20576.5,AMR3,25,103.4,103.4,AMR3,0,0,0.0,0,0,0,0,0.0,0,0.0,56,57.9,46.9,0.0,T-1131,G-03-03,T-0979,G-04-03
O0981,C,13631.5,33770.6,33794.1,33806.6,33840.5,33871.2,20239.7,20139.1,AMR2,25,97.9,97.9,AMR2,0,0,0.0,0,0,0,0,0.0,0,0.0,54,55.0,45.6,0.0,T-1120,C-01-03,T-0998,C-03-03
O0982,F,13648.9,34672.4,34695.9,34708.9,34751.1,34787.4,21138.5,21023.5,AMR1,25,111.4,111.4,AMR1,0,0,0.0,0,0,0,0,0.0,0,0.0,72,70.7,44.3,0.0,T-1145,F-03-03,T-0994,F-01-02
O0983,J,13670.8,34259.7,34283.2,34294.3,34337.9,34369.8,20699.0,20588.9,AMR1,25,106.5,106.5,AMR1,0,0,0.0,0,0,0,0,0.0,0,0.0,68,67.5,42.6,0.0,T-1133,J-04-02,T-0963,J-05-02
O0984,F,13692.9,34787.5,34811.0,34824.5,34868.8,34902.2,21209.3,21094.6,AMR1,25,111.1,111.1,AMR1,0,0,0.0,0,0,0,0,0.0,0,0.0,72,70.7,44.0,0.0,T-1148,F-01-02,T-0999,F-01-03
O0985,J,13713.5,34605.4,34628.9,34645.2,34684.7,34713.2,20999.7,20891.9,AMR3,25,107.9,107.9,AMR3,0,0,0.0,0,0,0,0,0.0,0,0.0,64,63.8,44.0,0.0,T-1143,J-05-02,T-0968,J-02-03
O0986,H,13736.9,33959.7,33988.2,33999.3,34038.1,34075.8,20338.9,20222.8,AMR3,25,100.2,100.2,AMR3,0,0,0.0,0,0,0,2,9.5,1,3.0,52,54.2,47.4,14.5,T-1125,H-03-03,T-0941,H-01-02
O0987,H,13755.0,34160.1,34183.6,34199.3,34233.9,34259.6,20504.6,20405.1,AMR1,25,98.1,98.1,AMR1,0,0,0.0,0,0,0,0,0.0,0,0.0,52,54.2,45.3,0.0,T-1130,H-01-02,T-0962,H-02-01
O0988,D,13770.9,34059.6,34083.1,34096.7,34130.5,34160.0,20389.1,20288.7,AMR1,25,97.4,97.4,AMR1,0,0,0.0,0,0,0,0,0.0,0,0.0,52,54.3,44.6,1.5,T-1127,D-03-02,T-1008,D-02-02
O0989,I,13788.1,34075.9,34107.4,34123.1,34158.0,34183.5,20395.4,20287.8,AMR3,25,94.9,94.9,AMR3,0,0,0.0,0,0,0,0,0.0,1,3.0,56,58.0,41.6,8.0,T-1128,I-02-01,T-0934,I-04-01
O0990,J,13803.1,34635.8,34659.3,34670.7,34711.8,34743.9,20940.8,20832.7,AMR2,25,106.1,106.1,AMR2,0,0,0.0,0,0,0,0,0.0,0,0.0,66,65.9,42.2,0.0,T-1144,J-05-03,T-0971,J-03-03
O0991,F,13826.1,34825.2,34848.7,34861.5,34903.9,34935.7,21109.6,20999.1,AMR3,25,110.1,110.1,AMR3,0,0,0.0,0,0,0,0,0.0,0,0.0,68,67.5,43.0,0.0,T-1149,F-05-03,T-1015,F-04-01
O0992,F,13842.9,34855.9,34879.4,34894.2,34934.5,34969.7,21126.8,21013.0,AMR2,25,113.4,113.4,AMR2,0,0,0.0,0,0,0,0,0.0,0,0.0,68,67.5,46.3,0.0,T-1150,F-01-03,T-1032,F-04-03
O0993,J,13858.1,34744.0,34767.5,34782.4,34824.3,34855.8,20997.7,20885.9,AMR2,25,106.6,106.6,AMR2,0,0,0.0,0,0,0,0,0.0,0,0.0,70,69.1,42.7,0.0,T-1147,J-03-03,T-1007,J-06-02
O0994,B,13882.3,34406.0,34429.5,34443.8,34476.0,34506.6,20624.3,20523.7,AMR3,25,101.2,101.2,AMR3,0,0,0.0,0,0,0,0,0.0,0,0.0,54,55.4,45.2,0.0,T-1137,B-05-02,T-1010,B-06-02
O0995,B,13905.9,34330.9,34354.4,34366.4,34398.7,34426.5,20520.6,20425.0,AMR2,25,94.1,94.1,AMR2,0,0,0.0,0,0,0,0,0.0,0,0.0,56,57.5,38.1,0.0,T-1135,B-02-03,T-1003,B-05-02
O0996,G,13928.0,34369.9,34393.4,34408.3,34441.2,34467.0,20539.0,20441.9,AMR1,25,95.7,95.7,AMR1,0,0,0.0,0,0,0,0,0.0,0,0.0,56,57.9,39.2,0.0,T-1136,G-04-03,T-0988,G-05-01
O0997,E,13944.0,34523.4,34553.9,34567.4,34605.0,34635.7,20691.7,20579.4,AMR2,25,105.3,105.3,AMR2,0,0,0.0,0,0,0,0,0.0,1,2.0,64,63.4,41.9,7.0,T-1141,E-06-01,T-0978,E-01-01
O0998,C,13960.3,34426.6,34453.1,34464.9,34495.1,34523.3,20563.0,20466.3,AMR2,25,91.7,91.7,AMR2,0,0,0.0,0,0,0,0,0.0,0,0.0,52,54.3,39.4,3.0,T-1138,C-03-03,T-1012,C-04-03
O0999,H,13984.8,34506.7,34530.2,34544.7,34580.8,34605.3,20620.5,20521.9,AMR3,25,96.7,96.7,AMR3,0,0,0.0,0,0,0,0,0.0,0,0.0,52,54.7,43.9,0.0,T-1140,H-02-01,T-0975,H-04-03
O1000,I,14003.0,34467.1,34490.6,34503.1,34534.9,34559.8,20556.8,20464.1,AMR1,25,89.2,89.2,AMR1,0,0,0.0,0,0,0,0,0.0,0,0.0,54,56.8,35.9,0.0,T-1139,I-04-01,T-0937,I-03-01
