주문ID,저장구역,발생시각(s),작업시작(배정)시각(s),입고장 도착(s),RFID 통과(s),저장구역 적치완료(s),출고 작업 배정(s),피킹 완료(s),출고완료(s),총처리시간(s),주문 대응시간(s),입고 배정 AMR,출고 배정 AMR,출고 연속 수행,배정 당시 AMR-입고장 거리(m),배정 당시 AMR-피킹위치 거리(m),입고 배차비용(s),입고 최소 가능비용(s),입고 최소비용 AMR,출고 배차비용(s),출고 최소 가능비용(s),출고 최소비용 AMR,배차 비효율,추가 이동거리(m),추가 예상시간(s),수동 배차 확인 개입,경로충돌,정면충돌,병목 횟수,병목 대기(s),장시간정체 개입,장시간정체 개입시간(s),이동거리(m),이동시간(s),작업시간(s),대기시간(s),입고 토트,적치 슬롯,출고 토트,피킹 슬롯
O0001,B,0.0,0.0,10.5,21.8,47.0,63.2,95.1,132.9,132.9,0.0,AMR1,AMR1,0,15,15,44.5,43.8,AMR2,57.6,57.6,AMR1,1,1,0.7,0,2,2,0,0.0,0,0.0,66,65.2,44.3,7.2,T-0151,B-01-01,T-0016,B-01-05
O0002,D,22.4,22.4,32.2,42.7,64.5,82.6,106.7,149.4,127.0,0.0,AMR2,AMR2,0,14,13,41.2,41.2,AMR2,53.1,53.1,AMR2,0,0,0.0,0,0,0,1,10.4,1,5.4,57,56.7,41.8,10.4,T-0152,D-01-01,T-0046,D-04-03
O0003,B,38.8,38.8,69.5,82.5,113.3,129.5,156.5,188.6,149.8,0.0,AMR3,AMR3,0,31,15,59.7,57.3,AMR1,58.8,58.8,AMR3,1,31,2.4,0,2,2,0,0.0,0,0.0,80,80.1,45.5,8.0,T-0153,B-02-01,T-0017,B-05-03
O0004,I,61.2,156.6,156.6,170.1,194.9,209.7,243.9,272.6,211.4,95.4,AMR1,AMR1,0,0,15,37.4,37.4,AMR1,54.5,54.5,AMR1,0,0,0.0,0,1,1,0,0.0,1,0.1,45,50.0,46.1,5.1,T-0154,I-01-01,T-0121,I-04-03
O0005,A,82.1,173.1,173.1,185.8,213.3,219.7,247.6,289.7,207.6,91.0,AMR2,AMR3,0,0,21,37.7,37.7,AMR2,64.9,64.9,AMR3,0,0,0.0,0,0,0,1,1.8,0,0.0,69,67.9,40.5,1.8,T-0155,A-02-01,T-0001,A-02-03
O0006,D,98.1,234.9,234.9,250.6,273.7,287.8,313.6,343.8,245.7,136.8,AMR2,AMR2,0,0,13,37.1,37.1,AMR2,51.5,51.5,AMR2,0,0,0.0,0,2,1,0,0.0,0,0.0,40,44.2,45.9,4.7,T-0156,D-03-01,T-0047,D-01-02
O0007,I,119.1,300.3,300.3,314.8,337.2,352.0,384.5,413.5,294.4,181.2,AMR1,AMR1,0,0,15,36.0,36.0,AMR1,54.7,54.7,AMR1,0,0,0.0,0,1,1,0,0.0,0,0.0,43,48.5,44.9,5.0,T-0157,I-02-01,T-0122,I-03-02
O0008,I,141.2,316.7,316.7,330.3,357.9,372.5,402.1,431.5,290.3,175.5,AMR3,AMR2,0,0,15,38.7,38.7,AMR3,52.4,52.4,AMR2,0,0,0.0,0,1,1,0,0.0,0,0.0,45,50.1,45.3,4.8,T-0158,I-04-01,T-0123,I-03-01
O0009,J,158.4,382.2,382.2,396.1,424.9,437.2,467.0,501.5,343.1,223.8,AMR3,AMR1,0,0,21,41.8,41.8,AMR3,61.0,61.0,AMR1,0,0,0.0,0,0,0,0,0.0,0,0.0,63,64.8,42.2,0.0,T-0159,J-01-01,T-0136,J-04-02
O0010,A,181.5,445.1,445.1,456.2,485.6,508.3,539.1,577.8,396.3,263.6,AMR3,AMR3,0,0,21,38.8,38.8,AMR3,69.2,69.2,AMR3,0,0,0.0,0,0,0,0,0.0,0,0.0,64,64.1,45.9,0.0,T-0160,A-03-01,T-0002,A-05-03
O0011,F,203.5,456.3,456.3,472.5,505.9,525.2,558.8,590.5,387.0,252.8,AMR2,AMR1,0,0,23,47.1,47.1,AMR2,60.6,60.6,AMR1,0,0,0.0,0,1,1,0,0.0,1,0.4,67,67.0,42.5,5.4,T-0161,F-02-01,T-0076,F-05-05
O0012,F,220.1,535.9,535.9,547.2,581.0,601.5,638.1,673.8,453.7,315.8,AMR2,AMR3,0,0,23,43.4,43.4,AMR2,63.2,63.2,AMR3,0,0,0.0,0,1,1,0,0.0,0,0.0,70,73.0,41.4,3.0,T-0162,F-03-01,T-0077,F-01-01
O0013,B,236.0,609.4,609.4,619.8,646.0,660.8,688.6,716.5,480.5,373.4,AMR2,AMR2,0,0,15,35.7,35.7,AMR2,55.4,55.4,AMR2,0,0,0.0,0,0,0,0,0.0,0,0.0,45,48.5,43.8,0.0,T-0163,B-04-01,T-0018,B-05-04
O0014,J,259.5,619.9,619.9,635.7,667.6,687.8,719.2,757.3,497.8,360.4,AMR1,AMR1,0,0,21,46.8,46.8,AMR1,62.6,62.6,AMR1,0,0,0.0,0,0,0,1,2.1,0,0.0,65,66.3,48.8,2.1,T-0164,J-02-01,T-0137,J-06-03
O0015,H,282.6,697.5,697.5,712.1,739.0,740.2,767.4,792.2,509.6,414.9,AMR3,AMR2,0,0,15,40.6,40.6,AMR3,53.2,53.2,AMR2,0,0,0.0,0,0,0,0,0.0,0,0.0,41,45.0,48.5,0.0,T-0165,H-04-01,T-0106,H-02-04
O0016,G,298.8,753.8,753.8,765.4,795.2,812.7,839.6,868.8,570.0,455.0,AMR3,AMR3,0,0,17,39.7,39.7,AMR3,55.8,55.8,AMR3,0,0,0.0,0,0,0,0,0.0,0,0.0,48,52.4,45.1,0.0,T-0166,G-03-01,T-0091,G-05-02
O0017,J,319.3,781.0,781.0,794.9,828.6,850.8,880.8,913.0,593.7,461.7,AMR1,AMR1,0,0,21,45.1,45.1,AMR1,60.4,60.4,AMR1,0,0,0.0,0,0,0,0,0.0,0,0.0,63,64.9,44.9,0.0,T-0167,J-04-01,T-0138,J-03-03
O0018,B,340.1,815.9,815.9,831.3,856.3,871.1,898.8,930.0,589.9,475.8,AMR2,AMR2,0,0,15,39.5,39.5,AMR2,58.6,58.6,AMR2,0,0,0.0,0,0,0,0,0.0,0,0.0,45,48.5,50.8,0.0,T-0168,B-05-01,T-0019,B-04-02
O0019,E,361.7,892.5,892.5,904.0,930.1,936.7,963.7,1000.5,638.8,530.8,AMR3,AMR1,0,0,19,35.9,35.9,AMR3,64.0,64.0,AMR1,0,0,0.0,0,0,0,0,0.0,0,0.0,58,59.0,42.4,0.0,T-0169,E-03-01,T-0061,E-01-04
O0020,B,385.3,949.6,949.6,960.4,983.0,999.2,1024.4,1055.3,670.0,564.3,AMR3,AMR3,0,0,15,30.9,30.9,AMR3,55.8,55.8,AMR3,0,0,0.0,0,0,0,0,0.0,0,0.0,47,50.1,39.4,0.0,T-0170,B-01-02,T-0020,B-04-05
O0021,F,403.0,960.5,960.5,976.1,1011.6,1024.2,1056.8,1090.9,687.9,557.5,AMR2,AMR1,0,0,23,48.6,48.6,AMR2,64.4,64.4,AMR1,0,0,0.0,0,0,0,0,0.0,0,0.0,71,70.0,47.8,0.0,T-0171,F-01-01,T-0078,F-01-04
O0022,D,421.7,1035.2,1035.2,1046.5,1067.3,1079.0,1110.1,1138.0,716.3,613.5,AMR2,AMR3,0,0,13,29.6,29.6,AMR2,50.7,50.7,AMR3,0,0,0.0,0,1,1,0,0.0,0,0.0,45,50.5,37.6,3.0,T-0172,D-04-01,T-0048,D-05-05
O0023,B,439.4,1088.9,1088.9,1101.9,1124.4,1140.6,1165.5,1195.5,756.1,649.5,AMR2,AMR2,0,0,15,33.0,33.0,AMR2,53.1,53.1,AMR2,0,0,0.0,0,0,0,0,0.0,0,0.0,49,51.6,38.8,0.0,T-0173,B-02-02,T-0021,B-03-04
O0024,I,460.8,1114.6,1114.6,1128.5,1155.3,1161.7,1187.4,1212.8,752.0,653.8,AMR1,AMR3,0,0,15,39.0,39.0,AMR1,47.8,47.8,AMR3,0,0,0.0,0,0,0,0,0.0,0,0.0,46,50.8,41.0,0.0,T-0174,I-03-01,T-0124,I-05-03
O0025,H,478.2,1171.4,1171.4,1183.4,1210.9,1219.2,1242.4,1269.5,791.3,693.2,AMR1,AMR2,0,0,15,36.8,36.8,AMR1,50.4,50.4,AMR2,0,0,0.0,0,0,0,0,0.0,0,0.0,43,46.1,41.9,1.8,T-0175,H-05-01,T-0107,H-03-04
O0026,I,495.9,1225.7,1225.7,1240.5,1266.8,1283.6,1316.9,1341.6,845.7,729.8,AMR1,AMR1,0,0,15,38.6,38.6,AMR1,51.8,51.8,AMR1,0,0,0.0,0,1,1,0,0.0,0,0.0,45,51.5,44.6,3.0,T-0176,I-05-01,T-0125,I-01-05
O0027,A,517.8,1240.5,1240.5,1253.8,1282.1,1298.6,1335.3,1374.1,856.3,722.7,AMR3,AMR2,0,0,21,40.7,40.7,AMR3,68.8,68.8,AMR2,0,0,0.0,0,2,1,0,0.0,0,0.0,61,64.1,47.4,5.6,T-0177,A-05-01,T-0003,A-06-03
O0028,F,541.0,1306.4,1306.4,1320.5,1353.0,1365.3,1397.5,1433.5,892.5,765.4,AMR3,AMR1,0,0,23,45.7,45.7,AMR3,65.9,65.9,AMR1,0,0,0.0,0,1,0,0,0.0,0,0.0,69,68.4,46.4,0.0,T-0178,F-05-01,T-0079,F-01-05
O0029,D,558.6,1375.2,1375.2,1389.4,1421.2,1436.7,1462.2,1489.5,930.9,816.6,AMR3,AMR3,0,0,13,37.4,37.4,AMR3,49.5,49.5,AMR3,0,0,0.0,0,2,1,0,0.0,1,0.3,46,49.3,44.2,5.3,T-0179,D-06-01,T-0049,D-05-01
O0030,F,582.4,1401.8,1401.8,1416.4,1449.2,1461.0,1495.5,1531.4,949.0,819.4,AMR2,AMR1,0,0,23,47.3,47.3,AMR2,66.1,66.1,AMR1,0,0,0.0,0,1,0,0,0.0,0,0.0,68,66.6,48.2,3.0,T-0180,F-06-01,T-0080,F-02-04
O0031,G,604.0,1470.1,1470.1,1484.9,1513.0,1513.2,1538.2,1566.2,962.2,866.1,AMR2,AMR3,0,0,17,40.4,40.4,AMR2,53.7,53.7,AMR3,0,0,0.0,0,1,0,0,0.0,0,0.0,49,52.2,43.7,0.0,T-0181,G-01-02,T-0092,G-04-01
O0032,E,623.5,1531.2,1531.2,1543.7,1572.0,1592.2,1623.3,1667.2,1043.7,907.7,AMR2,AMR2,0,0,19,38.3,38.3,AMR2,58.2,58.2,AMR2,0,0,0.0,0,1,1,2,11.1,1,4.9,59,59.8,39.0,17.0,T-0182,E-04-01,T-0062,E-02-05
O0033,I,641.0,1555.1,1555.1,1567.7,1601.6,1601.9,1629.2,1654.9,1013.9,914.1,AMR1,AMR3,0,0,15,38.2,38.2,AMR1,53.2,53.2,AMR3,0,0,0.0,0,1,1,0,0.0,0,0.0,44,48.9,45.6,5.0,T-0183,I-06-01,T-0126,I-02-04
O0034,J,658.6,1619.1,1619.1,1630.9,1662.7,1678.6,1708.8,1744.9,1086.3,960.5,AMR1,AMR3,0,0,21,40.3,40.3,AMR1,64.5,64.5,AMR3,0,0,0.0,0,0,0,0,0.0,0,0.0,64,65.7,44.2,0.0,T-0184,J-06-01,T-0139,J-03-01
O0035,G,682.6,1685.6,1685.6,1699.2,1722.9,1739.7,1766.0,1797.2,1114.6,1003.0,AMR1,AMR1,0,0,17,36.4,36.4,AMR1,55.7,55.7,AMR1,0,0,0.0,0,0,0,0,0.0,0,0.0,49,53.1,41.7,0.0,T-0185,G-04-01,T-0093,G-03-05
O0036,C,699.8,1699.2,1699.2,1710.7,1735.5,1747.7,1770.7,1812.9,1113.1,999.4,AMR2,AMR2,0,0,13,35.4,35.4,AMR2,53.1,53.1,AMR2,0,0,0.0,0,0,0,1,12.8,1,7.8,39,42.4,46.3,12.8,T-0186,C-01-01,T-0031,C-04-01
O0037,A,719.8,1768.6,1768.6,1782.0,1814.7,1820.9,1847.1,1881.6,1161.8,1048.8,AMR3,AMR1,0,0,21,43.6,43.6,AMR3,61.4,61.4,AMR1,0,0,0.0,0,0,0,0,0.0,0,0.0,65,63.9,42.9,0.0,T-0187,A-01-02,T-0004,A-05-04
O0038,C,736.3,1836.3,1836.3,1849.8,1869.8,1882.6,1908.1,1935.1,1198.8,1100.0,AMR3,AMR3,0,0,13,32.6,32.6,AMR3,52.2,52.2,AMR3,0,0,0.0,0,0,0,0,0.0,0,0.0,39,43.4,42.6,0.0,T-0188,C-04-01,T-0032,C-05-03
O0039,B,755.5,1849.9,1849.9,1861.2,1887.0,1902.5,1928.2,1959.3,1203.8,1094.4,AMR2,AMR2,0,0,15,35.4,35.4,AMR2,53.5,53.5,AMR2,0,0,0.0,0,0,0,0,0.0,0,0.0,50,52.3,41.6,0.0,T-0189,B-03-02,T-0022,B-01-03
O0040,H,774.3,1905.3,1905.3,1918.5,1944.2,1958.4,1986.1,2013.2,1238.9,1131.0,AMR1,AMR1,0,0,15,38.0,38.0,AMR1,50.5,50.5,AMR1,0,0,0.0,0,0,1,0,0.0,0,0.0,41,47.5,43.2,3.0,T-0190,H-02-02,T-0108,H-04-02
O0041,I,791.8,1964.8,1964.8,1976.9,2002.7,2017.5,2049.0,2078.3,1286.5,1173.0,AMR3,AMR3,0,0,15,37.0,37.0,AMR3,51.7,51.7,AMR3,0,0,0.0,0,1,1,1,2.0,0,0.0,47,52.8,42.9,3.0,T-0191,I-01-02,T-0127,I-05-02
O0042,B,813.6,1983.0,1983.0,1996.3,2022.8,2037.6,2063.1,2092.4,1278.8,1169.4,AMR2,AMR2,0,0,15,38.9,38.9,AMR2,51.5,51.5,AMR2,0,0,0.0,0,0,0,0,0.0,0,0.0,49,51.5,43.1,0.0,T-0192,B-04-02,T-0023,B-01-04
O0043,E,837.5,2042.2,2042.2,2057.9,2086.9,2102.0,2136.1,2178.6,1341.1,1204.7,AMR1,AMR3,0,0,19,43.8,43.8,AMR1,60.7,60.7,AMR3,0,0,0.0,0,2,2,0,0.0,0,0.0,63,66.4,47.0,7.9,T-0193,E-01-02,T-0063,E-06-03
O0044,E,855.9,2111.9,2111.9,2124.8,2156.8,2177.0,2206.9,2240.4,1384.5,1256.0,AMR1,AMR1,0,0,19,36.4,36.4,AMR1,60.1,60.1,AMR1,0,0,0.0,0,1,1,0,0.0,0,0.0,65,66.3,39.0,3.0,T-0194,E-04-02,T-0064,E-05-01
O0045,A,872.5,2124.8,2124.8,2138.9,2166.8,2187.7,2218.4,2251.6,1379.1,1252.3,AMR2,AMR2,0,0,21,40.3,40.3,AMR2,63.6,63.6,AMR2,0,0,0.0,0,0,0,0,0.0,0,0.0,64,64.1,41.8,0.0,T-0195,A-03-02,T-0005,A-04-01
O0046,C,897.2,2202.3,2202.3,2213.1,2237.5,2250.3,2274.5,2304.3,1407.1,1305.1,AMR3,AMR3,0,0,13,34.3,34.3,AMR3,54.1,54.1,AMR3,0,0,0.0,0,0,0,0,0.0,0,0.0,41,43.0,46.2,0.0,T-0196,C-05-01,T-0033,C-03-01
O0047,E,921.3,2264.1,2264.1,2276.2,2305.4,2327.6,2363.2,2413.8,1492.5,1342.8,AMR1,AMR2,0,0,19,38.8,38.8,AMR1,64.3,64.3,AMR2,0,0,0.0,0,0,1,1,11.5,1,6.5,59,63.0,45.6,18.9,T-0197,E-05-01,T-0065,E-02-02
O0048,D,941.4,2275.3,2275.3,2288.2,2312.8,2336.4,2368.1,2398.5,1457.1,1333.9,AMR2,AMR3,0,0,13,35.0,35.0,AMR2,54.9,54.9,AMR3,0,0,0.0,0,1,1,0,0.0,1,0.4,43,47.0,47.2,5.4,T-0198,D-05-01,T-0050,D-03-02
O0049,C,960.1,2346.8,2346.8,2358.4,2381.0,2393.5,2418.0,2445.5,1485.4,1386.7,AMR1,AMR1,0,0,13,32.5,32.5,AMR1,53.2,53.2,AMR1,0,0,0.0,0,0,0,0,0.0,0,0.0,40,42.7,43.5,0.0,T-0199,C-03-01,T-0034,C-01-04
O0050,I,984.7,2422.2,2422.2,2433.5,2455.5,2472.9,2506.4,2536.9,1552.2,1437.5,AMR3,AMR1,0,0,15,32.4,32.4,AMR3,54.4,54.4,AMR1,0,0,0.0,0,1,1,0,0.0,0,0.0,47,51.5,41.0,4.8,T-0200,I-02-02,T-0128,I-06-03
O0051,H,1005.7,2437.5,2437.5,2450.7,2476.1,2482.6,2517.3,2549.8,1544.1,1431.8,AMR2,AMR3,0,0,15,34.8,34.8,AMR2,51.1,51.1,AMR3,0,0,0.0,0,2,2,1,8.0,1,3.0,43,51.2,40.6,14.0,T-0201,H-04-02,T-0109,H-05-05
O0052,F,1021.8,2496.3,2496.3,2509.8,2541.0,2560.6,2598.7,2630.5,1608.7,1474.5,AMR2,AMR1,0,0,23,42.2,42.2,AMR2,64.0,64.0,AMR1,0,0,0.0,0,1,1,0,0.0,1,0.1,69,68.5,41.0,5.1,T-0202,F-02-02,T-0081,F-03-04
O0053,D,1039.2,2571.0,2571.0,2581.9,2601.2,2614.0,2639.7,2668.1,1628.9,1531.8,AMR2,AMR2,0,0,13,29.3,29.3,AMR2,49.3,49.3,AMR2,0,0,0.0,0,1,0,0,0.0,0,0.0,45,48.4,35.9,0.0,T-0203,D-01-02,T-0051,D-06-04
O0054,B,1063.6,2581.9,2581.9,2596.4,2620.0,2636.2,2661.3,2690.5,1626.9,1518.3,AMR3,AMR3,0,0,15,35.6,35.6,AMR3,56.0,56.0,AMR3,0,0,0.0,0,0,0,0,0.0,0,0.0,45,48.1,44.3,0.0,T-0204,B-01-03,T-0024,B-06-04
O0055,B,1083.5,2657.4,2657.4,2673.7,2698.2,2714.2,2746.0,2775.1,1691.6,1573.9,AMR1,AMR3,0,0,15,38.3,38.3,AMR1,56.0,56.0,AMR3,0,0,0.0,0,0,1,0,0.0,0,0.0,47,51.7,47.0,3.0,T-0205,B-02-03,T-0025,B-05-02
O0056,C,1106.2,2691.8,2691.8,2702.3,2725.0,2736.5,2756.8,2790.3,1684.1,1585.6,AMR2,AMR2,0,0,13,33.1,33.1,AMR2,49.5,49.5,AMR2,0,0,0.0,0,0,0,1,6.0,1,1.0,36,40.6,40.4,6.0,T-0206,C-06-01,T-0035,C-06-05
O0057,I,1125.9,2720.7,2720.7,2732.6,2760.9,2777.0,2806.8,2834.8,1708.9,1594.8,AMR1,AMR1,0,0,15,38.5,38.5,AMR1,50.2,50.2,AMR1,0,0,0.0,0,1,1,0,0.0,0,0.0,48,52.1,42.9,3.0,T-0207,I-03-02,T-0129,I-06-05
O0058,J,1143.6,2804.2,2804.2,2818.5,2847.7,2858.5,2888.8,2926.1,1782.5,1660.6,AMR3,AMR1,0,0,21,41.8,41.8,AMR3,59.8,59.8,AMR1,0,0,0.0,0,0,0,0,0.0,0,0.0,66,67.1,41.0,3.0,T-0208,J-03-01,T-0140,J-05-02
O0059,I,1168.2,2818.6,2818.6,2830.3,2854.4,2871.2,2902.7,2940.9,1772.7,1650.4,AMR2,AMR2,0,0,15,33.3,33.3,AMR2,51.7,51.7,AMR2,0,0,0.0,0,1,1,1,9.7,1,4.7,47,51.6,39.2,14.7,T-0209,I-05-02,T-0130,I-04-05
O0060,E,1190.1,2881.1,2881.1,2893.6,2923.4,2941.6,2973.1,3008.8,1818.7,1691.0,AMR3,AMR3,0,0,19,41.4,41.4,AMR3,63.9,63.9,AMR3,0,0,0.0,0,0,0,0,0.0,0,0.0,61,61.7,47.8,0.0,T-0210,E-02-02,T-0066,E-04-03
O0061,F,1215.0,2949.8,2949.8,2964.2,2997.5,3020.4,3050.0,3091.6,1876.6,1734.8,AMR1,AMR1,0,0,23,46.0,46.0,AMR1,64.7,64.7,AMR1,0,0,0.0,0,0,0,1,8.2,1,3.2,64,65.2,45.5,8.2,T-0211,F-03-02,T-0082,F-06-03
O0062,H,1239.0,2964.6,2964.6,2976.7,3005.9,3023.8,3050.3,3076.3,1837.3,1725.6,AMR2,AMR2,0,0,15,37.8,37.8,AMR2,52.6,52.6,AMR2,0,0,0.0,0,0,0,1,2.6,0,0.0,43,46.1,45.1,2.6,T-0212,H-05-02,T-0110,H-03-01
O0063,B,1256.5,3032.5,3032.5,3045.8,3068.1,3082.9,3109.1,3139.8,1883.3,1776.0,AMR3,AMR3,0,0,15,34.7,34.7,AMR3,58.6,58.6,AMR3,0,0,0.0,0,0,0,0,0.0,0,0.0,43,46.5,46.0,0.0,T-0213,B-05-02,T-0026,B-06-02
O0064,I,1271.7,3100.0,3100.0,3116.0,3140.3,3157.8,3189.9,3216.0,1944.3,1828.3,AMR2,AMR2,0,0,15,37.0,37.0,AMR2,51.9,51.9,AMR2,0,0,0.0,0,0,1,0,0.0,0,0.0,48,52.4,43.1,3.0,T-0214,I-06-02,T-0131,I-04-02
O0065,A,1292.6,3115.3,3115.3,3129.4,3156.9,3169.0,3196.5,3231.3,1938.7,1822.7,AMR1,AMR3,0,0,21,40.7,40.7,AMR1,65.0,65.0,AMR3,0,0,0.0,0,0,0,0,0.0,0,0.0,61,60.3,43.6,0.0,T-0215,A-04-01,T-0006,A-06-01
O0066,A,1314.7,3177.1,3177.1,3189.1,3218.5,3238.7,3269.5,3309.7,1995.0,1862.4,AMR1,AMR1,0,0,21,40.5,40.5,AMR1,63.9,63.9,AMR1,0,0,0.0,0,1,1,0,0.0,0,0.0,67,67.1,42.3,3.0,T-0216,A-05-02,T-0007,A-01-03
O0067,A,1330.4,3242.1,3242.1,3258.4,3293.3,3310.1,3342.5,3392.7,2062.3,1911.7,AMR2,AMR3,0,0,21,46.2,46.2,AMR2,63.5,63.5,AMR3,0,0,0.0,0,1,2,1,11.3,2,6.8,66,64.5,47.6,21.7,T-0217,A-06-01,T-0008,A-02-02
O0068,D,1346.1,3258.4,3258.4,3271.5,3296.0,3319.6,3348.0,3377.0,2030.9,1912.3,AMR3,AMR2,0,0,13,35.9,35.9,AMR3,51.2,51.2,AMR2,0,0,0.0,0,1,1,0,0.0,0,0.0,42,47.6,44.4,3.0,T-0218,D-03-02,T-0052,D-02-02
O0069,D,1367.8,3338.7,3338.7,3350.7,3370.9,3383.7,3411.9,3440.0,2072.2,1970.9,AMR1,AMR1,0,0,13,31.3,31.3,AMR1,51.4,51.4,AMR1,0,0,0.0,0,1,1,0,0.0,1,0.1,39,43.4,40.0,5.1,T-0219,D-02-02,T-0053,D-02-01
O0070,J,1384.1,3405.7,3405.7,3418.4,3448.3,3463.7,3502.1,3536.4,2152.3,2021.6,AMR2,AMR1,0,0,21,41.7,41.7,AMR2,61.3,61.3,AMR1,0,0,0.0,0,1,1,1,3.4,0,0.0,61,66.5,42.4,6.4,T-0220,J-01-02,T-0141,J-03-02
O0071,H,1403.8,3418.4,3418.4,3434.7,3459.5,3473.5,3499.0,3524.1,2120.3,2014.6,AMR3,AMR2,0,0,15,39.4,39.4,AMR3,50.7,50.7,AMR2,0,0,0.0,0,0,0,0,0.0,0,0.0,44,46.9,44.8,0.0,T-0221,H-03-01,T-0111,H-03-02
O0072,B,1420.7,3476.8,3476.8,3490.7,3515.2,3528.7,3552.2,3583.1,2162.4,2056.1,AMR3,AMR3,0,0,15,38.3,38.3,AMR3,52.6,52.6,AMR3,0,0,0.0,0,0,0,0,0.0,0,0.0,46,49.2,43.6,0.0,T-0222,B-06-02,T-0027,B-03-01
O0073,G,1440.0,3547.8,3547.8,3560.6,3588.6,3606.1,3634.7,3665.6,2225.6,2107.8,AMR2,AMR2,0,0,17,39.1,39.1,AMR2,56.2,56.2,AMR2,0,0,0.0,0,1,0,0,0.0,0,0.0,52,55.4,44.9,0.0,T-0223,G-03-02,T-0094,G-02-02
O0074,A,1459.7,3560.1,3560.1,3575.3,3608.2,3609.5,3640.4,3679.1,2219.4,2100.4,AMR1,AMR3,0,0,21,45.6,45.6,AMR1,66.7,66.7,AMR3,0,0,0.0,0,0,0,1,3.6,0,0.0,65,63.9,50.2,3.6,T-0224,A-02-02,T-0009,A-04-02
O0075,F,1475.3,3633.0,3633.0,3643.5,3676.6,3689.3,3721.7,3756.7,2281.4,2157.7,AMR1,AMR2,0,0,23,42.7,42.7,AMR1,70.1,70.1,AMR2,0,0,0.0,0,0,0,0,0.0,0,0.0,63,63.4,47.6,0.0,T-0225,F-05-02,T-0083,F-06-04
O0076,D,1492.8,3698.8,3698.8,3714.2,3736.1,3748.9,3774.6,3804.1,2311.3,2206.0,AMR1,AMR1,0,0,13,36.4,36.4,AMR1,51.9,51.9,AMR1,0,0,0.0,0,0,0,0,0.0,0,0.0,43,46.9,45.6,0.0,T-0226,D-02-01,T-0054,D-05-04
O0077,G,1512.3,3714.2,3714.2,3726.1,3753.7,3771.9,3801.3,3830.3,2318.0,2201.9,AMR3,AMR3,0,0,17,37.0,37.0,AMR3,55.1,55.1,AMR3,0,0,0.0,0,0,0,0,0.0,0,0.0,53,56.2,41.7,0.0,T-0227,G-02-02,T-0095,G-02-04
O0078,D,1530.1,3780.4,3780.4,3792.7,3816.4,3827.8,3853.8,3880.8,2350.7,2250.3,AMR2,AMR1,0,0,13,33.5,33.5,AMR2,48.2,48.2,AMR1,0,0,0.0,0,2,1,0,0.0,0,0.0,41,47.0,39.0,3.0,T-0228,D-04-02,T-0055,D-02-03
O0079,I,1549.5,3837.6,3837.6,3850.0,3877.2,3894.0,3924.0,3960.9,2411.4,2288.1,AMR2,AMR2,0,0,15,35.6,35.6,AMR2,52.4,52.4,AMR2,0,0,0.0,0,2,2,1,2.0,1,0.3,49,54.5,42.2,9.8,T-0229,I-04-02,T-0132,I-04-04
O0080,I,1565.0,3857.0,3857.0,3870.9,3894.3,3908.5,3945.3,3977.9,2412.9,2292.0,AMR3,AMR1,0,0,15,35.0,35.0,AMR3,55.2,55.2,AMR1,0,0,0.0,0,2,2,1,4.1,1,0.9,41,46.5,44.4,15.8,T-0230,I-02-03,T-0133,I-02-05
O0081,D,1589.7,3917.8,3917.8,3933.2,3953.8,3966.6,3995.7,4023.2,2433.5,2328.1,AMR3,AMR3,0,0,13,35.1,35.1,AMR3,46.9,46.9,AMR3,0,0,0.0,0,1,1,0,0.0,0,0.0,45,50.3,39.3,3.0,T-0231,D-01-03,T-0056,D-04-04
O0082,H,1608.8,3989.9,3989.9,4002.9,4027.6,4042.1,4070.1,4094.1,2485.3,2381.1,AMR2,AMR2,0,0,15,36.0,36.0,AMR2,53.2,53.2,AMR2,0,0,0.0,0,0,0,0,0.0,0,0.0,42,45.8,43.9,0.0,T-0232,H-03-02,T-0112,H-02-05
O0083,A,1632.4,4003.0,4003.0,4016.1,4046.4,4046.9,4075.4,4115.4,2483.0,2370.6,AMR1,AMR3,0,0,21,42.5,42.5,AMR1,66.2,66.2,AMR3,0,0,0.0,0,0,0,0,0.0,0,0.0,67,65.3,46.6,0.0,T-0233,A-04-02,T-0010,A-01-01
O0084,G,1651.2,4066.6,4066.6,4082.0,4109.4,4117.8,4146.5,4173.7,2522.5,2415.4,AMR1,AMR2,0,0,17,41.9,41.9,AMR1,56.6,56.6,AMR2,0,0,0.0,0,0,0,0,0.0,0,0.0,47,50.6,48.1,0.0,T-0234,G-04-02,T-0096,G-05-04
O0085,H,1675.5,4126.2,4126.2,4139.2,4162.1,4175.6,4202.5,4227.1,2551.6,2450.7,AMR1,AMR1,0,0,15,35.8,35.8,AMR1,52.7,52.7,AMR1,0,0,0.0,0,0,0,0,0.0,0,0.0,40,44.2,43.2,0.0,T-0235,H-06-02,T-0113,H-01-01
O0086,I,1694.7,4139.1,4139.1,4150.0,4177.6,4193.7,4225.5,4248.8,2554.1,2444.4,AMR3,AMR3,0,0,15,36.8,36.8,AMR3,50.3,50.3,AMR3,0,0,0.0,0,1,1,0,0.0,0,0.0,42,49.3,41.3,3.0,T-0236,I-03-03,T-0134,I-01-03
O0087,C,1716.9,4202.6,4202.6,4215.6,4239.6,4250.8,4279.8,4310.1,2593.2,2485.7,AMR2,AMR1,0,0,13,36.1,36.1,AMR2,54.5,54.5,AMR1,0,0,0.0,0,1,1,0,0.0,0,0.0,41,44.9,48.4,3.0,T-0237,C-01-02,T-0036,C-03-02
O0088,A,1734.8,4257.2,4257.2,4268.1,4297.4,4324.8,4356.1,4394.3,2659.5,2522.4,AMR2,AMR2,0,0,21,37.7,37.7,AMR2,63.5,63.5,AMR2,0,0,0.0,0,1,1,0,0.0,0,0.0,67,66.4,39.1,4.2,T-0238,A-01-01,T-0011,A-03-05
O0089,A,1757.3,4272.5,4272.5,4284.9,4317.7,4333.8,4376.8,4412.5,2655.2,2515.2,AMR3,AMR1,0,0,21,39.0,39.0,AMR3,62.8,62.8,AMR1,0,0,0.0,0,3,3,0,0.0,1,1.1,68,72.1,39.7,12.1,T-0239,A-06-02,T-0012,A-02-05
O0090,I,1778.2,4341.6,4341.6,4356.7,4383.5,4398.3,4430.4,4460.0,2681.8,2563.4,AMR3,AMR3,0,0,15,41.0,41.0,AMR3,54.1,54.1,AMR3,0,0,0.0,0,1,1,1,2.0,0,0.0,45,51.3,49.3,3.0,T-0240,I-01-03,T-0135,I-03-05
O0091,I,1794.7,4423.0,4423.0,4437.2,4463.3,4480.1,4509.0,4537.4,2742.7,2628.3,AMR2,AMR2,0,0,15,37.8,37.8,AMR2,52.5,52.5,AMR2,0,0,0.0,0,1,1,0,0.0,0,0.0,43,50.1,44.5,3.0,T-0241,I-04-03,T-0154,I-01-01
O0092,B,1818.3,4437.3,4437.3,4450.0,4474.9,4488.9,4518.4,4551.0,2732.7,2619.0,AMR1,AMR3,0,0,15,35.9,35.9,AMR1,54.7,54.7,AMR3,0,0,0.0,0,1,1,1,4.5,0,0.0,44,48.9,43.3,7.5,T-0242,B-03-01,T-0028,B-06-05
O0093,D,1833.9,4495.4,4495.4,4508.1,4529.3,4542.1,4578.1,4610.9,2777.0,2661.5,AMR1,AMR1,0,0,13,33.0,33.0,AMR1,56.7,56.7,AMR1,0,0,0.0,0,0,1,1,2.0,0,0.0,47,52.7,47.0,3.0,T-0243,D-02-03,T-0057,D-05-02
O0094,J,1850.1,4566.7,4566.7,4580.3,4609.7,4629.9,4667.5,4716.8,2866.7,2716.6,AMR2,AMR2,0,0,21,42.1,42.1,AMR2,62.6,62.6,AMR2,0,0,0.0,0,2,1,1,11.4,1,6.4,63,68.0,44.1,17.8,T-0244,J-02-02,T-0142,J-05-01
O0095,A,1870.9,4580.3,4580.3,4594.8,4625.3,4638.8,4664.6,4701.8,2830.9,2709.4,AMR3,AMR1,0,0,21,42.5,42.5,AMR3,62.2,62.2,AMR1,0,0,0.0,0,1,0,0,0.0,0,0.0,67,65.4,42.6,0.0,T-0245,A-01-03,T-0013,A-03-04
O0096,J,1890.1,4646.9,4646.9,4660.4,4690.1,4711.6,4742.3,4776.7,2886.6,2756.8,AMR3,AMR3,0,0,21,41.5,41.5,AMR3,60.3,60.3,AMR3,0,0,0.0,0,0,0,0,0.0,0,0.0,66,67.1,41.2,0.0,T-0246,J-03-02,T-0143,J-06-04
O0097,E,1910.3,4725.5,4725.5,4739.6,4768.3,4788.5,4814.4,4848.1,2937.8,2815.2,AMR1,AMR1,0,0,19,40.3,40.3,AMR1,57.8,57.8,AMR1,0,0,0.0,0,0,0,0,0.0,0,0.0,61,61.8,40.6,0.0,T-0247,E-05-02,T-0067,E-03-03
O0098,F,1932.0,4740.5,4740.5,4751.5,4786.3,4800.4,4830.0,4864.9,2932.9,2808.5,AMR2,AMR3,0,0,23,43.3,43.3,AMR2,65.2,65.2,AMR3,0,0,0.0,0,0,0,0,0.0,0,0.0,67,67.0,43.3,0.0,T-0248,F-02-03,T-0084,F-04-02
O0099,C,1949.7,4809.9,4809.9,4823.0,4842.4,4854.6,4874.5,4900.3,2950.6,2860.2,AMR2,AMR2,0,0,13,31.6,31.6,AMR2,46.4,46.4,AMR2,0,0,0.0,0,0,0,0,0.0,0,0.0,39,42.4,35.8,0.0,T-0249,C-02-02,T-0037,C-05-02
O0100,H,1971.2,4871.8,4871.8,4888.0,4913.9,4924.0,4959.0,4985.0,3013.8,2900.6,AMR1,AMR2,0,0,15,41.2,41.2,AMR1,50.7,50.7,AMR2,0,0,0.0,0,2,2,0,0.0,1,0.1,43,48.4,46.6,8.1,T-0250,H-01-01,T-0114,H-02-03
O0101,B,1995.4,4888.6,4888.6,4901.5,4927.9,4934.5,4959.9,4996.7,3001.3,2893.2,AMR3,AMR1,0,0,15,37.6,37.6,AMR3,50.2,50.2,AMR1,0,0,0.0,0,0,0,1,8.6,1,3.6,48,50.8,40.5,10.2,T-0251,B-03-03,T-0029,B-03-05
O0102,J,2015.0,4948.5,4948.5,4962.5,4996.5,5008.7,5038.6,5071.1,3056.1,2933.5,AMR3,AMR2,0,0,21,45.5,45.5,AMR3,59.1,59.1,AMR2,0,0,0.0,0,0,0,0,0.0,0,0.0,65,66.4,44.0,0.0,T-0252,J-05-01,T-0144,J-04-04
O0103,D,2030.8,5018.7,5018.7,5032.1,5053.0,5067.8,5095.2,5129.2,3098.4,2987.9,AMR3,AMR3,0,0,13,31.8,31.8,AMR3,56.6,56.6,AMR3,0,0,0.0,0,0,0,0,0.0,0,0.0,47,50.0,45.7,0.0,T-0253,D-05-02,T-0058,D-06-02
O0104,F,2048.4,5032.2,5032.2,5044.9,5077.3,5094.8,5130.5,5165.3,3116.9,2983.8,AMR1,AMR2,0,0,23,44.2,44.2,AMR1,67.0,67.0,AMR2,0,0,0.0,0,0,1,0,0.0,0,0.0,63,66.6,46.0,3.0,T-0254,F-04-02,T-0085,F-06-02
O0105,F,2072.2,5105.1,5105.1,5116.2,5150.7,5152.9,5181.0,5214.4,3142.2,3032.9,AMR1,AMR3,0,0,23,42.0,42.0,AMR1,62.2,62.2,AMR3,0,0,0.0,0,0,0,0,0.0,0,0.0,66,66.2,39.0,1.9,T-0255,F-03-03,T-0086,F-04-05
O0106,I,2088.8,5173.6,5173.6,5186.4,5213.2,5228.0,5259.7,5288.7,3199.9,3084.8,AMR1,AMR1,0,0,15,38.7,38.7,AMR1,54.4,54.4,AMR1,0,0,0.0,0,1,1,1,1.5,0,0.0,41,46.5,47.3,6.5,T-0256,I-01-01,T-0157,I-02-01
O0107,I,2106.8,5189.0,5189.0,5203.8,5234.5,5242.1,5275.3,5307.9,3201.1,3082.2,AMR2,AMR3,0,0,15,40.5,40.5,AMR2,49.7,49.7,AMR3,0,0,0.0,0,1,0,0,0.0,0,0.0,51,58.4,44.4,8.5,T-0257,I-05-03,T-0158,I-04-01
O0108,I,2128.5,5251.3,5251.3,5262.4,5288.8,5303.6,5337.2,5361.6,3233.1,3122.8,AMR2,AMR2,0,0,15,36.6,36.6,AMR2,46.7,46.7,AMR2,0,0,0.0,0,2,2,0,0.0,0,0.0,43,48.5,37.5,9.5,T-0258,I-02-01,T-0174,I-03-01
O0109,B,2152.8,5316.4,5316.4,5331.5,5354.5,5375.1,5400.4,5430.7,3277.9,3163.6,AMR1,AMR1,0,0,15,37.2,37.2,AMR1,57.3,57.3,AMR1,0,0,0.0,0,0,0,0,0.0,0,0.0,43,46.5,47.2,0.0,T-0259,B-04-03,T-0030,B-06-01
O0110,B,2170.4,5336.0,5336.0,5346.8,5374.1,5385.3,5419.9,5449.2,3278.8,3165.6,AMR3,AMR2,0,0,15,32.5,32.5,AMR3,54.9,54.9,AMR2,0,0,0.0,0,2,2,0,0.0,0,0.0,51,54.2,40.1,7.7,T-0260,B-05-03,T-0151,B-01-01
O0111,E,2191.0,5393.1,5393.1,5409.2,5434.8,5453.0,5491.1,5528.8,3337.8,3202.1,AMR3,AMR3,0,0,19,40.8,40.8,AMR3,66.3,66.3,AMR3,0,0,0.0,0,1,1,0,0.0,0,0.0,61,64.9,49.6,3.0,T-0261,E-01-03,T-0068,E-04-04
O0112,F,2212.0,5461.9,5461.9,5473.0,5502.4,5523.3,5556.9,5595.2,3383.2,3249.9,AMR1,AMR1,0,0,23,40.4,40.4,AMR1,68.6,68.6,AMR1,0,0,0.0,0,0,0,0,0.0,0,0.0,68,68.6,43.8,0.0,T-0262,F-06-02,T-0087,F-01-02
O0113,E,2233.9,5472.9,5472.9,5486.8,5513.8,5532.0,5558.9,5608.3,3374.4,3239.0,AMR2,AMR2,0,0,19,40.0,40.0,AMR2,57.6,57.6,AMR2,0,0,0.0,0,0,0,1,13.9,1,8.9,63,63.2,40.1,13.9,T-0263,E-02-03,T-0069,E-06-02
O0114,A,2253.8,5552.5,5552.5,5567.2,5596.2,5617.8,5651.2,5691.3,3437.5,3298.7,AMR3,AMR3,0,0,21,41.2,41.2,AMR3,70.2,70.2,AMR3,0,0,0.0,0,0,0,0,0.0,0,0.0,69,67.9,49.3,0.0,T-0264,A-02-03,T-0014,A-01-04
O0115,E,2275.1,5621.3,5621.3,5633.0,5661.5,5675.8,5703.4,5746.1,3471.0,3346.2,AMR1,AMR2,0,0,19,36.9,36.9,AMR1,61.3,61.3,AMR2,0,0,0.0,0,0,0,1,9.2,1,4.2,60,60.6,40.7,9.2,T-0265,E-06-02,T-0070,E-02-04
O0116,C,2290.2,5632.0,5632.0,5642.5,5663.3,5682.4,5704.5,5732.1,3441.9,3341.8,AMR2,AMR1,0,0,13,29.6,29.6,AMR2,50.9,50.9,AMR1,0,0,0.0,0,0,0,0,0.0,0,0.0,40,42.7,38.3,0.0,T-0266,C-03-02,T-0038,C-02-05
O0117,C,2315.0,5715.0,5715.0,5727.7,5750.7,5755.8,5777.8,5805.9,3490.9,3400.0,AMR3,AMR1,0,0,13,34.8,34.8,AMR3,50.2,50.2,AMR1,0,0,0.0,0,0,0,0,0.0,0,0.0,41,43.0,42.8,0.0,T-0267,C-05-02,T-0039,C-03-04
O0118,G,2334.4,5763.5,5763.5,5774.0,5801.7,5818.5,5847.9,5880.0,3545.6,3429.1,AMR3,AMR3,0,0,17,37.3,37.3,AMR3,58.2,58.2,AMR3,0,0,0.0,0,0,0,0,0.0,0,0.0,51,54.6,45.1,0.0,T-0268,G-05-02,T-0097,G-02-01
O0119,B,2349.5,5774.1,5774.1,5786.3,5814.6,5829.6,5859.6,5894.8,3545.3,3424.6,AMR2,AMR1,0,0,15,38.0,38.0,AMR2,54.2,54.2,AMR1,0,0,0.0,0,1,1,1,3.1,0,0.0,51,54.7,44.9,6.1,T-0269,B-01-01,T-0153,B-02-01
O0120,I,2373.5,5836.0,5836.0,5851.0,5875.5,5891.6,5923.8,5952.5,3579.0,3462.5,AMR2,AMR2,0,0,15,37.8,37.8,AMR2,50.4,50.4,AMR2,0,0,0.0,0,2,2,0,0.0,0,0.0,46,50.6,42.4,7.4,T-0270,I-03-01,T-0176,I-05-01
O0121,J,2396.9,5908.1,5908.1,5919.4,5949.7,5971.1,6006.6,6043.3,3646.4,3511.2,AMR3,AMR1,0,0,21,39.1,39.1,AMR3,63.1,63.1,AMR1,0,0,0.0,0,0,1,0,0.0,0,0.0,65,69.2,41.6,3.0,T-0271,J-04-02,T-0145,J-05-04
O0122,C,2413.3,5923.3,5923.3,5937.8,5958.9,5977.5,6001.5,6025.8,3612.5,3510.0,AMR1,AMR3,0,0,13,34.7,34.7,AMR1,45.5,45.5,AMR3,0,0,0.0,0,1,1,0,0.0,0,0.0,41,42.9,38.0,3.0,T-0272,C-02-03,T-0040,C-04-02
O0123,A,2431.4,5983.0,5983.0,5996.6,6027.5,6048.4,6081.5,6121.1,3689.7,3551.6,AMR2,AMR2,0,0,21,42.8,42.8,AMR2,69.4,69.4,AMR2,0,0,0.0,0,0,0,0,0.0,0,0.0,68,67.1,50.1,0.0,T-0273,A-03-03,T-0015,A-01-05
O0124,D,2448.5,6051.8,6051.8,6067.9,6095.1,6110.6,6137.0,6170.8,3722.3,3603.3,AMR3,AMR3,0,0,13,40.0,40.0,AMR3,53.8,53.8,AMR3,0,0,0.0,0,0,0,1,1.6,0,0.0,48,50.8,51.1,1.6,T-0274,D-06-02,T-0059,D-06-05
O0125,I,2464.6,6067.0,6067.0,6080.6,6107.4,6124.2,6159.9,6187.5,3722.9,3602.4,AMR1,AMR1,0,0,15,37.9,37.9,AMR1,53.8,53.8,AMR1,0,0,0.0,0,1,1,0,0.0,0,0.0,49,53.1,45.9,4.7,T-0275,I-04-01,T-0183,I-06-01
O0126,C,2489.3,6149.2,6149.2,6162.7,6185.5,6194.5,6216.3,6240.9,3751.6,3659.9,AMR2,AMR3,0,0,13,35.4,35.4,AMR2,47.6,47.6,AMR3,0,0,0.0,0,0,0,0,0.0,0,0.0,39,41.9,40.8,0.0,T-0276,C-04-02,T-0041,C-02-01
O0127,C,2512.9,6198.3,6198.3,6211.3,6233.2,6245.7,6266.0,6290.1,3777.2,3685.4,AMR2,AMR2,0,0,13,32.0,32.0,AMR2,46.1,46.1,AMR2,0,0,0.0,0,0,0,1,1.2,0,0.0,38,42.2,35.9,1.2,T-0277,C-03-03,T-0042,C-06-02
O0128,F,2528.2,6211.2,6211.2,6226.4,6261.2,6264.6,6293.9,6329.7,3801.5,3683.0,AMR1,AMR3,0,0,23,47.5,47.5,AMR1,62.8,62.8,AMR3,0,0,0.0,0,0,0,0,0.0,0,0.0,71,70.0,45.1,0.0,T-0278,F-01-02,T-0088,F-01-03
O0129,D,2551.2,6284.8,6284.8,6296.3,6325.7,6340.5,6368.8,6395.7,3844.5,3733.6,AMR1,AMR1,0,0,13,32.9,32.9,AMR1,48.2,48.2,AMR1,0,0,0.0,0,2,2,1,5.5,2,0.7,43,47.0,38.4,10.7,T-0279,D-04-03,T-0060,D-03-03
O0130,B,2567.8,6318.8,6318.8,6332.5,6360.2,6376.4,6401.5,6429.7,3861.9,3751.0,AMR2,AMR2,0,0,15,38.9,38.9,AMR2,53.0,53.0,AMR2,0,0,0.0,0,0,0,0,0.0,0,0.0,47,50.1,44.6,0.0,T-0280,B-02-01,T-0163,B-04-01
O0131,H,2591.5,6357.8,6357.8,6370.5,6392.9,6407.1,6435.2,6459.4,3867.9,3766.3,AMR3,AMR3,0,0,15,34.2,34.2,AMR3,52.5,52.5,AMR3,0,0,0.0,0,0,0,0,0.0,0,0.0,41,46.0,41.4,0.0,T-0281,H-01-03,T-0115,H-01-05
O0132,H,2608.5,6419.4,6419.4,6431.5,6457.1,6471.3,6496.9,6524.2,3915.7,3810.9,AMR1,AMR1,0,0,15,36.8,36.8,AMR1,55.6,55.6,AMR1,0,0,0.0,0,0,0,0,0.0,0,0.0,39,43.5,47.1,0.0,T-0282,H-02-03,T-0116,H-06-01
O0133,D,2626.6,6453.4,6453.4,6468.7,6499.2,6515.3,6539.1,6566.0,3939.4,3826.8,AMR2,AMR2,0,0,13,35.7,35.7,AMR2,48.3,48.3,AMR2,0,0,0.0,0,1,1,2,4.4,1,0.4,40,44.2,41.3,11.0,T-0283,D-03-03,T-0152,D-01-01
O0134,D,2641.8,6498.9,6498.9,6515.2,6541.1,6547.9,6572.5,6601.6,3959.8,3857.1,AMR3,AMR1,0,0,13,39.7,39.7,AMR3,51.9,51.9,AMR1,0,0,0.0,0,0,0,0,0.0,0,0.0,43,47.0,48.9,0.0,T-0284,D-05-03,T-0156,D-03-01
O0135,B,2660.1,6555.9,6555.9,6568.3,6594.0,6608.8,6631.6,6660.5,4000.4,3895.8,AMR3,AMR3,0,0,15,37.2,37.2,AMR3,51.4,51.4,AMR3,0,0,0.0,0,0,0,0,0.0,0,0.0,45,48.5,41.3,0.0,T-0285,B-04-01,T-0168,B-05-01
O0136,I,2678.6,6589.7,6589.7,6603.3,6633.4,6650.2,6677.4,6706.2,4027.6,3911.1,AMR2,AMR2,0,0,15,36.5,36.5,AMR2,56.2,56.2,AMR2,0,0,0.0,0,1,1,0,0.0,0,0.0,43,48.1,46.9,4.7,T-0286,I-05-01,T-0191,I-01-02
O0137,I,2700.4,6629.7,6629.7,6640.9,6668.5,6684.2,6712.3,6737.3,4036.9,3929.3,AMR1,AMR3,0,0,15,35.5,35.5,AMR1,53.3,53.3,AMR3,0,0,0.0,0,0,0,0,0.0,0,0.0,44,48.9,43.0,0.0,T-0287,I-06-01,T-0200,I-02-02
O0138,B,2724.8,6691.5,6691.5,6702.4,6724.5,6729.9,6757.2,6789.6,4064.8,3966.7,AMR1,AMR2,0,0,15,32.1,32.1,AMR1,57.4,57.4,AMR2,0,0,0.0,0,0,0,0,0.0,0,0.0,49,50.5,42.2,0.0,T-0288,B-05-01,T-0170,B-01-02
O0139,E,2741.6,6739.3,6739.3,6755.0,6782.5,6802.0,6829.6,6865.8,4124.2,3997.7,AMR1,AMR1,0,0,19,41.5,41.5,AMR1,64.0,64.0,AMR1,0,0,0.0,0,0,0,0,0.0,0,0.0,58,59.0,48.0,0.0,T-0289,E-03-03,T-0071,E-02-01
O0140,G,2757.7,6761.0,6761.0,6776.4,6802.9,6813.3,6842.8,6877.7,4120.0,4003.3,AMR3,AMR2,0,0,17,39.4,39.4,AMR3,54.4,54.4,AMR2,0,0,0.0,0,0,0,1,7.7,1,2.7,53,55.2,43.4,7.7,T-0290,G-02-01,T-0098,G-02-03
O0141,F,2779.9,6821.1,6821.1,6834.6,6866.1,6889.5,6924.5,6955.9,4176.0,4041.2,AMR3,AMR1,0,0,23,42.5,42.5,AMR3,60.3,60.3,AMR1,0,0,0.0,0,0,1,0,0.0,0,0.0,67,70.8,37.6,3.0,T-0291,F-01-03,T-0089,F-04-01
O0142,I,2801.0,6895.9,6895.9,6908.4,6934.8,6949.6,6988.0,7015.0,4214.0,4094.9,AMR3,AMR3,0,0,15,38.0,38.0,AMR3,53.1,53.1,AMR3,0,0,0.0,0,2,1,0,0.0,0,0.0,45,51.9,45.3,7.1,T-0292,I-01-02,T-0207,I-03-02
O0143,J,2819.9,6908.5,6908.5,6924.0,6955.9,6982.1,7011.7,7043.8,4223.9,4088.6,AMR2,AMR1,0,0,21,44.9,44.9,AMR2,59.9,59.9,AMR1,0,0,0.0,0,0,0,0,0.0,0,0.0,63,64.9,44.2,0.0,T-0293,J-05-02,T-0146,J-03-05
O0144,G,2837.4,6990.5,6990.5,7002.8,7028.0,7038.7,7067.9,7095.1,4257.7,4153.1,AMR2,AMR3,0,0,17,37.4,37.4,AMR2,54.1,54.1,AMR3,0,0,0.0,0,1,1,0,0.0,0,0.0,44,49.8,41.1,3.0,T-0294,G-06-02,T-0099,G-06-04
O0145,I,2857.6,7049.0,7049.0,7064.7,7091.5,7106.3,7140.8,7169.0,4311.4,4191.4,AMR2,AMR2,0,0,15,41.6,41.6,AMR2,55.0,55.0,AMR2,0,0,0.0,0,1,1,0,0.0,0,0.0,45,51.4,50.8,3.0,T-0295,I-02-02,T-0209,I-05-02
O0146,D,2879.8,7067.5,7067.5,7078.2,7098.0,7116.2,7147.2,7184.7,4304.9,4187.7,AMR1,AMR1,0,0,13,29.6,29.6,AMR1,54.0,54.0,AMR1,0,0,0.0,0,1,1,1,6.1,2,1.2,43,46.9,40.9,11.2,T-0296,D-01-01,T-0172,D-04-01
O0147,F,2899.1,7126.2,7126.2,7141.0,7171.9,7192.7,7228.0,7264.1,4365.0,4227.1,AMR3,AMR2,0,0,23,44.8,44.8,AMR3,63.8,63.8,AMR2,0,0,0.0,0,1,1,0,0.0,0,0.0,67,70.7,43.4,3.0,T-0297,F-04-01,T-0090,F-03-05
O0148,B,2917.3,7199.1,7199.1,7212.0,7232.8,7246.3,7274.4,7304.7,4387.4,4281.8,AMR3,AMR3,0,0,15,33.6,33.6,AMR3,55.1,55.1,AMR3,0,0,0.0,0,0,0,0,0.0,0,0.0,48,50.7,41.4,0.0,T-0298,B-06-01,T-0173,B-02-02
O0149,I,2941.3,7212.1,7212.1,7224.8,7251.1,7267.2,7300.2,7329.1,4387.8,4270.8,AMR1,AMR1,0,0,15,37.3,37.3,AMR1,52.4,52.4,AMR1,0,0,0.0,0,1,1,0,0.0,0,0.0,48,52.3,43.9,4.7,T-0299,I-03-02,T-0214,I-06-02
O0150,F,2962.9,7292.2,7292.2,7303.1,7334.3,7352.8,7391.9,7426.5,4463.6,4329.3,AMR2,AMR1,0,0,23,41.2,41.2,AMR2,62.6,62.6,AMR1,0,0,0.0,0,1,1,0,0.0,0,0.0,69,71.2,38.6,6.0,T-0300,F-04-03,T-0161,F-02-01
O0151,I,2984.9,7328.4,7328.4,7350.8,7374.9,7391.7,7416.8,7444.6,4459.7,4343.5,AMR3,AMR3,0,0,15,44.0,44.0,AMR3,49.6,49.6,AMR3,0,0,0.0,0,0,0,0,0.0,0,0.0,47,51.6,47.8,0.0,T-0301,I-05-02,T-0229,I-04-02
O0152,G,3001.8,7360.6,7360.6,7374.0,7403.5,7421.7,7451.7,7482.8,4481.0,4358.8,AMR2,AMR2,0,0,17,40.4,40.4,AMR2,57.8,57.8,AMR2,0,0,0.0,0,0,0,0,0.0,0,0.0,53,56.2,47.8,0.0,T-0302,G-01-03,T-0100,G-02-05
O0153,C,3024.3,7450.2,7450.2,7463.6,7487.2,7499.4,7524.4,7554.0,4529.7,4425.9,AMR1,AMR1,0,0,13,36.1,36.1,AMR1,54.8,54.8,AMR1,0,0,0.0,0,0,0,0,0.0,0,0.0,39,42.9,48.7,0.0,T-0303,C-02-01,T-0043,C-01-03
O0154,G,3045.0,7468.3,7468.3,7483.3,7512.1,7530.3,7558.4,7585.3,4540.3,4423.3,AMR3,AMR3,0,0,17,41.3,41.3,AMR3,54.7,54.7,AMR3,0,0,0.0,0,0,0,0,0.0,0,0.0,49,53.2,45.6,0.0,T-0304,G-02-03,T-0101,G-04-03
O0155,E,3068.3,7506.5,7506.5,7516.9,7541.3,7559.5,7585.3,7623.5,4555.2,4438.2,AMR2,AMR2,0,0,19,33.9,33.9,AMR2,62.2,62.2,AMR2,0,0,0.0,0,0,0,0,0.0,0,0.0,59,60.2,38.6,0.0,T-0305,E-02-01,T-0072,E-03-02
O0156,J,3085.4,7577.7,7577.7,7590.9,7621.5,7647.1,7686.4,7728.8,4643.4,4492.3,AMR1,AMR1,0,0,21,42.9,42.9,AMR1,61.0,61.0,AMR1,0,0,0.0,0,2,1,1,11.2,1,6.2,63,68.0,43.3,14.2,T-0306,J-02-03,T-0147,J-04-05
O0157,H,3107.0,7609.0,7609.0,7619.9,7648.1,7655.9,7689.4,7717.0,4610.0,4502.0,AMR3,AMR2,0,0,15,33.4,33.4,AMR3,55.7,55.7,AMR2,0,0,0.0,0,1,2,0,0.0,2,0.7,40,45.7,43.8,10.7,T-0307,H-06-01,T-0117,H-05-03
O0158,D,3126.4,7668.7,7668.7,7681.3,7702.7,7716.8,7741.4,7771.7,4645.3,4542.3,AMR3,AMR3,0,0,13,32.3,32.3,AMR3,50.1,50.1,AMR3,0,0,0.0,0,0,0,0,0.0,0,0.0,46,49.2,39.7,0.0,T-0308,D-03-01,T-0179,D-06-01
O0159,C,3146.1,7740.7,7740.7,7752.3,7774.8,7786.3,7808.0,7838.9,4692.8,4594.6,AMR2,AMR2,0,0,13,34.0,34.0,AMR2,52.3,52.3,AMR2,0,0,0.0,0,0,0,0,0.0,0,0.0,38,42.6,44.1,0.0,T-0309,C-06-02,T-0044,C-05-04
O0160,I,3162.0,7752.5,7752.5,7767.4,7792.8,7795.4,7818.8,7854.2,4692.2,4590.5,AMR1,AMR3,0,0,15,37.8,37.8,AMR1,50.5,50.5,AMR3,0,0,0.0,0,0,0,1,8.5,1,3.5,43,48.1,42.5,8.5,T-0310,I-04-02,T-0230,I-02-03
O0161,F,3183.3,7809.6,7809.6,7825.9,7860.5,7862.6,7892.2,7924.5,4741.2,4626.3,AMR1,AMR2,0,0,23,48.4,48.4,AMR1,61.1,61.1,AMR2,0,0,0.0,0,0,0,0,0.0,0,0.0,69,68.5,44.3,0.0,T-0311,F-02-01,T-0162,F-03-01
O0162,D,3206.5,7877.9,7877.9,7892.5,7916.2,7935.7,7964.2,7998.9,4792.4,4671.4,AMR3,AMR3,0,0,13,35.8,35.8,AMR3,51.4,51.4,AMR3,0,0,0.0,0,2,2,1,2.0,0,0.0,45,49.3,44.5,7.7,T-0312,D-04-01,T-0198,D-05-01
O0163,D,3224.6,7892.6,7892.6,7905.8,7938.1,7952.6,7986.2,8018.9,4794.3,4668.0,AMR1,AMR2,0,0,13,34.9,34.9,AMR1,54.1,54.1,AMR2,0,0,0.0,0,4,4,1,2.0,0,0.0,44,50.5,46.3,15.0,T-0313,D-06-01,T-0203,D-01-02
O0164,D,3239.8,7962.0,7962.0,7976.9,8008.7,8023.5,8059.0,8088.4,4848.6,4722.2,AMR1,AMR1,0,0,13,38.7,38.7,AMR1,53.1,53.1,AMR1,0,0,0.0,0,2,3,0,0.0,1,0.5,43,49.0,49.1,13.5,T-0314,D-05-01,T-0218,D-03-02
O0165,B,3260.9,8032.3,8032.3,8045.7,8071.4,8087.6,8113.5,8144.3,4883.4,4771.4,AMR3,AMR3,0,0,15,36.6,36.6,AMR3,54.9,54.9,AMR3,0,0,0.0,0,0,0,0,0.0,0,0.0,49,51.6,44.2,0.0,T-0315,B-01-02,T-0189,B-03-02
O0166,J,3280.1,8047.6,8047.6,8059.9,8092.1,8112.1,8147.7,8181.8,4901.7,4767.5,AMR2,AMR1,0,0,21,42.8,42.8,AMR2,63.7,63.7,AMR1,0,0,0.0,0,2,1,0,0.0,0,0.0,60,65.3,45.9,3.0,T-0316,J-03-03,T-0148,J-01-03
O0167,G,3302.3,8121.9,8121.9,8132.9,8162.0,8170.8,8199.4,8224.8,4922.5,4819.6,AMR2,AMR3,0,0,17,38.4,38.4,AMR2,54.7,54.7,AMR3,0,0,0.0,0,0,0,0,0.0,0,0.0,48,51.4,42.7,0.0,T-0317,G-03-03,T-0102,G-05-05
O0168,C,3321.3,8179.5,8179.5,8192.0,8212.9,8227.4,8247.0,8277.5,4956.2,4858.2,AMR2,AMR2,0,0,13,32.5,32.5,AMR2,50.8,50.8,AMR2,0,0,0.0,0,0,0,0,0.0,0,0.0,39,42.4,41.1,0.0,T-0318,C-01-03,T-0045,C-04-03
O0169,B,3343.2,8205.5,8205.5,8217.0,8244.0,8248.5,8271.1,8301.7,4958.5,4862.3,AMR1,AMR3,0,0,15,36.0,36.0,AMR1,53.9,53.9,AMR3,0,0,0.0,0,1,0,0,0.0,0,0.0,47,49.1,42.6,0.0,T-0319,B-02-02,T-0192,B-04-02
O0170,I,3360.3,8260.2,8260.2,8274.4,8299.6,8302.5,8332.5,8359.1,4998.8,4899.9,AMR1,AMR2,0,0,15,36.1,36.1,AMR1,50.4,50.4,AMR2,0,0,0.0,0,1,1,0,0.0,0,0.0,46,50.9,40.7,4.4,T-0320,I-06-02,T-0236,I-03-03
O0171,D,3375.8,8317.1,8317.1,8329.0,8348.9,8361.7,8386.7,8414.8,5039.0,4941.3,AMR1,AMR1,0,0,13,30.9,30.9,AMR1,53.3,53.3,AMR1,0,0,0.0,0,1,0,0,0.0,0,0.0,39,43.4,41.5,0.0,T-0321,D-01-02,T-0219,D-02-02
O0172,H,3395.4,8330.8,8330.8,8347.2,8370.3,8384.8,8407.0,8435.3,5039.9,4935.4,AMR3,AMR3,0,0,15,37.8,37.8,AMR3,51.7,51.7,AMR3,0,0,0.0,0,0,0,0,0.0,0,0.0,42,45.8,44.2,0.0,T-0322,H-03-03,T-0118,H-01-02
O0173,I,3415.7,8388.2,8388.2,8401.0,8424.1,8438.9,8479.0,8507.6,5091.9,4972.5,AMR2,AMR2,0,0,15,35.0,35.0,AMR2,57.5,57.5,AMR2,0,0,0.0,0,2,2,0,0.0,0,0.0,43,49.9,46.7,8.0,T-0323,I-02-03,T-0240,I-01-03
O0174,H,3433.9,8448.9,8448.9,8461.6,8487.9,8502.1,8528.8,8554.1,5120.2,5015.0,AMR1,AMR1,0,0,15,38.1,38.1,AMR1,52.2,52.2,AMR1,0,0,0.0,0,0,0,0,0.0,0,0.0,41,46.0,45.0,0.0,T-0324,H-01-02,T-0119,H-02-01
O0175,I,3457.0,8464.3,8464.3,8478.7,8503.2,8519.3,8554.0,8582.6,5125.6,5007.3,AMR3,AMR3,0,0,15,37.2,37.2,AMR3,54.2,54.2,AMR3,0,0,0.0,0,2,1,0,0.0,0,0.0,48,53.6,45.6,3.0,T-0325,I-03-03,T-0241,I-04-03
O0176,I,3480.3,8535.8,8535.8,8546.6,8575.1,8577.8,8602.5,8630.3,5150.0,5055.5,AMR2,AMR1,0,0,15,35.7,35.7,AMR2,52.7,52.7,AMR1,0,0,0.0,0,1,0,0,0.0,0,0.0,41,46.5,42.6,2.7,T-0326,I-01-03,T-0256,I-01-01
O0177,H,3504.3,8589.9,8589.9,8602.5,8626.0,8640.2,8666.3,8692.7,5188.4,5085.6,AMR2,AMR2,0,0,15,35.2,35.2,AMR2,51.6,51.6,AMR2,0,0,0.0,0,0,0,0,0.0,0,0.0,43,47.1,41.5,0.0,T-0327,H-02-01,T-0120,H-03-05
O0178,D,3521.9,8606.3,8606.3,8619.3,8639.7,8652.5,8681.8,8710.4,5188.5,5084.4,AMR3,AMR3,0,0,13,32.5,32.5,AMR3,53.1,53.1,AMR3,0,0,0.0,0,1,1,0,0.0,0,0.0,39,45.4,42.9,3.0,T-0328,D-02-02,T-0226,D-02-01
O0179,I,3539.7,8661.4,8661.4,8676.2,8700.5,8715.3,8754.9,8784.1,5244.4,5121.7,AMR1,AMR1,0,0,15,36.8,36.8,AMR1,54.1,54.1,AMR1,0,0,0.0,0,2,2,1,1.4,0,0.0,47,53.4,45.1,9.4,T-0329,I-01-01,T-0257,I-05-03
O0180,E,3560.9,8725.2,8725.2,8735.9,8761.9,8781.4,8810.1,8845.7,5284.8,5164.3,AMR2,AMR2,0,0,19,35.0,35.0,AMR2,59.5,59.5,AMR2,0,0,0.0,0,1,0,0,0.0,0,0.0,64,64.0,37.0,0.0,T-0330,E-03-02,T-0073,E-06-01
O0181,E,3576.7,8739.3,8739.3,8753.2,8779.9,8800.1,8832.4,8866.7,5290.0,5162.6,AMR3,AMR3,0,0,19,38.1,38.1,AMR3,63.7,63.7,AMR3,0,0,0.0,0,1,0,0,0.0,0,0.0,59,59.8,44.3,3.1,T-0331,E-04-03,T-0074,E-01-01
O0182,F,3594.4,8807.8,8807.8,8820.9,8853.3,8869.4,8899.3,8935.9,5341.5,5213.4,AMR1,AMR2,0,0,23,43.8,43.8,AMR1,64.2,64.2,AMR2,0,0,0.0,0,0,0,0,0.0,0,0.0,70,69.2,42.8,0.0,T-0332,F-03-01,T-0171,F-01-01
O0183,C,3610.2,8876.2,8876.2,8889.1,8908.9,8926.1,8947.3,8974.3,5364.1,5266.0,AMR1,AMR1,0,0,13,31.8,31.8,AMR1,49.4,49.4,AMR1,0,0,0.0,0,0,0,0,0.0,0,0.0,39,41.9,39.0,0.0,T-0333,C-04-03,T-0186,C-01-01
O0184,C,3629.1,8890.4,8890.4,8905.7,8934.8,8947.6,8972.6,9000.8,5371.7,5261.3,AMR3,AMR3,0,0,13,37.1,37.1,AMR3,52.9,52.9,AMR3,0,0,0.0,0,1,1,0,0.0,0,0.0,41,46.8,47.8,3.0,T-0334,C-05-03,T-0188,C-04-01
O0185,G,3646.2,8959.6,8959.6,8975.3,8999.8,9016.6,9041.4,9072.1,5425.9,5313.4,AMR2,AMR2,0,0,17,39.3,39.3,AMR2,55.2,55.2,AMR2,0,0,0.0,0,0,0,0,0.0,0,0.0,47,51.6,44.1,0.0,T-0335,G-04-03,T-0103,G-05-01
O0186,H,3664.5,8998.0,8998.0,9011.1,9035.5,9050.3,9076.5,9103.5,5439.0,5333.5,AMR1,AMR1,0,0,15,36.6,36.6,AMR1,52.9,52.9,AMR1,0,0,0.0,0,0,0,0,0.0,0,0.0,41,46.5,44.2,0.0,T-0336,H-04-03,T-0165,H-04-01
O0187,G,3680.1,9024.5,9024.5,9040.2,9066.8,9083.6,9112.6,9137.2,5457.1,5344.4,AMR3,AMR3,0,0,17,41.4,41.4,AMR3,55.3,55.3,AMR3,0,0,0.0,0,0,0,0,0.0,0,0.0,45,49.6,46.3,0.0,T-0337,G-05-03,T-0104,G-06-01
O0188,J,3704.2,9095.8,9095.8,9109.6,9138.5,9158.7,9195.7,9247.6,5543.4,5391.6,AMR2,AMR2,0,0,21,41.8,41.8,AMR2,63.2,63.2,AMR2,0,0,0.0,0,0,1,2,13.1,1,6.9,65,69.9,44.4,17.3,T-0338,J-01-03,T-0149,J-06-02
O0189,J,3719.4,9127.2,9127.2,9138.6,9166.9,9167.5,9196.7,9230.2,5510.8,5407.8,AMR1,AMR3,0,0,21,37.2,37.2,AMR1,61.6,61.6,AMR3,0,0,0.0,0,0,0,0,0.0,0,0.0,61,62.9,38.2,1.3,T-0339,J-04-03,T-0150,J-01-04
O0190,F,3739.2,9189.1,9189.1,9203.9,9236.3,9253.9,9283.7,9325.4,5586.2,5449.9,AMR1,AMR3,0,0,23,44.7,44.7,AMR1,65.8,65.8,AMR3,0,0,0.0,0,0,0,0,0.0,0,0.0,69,70.4,45.3,3.0,T-0340,F-01-01,T-0178,F-05-01
O0191,G,3761.7,9261.6,9261.6,9272.7,9299.7,9316.5,9344.9,9373.4,5611.7,5499.9,AMR1,AMR1,0,0,17,37.2,37.2,AMR1,53.6,53.6,AMR1,0,0,0.0,0,0,0,0,0.0,0,0.0,51,54.6,40.4,0.0,T-0341,G-05-01,T-0105,G-01-01
O0192,I,3784.2,9272.7,9272.7,9285.8,9313.4,9330.2,9360.4,9387.2,5603.0,5488.5,AMR2,AMR2,0,0,15,38.2,38.2,AMR2,50.2,50.2,AMR2,0,0,0.0,0,0,1,2,7.0,1,0.6,43,48.1,42.6,7.0,T-0342,I-04-03,T-0258,I-02-01
O0193,H,3808.2,9354.1,9354.1,9367.0,9390.4,9397.1,9435.7,9463.5,5655.3,5545.9,AMR3,AMR1,0,0,15,35.4,35.4,AMR3,48.5,48.5,AMR1,0,0,0.0,0,2,3,0,0.0,0,0.0,45,53.3,38.6,10.8,T-0343,H-04-01,T-0175,H-05-01
O0194,H,3825.9,9410.7,9410.7,9425.2,9457.0,9471.8,9504.3,9532.2,5706.3,5584.8,AMR3,AMR3,0,0,15,39.0,39.0,AMR3,55.2,55.2,AMR3,0,0,0.0,0,2,2,0,0.0,0,0.0,45,51.8,48.9,6.0,T-0344,H-05-03,T-0190,H-02-02
O0195,G,3844.8,9425.3,9425.3,9439.8,9466.2,9487.2,9520.9,9551.3,5706.5,5580.5,AMR2,AMR1,0,0,17,38.4,38.4,AMR2,57.9,57.9,AMR1,0,0,0.0,0,1,1,0,0.0,0,0.0,51,56.1,45.9,3.0,T-0345,G-01-01,T-0166,G-03-01
O0196,H,3861.4,9495.0,9495.0,9509.6,9536.0,9550.8,9579.7,9605.5,5744.1,5633.6,AMR2,AMR2,0,0,15,40.1,40.1,AMR2,54.4,54.4,AMR2,0,0,0.0,0,1,0,0,0.0,0,0.0,41,46.5,49.2,0.0,T-0346,H-05-01,T-0201,H-04-02
O0197,I,3886.2,9559.0,9559.0,9572.2,9598.9,9613.7,9647.9,9673.9,5787.7,5672.8,AMR3,AMR3,0,0,15,39.0,39.0,AMR3,48.6,48.6,AMR3,0,0,0.0,0,2,2,0,0.0,0,0.0,45,52.3,41.8,6.0,T-0347,I-02-01,T-0270,I-03-01
O0198,J,3910.3,9575.0,9575.0,9589.0,9621.3,9634.2,9664.8,9696.4,5786.1,5664.7,AMR1,AMR2,0,0,21,43.0,43.0,AMR1,62.4,62.4,AMR2,0,0,0.0,0,0,0,0,0.0,0,0.0,62,63.7,44.8,0.0,T-0348,J-06-02,T-0159,J-01-01
O0199,B,3931.9,9649.0,9649.0,9662.2,9685.6,9697.6,9731.2,9762.4,5830.5,5717.1,AMR1,AMR3,0,0,15,34.9,34.9,AMR1,56.9,56.9,AMR3,0,0,0.0,0,1,1,0,0.0,0,0.0,50,53.9,44.5,3.0,T-0349,B-03-02,T-0204,B-01-03
O0200,H,3951.2,9705.5,9705.5,9717.1,9740.7,9756.1,9788.2,9816.2,5865.0,5754.3,AMR1,AMR1,0,0,15,34.3,34.3,AMR1,54.4,54.4,AMR1,0,0,0.0,0,2,1,0,0.0,0,0.0,43,48.9,43.4,3.0,T-0350,H-02-02,T-0212,H-05-02
O0201,D,3954.4,9720.1,9720.1,9730.7,9750.9,9768.7,9794.1,9829.8,5875.4,5765.7,AMR2,AMR2,0,0,13,29.9,29.9,AMR2,51.5,51.5,AMR2,0,0,0.0,0,1,0,1,6.3,1,1.3,43,46.9,38.7,6.3,T-0351,D-02-01,T-0228,D-04-02
O0202,F,3958.7,9792.9,9792.9,9808.9,9838.6,9839.9,9869.4,9903.7,5945.0,5834.2,AMR3,AMR1,0,0,23,44.8,44.8,AMR3,66.5,66.5,AMR1,0,0,0.0,0,0,0,0,0.0,0,0.0,63,63.4,46.1,0.0,T-0352,F-05-01,T-0180,F-06-01
O0203,E,3964.7,9853.5,9853.5,9868.1,9894.4,9912.6,9940.5,9976.9,6012.2,5888.8,AMR2,AMR2,0,0,19,40.0,40.0,AMR2,61.0,61.0,AMR2,0,0,0.0,0,0,0,0,0.0,0,0.0,61,61.7,43.5,0.0,T-0353,E-01-01,T-0075,E-05-05
O0204,A,3969.6,9868.1,9868.1,9880.1,9908.4,9927.4,9962.2,9997.8,6028.2,5898.5,AMR3,AMR1,0,0,21,39.4,39.4,AMR3,61.3,61.3,AMR1,0,0,0.0,0,1,1,0,0.0,0,0.0,67,69.1,38.6,3.0,T-0354,A-04-03,T-0155,A-02-01
O0205,C,3973.5,9933.8,9933.8,9945.4,9967.9,9980.1,10002.9,10032.2,6058.7,5960.3,AMR3,AMR3,0,0,13,33.2,33.2,AMR3,52.8,52.8,AMR3,0,0,0.0,0,0,0,0,0.0,0,0.0,39,42.4,43.8,0.0,T-0355,C-01-01,T-0196,C-05-01
O0206,C,3980.3,10000.6,10000.6,10016.1,10040.9,10055.9,10081.1,10114.2,6133.9,6020.3,AMR2,AMR3,0,0,13,39.4,39.4,AMR2,51.0,51.0,AMR3,0,0,0.0,0,2,0,0,0.0,0,0.0,41,43.8,48.2,6.6,T-0356,C-04-01,T-0199,C-03-01
O0207,C,3983.9,10021.5,10021.5,10035.9,10076.5,10093.3,10115.5,10141.8,6157.9,6037.6,AMR1,AMR1,0,0,13,36.2,36.2,AMR1,50.2,50.2,AMR1,0,0,0.0,0,1,1,1,2.0,0,0.0,51,56.3,44.2,3.0,T-0357,C-05-01,T-0206,C-06-01
O0208,H,3990.7,10058.7,10058.7,10071.5,10101.9,10116.7,10142.8,10170.5,6179.8,6068.0,AMR2,AMR2,0,0,15,37.5,37.5,AMR2,53.9,53.9,AMR2,0,0,0.0,0,3,1,1,4.8,0,0.0,43,46.1,46.1,4.8,T-0358,H-04-02,T-0221,H-03-01
O0209,J,3994.4,10137.9,10137.9,10153.5,10181.1,10194.2,10222.4,10253.1,6258.7,6143.5,AMR3,AMR2,0,0,21,42.3,42.3,AMR3,59.1,59.1,AMR2,0,0,0.0,0,0,0,0,0.0,0,0.0,59,61.3,40.8,0.0,T-0359,J-01-01,T-0164,J-02-01
O0210,E,3997.8,10165.5,10165.5,10178.0,10206.7,10229.3,10259.5,10295.8,6298.0,6167.7,AMR1,AMR1,0,0,19,37.9,37.9,AMR1,62.7,62.7,AMR1,0,0,0.0,0,1,0,1,2.0,0,0.0,62,62.6,43.1,2.0,T-0360,E-06-01,T-0169,E-03-01
O0211,G,4003.1,10201.3,10201.3,10212.9,10242.6,10260.1,10289.4,10319.4,6316.3,6198.2,AMR3,AMR3,0,0,17,39.6,39.6,AMR3,56.0,56.0,AMR3,0,0,0.0,0,0,0,0,0.0,0,0.0,52,55.4,45.2,0.0,T-0361,G-03-01,T-0181,G-01-02
O0212,D,4009.8,10276.8,10276.8,10287.9,10312.8,10319.5,10341.7,10371.7,6361.9,6267.0,AMR2,AMR1,0,0,13,34.3,34.3,AMR2,52.4,52.4,AMR1,0,0,0.0,0,0,0,0,0.0,0,0.0,40,44.2,44.0,0.0,T-0362,D-03-02,T-0231,D-01-03
O0213,B,4015.2,10326.9,10326.9,10338.0,10362.6,10377.4,10406.5,10438.1,6422.9,6311.7,AMR2,AMR2,0,0,15,34.8,34.8,AMR2,57.4,57.4,AMR2,0,0,0.0,0,0,0,0,0.0,0,0.0,49,51.5,44.9,0.0,T-0363,B-04-02,T-0205,B-02-03
O0214,C,4020.9,10343.1,10343.1,10354.0,10378.0,10390.5,10412.4,10455.1,6434.2,6322.2,AMR3,AMR3,0,0,13,33.2,33.2,AMR3,53.3,53.3,AMR3,0,0,0.0,0,0,0,1,9.9,1,4.9,40,42.7,44.3,12.5,T-0364,C-03-01,T-0237,C-01-02
O0215,I,4027.1,10395.4,10395.4,10411.7,10438.8,10454.9,10495.4,10522.5,6495.4,6368.3,AMR1,AMR1,0,0,15,41.7,41.7,AMR1,53.7,53.7,AMR1,0,0,0.0,0,1,2,1,5.0,1,0.6,46,50.8,49.6,10.6,T-0365,I-03-01,T-0275,I-04-01
O0216,H,4031.6,10465.8,10465.8,10477.7,10505.8,10520.3,10545.8,10569.9,6538.3,6434.2,AMR2,AMR2,0,0,15,38.3,38.3,AMR2,49.7,49.7,AMR2,0,0,0.0,0,0,0,0,0.0,0,0.0,44,46.9,42.7,0.0,T-0366,H-03-01,T-0232,H-03-02
O0217,A,4037.9,10483.8,10483.8,10498.0,10525.9,10546.2,10584.7,10623.9,6586.0,6445.9,AMR3,AMR1,0,0,21,39.6,39.6,AMR3,70.1,70.1,AMR1,0,0,0.0,0,1,1,0,0.0,0,0.0,67,69.2,47.6,3.0,T-0367,A-02-01,T-0160,A-03-01
O0218,F,4044.8,10552.6,10552.6,10565.0,10597.1,10623.8,10655.6,10692.7,6647.9,6507.8,AMR3,AMR3,0,0,23,44.4,44.4,AMR3,65.6,65.6,AMR3,0,0,0.0,0,0,0,0,0.0,0,0.0,68,68.6,44.8,0.0,T-0368,F-06-01,T-0202,F-02-02
O0219,H,4048.4,10593.6,10593.6,10607.3,10640.6,10647.6,10678.7,10707.0,6658.6,6545.2,AMR2,AMR1,0,0,15,40.6,40.6,AMR2,52.1,52.1,AMR1,0,0,0.0,0,2,2,1,3.8,1,0.2,40,45.3,47.4,13.7,T-0369,H-03-02,T-0235,H-06-02
O0220,I,4054.6,10659.1,10659.1,10675.2,10702.0,10716.4,10748.5,10779.5,6724.9,6604.5,AMR2,AMR3,0,0,15,40.4,40.4,AMR2,55.4,55.4,AMR3,0,0,0.0,0,1,1,0,0.0,0,0.0,47,53.0,50.0,3.0,T-0370,I-04-01,T-0286,I-05-01
O0221,E,4059.4,10726.3,10726.3,10739.4,10768.3,10787.8,10818.7,10857.3,6797.9,6666.9,AMR2,AMR2,0,0,19,40.3,40.3,AMR2,66.2,66.2,AMR2,0,0,0.0,0,1,0,0,0.0,0,0.0,62,62.5,49.0,0.0,T-0371,E-03-01,T-0182,E-04-01
O0222,A,4065.8,10739.5,10739.5,10752.0,10781.6,10802.5,10828.9,10870.6,6804.8,6673.7,AMR1,AMR1,0,0,21,40.4,40.4,AMR1,60.9,60.9,AMR1,0,0,0.0,0,0,0,1,6.9,1,1.9,64,64.1,39.2,6.9,T-0372,A-03-01,T-0177,A-05-01
O0223,I,4072.3,10805.9,10805.9,10818.8,10850.9,10867.7,10907.8,10939.6,6867.3,6733.6,AMR3,AMR3,0,0,15,39.0,39.0,AMR3,56.5,56.5,AMR3,0,0,0.0,0,2,2,1,3.5,2,0.6,49,53.1,49.7,14.1,T-0373,I-05-01,T-0287,I-06-01
O0224,C,4077.8,10885.4,10885.4,10897.4,10921.3,10932.8,10958.0,10984.3,6906.5,6807.6,AMR2,AMR2,0,0,13,35.8,35.8,AMR2,52.7,52.7,AMR2,0,0,0.0,0,0,0,0,0.0,0,0.0,38,41.1,46.3,0.0,T-0374,C-06-01,T-0249,C-02-02
O0225,D,4084.2,10898.7,10898.7,10914.1,10939.1,10953.9,10986.1,11013.9,6929.7,6814.5,AMR1,AMR1,0,0,13,37.9,37.9,AMR1,53.8,53.8,AMR1,0,0,0.0,0,0,1,0,0.0,0,0.0,43,48.4,49.0,3.0,T-0375,D-04-02,T-0243,D-02-03
O0226,H,4090.4,10968.9,10968.9,10983.5,11005.5,11008.0,11030.1,11053.0,6962.6,6878.5,AMR3,AMR2,0,0,15,35.7,35.7,AMR3,46.2,46.2,AMR2,0,0,0.0,0,0,0,0,0.0,0,0.0,41,45.0,36.6,0.0,T-0376,H-05-02,T-0250,H-01-01
O0227,A,4093.4,11020.3,11020.3,11035.8,11065.0,11076.7,11105.4,11145.5,7052.1,6926.9,AMR3,AMR2,0,0,21,43.8,43.8,AMR3,66.5,66.5,AMR2,0,0,0.0,0,0,0,0,0.0,0,0.0,67,65.3,48.2,0.0,T-0377,A-05-01,T-0187,A-01-02
O0228,D,4099.3,11037.6,11037.6,11053.8,11074.5,11085.2,11114.0,11162.1,7062.8,6938.3,AMR1,AMR3,0,0,13,36.0,36.0,AMR1,53.3,53.3,AMR3,0,0,0.0,0,1,1,1,13.5,1,8.5,43,48.5,46.6,18.7,T-0378,D-01-03,T-0253,D-05-02
O0229,F,4104.2,11091.7,11091.7,11102.2,11136.9,11160.5,11193.9,11229.4,7125.2,6987.5,AMR1,AMR1,0,0,23,42.7,42.7,AMR1,67.1,67.1,AMR1,0,0,0.0,0,0,0,0,0.0,0,0.0,69,69.5,44.6,0.0,T-0379,F-02-02,T-0211,F-03-02
O0230,D,4107.5,11169.2,11169.2,11185.1,11208.3,11223.1,11251.2,11281.3,7173.8,7061.7,AMR2,AMR2,0,0,13,36.6,36.6,AMR2,53.4,53.4,AMR2,0,0,0.0,0,0,0,0,0.0,0,0.0,47,50.0,47.3,0.0,T-0380,D-05-02,T-0274,D-06-02
O0231,H,4113.2,11185.8,11185.8,11197.3,11224.1,11238.3,11262.3,11293.7,7180.5,7072.6,AMR3,AMR3,0,0,15,37.4,37.4,AMR3,47.7,47.7,AMR3,0,0,0.0,0,0,0,1,7.9,1,2.9,41,46.0,39.8,7.9,T-0381,H-01-01,T-0281,H-01-03
O0232,H,4120.2,11253.1,11253.1,11263.6,11284.6,11298.1,11324.4,11351.1,7230.9,7132.9,AMR1,AMR1,0,0,15,31.4,31.4,AMR1,54.2,54.2,AMR1,0,0,0.0,0,0,0,0,0.0,0,0.0,40,44.2,40.3,0.0,T-0382,H-06-02,T-0282,H-02-03
O0233,D,4125.0,11305.0,11305.0,11318.3,11344.2,11366.1,11399.3,11431.4,7306.4,7180.0,AMR2,AMR2,0,0,13,35.9,35.9,AMR2,48.6,48.6,AMR2,0,0,0.0,0,2,1,0,0.0,1,3.0,46,51.7,41.8,11.0,T-0383,D-06-02,T-0279,D-04-03
O0234,D,4130.9,11317.4,11317.4,11332.8,11356.0,11376.4,11404.6,11445.4,7314.5,7186.5,AMR3,AMR3,0,0,13,37.7,37.7,AMR3,49.8,49.8,AMR3,0,0,0.0,0,1,0,2,9.9,1,3.7,41,45.4,44.8,17.4,T-0384,D-02-03,T-0283,D-03-03
O0235,H,4134.8,11387.0,11387.0,11403.3,11428.1,11442.3,11464.8,11487.9,7353.1,7252.2,AMR1,AMR1,0,0,15,40.2,40.2,AMR1,48.3,48.3,AMR1,0,0,0.0,0,0,0,0,0.0,0,0.0,39,43.5,43.2,0.0,T-0385,H-01-03,T-0307,H-06-01
O0236,H,4141.1,11455.1,11455.1,11466.5,11491.1,11504.6,11530.2,11554.5,7413.4,7314.0,AMR2,AMR2,0,0,15,35.9,35.9,AMR2,50.0,50.0,AMR2,0,0,0.0,0,0,0,0,0.0,0,0.0,42,45.3,40.6,0.0,T-0386,H-06-01,T-0322,H-03-03
O0237,B,4145.3,11469.1,11469.1,11484.6,11510.3,11511.6,11534.5,11570.9,7425.6,7323.8,AMR3,AMR1,0,0,15,38.7,38.7,AMR3,55.7,55.7,AMR1,0,0,0.0,0,0,0,1,4.3,0,0.0,47,49.1,47.1,4.3,T-0387,B-01-03,T-0213,B-05-02
O0238,H,4148.5,11528.4,11528.4,11540.1,11564.3,11578.2,11610.6,11635.5,7487.0,7379.9,AMR3,AMR2,0,0,15,35.0,35.0,AMR3,53.5,53.5,AMR2,0,0,0.0,0,0,1,0,0.0,0,0.0,41,47.0,43.2,3.0,T-0388,H-02-03,T-0324,H-01-02
O0239,F,4155.3,11584.6,11584.6,11598.4,11631.2,11654.1,11684.7,11724.0,7568.7,7429.3,AMR3,AMR3,0,0,23,44.9,44.9,AMR3,63.5,63.5,AMR3,0,0,0.0,0,0,0,1,6.1,1,1.1,66,67.2,43.2,6.1,T-0389,F-03-02,T-0225,F-05-02
O0240,I,4161.7,11598.5,11598.5,11609.7,11639.3,11656.8,11686.3,11710.3,7548.6,7436.8,AMR1,AMR1,0,0,15,37.5,37.5,AMR1,48.8,48.8,AMR1,0,0,0.0,0,1,1,0,0.0,0,0.0,44,48.9,40.5,4.9,T-0390,I-06-01,T-0292,I-01-02
O0241,C,4166.5,11666.6,11666.6,11678.5,11699.1,11711.3,11735.6,11765.5,7599.0,7500.1,AMR2,AMR2,0,0,13,31.6,31.6,AMR2,53.3,53.3,AMR2,0,0,0.0,0,0,0,0,0.0,0,0.0,41,44.0,42.7,0.0,T-0391,C-01-02,T-0266,C-03-02
O0242,C,4173.3,11734.0,11734.0,11747.1,11767.0,11783.5,11811.0,11840.6,7667.3,7560.7,AMR1,AMR1,0,0,13,32.1,32.1,AMR1,51.8,51.8,AMR1,0,0,0.0,0,0,1,0,0.0,0,0.0,41,45.4,41.7,3.0,T-0392,C-02-02,T-0267,C-05-02
O0243,C,4178.2,11747.7,11747.7,11761.6,11791.2,11808.9,11829.4,11864.7,7686.5,7569.5,AMR3,AMR3,0,0,13,35.4,35.4,AMR3,51.9,51.9,AMR3,0,0,0.0,0,2,2,0,0.0,0,0.0,44,48.2,45.1,6.0,T-0393,C-03-02,T-0272,C-02-03
O0244,H,4181.8,11790.7,11790.7,11802.1,11827.9,11847.2,11872.1,11896.7,7714.9,7608.9,AMR2,AMR2,0,0,15,36.3,36.3,AMR2,49.7,49.7,AMR2,0,0,0.0,0,0,0,0,0.0,0,0.0,41,46.0,40.7,0.0,T-0394,H-01-02,T-0327,H-02-01
O0245,I,4188.8,11864.3,11864.3,11880.4,11908.5,11920.4,11946.6,11972.0,7783.2,7675.5,AMR1,AMR2,0,0,15,38.3,38.3,AMR1,51.8,51.8,AMR2,0,0,0.0,0,2,1,0,0.0,0,0.0,41,46.5,44.3,5.0,T-0395,I-01-02,T-0295,I-02-02
O0246,G,4194.2,11892.4,11892.4,11907.6,11930.6,11946.1,11974.1,11999.3,7805.1,7698.2,AMR3,AMR3,0,0,17,38.1,38.1,AMR3,52.9,52.9,AMR3,0,0,0.0,0,0,0,0,0.0,0,0.0,46,50.8,40.6,0.0,T-0396,G-06-01,T-0185,G-04-01
O0247,I,4199.0,11927.7,11927.7,11939.1,11963.6,11980.4,12016.5,12045.3,7846.3,7728.7,AMR1,AMR1,0,0,15,33.4,33.4,AMR1,56.7,56.7,AMR1,0,0,0.0,0,1,1,0,0.0,0,0.0,47,53.5,44.3,3.0,T-0397,I-05-03,T-0299,I-03-02
O0248,C,4204.3,12000.8,12000.8,12013.5,12033.7,12046.5,12070.0,12097.4,7893.1,7796.5,AMR2,AMR2,0,0,13,32.0,32.0,AMR2,50.6,50.6,AMR2,0,0,0.0,0,0,0,0,0.0,0,0.0,39,43.4,40.4,0.0,T-0398,C-05-02,T-0276,C-04-02
O0249,C,4209.8,12023.0,12023.0,12034.0,12055.2,12067.4,12091.7,12118.9,7909.1,7813.2,AMR3,AMR3,0,0,13,31.3,31.3,AMR3,50.6,50.6,AMR3,0,0,0.0,0,0,0,0,0.0,0,0.0,41,44.0,39.7,0.0,T-0399,C-02-03,T-0277,C-03-03
O0250,D,4213.7,12070.9,12070.9,12086.7,12111.7,12121.1,12158.7,12190.4,7976.7,7857.2,AMR1,AMR2,0,0,13,39.1,39.1,AMR1,54.6,54.6,AMR2,0,0,0.0,0,2,2,0,0.0,0,0.0,46,53.1,51.0,6.0,T-0400,D-03-03,T-0284,D-05-03
O0251,F,4218.4,12131.0,12131.0,12144.8,12177.1,12199.3,12240.7,12277.2,8058.8,7912.6,AMR1,AMR1,0,0,23,45.2,45.2,AMR1,67.8,67.8,AMR1,0,0,0.0,0,1,1,0,0.0,0,0.0,69,73.2,47.8,3.0,T-0401,F-05-02,T-0248,F-02-03
O0252,H,4221.5,12147.9,12147.9,12159.9,12185.6,12208.1,12233.6,12260.1,8038.6,7926.4,AMR3,AMR3,0,0,15,36.8,36.8,AMR3,52.7,52.7,AMR3,0,0,0.0,0,0,0,0,0.0,0,0.0,41,45.5,44.2,0.0,T-0402,H-02-01,T-0336,H-04-03
O0253,D,4227.9,12215.4,12215.4,12227.2,12253.6,12268.4,12299.1,12328.6,8100.7,7987.5,AMR2,AMR2,0,0,13,35.7,35.7,AMR2,54.0,54.0,AMR2,0,0,0.0,0,1,1,0,0.0,0,0.0,43,48.4,47.0,3.0,T-0403,D-04-03,T-0296,D-01-01
O0254,J,4234.1,12288.8,12288.8,12299.7,12329.8,12349.6,12387.2,12420.5,8186.4,8054.7,AMR3,AMR1,0,0,21,40.1,40.1,AMR3,62.4,62.4,AMR1,0,0,0.0,0,1,1,0,0.0,1,0.2,63,64.8,41.9,5.2,T-0404,J-02-01,T-0167,J-04-01
O0255,D,4238.8,12300.9,12300.9,12314.3,12336.8,12356.5,12379.7,12407.5,8168.7,8062.1,AMR1,AMR3,0,0,13,35.0,35.0,AMR1,47.6,47.6,AMR3,0,0,0.0,0,0,0,0,0.0,0,0.0,41,45.4,39.9,1.6,T-0405,D-01-01,T-0308,D-03-01
O0256,D,4245.1,12363.5,12363.5,12377.7,12401.6,12416.4,12449.1,12481.6,8236.5,8118.4,AMR2,AMR2,0,0,13,35.6,35.6,AMR2,55.5,55.5,AMR2,0,0,0.0,0,1,1,0,0.0,0,0.0,47,51.9,48.4,3.0,T-0406,D-05-03,T-0312,D-04-01
O0257,E,4250.5,12436.8,12436.8,12449.2,12476.4,12496.6,12521.6,12556.5,8306.0,8186.3,AMR3,AMR3,0,0,19,37.1,37.1,AMR3,60.1,60.1,AMR3,0,0,0.0,0,0,0,0,0.0,0,0.0,59,59.8,39.7,0.0,T-0407,E-04-01,T-0193,E-01-02
O0258,J,4254.0,12449.3,12449.3,12463.1,12497.0,12505.3,12535.2,12575.6,8321.6,8195.3,AMR1,AMR2,0,0,21,45.2,45.2,AMR1,59.6,59.6,AMR2,0,0,0.0,0,0,1,1,2.0,0,0.0,69,70.8,44.2,3.0,T-0408,J-04-01,T-0184,J-06-01
O0259,I,4260.7,12519.2,12519.2,12532.1,12564.3,12579.1,12616.4,12648.0,8387.3,8258.5,AMR1,AMR1,0,0,15,38.4,38.4,AMR1,48.7,48.7,AMR1,0,0,0.0,0,2,3,0,0.0,1,0.8,49,55.9,41.3,16.8,T-0409,I-02-02,T-0301,I-05-02
O0260,I,4264.1,12589.0,12589.0,12601.8,12627.6,12643.7,12670.5,12701.4,8437.3,8324.9,AMR3,AMR3,0,0,15,36.9,36.9,AMR3,54.4,54.4,AMR3,0,0,0.0,0,0,0,0,0.0,0,0.0,46,50.8,45.5,0.0,T-0410,I-03-02,T-0310,I-04-02
O0261,C,4268.4,12604.5,12604.5,12616.5,12641.7,12654.5,12678.9,12717.9,8449.5,8336.1,AMR2,AMR2,0,0,13,36.3,36.3,AMR2,55.2,55.2,AMR2,0,0,0.0,0,0,0,1,9.4,1,4.4,39,41.9,49.3,9.4,T-0411,C-04-02,T-0303,C-02-01
O0262,G,4275.2,12673.2,12673.2,12688.8,12718.0,12725.1,12753.7,12784.7,8509.5,8398.0,AMR1,AMR3,0,0,17,43.9,43.9,AMR1,58.8,58.8,AMR3,0,0,0.0,0,0,0,0,0.0,0,0.0,49,52.1,52.3,0.0,T-0412,G-04-01,T-0223,G-03-02
O0263,J,4282.0,12734.8,12734.8,12757.9,12789.0,12798.8,12831.7,12873.5,8591.5,8452.8,AMR1,AMR2,0,0,21,50.9,50.9,AMR1,64.8,64.8,AMR2,0,0,0.0,0,0,0,1,9.1,1,4.1,64,64.7,55.1,9.1,T-0414,J-06-01,T-0208,J-03-01
O0264,B,4287.3,12747.9,12747.9,12762.3,12784.0,12808.4,12829.0,12859.4,8572.1,8460.6,AMR2,AMR3,0,0,15,33.0,33.0,AMR2,53.7,53.7,AMR3,0,0,0.0,0,0,0,1,2.2,0,0.0,43,45.5,39.4,2.2,T-0413,B-05-02,T-0222,B-06-02
O0265,H,4292.4,12813.0,12813.0,12827.4,12855.4,12869.9,12893.0,12918.7,8626.3,8520.6,AMR1,AMR1,0,0,15,40.7,40.7,AMR1,48.5,48.5,AMR1,0,0,0.0,0,0,0,0,0.0,0,0.0,42,47.3,43.9,0.0,T-0415,H-03-03,T-0343,H-04-01
O0266,I,4299.4,12883.1,12883.1,12896.5,12923.1,12939.9,12970.6,12999.9,8700.5,8583.7,AMR3,AMR3,0,0,15,37.5,37.5,AMR3,50.3,50.3,AMR3,0,0,0.0,0,2,1,0,0.0,0,0.0,49,53.1,42.0,4.9,T-0416,I-04-02,T-0320,I-06-02
O0267,H,4304.3,12897.2,12897.2,12910.1,12932.3,12949.8,12974.0,13011.9,8707.6,8592.9,AMR2,AMR1,0,0,15,34.2,34.2,AMR2,47.4,47.4,AMR1,0,0,0.0,0,1,0,1,10.9,1,5.9,41,46.5,36.3,14.4,T-0417,H-04-01,T-0344,H-05-03
O0268,I,4307.7,12953.1,12953.1,12965.6,12992.0,13008.8,13041.7,13070.4,8762.7,8645.4,AMR2,AMR2,0,0,15,35.3,35.3,AMR2,55.4,55.4,AMR2,0,0,0.0,0,0,1,0,0.0,0,0.0,45,51.5,44.9,4.1,T-0418,I-05-02,T-0323,I-02-03
O0269,F,4312.6,13029.2,13029.2,13043.6,13074.3,13094.1,13134.4,13170.3,8857.7,8716.6,AMR3,AMR2,0,0,23,42.6,42.6,AMR3,68.1,68.1,AMR2,0,0,0.0,0,1,1,0,0.0,0,0.0,67,69.8,45.5,6.0,T-0419,F-02-03,T-0254,F-04-02
O0270,H,4315.8,13043.7,13043.7,13056.3,13079.7,13097.5,13124.9,13148.3,8832.5,8727.9,AMR1,AMR1,0,0,15,35.1,35.1,AMR1,50.5,50.5,AMR1,0,0,0.0,0,0,0,0,0.0,0,0.0,41,46.5,40.3,0.0,T-0420,H-04-03,T-0346,H-05-01
O0271,G,4319.3,13101.9,13101.9,13114.0,13141.7,13159.9,13188.1,13214.9,8895.6,8782.6,AMR3,AMR3,0,0,17,37.3,37.3,AMR3,51.7,51.7,AMR3,0,0,0.0,0,0,0,0,0.0,0,0.0,53,56.2,38.6,0.0,T-0421,G-01-02,T-0227,G-02-02
O0272,I,4324.9,13172.0,13172.0,13183.0,13218.1,13235.6,13267.9,13314.2,8989.3,8847.1,AMR1,AMR1,0,0,15,37.8,37.8,AMR1,53.3,53.3,AMR1,0,0,0.0,0,2,2,2,12.9,2,6.4,48,53.4,45.3,26.0,T-0422,I-06-02,T-0325,I-03-03
O0273,I,4328.6,13198.4,13198.4,13213.9,13236.6,13246.0,13272.0,13299.1,8970.5,8869.8,AMR2,AMR3,0,0,15,37.3,37.3,AMR2,53.3,53.3,AMR3,0,0,0.0,0,2,0,0,0.0,0,0.0,41,46.5,44.8,0.0,T-0423,I-02-03,T-0326,I-01-03
O0274,H,4333.4,13253.3,13253.3,13268.8,13293.8,13308.6,13335.8,13361.2,9027.8,8919.9,AMR2,AMR2,0,0,15,37.6,37.6,AMR2,53.8,53.8,AMR2,0,0,0.0,0,0,0,0,0.0,0,0.0,41,45.0,46.1,2.0,T-0424,H-05-01,T-0350,H-02-02
O0275,I,4336.9,13322.8,13322.8,13334.7,13360.7,13375.5,13410.0,13434.8,9097.9,8985.9,AMR3,AMR3,0,0,15,37.0,37.0,AMR3,53.9,53.9,AMR3,0,0,0.0,0,1,1,0,0.0,1,0.6,41,46.5,45.1,5.6,T-0425,I-01-03,T-0329,I-01-01
O0276,B,4340.1,13337.9,13337.9,13350.5,13372.5,13386.0,13409.5,13447.4,9107.3,8997.8,AMR1,AMR1,0,0,15,34.5,34.5,AMR1,50.8,50.8,AMR1,0,0,0.0,0,0,0,1,8.8,1,3.8,46,49.2,38.0,8.8,T-0426,B-06-02,T-0242,B-03-01
O0277,I,4343.7,13388.9,13388.9,13399.6,13428.7,13444.8,13477.0,13505.3,9161.6,9045.2,AMR2,AMR2,0,0,15,34.5,34.5,AMR2,50.8,50.8,AMR2,0,0,0.0,0,2,1,0,0.0,0,0.0,48,54.2,39.5,6.6,T-0427,I-03-03,T-0342,I-04-03
O0278,A,4347.6,13463.8,13463.8,13475.3,13502.9,13529.0,13567.3,13602.7,9255.1,9116.2,AMR3,AMR2,0,0,21,36.6,36.6,AMR3,66.1,66.1,AMR2,0,0,0.0,0,0,1,0,0.0,0,0.0,67,69.2,40.6,3.0,T-0428,A-01-02,T-0195,A-03-02
O0279,B,4354.4,13475.4,13475.4,13488.7,13514.1,13535.5,13560.7,13588.9,9234.5,9121.0,AMR1,AMR1,0,0,15,37.0,37.0,AMR1,51.6,51.6,AMR1,0,0,0.0,0,0,0,0,0.0,0,0.0,48,50.8,41.3,0.0,T-0429,B-03-01,T-0251,B-03-03
O0280,H,4361.1,13543.1,13543.1,13558.9,13584.4,13598.6,13623.9,13650.4,9289.3,9182.0,AMR3,AMR3,0,0,15,39.1,39.1,AMR3,52.5,52.5,AMR3,0,0,0.0,0,0,0,1,1.3,0,0.0,41,45.5,46.3,1.3,T-0430,H-02-02,T-0358,H-04-02
O0281,B,4367.4,13612.6,13612.6,13625.4,13649.4,13665.6,13688.5,13718.5,9351.1,9245.2,AMR1,AMR1,0,0,15,34.3,34.3,AMR1,52.6,52.6,AMR1,0,0,0.0,0,0,0,0,0.0,0,0.0,47,50.1,39.6,0.0,T-0431,B-02-03,T-0259,B-04-03
O0282,D,4372.6,13626.4,13626.4,13639.6,13662.8,13674.1,13702.4,13731.9,9359.3,9253.8,AMR2,AMR3,0,0,13,34.7,34.7,AMR2,48.0,48.0,AMR3,0,0,0.0,0,1,1,0,0.0,0,0.0,46,51.2,40.0,3.0,T-0432,D-03-01,T-0313,D-06-01
O0283,F,4376.8,13684.0,13684.0,13697.9,13728.7,13742.2,13776.6,13809.0,9432.2,9307.2,AMR2,AMR1,0,0,23,43.8,43.8,AMR2,66.0,66.0,AMR1,0,0,0.0,0,0,0,0,0.0,0,0.0,67,66.9,44.6,0.0,T-0433,F-04-02,T-0255,F-03-03
O0284,C,4383.5,13750.9,13750.9,13763.0,13786.8,13799.0,13818.0,13846.1,9462.6,9367.4,AMR2,AMR2,0,0,13,35.0,35.0,AMR2,49.8,49.8,AMR2,0,0,0.0,0,0,0,0,0.0,0,0.0,37,40.4,42.6,0.0,T-0434,C-02-01,T-0309,C-06-02
O0285,G,4389.4,13763.0,13763.0,13774.9,13806.3,13824.5,13854.7,13884.9,9495.5,9373.6,AMR3,AMR3,0,0,17,38.9,38.9,AMR3,60.1,60.1,AMR3,0,0,0.0,0,0,0,0,0.0,0,0.0,49,53.2,48.6,1.9,T-0435,G-02-02,T-0234,G-04-02
O0286,I,4394.4,13832.7,13832.7,13847.8,13878.8,13893.6,13925.1,13953.2,9558.8,9438.3,AMR1,AMR1,0,0,15,40.4,40.4,AMR1,53.4,53.4,AMR1,0,0,0.0,0,2,2,0,0.0,0,0.0,43,49.9,48.0,7.8,T-0436,I-01-01,T-0347,I-02-01
O0287,F,4398.7,13874.2,13874.2,13890.1,13919.4,13942.3,13973.9,14005.3,9606.6,9475.5,AMR2,AMR2,0,0,23,43.5,43.5,AMR2,64.7,64.7,AMR2,0,0,0.0,0,0,0,0,0.0,0,0.0,64,65.2,43.0,0.0,T-0437,F-03-03,T-0262,F-06-02
O0288,J,4405.4,13914.0,13914.0,13926.8,13958.6,13976.9,14015.1,14056.5,9651.1,9508.6,AMR3,AMR1,0,0,21,42.9,42.9,AMR3,61.7,61.7,AMR1,0,0,0.0,0,2,2,0,0.0,0,0.0,64,71.2,44.0,9.0,T-0438,J-03-01,T-0220,J-01-02
O0289,I,4410.7,13986.7,13986.7,14001.9,14026.8,14030.1,14058.1,14083.8,9673.1,9576.0,AMR3,AMR2,0,0,15,39.2,39.2,AMR3,51.9,51.9,AMR2,0,0,0.0,0,0,0,0,0.0,0,0.0,43,48.5,45.3,0.0,T-0439,I-02-01,T-0365,I-03-01
O0290,I,4415.0,14046.9,14046.9,14058.0,14089.1,14105.9,14136.2,14166.7,9751.7,9631.9,AMR3,AMR3,0,0,15,34.8,34.8,AMR3,51.1,51.1,AMR3,0,0,0.0,0,2,2,0,0.0,0,0.0,47,53.6,40.1,9.3,T-0440,I-04-03,T-0370,I-04-01
O0291,J,4421.9,14084.6,14084.6,14100.5,14131.2,14158.1,14189.9,14231.1,9809.2,9662.7,AMR1,AMR1,0,0,21,44.3,44.3,AMR1,62.2,62.2,AMR1,0,0,0.0,0,0,0,1,8.3,1,3.3,59,61.3,45.9,12.4,T-0441,J-01-02,T-0244,J-02-02
O0292,H,4426.9,14114.8,14114.8,14127.5,14151.0,14165.8,14194.5,14218.2,9791.3,9687.9,AMR2,AMR2,0,0,15,35.3,35.3,AMR2,52.5,52.5,AMR2,0,0,0.0,0,0,0,0,0.0,0,0.0,43,46.1,42.5,0.0,T-0442,H-04-02,T-0366,H-03-01
O0293,I,4433.4,14190.4,14190.4,14201.8,14225.4,14241.5,14279.8,14308.7,9875.3,9757.0,AMR3,AMR3,0,0,15,33.3,33.3,AMR3,54.4,54.4,AMR3,0,0,0.0,0,2,2,0,0.0,0,0.0,46,50.8,41.9,9.5,T-0443,I-03-01,T-0373,I-05-01
O0294,D,4439.3,14251.5,14251.5,14269.7,14291.2,14306.0,14330.2,14357.5,9918.2,9812.2,AMR2,AMR2,0,0,13,30.8,30.8,AMR2,46.8,46.8,AMR2,0,0,0.0,0,0,1,1,1.4,0,0.0,47,51.9,34.9,4.4,T-0444,D-04-01,T-0314,D-05-01
O0295,E,4444.2,14266.4,14266.4,14280.4,14307.6,14325.8,14355.0,14388.4,9944.2,9822.2,AMR1,AMR1,0,0,19,40.3,40.3,AMR1,59.3,59.3,AMR1,0,0,0.0,0,1,0,0,0.0,0,0.0,61,61.7,42.1,0.0,T-0445,E-01-02,T-0194,E-04-02
O0296,E,4449.9,14334.4,14334.4,14348.0,14376.0,14381.2,14412.8,14449.7,9999.8,9884.5,AMR3,AMR2,0,0,19,39.1,39.1,AMR3,65.2,65.2,AMR2,0,0,0.0,0,0,0,0,0.0,0,0.0,63,63.3,46.8,0.0,T-0446,E-05-03,T-0197,E-05-01
O0297,H,4456.4,14396.2,14396.2,14408.3,14435.4,14449.9,14482.4,14510.1,10053.7,9939.8,AMR3,AMR3,0,0,15,37.5,37.5,AMR3,55.6,55.6,AMR3,0,0,0.0,0,1,1,0,0.0,0,0.0,44,46.9,47.8,4.7,T-0447,H-03-01,T-0369,H-03-02
O0298,G,4462.3,14412.1,14412.1,14426.5,14455.1,14473.4,14506.7,14533.3,10071.0,9949.8,AMR1,AMR2,0,0,17,41.3,41.3,AMR1,55.6,55.6,AMR2,0,0,0.0,0,2,1,0,0.0,0,0.0,48,53.4,46.5,3.0,T-0448,G-03-02,T-0268,G-05-02
O0299,H,4467.7,14482.7,14482.7,14499.0,14527.6,14533.8,14571.6,14599.3,10131.6,10015.0,AMR1,AMR3,0,0,15,39.3,39.3,AMR1,53.8,53.8,AMR3,0,0,0.0,0,3,2,0,0.0,0,0.0,44,52.7,47.8,9.9,T-0449,H-03-02,T-0376,H-05-02
O0300,C,4473.7,14547.5,14547.5,14562.2,14583.6,14595.1,14614.9,14644.6,10170.9,10073.8,AMR1,AMR1,0,0,13,36.0,36.0,AMR1,50.7,50.7,AMR1,0,0,0.0,0,0,0,0,0.0,0,0.0,38,41.1,44.5,0.0,T-0450,C-06-02,T-0318,C-01-03
O0301,D,4479.5,14562.1,14562.1,14577.3,14599.1,14613.9,14644.7,14671.0,10191.5,10082.6,AMR2,AMR2,0,0,13,34.5,34.5,AMR2,51.9,51.9,AMR2,0,0,0.0,0,2,1,0,0.0,1,0.4,41,45.0,43.7,5.4,T-0451,D-05-01,T-0321,D-01-02
O0302,H,4483.7,14627.0,14627.0,14639.9,14667.0,14668.3,14690.9,14718.9,10235.2,10143.3,AMR3,AMR1,0,0,15,36.1,36.1,AMR3,51.8,51.8,AMR1,0,0,0.0,0,1,0,1,3.0,0,0.0,41,45.0,42.6,3.0,T-0452,H-05-02,T-0381,H-01-01
O0303,D,4487.9,14681.8,14681.8,14697.8,14724.6,14742.6,14771.3,14805.1,10317.2,10193.9,AMR3,AMR1,0,0,13,39.5,39.5,AMR3,53.9,53.9,AMR1,0,0,0.0,0,1,2,1,2.0,1,0.4,42,46.2,50.7,8.4,T-0453,D-06-01,T-0328,D-02-02
O0304,D,4493.0,14697.9,14697.9,14710.5,14734.8,14752.9,14787.4,14817.3,10324.3,10204.9,AMR2,AMR3,0,0,13,36.0,36.0,AMR2,47.4,47.4,AMR3,0,0,0.0,0,0,1,1,4.0,1,8.2,39,43.4,40.7,17.2,T-0454,D-01-02,T-0351,D-02-01
O0305,F,4496.7,14756.3,14756.3,14767.2,14796.5,14817.4,14848.5,14883.1,10386.4,10259.6,AMR2,AMR2,0,0,23,40.1,40.1,AMR2,62.4,62.4,AMR2,0,0,0.0,0,0,0,0,0.0,0,0.0,68,68.6,37.3,0.0,T-0455,F-06-02,T-0278,F-01-02
O0306,D,4502.4,14828.8,14828.8,14843.5,14863.5,14876.3,14898.1,14925.2,10422.8,10326.4,AMR1,AMR1,0,0,13,33.8,33.8,AMR1,47.1,47.1,AMR1,0,0,0.0,0,0,0,0,0.0,0,0.0,41,45.4,38.2,0.0,T-0456,D-02-01,T-0362,D-03-02
O0307,H,4507.3,14843.5,14843.5,14858.4,14885.5,14899.7,14922.1,14948.7,10441.4,10336.2,AMR3,AMR3,0,0,15,41.1,41.1,AMR3,51.7,51.7,AMR3,0,0,0.0,0,0,0,0,0.0,0,0.0,39,43.5,47.5,0.0,T-0457,H-01-01,T-0382,H-06-02
O0308,E,4510.3,14906.8,14906.8,14920.8,14947.9,14948.9,14978.5,15011.5,10501.2,10396.5,AMR2,AMR1,0,0,19,38.6,38.6,AMR2,62.8,62.8,AMR1,0,0,0.0,0,0,0,0,0.0,0,0.0,59,59.8,43.9,0.0,T-0458,E-05-01,T-0210,E-02-02
O0309,H,4515.5,14968.1,14968.1,14980.6,15008.2,15021.7,15049.2,15077.5,10562.0,10452.6,AMR2,AMR2,0,0,15,38.1,38.1,AMR2,57.0,57.0,AMR2,0,0,0.0,0,0,0,1,1.9,0,0.0,40,44.2,49.8,1.9,T-0459,H-06-02,T-0385,H-01-03
O0310,J,4519.7,14980.6,14980.6,14994.5,15026.3,15035.2,15066.1,15105.3,10585.6,10460.9,AMR3,AMR1,0,0,21,44.8,44.8,AMR3,61.9,61.9,AMR1,0,0,0.0,0,1,1,0,0.0,0,0.0,63,66.7,46.1,3.0,T-0460,J-02-02,T-0246,J-03-02
O0311,I,4524.5,15046.5,15046.5,15059.4,15089.4,15101.2,15128.5,15156.7,10632.2,10522.0,AMR3,AMR2,0,0,15,35.2,35.2,AMR3,50.7,50.7,AMR2,0,0,0.0,0,2,1,0,0.0,1,0.2,49,53.1,40.1,5.2,T-0461,I-04-01,T-0390,I-06-01
O0312,H,4528.0,15108.4,15108.4,15124.3,15151.5,15165.7,15189.8,15214.3,10686.3,10580.4,AMR3,AMR3,0,0,15,42.2,42.2,AMR3,51.3,51.3,AMR3,0,0,0.0,0,0,0,0,0.0,0,0.0,39,43.5,48.2,0.0,T-0462,H-01-03,T-0386,H-06-01
O0313,A,4532.1,15130.7,15130.7,15145.4,15172.4,15180.4,15205.8,15244.2,10712.1,10598.6,AMR1,AMR2,0,0,21,40.0,40.0,AMR1,64.5,64.5,AMR2,0,0,0.0,0,0,0,0,0.0,0,0.0,64,63.1,42.4,0.0,T-0463,A-03-02,T-0215,A-04-01
O0314,C,4536.3,15193.3,15193.3,15209.7,15231.0,15238.0,15261.5,15291.3,10755.0,10657.0,AMR1,AMR3,0,0,13,36.8,36.8,AMR1,53.0,53.0,AMR3,0,0,0.0,0,0,0,0,0.0,0,0.0,39,43.4,47.6,0.0,T-0464,C-01-03,T-0333,C-04-03
O0315,E,4542.2,15243.2,15243.2,15259.2,15288.9,15313.5,15346.8,15390.0,10847.8,10701.0,AMR1,AMR1,0,0,19,44.8,44.8,AMR1,58.6,58.6,AMR1,0,0,0.0,0,0,1,1,8.4,1,3.4,61,64.9,45.9,11.4,T-0465,E-02-02,T-0247,E-05-02
O0316,D,4547.7,15269.6,15269.6,15283.3,15304.9,15322.3,15347.6,15376.7,10829.0,10721.9,AMR2,AMR3,0,0,13,34.4,34.4,AMR2,51.1,51.1,AMR3,0,0,0.0,0,1,0,0,0.0,0,0.0,43,46.9,42.8,0.0,T-0466,D-02-02,T-0375,D-04-02
O0317,J,4551.7,15326.4,15326.4,15337.9,15372.5,15394.0,15423.0,15459.8,10908.1,10774.7,AMR2,AMR2,0,0,21,42.5,42.5,AMR2,62.5,62.5,AMR2,0,0,0.0,0,1,0,0,0.0,0,0.0,64,65.6,44.4,1.9,T-0467,J-03-02,T-0252,J-05-01
O0318,J,4558.0,15402.6,15402.6,15416.5,15448.5,15470.7,15500.7,15536.7,10978.7,10844.6,AMR3,AMR3,0,0,21,43.4,43.4,AMR3,62.7,62.7,AMR3,0,0,0.0,0,0,0,0,0.0,0,0.0,65,66.4,45.5,0.0,T-0468,J-05-03,T-0271,J-04-02
O0319,A,4561.2,15416.6,15416.6,15432.0,15459.7,15479.9,15510.1,15550.0,10988.8,10855.4,AMR1,AMR1,0,0,21,42.2,42.2,AMR1,64.7,64.7,AMR1,0,0,0.0,0,0,0,1,5.1,1,0.1,63,63.3,44.8,5.1,T-0469,A-04-01,T-0216,A-05-02
O0320,H,4567.1,15483.5,15483.5,15496.7,15518.3,15531.8,15558.0,15582.7,11015.6,10916.4,AMR2,AMR2,0,0,15,34.7,34.7,AMR2,52.1,52.1,AMR2,0,0,0.0,0,0,0,0,0.0,0,0.0,40,44.2,41.5,0.0,T-0470,H-06-01,T-0388,H-02-03
O0321,D,4573.1,15560.4,15560.4,15572.6,15594.1,15606.4,15634.3,15663.2,11090.1,10987.3,AMR3,AMR2,0,0,13,32.0,32.0,AMR3,52.0,52.0,AMR2,0,0,0.0,0,1,1,0,0.0,0,0.0,40,46.2,41.3,3.0,T-0471,D-03-02,T-0378,D-01-03
O0322,H,4579.6,15573.7,15573.7,15586.7,15613.1,15616.2,15649.2,15678.1,11098.5,10994.1,AMR1,AMR3,0,0,15,38.5,38.5,AMR1,54.4,54.4,AMR3,0,0,0.0,0,1,1,1,2.9,0,0.0,43,47.8,47.6,5.9,T-0472,H-02-03,T-0394,H-01-02
O0323,F,4583.6,15631.7,15631.7,15644.2,15677.6,15686.9,15717.9,15751.2,11167.6,11048.1,AMR1,AMR2,0,0,23,43.4,43.4,AMR1,62.0,62.0,AMR2,0,0,0.0,0,0,0,0,0.0,0,0.0,71,70.0,40.2,0.0,T-0473,F-01-02,T-0291,F-01-03
O0324,C,4589.6,15701.2,15701.2,15714.7,15736.2,15748.7,15781.1,15809.9,11220.3,11111.6,AMR1,AMR1,0,0,13,33.3,33.3,AMR1,54.5,54.5,AMR1,0,0,0.0,0,2,1,0,0.0,0,0.0,42,47.6,45.6,3.0,T-0474,C-03-03,T-0334,C-05-03
O0325,D,4596.5,15714.7,15714.7,15726.3,15750.9,15770.5,15803.2,15832.3,11235.8,11118.2,AMR3,AMR3,0,0,13,33.7,33.7,AMR3,51.1,51.1,AMR3,0,0,0.0,0,1,1,1,2.0,0,0.0,47,50.9,42.1,5.0,T-0475,D-04-02,T-0380,D-05-02
O0326,G,4602.4,15783.2,15783.2,15794.9,15822.3,15833.6,15863.0,15894.7,11292.3,11180.8,AMR2,AMR1,0,0,17,38.2,38.2,AMR2,55.7,55.7,AMR1,0,0,0.0,0,2,0,0,0.0,0,0.0,51,53.6,43.5,3.1,T-0476,G-04-02,T-0290,G-02-01
O0327,H,4605.7,15841.2,15841.2,15855.9,15881.5,15895.7,15920.5,15944.7,11339.0,11235.5,AMR2,AMR2,0,0,15,39.4,39.4,AMR2,49.2,49.2,AMR2,0,0,0.0,0,1,0,0,0.0,0,0.0,41,46.0,43.3,0.0,T-0477,H-01-02,T-0402,H-02-01
O0328,H,4609.2,15856.0,15856.0,15870.7,15897.4,15912.2,15939.7,15963.7,11354.5,11246.8,AMR3,AMR3,0,0,15,40.5,40.5,AMR3,50.1,50.1,AMR3,0,0,0.0,0,0,0,0,0.0,0,0.0,43,46.1,45.3,1.5,T-0478,H-05-03,T-0415,H-03-03
O0329,E,4613.7,15918.4,15918.4,15932.8,15962.4,15968.4,15993.4,16028.4,11414.7,11304.7,AMR1,AMR2,0,0,19,41.5,41.5,AMR1,60.2,60.2,AMR2,0,0,0.0,0,0,0,0,0.0,0,0.0,59,59.8,44.2,0.0,T-0479,E-04-02,T-0261,E-01-03
O0330,H,4619.4,15982.6,15982.6,15999.0,16026.5,16040.7,16069.2,16095.4,11476.0,11363.2,AMR1,AMR1,0,0,15,43.0,43.0,AMR1,47.5,47.5,AMR1,0,0,0.0,0,1,1,1,5.5,1,0.5,41,45.5,45.2,7.9,T-0480,H-02-01,T-0417,H-04-01
O0331,I,4623.3,15999.0,15999.0,16012.3,16040.3,16052.1,16083.4,16111.0,11487.7,11375.7,AMR3,AMR2,0,0,15,38.8,38.8,AMR3,53.3,53.3,AMR2,0,0,0.0,0,1,1,0,0.0,0,0.0,45,50.9,46.3,3.0,T-0481,I-05-01,T-0395,I-01-02
O0332,D,4627.5,16069.5,16069.5,16083.1,16109.6,16119.1,16148.3,16176.3,11548.8,11442.0,AMR3,AMR1,0,0,13,37.6,37.6,AMR3,47.3,47.3,AMR1,0,0,0.0,0,2,1,0,0.0,1,0.1,47,50.0,42.2,5.1,T-0482,D-05-02,T-0383,D-06-02
O0333,I,4634.3,16126.3,16126.3,16139.2,16167.8,16185.3,16216.3,16243.9,11609.6,11492.0,AMR3,AMR3,0,0,15,38.2,38.2,AMR3,49.8,49.8,AMR3,0,0,0.0,0,0,1,0,0.0,1,0.5,48,52.4,42.2,5.5,T-0483,I-06-01,T-0397,I-05-03
O0334,B,4637.7,16139.7,16139.7,16154.6,16180.2,16195.7,16219.6,16261.1,11623.4,11502.0,AMR2,AMR2,0,0,15,38.8,38.8,AMR2,56.5,56.5,AMR2,0,0,0.0,0,0,0,1,8.6,1,3.6,46,49.3,48.0,8.6,T-0484,B-03-03,T-0260,B-05-03
O0335,J,4642.5,16205.0,16205.0,16220.8,16251.1,16267.6,16302.2,16336.2,11693.7,11562.5,AMR1,AMR3,0,0,21,43.6,43.6,AMR1,65.3,65.3,AMR3,0,0,0.0,0,0,0,0,0.0,0,0.0,65,66.4,48.3,0.0,T-0485,J-05-01,T-0293,J-05-02
O0336,D,4649.3,16274.9,16274.9,16288.1,16311.9,16327.4,16352.0,16379.0,11729.7,11625.6,AMR1,AMR1,0,0,13,33.7,33.7,AMR1,51.8,51.8,AMR1,0,0,0.0,0,0,0,0,0.0,0,0.0,42,45.8,42.8,0.0,T-0486,D-06-02,T-0384,D-02-03
O0337,G,4654.9,16288.1,16288.1,16303.3,16330.5,16348.7,16374.7,16403.7,11748.8,11633.2,AMR2,AMR2,0,0,17,39.9,39.9,AMR2,56.7,56.7,AMR2,0,0,0.0,0,0,0,0,0.0,0,0.0,47,51.2,46.2,0.0,T-0487,G-02-01,T-0294,G-06-02
O0338,H,4661.7,16359.9,16359.9,16373.1,16396.8,16402.7,16435.6,16460.3,11798.6,11698.2,AMR3,AMR1,0,0,15,36.0,36.0,AMR3,52.1,52.1,AMR1,0,0,0.0,0,1,1,0,0.0,1,0.2,41,46.5,42.8,5.2,T-0488,H-04-01,T-0420,H-04-03
O0339,E,4666.5,16415.6,16415.6,16428.3,16456.4,16476.6,16504.7,16540.9,11874.4,11749.1,AMR3,AMR3,0,0,19,38.3,38.3,AMR3,64.5,64.5,AMR3,0,0,0.0,0,1,0,0,0.0,0,0.0,59,59.8,45.3,0.0,T-0489,E-05-02,T-0263,E-02-03
O0340,H,4673.4,16427.4,16427.4,16441.7,16467.6,16483.9,16513.7,16555.5,11882.1,11754.0,AMR2,AMR2,0,0,15,38.5,38.5,AMR2,51.2,51.2,AMR2,0,0,0.0,0,2,1,1,12.8,1,7.8,42,48.7,44.4,18.7,T-0490,H-03-03,T-0424,H-05-01
O0341,C,4678.0,16492.8,16492.8,16506.6,16531.8,16544.6,16564.4,16592.3,11914.3,11814.8,AMR1,AMR1,0,0,13,35.9,35.9,AMR1,48.9,48.9,AMR1,0,0,0.0,0,0,0,1,2.2,0,0.0,39,41.9,42.6,2.2,T-0491,C-04-03,T-0355,C-01-01
O0342,C,4681.3,16564.6,16564.6,16576.8,16600.0,16612.2,16640.9,16667.8,11986.5,11883.3,AMR3,AMR3,0,0,13,34.5,34.5,AMR3,50.4,50.4,AMR3,0,0,0.0,0,1,1,0,0.0,0,0.0,43,45.3,42.7,3.0,T-0492,C-01-01,T-0356,C-04-01
O0343,D,4687.5,16579.2,16579.2,16590.7,16612.1,16620.1,16648.9,16680.9,11993.4,11891.7,AMR2,AMR1,0,0,13,32.0,32.0,AMR2,50.0,50.0,AMR1,0,0,0.0,0,1,1,1,4.0,0,0.0,41,47.4,39.3,7.0,T-0493,D-01-03,T-0400,D-03-03
O0344,G,4691.3,16629.9,16629.9,16643.8,16672.4,16689.2,16719.8,16752.4,12061.1,11938.6,AMR2,AMR2,0,0,17,41.6,41.6,AMR2,59.9,59.9,AMR2,0,0,0.0,0,0,0,0,0.0,0,0.0,51,54.6,51.1,0.0,T-0494,G-05-02,T-0302,G-01-03
O0345,B,4696.6,16692.6,16692.6,16703.1,16729.8,16744.6,16772.8,16804.7,12108.1,11996.0,AMR3,AMR3,0,0,15,36.3,36.3,AMR3,56.8,56.8,AMR3,0,0,0.0,0,0,0,0,0.0,0,0.0,49,51.5,45.8,0.0,T-0495,B-04-03,T-0269,B-01-01
O0346,G,4702.8,16704.6,16704.6,16719.3,16747.3,16762.8,16789.8,16822.2,12119.4,12001.8,AMR1,AMR1,0,0,17,42.6,42.6,AMR1,56.1,56.1,AMR1,0,0,0.0,0,0,0,0,0.0,0,0.0,50,53.8,48.3,0.0,T-0496,G-06-02,T-0304,G-02-03
O0347,B,4706.9,16776.1,16776.1,16788.7,16813.6,16828.4,16858.0,16889.2,12182.3,12069.2,AMR2,AMR3,0,0,15,35.0,35.0,AMR2,52.9,52.9,AMR3,0,0,0.0,0,1,1,0,0.0,0,0.0,51,54.7,40.6,3.0,T-0497,B-01-01,T-0280,B-02-01
O0348,C,4710.9,16834.9,16834.9,16850.2,16872.6,16885.4,16907.2,16935.2,12224.3,12124.0,AMR2,AMR2,0,0,13,36.8,36.8,AMR2,49.5,49.5,AMR2,0,0,0.0,0,0,0,0,0.0,0,0.0,39,43.4,44.1,0.0,T-0498,C-04-01,T-0357,C-05-01
O0349,B,4713.9,16850.3,16850.3,16862.7,16887.7,16903.9,16931.7,16959.8,12245.9,12136.4,AMR1,AMR1,0,0,15,34.9,34.9,AMR1,55.6,55.6,AMR1,0,0,0.0,0,0,0,0,0.0,0,0.0,47,50.1,43.2,0.0,T-0499,B-02-01,T-0285,B-04-01
O0350,C,4718.2,16912.9,16912.9,16929.2,16949.7,16958.9,16982.4,17010.1,12291.9,12194.7,AMR3,AMR2,0,0,13,35.9,35.9,AMR3,51.3,51.3,AMR2,0,0,0.0,0,0,0,0,0.0,0,0.0,41,43.0,45.0,0.0,T-0500,C-05-01,T-0364,C-03-01
O0351,C,4724.2,16962.5,16962.5,16977.9,17002.5,17015.3,17047.6,17076.1,12351.9,12238.3,AMR3,AMR3,0,0,13,36.5,36.5,AMR3,50.4,50.4,AMR3,0,0,0.0,0,2,2,1,2.6,0,0.0,39,46.2,44.7,9.9,T-0501,C-05-03,T-0374,C-06-01
O0352,C,4729.0,16983.5,16983.5,16994.7,17015.1,17033.0,17059.9,17090.7,12361.7,12254.5,AMR1,AMR1,0,0,13,29.9,29.9,AMR1,50.3,50.3,AMR1,0,0,0.0,0,1,1,1,3.1,1,0.5,40,42.7,38.0,8.6,T-0502,C-03-01,T-0391,C-01-02
O0353,A,4734.0,17055.8,17055.8,17070.6,17100.6,17114.4,17140.9,17175.2,12441.2,12321.8,AMR2,AMR1,0,0,21,43.9,43.9,AMR2,63.5,63.5,AMR1,0,0,0.0,0,0,0,0,0.0,0,0.0,61,60.3,45.3,0.0,T-0503,A-05-02,T-0217,A-06-01
O0354,A,4738.8,17099.8,17099.8,17110.4,17139.3,17163.7,17196.6,17231.5,12492.7,12361.0,AMR3,AMR3,0,0,21,38.6,38.6,AMR3,64.5,64.5,AMR3,0,0,0.0,0,0,0,0,0.0,0,0.0,67,66.3,41.0,0.0,T-0504,A-05-03,T-0224,A-02-02
O0355,C,4745.2,17122.0,17122.0,17132.6,17156.7,17168.2,17193.7,17220.3,12475.1,12376.8,AMR2,AMR2,0,0,13,34.6,34.6,AMR2,53.3,53.3,AMR2,0,0,0.0,0,0,0,0,0.0,0,0.0,38,41.1,45.7,0.0,T-0505,C-06-01,T-0392,C-02-02
O0356,C,4751.1,17198.9,17198.9,17214.8,17239.3,17244.0,17271.9,17302.4,12551.3,12447.8,AMR1,AMR2,0,0,13,39.5,39.5,AMR1,53.8,53.8,AMR2,0,0,0.0,0,1,1,0,0.0,0,0.0,41,43.0,51.1,4.7,T-0506,C-01-02,T-0393,C-03-02
O0357,H,4756.5,17255.2,17255.2,17273.7,17299.2,17318.7,17341.5,17368.9,12612.4,12498.7,AMR3,AMR3,0,0,15,38.5,38.5,AMR3,51.4,51.4,AMR3,0,0,0.0,0,1,1,0,0.0,0,0.0,41,45.0,44.6,4.6,T-0507,H-05-01,T-0430,H-02-02
O0358,H,4762.0,17276.5,17276.5,17291.3,17320.1,17326.1,17357.7,17384.4,12622.4,12514.5,AMR1,AMR2,0,0,15,39.3,39.3,AMR1,53.0,53.0,AMR2,0,0,0.0,0,2,2,0,0.0,0,0.0,41,46.9,47.0,8.0,T-0508,H-04-03,T-0442,H-04-02
O0359,I,4769.0,17338.9,17338.9,17351.5,17374.5,17389.3,17422.5,17447.2,12678.2,12569.9,AMR1,AMR1,0,0,15,34.7,34.7,AMR1,48.4,48.4,AMR1,0,0,0.0,0,1,2,0,0.0,0,0.0,41,48.5,37.3,7.7,T-0509,I-01-02,T-0409,I-02-02
O0360,C,4774.4,17398.1,17398.1,17409.1,17430.7,17442.9,17468.2,17499.6,12725.2,12623.7,AMR3,AMR3,0,0,13,31.7,31.7,AMR3,55.9,55.9,AMR3,0,0,0.0,0,0,0,0,0.0,0,0.0,39,42.4,45.4,1.5,T-0510,C-02-02,T-0398,C-05-02
O0361,J,4780.0,17413.1,17413.1,17424.0,17456.4,17470.9,17503.3,17533.9,12753.9,12633.1,AMR2,AMR1,0,0,21,40.8,40.8,AMR2,63.2,63.2,AMR1,0,0,0.0,0,1,0,0,0.0,0,0.0,61,62.9,43.4,0.0,T-0511,J-04-02,T-0306,J-02-03
O0362,F,4784.8,17478.6,17478.6,17494.9,17530.1,17557.6,17591.2,17627.8,12843.0,12693.8,AMR2,AMR1,0,0,23,49.0,49.0,AMR2,65.5,65.5,AMR1,0,0,0.0,0,1,1,0,0.0,1,0.4,67,67.0,49.3,5.4,T-0512,F-01-03,T-0297,F-04-01
O0363,C,4791.1,17526.4,17526.4,17542.4,17567.9,17580.4,17604.9,17640.2,12849.1,12735.3,AMR3,AMR3,0,0,13,34.6,34.6,AMR3,51.3,51.3,AMR3,0,0,0.0,0,1,1,1,9.7,2,4.9,40,42.7,43.7,14.9,T-0513,C-03-02,T-0399,C-02-03
O0364,E,4795.8,17566.9,17566.9,17580.4,17609.0,17627.2,17659.4,17697.1,12901.3,12771.1,AMR2,AMR2,0,0,19,41.2,41.2,AMR2,65.1,65.1,AMR2,0,0,0.0,0,0,0,0,0.0,0,0.0,63,63.2,48.8,0.0,T-0514,E-01-03,T-0265,E-06-02
O0365,C,4801.5,17651.5,17651.5,17665.0,17687.6,17700.4,17723.1,17750.3,12948.8,12850.0,AMR1,AMR1,0,0,13,33.8,33.8,AMR1,49.6,49.6,AMR1,0,0,0.0,0,0,0,1,1.4,0,0.0,39,43.4,41.2,1.4,T-0515,C-05-02,T-0411,C-04-02
O0366,H,4804.9,17665.0,17665.0,17675.9,17698.7,17712.9,17739.2,17764.9,12960.0,12860.1,AMR3,AMR3,0,0,15,32.8,32.8,AMR3,51.1,51.1,AMR3,0,0,0.0,0,1,0,0,0.0,0,0.0,43,47.1,38.6,0.0,T-0516,H-02-02,T-0447,H-03-01
O0367,H,4810.1,17720.8,17720.8,17731.7,17757.5,17772.3,17800.8,17824.2,13014.1,12910.7,AMR2,AMR2,0,0,15,32.7,32.7,AMR2,52.0,52.0,AMR2,0,0,0.0,0,1,0,0,0.0,0,0.0,43,46.1,39.4,3.1,T-0517,H-04-02,T-0449,H-03-02
O0368,I,4813.6,17775.7,17775.7,17788.3,17812.3,17827.1,17858.7,17884.9,13071.3,12962.1,AMR1,AMR1,0,0,15,35.7,35.7,AMR1,49.3,49.3,AMR1,0,0,0.0,0,1,1,1,1.8,0,0.0,43,48.5,39.2,6.7,T-0518,I-02-02,T-0410,I-03-02
O0369,H,4816.8,17788.6,17788.6,17800.1,17827.2,17841.7,17873.9,17899.8,13083.0,12971.8,AMR3,AMR3,0,0,15,36.9,36.9,AMR3,52.0,52.0,AMR3,0,0,0.0,0,1,1,0,0.0,0,0.0,44,50.1,43.6,3.0,T-0519,H-03-01,T-0452,H-05-02
O0370,D,4820.2,17857.8,17857.8,17871.6,17893.3,17906.1,17941.9,17969.9,13149.7,13037.6,AMR2,AMR2,0,0,13,34.6,34.6,AMR2,50.8,50.8,AMR2,0,0,0.0,0,2,2,0,0.0,0,0.0,43,46.9,42.7,9.7,T-0520,D-02-03,T-0403,D-04-03
O0371,E,4825.1,17916.0,17916.0,17927.7,17955.1,17976.0,18007.2,18042.7,13217.6,13090.9,AMR1,AMR1,0,0,19,35.8,35.8,AMR1,64.9,64.9,AMR1,0,0,0.0,0,0,0,0,0.0,0,0.0,62,62.6,43.2,0.0,T-0521,E-06-02,T-0289,E-03-03
O0372,G,4829.6,17927.9,17927.9,17942.1,17971.8,17990.0,18019.3,18059.1,13229.5,13098.3,AMR3,AMR3,0,0,17,41.4,41.4,AMR3,58.4,58.4,AMR3,0,0,0.0,0,0,1,2,8.9,1,0.6,51,54.7,49.4,8.9,T-0522,G-01-03,T-0317,G-03-03
O0373,G,4835.9,17993.6,17993.6,18008.9,18046.0,18064.2,18092.8,18122.7,13286.8,13157.7,AMR2,AMR2,0,0,17,43.5,43.5,AMR2,57.0,57.0,AMR2,0,0,0.0,0,0,1,0,0.0,0,0.0,51,56.6,50.1,4.2,T-0523,G-02-03,T-0335,G-04-03
O0374,H,4841.6,18067.7,18067.7,18082.3,18106.5,18121.0,18147.7,18173.8,13332.2,13226.1,AMR1,AMR1,0,0,15,37.1,37.1,AMR1,54.0,54.0,AMR1,0,0,0.0,0,0,0,0,0.0,0,0.0,42,45.8,45.8,0.0,T-0524,H-03-02,T-0457,H-01-01
O0375,E,4845.3,18082.8,18082.8,18094.5,18119.4,18137.6,18165.4,18206.3,13361.0,13237.5,AMR3,AMR3,0,0,19,35.7,35.7,AMR3,64.6,64.6,AMR3,0,0,0.0,0,1,1,0,0.0,0,0.0,57,59.5,42.8,3.0,T-0525,E-02-03,T-0305,E-02-01
O0376,D,4849.7,18146.4,18146.4,18159.3,18190.9,18197.5,18222.6,18248.1,13398.4,13296.7,AMR2,AMR1,0,0,13,36.8,36.8,AMR2,50.8,50.8,AMR1,0,0,0.0,0,1,1,0,0.0,1,1.0,40,44.2,44.9,6.0,T-0526,D-03-03,T-0405,D-01-01
O0377,C,4855.3,18205.0,18205.0,18220.4,18239.8,18252.6,18276.1,18301.6,13446.3,13349.7,AMR2,AMR2,0,0,13,33.9,33.9,AMR2,50.2,50.2,AMR2,0,0,0.0,0,0,0,0,0.0,0,0.0,39,41.9,41.9,0.0,T-0527,C-04-02,T-0434,C-02-01
O0378,I,4861.3,18230.0,18230.0,18242.2,18270.0,18271.8,18298.7,18327.3,13466.0,13368.7,AMR3,AMR1,0,0,15,38.3,38.3,AMR3,52.2,52.2,AMR1,0,0,0.0,0,0,0,0,0.0,0,0.0,46,50.8,44.7,0.0,T-0528,I-03-02,T-0416,I-04-02
O0379,H,4865.7,18286.1,18286.1,18300.0,18326.4,18340.6,18362.4,18387.6,13521.9,13420.4,AMR3,AMR3,0,0,15,39.4,39.4,AMR3,49.7,49.7,AMR3,0,0,0.0,0,0,0,0,0.0,0,0.0,39,43.5,43.8,0.0,T-0529,H-01-01,T-0459,H-06-02
O0380,B,4871.0,18325.3,18325.3,18336.2,18360.4,18379.2,18401.5,18432.6,13561.6,13454.3,AMR2,AMR2,0,0,15,34.2,34.2,AMR2,53.1,53.1,AMR2,0,0,0.0,0,0,0,0,0.0,0,0.0,45,48.5,40.0,0.0,T-0530,B-04-01,T-0288,B-05-01
O0381,C,4877.1,18351.0,18351.0,18366.6,18394.9,18407.1,18430.5,18458.2,13581.1,13473.9,AMR1,AMR1,0,0,13,37.4,37.4,AMR1,53.8,53.8,AMR1,0,0,0.0,0,1,1,0,0.0,1,0.6,37,40.4,49.0,5.6,T-0531,C-02-01,T-0450,C-06-02
O0382,I,4881.8,18414.3,18414.3,18426.5,18453.4,18456.3,18483.4,18510.5,13628.7,13532.5,AMR3,AMR2,0,0,15,36.6,36.6,AMR3,50.9,50.9,AMR2,0,0,0.0,0,1,0,0,0.0,0,0.0,47,51.6,41.7,0.0,T-0532,I-04-02,T-0418,I-05-02
O0383,A,4885.9,18470.2,18470.2,18482.1,18512.2,18531.1,18557.5,18591.2,13705.3,13584.3,AMR3,AMR3,0,0,21,41.9,41.9,AMR3,59.8,59.8,AMR3,0,0,0.0,0,0,0,0,0.0,0,0.0,62,62.5,39.6,0.0,T-0533,A-06-01,T-0233,A-04-02
O0384,I,4890.6,18485.8,18485.8,18496.6,18521.1,18534.2,18567.9,18604.7,13714.1,13595.2,AMR1,AMR2,0,0,15,32.8,32.8,AMR1,51.7,51.7,AMR2,0,0,0.0,0,2,2,2,5.0,1,0.1,51,56.0,38.7,11.1,T-0534,I-05-02,T-0422,I-06-02
O0385,I,4896.3,18544.3,18544.3,18559.6,18591.2,18608.0,18648.1,18672.8,13776.5,13648.0,AMR1,AMR1,0,0,15,39.2,39.2,AMR1,53.0,53.0,AMR1,0,0,0.0,0,1,3,0,0.0,2,0.8,45,51.5,46.4,13.8,T-0535,I-05-03,T-0423,I-02-03
O0386,D,4899.5,18618.9,18618.9,18630.4,18653.5,18670.5,18698.0,18731.1,13831.6,13719.4,AMR3,AMR3,0,0,13,33.7,33.7,AMR3,57.3,57.3,AMR3,0,0,0.0,0,0,0,0,0.0,0,0.0,43,46.9,48.3,0.0,T-0536,D-01-01,T-0406,D-05-03
O0387,C,4905.6,18634.0,18634.0,18650.2,18677.2,18688.7,18713.3,18746.8,13841.2,13728.4,AMR2,AMR2,0,0,13,36.7,36.7,AMR2,54.6,54.6,AMR2,0,0,0.0,0,1,1,1,4.7,0,0.0,40,44.5,49.1,7.7,T-0537,C-06-02,T-0464,C-01-03
O0388,D,4910.6,18696.5,18696.5,18710.7,18732.6,18747.4,18775.7,18805.7,13895.1,13785.9,AMR1,AMR1,0,0,13,33.6,33.6,AMR1,51.1,51.1,AMR1,0,0,0.0,0,1,1,0,0.0,0,0.0,45,49.4,42.0,3.0,T-0538,D-04-03,T-0432,D-03-01
O0389,H,4915.7,18760.0,18760.0,18775.9,18800.3,18815.1,18840.3,18867.2,13951.5,13844.3,AMR3,AMR3,0,0,15,39.4,39.4,AMR3,53.3,53.3,AMR3,0,0,0.0,0,0,0,0,0.0,0,0.0,41,45.0,47.4,0.0,T-0539,H-05-02,T-0462,H-01-03
O0390,F,4920.3,18776.0,18776.0,18789.7,18819.8,18829.4,18857.9,18891.9,13971.6,13855.7,AMR2,AMR1,0,0,23,42.9,42.9,AMR2,63.2,63.2,AMR1,0,0,0.0,0,0,0,0,0.0,0,0.0,65,65.4,40.9,0.0,T-0540,F-04-01,T-0300,F-04-03
O0391,H,4925.1,18844.0,18844.0,18858.3,18883.1,18890.9,18922.0,18946.3,14021.2,13918.9,AMR2,AMR3,0,0,15,39.0,39.0,AMR2,49.9,49.9,AMR3,0,0,0.0,0,0,2,0,0.0,0,0.0,40,44.9,43.6,6.0,T-0541,H-06-02,T-0470,H-06-01
O0392,I,4929.9,18901.2,18901.2,18915.1,18940.7,18961.6,18990.0,19018.7,14088.8,13971.3,AMR2,AMR2,0,0,15,36.2,36.2,AMR2,52.6,52.6,AMR2,0,0,0.0,0,1,1,0,0.0,0,0.0,44,48.9,43.0,4.7,T-0542,I-06-02,T-0425,I-01-03
O0393,H,4933.3,18921.2,18921.2,18934.6,18961.5,18974.0,18998.8,19032.4,14099.1,13987.9,AMR1,AMR3,0,0,15,40.2,40.2,AMR1,49.8,49.8,AMR3,0,0,0.0,0,1,0,1,8.8,1,3.8,40,45.2,44.7,8.8,T-0543,H-06-01,T-0472,H-02-03
O0394,J,4939.5,18977.5,18977.5,18989.2,19021.5,19042.4,19078.1,19108.8,14169.3,14038.0,AMR1,AMR2,0,0,21,41.5,41.5,AMR1,58.4,58.4,AMR2,0,0,0.0,0,1,1,0,0.0,0,0.0,63,68.1,39.3,3.0,T-0544,J-05-02,T-0316,J-03-03
O0395,B,4942.9,19052.3,19052.3,19067.6,19090.3,19105.1,19126.5,19155.5,14212.6,14109.4,AMR1,AMR1,0,0,15,37.1,37.1,AMR1,52.1,52.1,AMR1,0,0,0.0,0,0,0,0,0.0,0,0.0,43,46.5,41.9,0.0,T-0545,B-05-01,T-0298,B-06-01
O0396,I,4948.2,19067.6,19067.6,19082.2,19108.3,19123.1,19156.5,19181.1,14232.9,14119.4,AMR3,AMR3,0,0,15,39.8,39.8,AMR3,50.6,50.6,AMR3,0,0,0.0,0,0,1,0,0.0,1,0.6,43,48.5,44.6,5.6,T-0546,I-01-03,T-0427,I-03-03
O0397,D,4954.2,19136.5,19136.5,19147.3,19170.7,19179.2,19204.8,19233.8,14279.6,14182.3,AMR2,AMR1,0,0,13,32.5,32.5,AMR2,51.3,51.3,AMR1,0,0,0.0,0,0,0,0,0.0,0,0.0,44,47.7,41.1,0.0,T-0547,D-03-01,T-0444,D-04-01
O0398,D,4959.3,19186.4,19186.4,19201.5,19226.5,19241.3,19273.8,19305.2,14345.9,14227.1,AMR2,AMR2,0,0,13,36.5,36.5,AMR2,55.0,55.0,AMR2,0,0,0.0,0,0,1,1,1.1,1,0.6,45,48.5,48.8,6.7,T-0548,D-05-03,T-0451,D-05-01
O0399,J,4963.7,19204.8,19204.8,19219.8,19249.5,19262.5,19295.5,19324.8,14361.1,14241.1,AMR3,AMR1,0,0,21,43.8,43.8,AMR3,62.5,62.5,AMR1,0,0,0.0,0,0,0,0,0.0,0,0.0,59,61.3,45.7,0.0,T-0549,J-02-03,T-0338,J-01-03
O0400,D,4967.6,19269.7,19269.7,19282.9,19308.0,19322.8,19352.4,19383.2,14415.6,14302.1,AMR3,AMR3,0,0,13,35.8,35.8,AMR3,52.6,52.6,AMR3,0,0,0.0,0,1,1,0,0.0,0,0.0,47,50.0,45.7,3.0,T-0550,D-04-01,T-0453,D-06-01
O0401,B,4988.6,19334.1,19334.1,19347.9,19368.5,19386.9,19416.1,19449.4,14460.8,14345.5,AMR2,AMR2,0,0,15,34.3,34.3,AMR2,55.9,55.9,AMR2,0,0,0.0,0,1,0,0,0.0,0,0.0,48,50.7,42.9,3.3,T-0551,B-06-01,T-0315,B-01-02
O0402,H,5013.1,19350.1,19350.1,19362.6,19395.0,19406.9,19437.5,19463.9,14450.8,14337.0,AMR1,AMR3,0,0,15,38.1,38.1,AMR1,53.2,53.2,AMR3,0,0,0.0,0,2,2,1,2.0,0,0.0,43,49.9,46.0,6.0,T-0552,H-01-03,T-0477,H-01-02
O0403,J,5035.7,19414.8,19414.8,19425.8,19455.9,19473.1,19515.1,19552.7,14517.0,14379.1,AMR1,AMR2,0,0,21,40.2,40.2,AMR1,62.3,62.3,AMR2,0,0,0.0,0,2,2,0,0.0,0,0.0,65,71.4,41.9,7.4,T-0553,J-01-03,T-0339,J-04-03
O0404,J,5057.5,19483.0,19483.0,19496.9,19535.7,19558.9,19593.5,19631.0,14573.5,14425.5,AMR1,AMR1,0,0,21,44.0,44.0,AMR1,67.3,67.3,AMR1,0,0,0.0,0,1,1,0,0.0,1,2.0,66,67.1,50.7,7.0,T-0554,J-03-03,T-0348,J-06-02
O0405,J,5078.9,19496.9,19496.9,19513.1,19555.0,19576.4,19615.7,19649.9,14571.0,14418.0,AMR3,AMR2,0,0,21,47.5,47.5,AMR3,66.1,66.1,AMR2,0,0,0.0,0,1,1,0,0.0,0,0.0,64,71.2,53.0,7.4,T-0555,J-06-03,T-0359,J-01-01
O0406,F,5102.5,19586.2,19586.2,19600.8,19632.2,19654.4,19688.0,19723.1,14620.6,14483.7,AMR3,AMR3,0,0,23,45.1,45.1,AMR3,65.4,65.4,AMR3,0,0,0.0,0,0,0,0,0.0,0,0.0,69,69.4,45.3,0.0,T-0556,F-04-03,T-0311,F-02-01
O0407,H,5121.9,19657.9,19657.9,19671.7,19693.9,19708.1,19733.4,19759.6,14637.7,14536.0,AMR1,AMR1,0,0,15,35.1,35.1,AMR1,52.2,52.2,AMR1,0,0,0.0,0,0,0,0,0.0,0,0.0,41,45.5,42.0,0.0,T-0557,H-01-02,T-0478,H-05-03
O0408,E,5143.2,19673.6,19673.6,19686.1,19710.4,19730.5,19757.0,19794.8,14651.6,14530.4,AMR2,AMR2,0,0,19,35.9,35.9,AMR2,62.5,62.5,AMR2,0,0,0.0,0,0,0,0,0.0,0,0.0,59,60.2,40.9,0.0,T-0558,E-02-01,T-0330,E-03-02
O0409,I,5158.8,19746.8,19746.8,19762.7,19793.4,19808.2,19841.4,19866.5,14707.7,14588.0,AMR3,AMR3,0,0,15,42.8,42.8,AMR3,53.4,53.4,AMR3,0,0,0.0,0,2,2,0,0.0,1,0.1,41,46.4,50.4,8.1,T-0559,I-02-03,T-0436,I-01-01
O0410,H,5176.9,19788.7,19788.7,19800.9,19824.7,19838.9,19863.4,19889.4,14712.5,14611.8,AMR1,AMR1,0,0,15,35.1,35.1,AMR1,50.7,50.7,AMR1,0,0,0.0,0,0,0,0,0.0,0,0.0,41,46.0,40.5,0.0,T-0560,H-02-03,T-0480,H-02-01
O0411,E,5192.4,19822.5,19822.5,19835.7,19864.2,19883.7,19912.4,19947.3,14754.9,14630.1,AMR2,AMR2,0,0,19,40.0,40.0,AMR2,60.3,60.3,AMR2,0,0,0.0,0,1,0,0,0.0,0,0.0,62,62.5,42.8,0.0,T-0561,E-03-02,T-0331,E-04-03
O0412,B,5213.9,19892.3,19892.3,19906.4,19931.1,19947.3,19973.4,20007.8,14793.9,14678.4,AMR3,AMR3,0,0,15,36.3,36.3,AMR3,57.2,57.2,AMR3,0,0,0.0,0,0,0,0,0.0,0,0.0,51,53.1,46.2,0.0,T-0562,B-01-02,T-0319,B-02-02
O0413,G,5234.8,19913.1,19913.1,19936.6,19965.1,19971.0,20000.3,20029.3,14794.5,14678.3,AMR1,AMR2,0,0,17,50.3,50.3,AMR1,59.0,59.0,AMR2,0,0,0.0,0,0,0,0,0.0,0,0.0,48,51.4,58.9,0.0,T-0563,G-03-03,T-0337,G-05-03
O0414,A,5255.6,19982.6,19982.6,19994.6,20022.6,20031.5,20058.8,20096.4,14840.8,14727.0,AMR1,AMR3,0,0,21,37.5,37.5,AMR1,62.6,62.6,AMR3,0,0,0.0,0,0,0,0,0.0,0,0.0,69,66.9,38.0,0.0,T-0564,A-02-02,T-0238,A-01-01
O0415,J,5279.7,20044.2,20044.2,20056.9,20084.1,20107.7,20135.7,20165.0,14885.3,14764.5,AMR1,AMR1,0,0,21,39.0,39.0,AMR1,57.5,57.5,AMR1,0,0,0.0,0,1,0,0,0.0,0,0.0,59,61.3,35.9,0.0,T-0565,J-01-01,T-0404,J-02-01
O0416,J,5296.6,20056.9,20056.9,20068.3,20105.8,20120.1,20155.1,20187.2,14890.6,14760.3,AMR2,AMR3,0,0,21,41.1,41.1,AMR2,60.6,60.6,AMR3,0,0,0.0,0,2,1,0,0.0,0,0.0,66,67.2,41.1,7.7,T-0566,J-06-02,T-0408,J-04-01
O0417,A,5316.6,20128.7,20128.7,20142.6,20173.7,20188.7,20217.6,20253.6,14937.0,14812.1,AMR2,AMR1,0,0,21,42.5,42.5,AMR2,67.6,67.6,AMR1,0,0,0.0,0,0,0,0,0.0,0,0.0,63,61.9,48.0,0.0,T-0567,A-01-01,T-0239,A-06-02
O0418,F,5332.6,20195.3,20195.3,20217.3,20248.9,20260.7,20290.2,20340.2,15007.6,14862.7,AMR2,AMR3,0,0,23,51.1,51.1,AMR2,63.1,63.1,AMR3,0,0,0.0,0,0,0,2,14.6,1,7.8,69,69.5,49.0,14.6,T-0569,F-02-01,T-0332,F-03-01
O0419,C,5348.5,20210.9,20210.9,20226.0,20248.5,20272.5,20294.5,20325.1,14976.6,14862.4,AMR3,AMR2,0,0,13,36.7,36.7,AMR3,51.7,51.7,AMR2,0,0,0.0,0,0,0,0,0.0,0,0.0,41,44.0,46.2,0.0,T-0568,C-01-03,T-0474,C-03-03
O0420,H,5366.0,20277.3,20277.3,20292.4,20314.8,20329.0,20354.5,20379.9,15013.9,14911.3,AMR1,AMR1,0,0,15,36.6,36.6,AMR1,51.6,51.6,AMR1,0,0,0.0,0,0,0,0,0.0,0,0.0,41,45.5,42.9,0.0,T-0570,H-02-01,T-0488,H-04-01
O0421,J,5386.2,20348.8,20348.8,20364.4,20395.3,20403.6,20435.1,20471.2,15085.0,14962.6,AMR2,AMR1,0,0,21,45.6,45.6,AMR2,62.8,62.8,AMR1,0,0,0.0,0,0,0,0,0.0,0,0.0,65,66.3,47.8,0.0,T-0571,J-02-01,T-0414,J-06-01
O0422,E,5404.9,20363.9,20363.9,20379.2,20406.2,20415.5,20444.2,20484.8,15079.9,14959.0,AMR3,AMR2,0,0,19,40.6,40.6,AMR3,62.0,62.0,AMR2,0,0,0.0,0,0,0,1,7.5,1,2.5,58,59.0,45.1,7.5,T-0572,E-03-03,T-0353,E-01-01
O0423,F,5423.9,20425.7,20425.7,20436.6,20470.0,20492.9,20524.4,20559.9,15136.0,15001.8,AMR3,AMR3,0,0,23,42.6,42.6,AMR3,63.7,63.7,AMR3,0,0,0.0,0,1,0,0,0.0,0,0.0,70,70.2,41.1,0.0,T-0573,F-03-01,T-0340,F-01-01
O0424,F,5444.9,20496.4,20496.4,20511.8,20544.2,20564.8,20600.2,20647.0,15202.1,15051.5,AMR1,AMR2,0,0,23,43.8,43.8,AMR1,65.1,65.1,AMR2,0,0,0.0,0,2,1,1,11.3,1,6.3,65,65.4,43.7,20.9,T-0574,F-05-03,T-0352,F-05-01
O0425,I,5463.2,20511.8,20511.8,20527.4,20550.0,20573.8,20606.2,20632.5,15169.3,15048.6,AMR2,AMR1,0,0,15,37.3,37.3,AMR2,52.5,52.5,AMR1,0,0,0.0,0,1,1,0,0.0,0,0.0,43,49.9,44.0,3.0,T-0575,I-01-01,T-0439,I-02-01
O0426,E,5482.1,20588.8,20588.8,20605.0,20633.3,20651.5,20687.1,20726.8,15244.7,15106.7,AMR3,AMR3,0,0,19,43.6,43.6,AMR3,62.4,62.4,AMR3,0,0,0.0,0,1,1,0,0.0,0,0.0,63,66.4,48.5,4.9,T-0576,E-01-01,T-0360,E-06-01
O0427,J,5505.6,20660.4,20660.4,20675.8,20707.6,20734.0,20766.2,20803.2,15297.6,15154.8,AMR1,AMR1,0,0,21,44.7,44.7,AMR1,62.5,62.5,AMR1,0,0,0.0,0,1,1,0,0.0,0,0.0,63,64.9,46.6,4.9,T-0577,J-04-01,T-0438,J-03-01
O0428,J,5523.9,20675.8,20675.8,20686.7,20723.0,20745.9,20787.7,20817.3,15293.4,15151.9,AMR2,AMR2,0,0,21,36.6,36.6,AMR2,59.6,59.6,AMR2,0,0,0.0,0,2,3,0,0.0,0,0.0,66,74.0,35.6,9.0,T-0578,J-06-01,T-0441,J-01-02
O0429,F,5540.3,20754.7,20754.7,20768.3,20801.7,20825.3,20855.6,20897.4,15357.1,15214.4,AMR3,AMR3,0,0,23,44.5,44.5,AMR3,62.5,62.5,AMR3,0,0,0.0,0,1,1,0,0.0,0,0.0,67,69.4,41.8,7.9,T-0579,F-01-01,T-0368,F-06-01
O0430,G,5565.0,20828.8,20828.8,20840.0,20865.0,20887.2,20916.0,20945.3,15380.3,15263.8,AMR1,AMR1,0,0,17,35.3,35.3,AMR1,57.8,57.8,AMR1,0,0,0.0,0,0,0,0,0.0,0,0.0,47,51.6,42.7,0.0,T-0580,G-04-03,T-0341,G-05-01
O0431,B,5586.0,20841.0,20841.0,20856.2,20880.3,20896.5,20920.3,20956.8,15370.8,15255.0,AMR2,AMR2,0,0,15,36.8,36.8,AMR2,50.1,50.1,AMR2,0,0,0.0,0,0,0,1,8.4,1,3.4,49,51.6,39.6,8.4,T-0581,B-02-02,T-0349,B-03-02
O0432,F,5606.6,20921.1,20921.1,20937.0,20968.6,20969.0,21003.3,21039.1,15432.5,15314.5,AMR3,AMR1,0,0,23,46.6,46.6,AMR3,67.8,67.8,AMR1,0,0,0.0,0,0,0,0,0.0,0,0.0,69,68.4,49.2,0.0,T-0582,F-05-01,T-0379,F-02-02
O0433,I,5628.3,20980.5,20980.5,20994.8,21019.2,21034.0,21063.8,21089.9,15461.6,15352.2,AMR2,AMR2,0,0,15,37.8,37.8,AMR2,52.6,52.6,AMR2,0,0,0.0,0,0,0,0,0.0,0,0.0,45,50.0,44.6,0.0,T-0583,I-02-01,T-0440,I-04-03
O0434,G,5649.7,20994.8,20994.8,21009.4,21035.9,21052.7,21081.1,21113.0,15463.3,15345.1,AMR3,AMR3,0,0,17,40.2,40.2,AMR3,57.0,57.0,AMR3,0,0,0.0,0,0,0,0,0.0,0,0.0,51,54.6,46.8,0.0,T-0584,G-05-01,T-0345,G-01-01
O0435,F,5668.3,21062.8,21062.8,21078.5,21111.8,21113.6,21146.5,21179.7,15511.4,15394.5,AMR1,AMR2,0,0,23,48.9,48.9,AMR1,65.3,65.3,AMR2,0,0,0.0,0,0,0,0,0.0,0,0.0,66,66.1,49.0,0.0,T-0585,F-06-01,T-0389,F-03-02
O0436,D,5685.1,21132.7,21132.7,21148.7,21174.1,21188.9,21218.0,21243.2,15558.1,15447.6,AMR1,AMR1,0,0,13,38.9,38.9,AMR1,49.1,49.1,AMR1,0,0,0.0,0,1,1,0,0.0,1,0.4,41,45.0,45.3,5.4,T-0586,D-05-01,T-0454,D-01-02
O0437,H,5709.6,21148.7,21148.7,21160.5,21187.0,21201.8,21226.1,21257.1,15547.5,15439.1,AMR3,AMR3,0,0,15,37.4,37.4,AMR3,49.8,49.8,AMR3,0,0,0.0,0,0,0,1,5.6,1,0.6,43,46.1,41.9,5.6,T-0587,H-04-01,T-0490,H-03-03
O0438,C,5726.9,21209.4,21209.4,21225.3,21249.6,21261.8,21285.4,21316.0,15589.1,15482.5,AMR2,AMR2,0,0,13,39.3,39.3,AMR2,54.9,54.9,AMR2,0,0,0.0,0,0,0,0,0.0,0,0.0,39,42.4,52.0,0.0,T-0588,C-02-03,T-0491,C-04-03
O0439,B,5742.6,21269.1,21269.1,21282.3,21309.2,21324.7,21348.0,21377.1,15634.5,15526.5,AMR1,AMR1,0,0,15,38.4,38.4,AMR1,52.1,52.1,AMR1,0,0,0.0,0,0,0,0,0.0,0,0.0,46,49.3,43.2,0.0,T-0589,B-03-02,T-0363,B-04-02
O0440,I,5765.4,21282.3,21282.3,21298.3,21322.2,21338.3,21371.7,21399.3,15633.9,15516.9,AMR3,AMR3,0,0,15,38.2,38.2,AMR3,54.2,54.2,AMR3,0,0,0.0,0,1,1,0,0.0,0,0.0,44,49.3,46.6,5.0,T-0590,I-03-03,T-0443,I-03-01
O0441,J,5787.0,21348.3,21348.3,21359.8,21391.6,21400.8,21429.8,21461.8,15674.8,15561.3,AMR2,AMR1,0,0,21,41.6,41.6,AMR2,61.2,61.2,AMR1,0,0,0.0,0,0,0,0,0.0,0,0.0,60,62.1,42.2,0.0,T-0591,J-03-01,T-0460,J-02-02
O0442,C,5807.9,21413.1,21413.1,21428.6,21451.0,21463.5,21483.8,21510.7,15702.8,15605.2,AMR2,AMR2,0,0,13,36.2,36.2,AMR2,48.4,48.4,AMR2,0,0,0.0,0,0,0,0,0.0,0,0.0,40,42.7,42.4,0.0,T-0592,C-03-03,T-0492,C-01-01
O0443,J,5824.8,21428.6,21428.6,21439.9,21469.5,21485.5,21521.8,21556.9,15732.1,15603.8,AMR3,AMR1,0,0,21,40.0,40.0,AMR3,63.4,63.4,AMR1,0,0,0.0,0,0,1,0,0.0,0,0.0,61,66.5,42.8,3.0,T-0593,J-01-02,T-0467,J-03-02
O0444,A,5847.0,21495.3,21495.3,21509.5,21538.6,21558.8,21586.9,21623.3,15776.3,15648.3,AMR3,AMR3,0,0,21,42.4,42.4,AMR3,61.2,61.2,AMR3,0,0,0.0,0,0,0,0,0.0,0,0.0,67,66.3,41.5,0.0,T-0594,A-04-02,T-0245,A-01-03
O0445,D,5865.6,21534.4,21534.4,21545.4,21567.3,21580.6,21607.4,21638.9,15773.3,15668.8,AMR2,AMR1,0,0,13,29.6,29.6,AMR2,51.2,51.2,AMR1,0,0,0.0,0,1,1,1,2.3,0,0.0,42,47.8,38.1,5.3,T-0595,D-06-01,T-0456,D-02-01
O0446,H,5886.7,21590.4,21590.4,21601.1,21625.2,21639.7,21667.0,21692.7,15806.0,15703.7,AMR2,AMR2,0,0,15,33.1,33.1,AMR2,52.7,52.7,AMR2,0,0,0.0,0,0,0,0,0.0,0,0.0,42,47.3,40.5,0.0,T-0596,H-03-03,T-0507,H-05-01
O0447,E,5907.1,21647.0,21647.0,21659.2,21686.1,21709.5,21749.4,21788.7,15881.6,15739.9,AMR3,AMR1,0,0,19,35.8,35.8,AMR3,62.1,62.1,AMR1,0,0,0.0,0,2,1,1,4.1,1,0.4,62,62.6,40.4,15.3,T-0597,E-06-01,T-0371,E-03-01
O0448,D,5931.1,21662.6,21662.6,21677.0,21696.7,21719.8,21745.8,21776.4,15845.3,15731.5,AMR1,AMR3,0,0,13,33.2,33.2,AMR1,56.8,56.8,AMR3,0,0,0.0,0,0,0,0,0.0,0,0.0,39,43.4,47.3,0.0,T-0598,D-02-01,T-0466,D-02-02
O0449,J,5952.9,21726.2,21726.2,21736.7,21764.5,21784.7,21815.8,21850.0,15897.1,15773.3,AMR2,AMR2,0,0,21,37.4,37.4,AMR2,62.0,62.0,AMR2,0,0,0.0,0,0,0,0,0.0,0,0.0,63,64.8,38.8,0.0,T-0599,J-02-02,T-0468,J-05-03
O0450,E,5972.5,21800.1,21800.1,21816.3,21841.2,21860.7,21889.3,21926.1,15953.6,15827.6,AMR3,AMR3,0,0,19,39.4,39.4,AMR3,62.1,62.1,AMR3,0,0,0.0,0,0,0,0,0.0,0,0.0,62,62.5,44.0,0.0,T-0600,E-03-01,T-0407,E-04-01
O0451,G,5992.5,21816.4,21816.4,21827.3,21857.5,21873.7,21909.0,21941.4,15948.9,15823.9,AMR1,AMR2,0,0,17,38.6,38.6,AMR1,58.8,58.8,AMR2,0,0,0.0,0,1,1,1,2.7,1,0.4,51,53.7,47.0,8.1,T-0601,G-01-01,T-0361,G-03-01
O0452,J,6015.7,21883.1,21883.1,21897.7,21929.3,21950.8,21984.7,22019.2,16003.5,15867.4,AMR1,AMR1,0,0,21,44.5,44.5,AMR1,60.1,60.1,AMR1,0,0,0.0,0,1,1,0,0.0,0,0.0,64,65.6,44.0,5.0,T-0602,J-03-02,T-0485,J-05-01
O0453,A,6039.4,21960.7,21960.7,21975.6,22005.6,22024.5,22057.3,22104.6,16065.2,15921.3,AMR3,AMR3,0,0,21,44.8,44.8,AMR3,65.0,65.0,AMR3,0,0,0.0,0,0,0,1,10.7,1,5.7,66,65.5,47.7,11.8,T-0603,A-06-02,T-0264,A-02-03
O0454,I,6063.2,21975.7,21975.7,21987.8,22011.5,22027.6,22064.5,22092.3,16029.1,15912.5,AMR2,AMR2,0,0,15,34.1,34.1,AMR2,55.0,55.0,AMR2,0,0,0.0,0,1,1,0,0.0,0,0.0,48,54.2,43.3,3.0,T-0604,I-03-01,T-0461,I-04-01
O0455,I,6085.3,22048.1,22048.1,22061.2,22086.1,22102.9,22143.4,22173.0,16087.7,15962.8,AMR1,AMR1,0,0,15,35.5,35.5,AMR1,55.6,55.6,AMR1,0,0,0.0,0,2,2,1,2.0,1,0.4,49,54.4,45.3,8.4,T-0605,I-04-03,T-0481,I-05-01
O0456,C,6103.1,22120.4,22120.4,22131.8,22154.7,22166.9,22187.5,22212.8,16109.7,16017.3,AMR2,AMR2,0,0,13,33.4,33.4,AMR2,46.6,46.6,AMR2,0,0,0.0,0,0,0,0,0.0,0,0.0,39,42.4,37.8,0.0,T-0606,C-01-01,T-0498,C-04-01
O0457,I,6122.6,22132.9,22132.9,22147.2,22175.4,22192.2,22226.4,22257.6,16135.0,16010.3,AMR3,AMR3,0,0,15,40.0,40.0,AMR3,55.6,55.6,AMR3,0,0,0.0,0,1,1,0,0.0,0,0.0,49,55.1,49.8,3.0,T-0607,I-04-01,T-0483,I-06-01
O0458,B,6145.9,22201.1,22201.1,22212.7,22236.0,22236.5,22260.4,22292.7,16146.8,16055.2,AMR1,AMR2,0,0,15,34.0,34.0,AMR1,53.9,53.9,AMR2,0,0,0.0,0,0,0,0,0.0,0,0.0,49,50.5,40.6,0.0,T-0608,B-04-02,T-0387,B-01-03
O0459,F,6169.1,22250.8,22250.8,22263.4,22293.4,22316.4,22352.8,22386.4,16217.3,16081.7,AMR1,AMR2,0,0,23,40.1,40.1,AMR1,62.8,62.8,AMR2,0,0,0.0,0,0,1,1,1.1,0,0.0,67,70.8,37.7,4.1,T-0609,F-02-02,T-0401,F-05-02
O0460,G,6188.3,22281.3,22281.3,22292.2,22318.4,22322.9,22346.8,22373.4,16185.1,16093.0,AMR3,AMR1,0,0,17,33.8,33.8,AMR3,52.2,52.2,AMR1,0,0,0.0,0,0,0,0,0.0,0,0.0,46,50.4,35.6,1.6,T-0610,G-03-01,T-0396,G-06-01
O0461,G,6207.0,22335.9,22335.9,22352.1,22376.1,22391.6,22417.2,22444.6,16237.6,16128.9,AMR3,AMR3,0,0,17,40.1,40.1,AMR3,52.7,52.7,AMR3,0,0,0.0,0,0,0,0,0.0,0,0.0,46,50.8,42.4,0.0,T-0611,G-06-01,T-0412,G-04-01
O0462,A,6225.8,22397.1,22397.1,22410.7,22443.3,22464.9,22492.7,22528.6,16302.8,16171.3,AMR1,AMR1,0,0,21,43.7,43.7,AMR1,61.9,61.9,AMR1,0,0,0.0,0,0,0,0,0.0,0,0.0,67,66.4,43.5,0.0,T-0612,A-01-03,T-0273,A-03-03
O0463,F,6250.1,22410.1,22410.1,22421.4,22452.2,22468.3,22502.3,22542.4,16292.3,16160.0,AMR2,AMR3,0,0,23,40.4,40.4,AMR2,65.1,65.1,AMR3,0,0,0.0,0,0,0,1,5.2,1,0.2,70,69.2,40.3,6.7,T-0613,F-03-02,T-0419,F-02-03
O0464,E,6266.4,22475.1,22475.1,22487.2,22516.0,22536.2,22561.9,22596.0,16329.6,16208.7,AMR2,AMR2,0,0,19,38.4,38.4,AMR2,60.0,60.0,AMR2,0,0,0.0,0,0,0,0,0.0,0,0.0,59,59.8,40.9,0.0,T-0614,E-04-01,T-0445,E-01-02
O0465,C,6288.4,22552.3,22552.3,22564.1,22587.4,22600.2,22622.2,22652.1,16363.7,16263.9,AMR1,AMR1,0,0,13,32.3,32.3,AMR1,50.2,50.2,AMR1,0,0,0.0,0,0,0,1,1.9,0,0.0,39,43.4,40.3,3.3,T-0615,C-04-01,T-0500,C-05-01
O0466,J,6308.1,22566.1,22566.1,22576.6,22610.2,22619.7,22652.0,22684.7,16376.6,16258.0,AMR3,AMR2,0,0,21,41.6,41.6,AMR3,61.7,61.7,AMR2,0,0,0.0,0,0,0,0,0.0,0,0.0,65,66.4,42.7,0.0,T-0616,J-05-01,T-0511,J-04-02
O0467,A,6332.1,22632.4,22632.4,22646.1,22675.2,22677.3,22705.5,22741.3,16409.2,16300.3,AMR3,AMR1,0,0,21,40.3,40.3,AMR3,64.7,64.7,AMR1,0,0,0.0,0,0,0,0,0.0,0,0.0,65,63.9,42.9,0.0,T-0617,A-02-03,T-0354,A-04-03
O0468,C,6349.3,22696.8,22696.8,22712.0,22734.5,22747.3,22768.3,22793.5,16444.2,16347.5,AMR3,AMR3,0,0,13,36.8,36.8,AMR3,45.9,45.9,AMR3,0,0,0.0,0,0,0,0,0.0,0,0.0,39,43.4,40.5,0.0,T-0618,C-05-01,T-0501,C-05-03
O0469,J,6373.7,22712.1,22712.1,22725.7,22756.0,22765.0,22797.1,22834.7,16461.0,16338.4,AMR2,AMR1,0,0,21,41.4,41.4,AMR2,64.4,64.4,AMR1,0,0,0.0,0,0,0,1,2.0,0,0.0,65,66.4,45.2,2.0,T-0619,J-04-02,T-0544,J-05-02
O0470,E,6392.9,22778.2,22778.2,22789.9,22816.3,22817.2,22843.6,22877.5,16484.6,16385.3,AMR2,AMR3,0,0,19,37.2,37.2,AMR2,57.0,57.0,AMR3,0,0,0.0,0,0,0,0,0.0,0,0.0,61,61.7,36.7,0.0,T-0620,E-01-02,T-0446,E-05-03
O0471,A,6410.9,22834.5,22834.5,22849.3,22880.6,22901.2,22938.2,22988.3,16577.4,16423.6,AMR2,AMR3,0,0,21,44.4,44.4,AMR2,66.7,66.7,AMR3,0,0,0.0,0,0,1,1,11.3,1,6.3,68,69.9,49.0,14.3,T-0621,A-03-03,T-0367,A-02-01
O0472,J,6430.1,22858.4,22858.4,22871.4,22902.2,22907.7,22939.8,22972.7,16542.6,16428.3,AMR1,AMR2,0,0,21,41.3,41.3,AMR1,66.2,66.2,AMR2,0,0,0.0,0,0,0,0,0.0,0,0.0,61,61.9,46.9,0.0,T-0622,J-05-02,T-0549,J-02-03
O0473,H,6445.8,22924.4,22924.4,22938.5,22968.5,22983.3,23006.8,23033.9,16588.1,16478.6,AMR1,AMR1,0,0,15,40.4,40.4,AMR1,50.3,50.3,AMR1,0,0,0.0,0,0,0,0,0.0,0,0.0,41,46.5,45.4,2.8,T-0623,H-05-01,T-0508,H-04-03
O0474,I,6466.1,22996.4,22996.4,23008.7,23035.7,23052.5,23082.5,23107.4,16641.3,16530.3,AMR2,AMR2,0,0,15,36.8,36.8,AMR2,50.0,50.0,AMR2,0,0,0.0,0,1,1,0,0.0,1,0.1,43,48.1,41.0,5.1,T-0624,I-05-01,T-0509,I-01-02
O0475,C,6483.6,23012.0,23012.0,23023.1,23046.4,23063.2,23087.9,23124.6,16641.0,16528.4,AMR3,AMR3,0,0,13,33.5,33.5,AMR3,54.6,54.6,AMR3,0,0,0.0,0,0,0,1,5.9,1,0.9,41,44.0,45.9,5.9,T-0625,C-04-03,T-0502,C-03-01
O0476,J,6502.8,23066.6,23066.6,23080.4,23111.4,23131.6,23169.4,23202.7,16699.9,16563.8,AMR1,AMR1,0,0,21,43.9,43.9,AMR1,66.3,66.3,AMR1,0,0,0.0,0,1,1,0,0.0,0,0.0,59,61.3,49.6,5.0,T-0626,J-02-03,T-0553,J-01-03
O0477,G,6520.3,23141.5,23141.5,23156.7,23184.1,23200.9,23230.8,23260.4,16740.1,16621.2,AMR2,AMR2,0,0,17,41.7,41.7,AMR2,56.2,56.2,AMR2,0,0,0.0,0,0,0,0,0.0,0,0.0,51,54.6,47.5,0.0,T-0627,G-04-01,T-0421,G-01-02
O0478,B,6541.9,23156.7,23156.7,23171.7,23197.1,23213.3,23238.1,23274.7,16732.8,16614.8,AMR3,AMR3,0,0,15,37.9,37.9,AMR3,54.6,54.6,AMR3,0,0,0.0,0,0,0,1,6.5,1,1.5,47,50.1,45.2,6.5,T-0628,B-01-03,T-0413,B-05-02
O0479,B,6566.6,23226.4,23226.4,23240.8,23262.7,23277.5,23302.5,23331.5,16764.9,16659.8,AMR1,AMR1,0,0,15,35.4,35.4,AMR1,55.7,55.7,AMR1,0,0,0.0,0,0,0,0,0.0,0,0.0,43,46.5,43.8,0.0,T-0629,B-05-02,T-0426,B-06-02
O0480,I,6587.1,23284.1,23284.1,23298.5,23324.8,23342.3,23371.3,23399.9,16812.8,16697.0,AMR2,AMR2,0,0,15,37.4,37.4,AMR2,52.7,52.7,AMR2,0,0,0.0,0,1,1,0,0.0,1,0.1,44,48.9,44.3,5.1,T-0630,I-06-01,T-0518,I-02-02
O0481,H,6602.3,23298.4,23298.4,23312.7,23339.7,23354.5,23379.6,23411.8,16809.5,16696.1,AMR3,AMR3,0,0,15,40.4,40.4,AMR3,49.3,49.3,AMR3,0,0,0.0,0,0,0,1,9.2,1,4.2,41,45.0,44.4,9.2,T-0631,H-04-03,T-0516,H-02-02
O0482,F,6623.6,23360.6,23360.6,23375.8,23405.6,23423.6,23460.5,23501.7,16878.1,16737.0,AMR1,AMR2,0,0,23,44.1,44.1,AMR1,67.7,67.7,AMR2,0,0,0.0,0,2,2,0,0.0,1,0.2,67,68.3,46.6,8.2,T-0632,F-05-02,T-0433,F-04-02
O0483,F,6646.1,23434.2,23434.2,23445.4,23483.3,23493.5,23525.1,23560.4,16914.3,16788.1,AMR1,AMR3,0,0,23,41.8,41.8,AMR1,65.1,65.1,AMR3,0,0,0.0,0,1,1,0,0.0,0,0.0,69,69.5,41.7,4.8,T-0634,F-02-03,T-0437,F-03-03
O0484,B,6664.6,23445.4,23445.4,23456.9,23480.0,23506.9,23534.9,23574.1,16909.5,16780.8,AMR3,AMR1,0,0,15,34.5,34.5,AMR3,56.4,56.4,AMR1,0,0,0.0,0,0,0,1,9.0,1,4.0,46,49.2,43.6,9.0,T-0633,B-06-02,T-0429,B-03-01
O0485,F,6686.9,23525.4,23525.4,23541.2,23573.7,23584.1,23612.2,23645.6,16958.7,16838.5,AMR2,AMR3,0,0,23,47.4,47.4,AMR2,64.2,64.2,AMR3,0,0,0.0,0,0,0,0,0.0,0,0.0,63,63.4,46.4,0.0,T-0635,F-04-02,T-0455,F-06-02
O0486,I,6702.4,23595.9,23595.9,23609.5,23632.0,23646.8,23674.8,23705.1,17002.7,16893.5,AMR2,AMR2,0,0,15,35.2,35.2,AMR2,53.7,53.7,AMR2,0,0,0.0,0,1,1,0,0.0,0,0.0,43,48.3,43.1,3.0,T-0636,I-01-02,T-0528,I-03-02
O0487,C,6725.5,23609.6,23609.6,23624.7,23645.1,23657.6,23680.2,23721.6,16996.1,16884.1,AMR1,AMR1,0,0,13,33.8,33.8,AMR1,53.1,53.1,AMR1,0,0,0.0,0,0,0,1,12.6,1,7.6,38,42.2,44.7,12.6,T-0637,C-03-01,T-0505,C-06-01
O0488,H,6745.1,23674.0,23674.0,23689.3,23714.8,23728.8,23755.2,23783.0,17037.9,16928.9,AMR3,AMR2,0,0,15,39.9,39.9,AMR3,53.9,53.9,AMR2,0,0,0.0,0,0,0,0,0.0,0,0.0,41,46.5,48.5,0.0,T-0638,H-02-02,T-0517,H-04-02
O0489,C,6762.0,23732.2,23732.2,23747.8,23768.4,23783.9,23808.9,23834.1,17072.1,16970.2,AMR3,AMR3,0,0,13,36.1,36.1,AMR3,51.4,51.4,AMR3,0,0,0.0,0,0,0,0,0.0,0,0.0,38,41.1,45.3,0.0,T-0639,C-06-01,T-0506,C-01-02
O0490,H,6784.1,23747.9,23747.9,23761.1,23790.0,23804.8,23830.9,23855.5,17071.4,16963.8,AMR1,AMR1,0,0,15,35.3,35.3,AMR1,50.8,50.8,AMR1,0,0,0.0,0,1,1,1,2.0,0,0.0,45,49.0,40.8,3.0,T-0640,H-04-02,T-0519,H-03-01
O0491,A,6802.1,23808.1,23808.1,23819.9,23849.2,23857.8,23885.0,23922.7,17120.6,17006.0,AMR2,AMR3,0,0,21,38.6,38.6,AMR2,64.1,64.1,AMR3,0,0,0.0,0,0,0,0,0.0,0,0.0,67,65.4,40.6,0.0,T-0641,A-02-01,T-0372,A-03-01
O0492,F,6825.9,23870.8,23870.8,23884.3,23915.5,23936.4,23972.4,24013.2,17187.3,17044.9,AMR2,AMR2,0,0,23,44.6,44.6,AMR2,70.1,70.1,AMR2,0,0,0.0,0,0,0,1,3.4,0,0.0,68,68.6,49.5,3.4,T-0642,F-06-02,T-0473,F-01-02
O0493,I,6846.1,23884.4,23884.4,23898.5,23921.7,23939.9,23971.2,23996.9,17150.8,17038.3,AMR1,AMR1,0,0,15,36.4,36.4,AMR1,48.5,48.5,AMR1,0,0,0.0,0,1,1,0,0.0,1,0.2,45,50.0,39.1,5.2,T-0643,I-02-02,T-0532,I-04-02
O0494,D,6863.6,23950.4,23950.4,23966.7,23990.6,24003.4,24032.1,24059.5,17195.9,17086.8,AMR3,AMR3,0,0,13,39.3,39.3,AMR3,49.1,49.1,AMR3,0,0,0.0,0,1,1,0,0.0,1,0.2,41,45.4,45.7,5.2,T-0644,D-01-02,T-0471,D-03-02
O0495,A,6882.2,24025.6,24025.6,24036.9,24068.1,24083.2,24111.0,24149.0,17266.8,17143.4,AMR1,AMR3,0,0,21,40.8,40.8,AMR1,66.5,66.5,AMR3,0,0,0.0,0,1,0,0,0.0,0,0.0,64,63.1,45.2,0.0,T-0645,A-03-01,T-0377,A-05-01
O0496,F,6899.9,24036.9,24036.9,24048.9,24083.7,24090.9,24121.6,24164.8,17264.9,17137.0,AMR2,AMR1,0,0,23,44.3,44.3,AMR2,64.2,64.2,AMR1,0,0,0.0,0,0,0,1,6.4,1,1.4,71,71.0,43.3,6.4,T-0646,F-01-02,T-0512,F-01-03
O0497,H,6923.8,24107.3,24107.3,24123.2,24148.3,24162.8,24186.8,24211.8,17288.0,17183.5,AMR2,AMR2,0,0,15,37.4,37.4,AMR2,49.1,49.1,AMR2,0,0,0.0,0,0,0,0,0.0,0,0.0,44,46.9,41.2,1.9,T-0647,H-03-01,T-0524,H-03-02
O0498,C,6942.2,24172.7,24172.7,24187.0,24207.8,24220.0,24244.9,24280.5,17338.3,17230.5,AMR3,AMR3,0,0,13,34.2,34.2,AMR3,55.6,55.6,AMR3,0,0,0.0,0,0,1,0,0.0,0,0.0,41,45.0,47.6,3.0,T-0648,C-01-02,T-0510,C-02-02
O0499,F,6964.1,24188.5,24188.5,24199.2,24233.9,24235.5,24269.1,24304.2,17340.1,17224.4,AMR1,AMR2,0,0,23,42.9,42.9,AMR1,69.4,69.4,AMR2,0,0,0.0,0,0,0,0,0.0,0,0.0,67,67.0,47.1,0.0,T-0649,F-01-03,T-0540,F-04-01
O0500,B,6981.8,24262.7,24262.7,24275.4,24299.4,24304.2,24331.3,24360.9,17379.1,17280.9,AMR1,AMR3,0,0,15,35.0,35.0,AMR1,54.4,54.4,AMR3,0,0,0.0,0,1,0,0,0.0,0,0.0,50,51.3,42.1,0.0,T-0650,B-03-01,T-0431,B-02-03
O0501,G,7001.0,24314.9,24314.9,24326.6,24358.6,24375.5,24407.5,24449.5,17448.5,17313.9,AMR1,AMR2,0,0,17,38.6,38.6,AMR1,54.9,54.9,AMR2,0,0,0.0,0,2,1,2,10.8,2,3.6,53,56.2,43.1,18.4,T-0651,G-01-02,T-0435,G-02-02
O0502,C,7026.0,24327.9,24327.9,24343.6,24363.3,24384.6,24407.9,24433.1,17407.1,17301.9,AMR2,AMR3,0,0,13,34.5,34.5,AMR2,48.6,48.6,AMR3,0,0,0.0,0,0,0,0,0.0,0,0.0,41,43.0,40.9,0.0,T-0652,C-02-02,T-0513,C-03-02
O0503,B,7043.9,24388.1,24388.1,24401.6,24429.3,24445.5,24468.4,24498.4,17454.5,17344.2,AMR1,AMR1,0,0,15,38.7,38.7,AMR1,51.1,51.1,AMR1,0,0,0.0,0,0,0,0,0.0,0,0.0,49,51.6,42.5,0.0,T-0653,B-02-03,T-0484,B-03-03
O0504,E,7062.2,24456.8,24456.8,24472.8,24501.5,24521.7,24558.2,24602.5,17540.3,17394.6,AMR3,AMR3,0,0,19,42.2,42.2,AMR3,61.2,61.2,AMR3,0,0,0.0,0,1,1,1,9.0,1,4.0,63,66.5,45.9,13.1,T-0654,E-04-03,T-0458,E-05-01
O0505,G,7081.6,24473.2,24473.2,24484.7,24512.4,24530.6,24563.0,24589.9,17508.3,17391.6,AMR2,AMR1,0,0,17,36.7,36.7,AMR2,52.9,52.9,AMR1,0,0,0.0,0,0,1,0,0.0,0,0.0,51,56.3,39.2,3.0,T-0655,G-02-02,T-0448,G-03-02
O0506,F,7103.5,24537.0,24537.0,24551.4,24582.8,24605.0,24638.5,24675.0,17571.5,17433.5,AMR2,AMR2,0,0,23,44.9,44.9,AMR2,69.7,69.7,AMR2,0,0,0.0,0,0,0,0,0.0,0,0.0,65,66.4,49.4,0.0,T-0656,F-04-01,T-0556,F-04-03
O0507,F,7119.0,24613.6,24613.6,24629.2,24662.7,24685.6,24719.6,24769.5,17650.5,17494.6,AMR1,AMR1,0,0,23,47.4,47.4,AMR1,68.0,68.0,AMR1,0,0,0.0,0,0,0,1,12.6,1,7.6,70,70.2,50.2,12.6,T-0657,F-03-03,T-0569,F-02-01
O0508,E,7144.0,24629.2,24629.2,24642.0,24671.3,24691.5,24716.6,24753.2,17609.2,17485.2,AMR3,AMR3,0,0,19,39.6,39.6,AMR3,61.9,61.9,AMR3,0,0,0.0,0,0,0,0,0.0,0,0.0,59,59.8,44.0,0.0,T-0658,E-05-01,T-0465,E-02-02
O0509,A,7168.8,24700.2,24700.2,24711.8,24741.7,24761.9,24795.3,24833.8,17665.0,17531.4,AMR2,AMR2,0,0,21,40.6,40.6,AMR2,68.6,68.6,AMR2,0,0,0.0,0,0,0,0,0.0,0,0.0,67,66.3,47.1,0.0,T-0659,A-05-01,T-0428,A-01-02
O0510,G,7190.5,24776.9,24776.9,24791.0,24815.2,24832.7,24862.5,24889.1,17698.6,17586.4,AMR3,AMR3,0,0,17,36.6,36.6,AMR3,56.1,56.1,AMR3,0,0,0.0,0,0,0,0,0.0,0,0.0,48,52.4,42.3,0.0,T-0660,G-03-02,T-0476,G-04-02
O0511,C,7210.6,24793.2,24793.2,24806.1,24830.4,24842.9,24864.1,24901.9,17691.3,17582.6,AMR1,AMR1,0,0,13,35.5,35.5,AMR1,47.3,47.3,AMR1,0,0,0.0,0,0,0,1,9.5,1,4.5,40,44.2,40.6,11.4,T-0661,C-03-02,T-0515,C-05-02
O0512,J,7227.0,24857.5,24857.5,24873.3,24904.4,24912.8,24944.2,24977.7,17750.7,17630.5,AMR2,AMR3,0,0,21,46.0,46.0,AMR2,63.1,63.1,AMR3,0,0,0.0,0,0,0,0,0.0,0,0.0,61,63.3,48.5,0.0,T-0662,J-01-03,T-0554,J-03-03
O0513,A,7249.8,24924.6,24924.6,24940.7,24970.3,24991.9,25019.0,25057.9,17808.1,17674.8,AMR2,AMR2,0,0,21,43.2,43.2,AMR2,64.2,64.2,AMR2,0,0,0.0,0,0,0,0,0.0,0,0.0,67,66.4,45.3,0.0,T-0663,A-01-02,T-0463,A-03-02
O0514,F,7265.5,24940.8,24940.8,24955.5,24989.8,25001.4,25032.2,25069.4,17803.9,17675.3,AMR1,AMR3,0,0,23,46.5,46.5,AMR1,61.8,61.8,AMR3,0,0,0.0,0,0,0,1,5.4,1,0.4,69,68.5,43.1,5.4,T-0664,F-02-01,T-0573,F-03-01
O0515,J,7284.3,25013.4,25013.4,25024.8,25054.0,25075.5,25111.1,25148.0,17863.7,17729.1,AMR1,AMR1,0,0,21,38.9,38.9,AMR1,63.1,63.1,AMR1,0,0,0.0,0,1,1,0,0.0,0,0.0,66,68.7,41.4,3.0,T-0665,J-03-03,T-0555,J-06-03
O0516,H,7305.4,25086.7,25086.7,25099.2,25124.7,25139.2,25169.2,25195.8,17890.4,17781.3,AMR2,AMR2,0,0,15,36.3,36.3,AMR2,53.2,53.2,AMR2,0,0,0.0,0,1,1,0,0.0,0,0.0,42,45.8,44.2,4.6,T-0666,H-03-02,T-0529,H-01-01
O0517,B,7324.1,25099.2,25099.2,25111.6,25135.0,25156.3,25178.9,25209.5,17885.4,17775.1,AMR3,AMR3,0,0,15,34.1,34.1,AMR3,51.8,51.8,AMR3,0,0,0.0,0,0,0,1,1.1,0,0.0,46,49.3,38.6,1.1,T-0667,B-03-03,T-0495,B-04-03
O0518,F,7340.5,25171.7,25171.7,25187.2,25219.0,25219.5,25247.8,25282.7,17942.2,17831.2,AMR1,AMR2,0,0,23,45.6,45.6,AMR1,63.9,63.9,AMR2,0,0,0.0,0,0,0,0,0.0,0,0.0,66,66.2,44.3,0.0,T-0668,F-03-01,T-0574,F-05-03
O0519,E,7358.6,25233.2,25233.2,25248.5,25276.3,25294.5,25322.8,25359.3,18000.7,17874.6,AMR3,AMR3,0,0,19,42.2,42.2,AMR3,61.5,61.5,AMR3,0,0,0.0,0,0,0,0,0.0,0,0.0,61,61.7,46.2,0.0,T-0669,E-02-02,T-0479,E-04-02
O0520,A,7383.2,25248.6,25248.6,25262.2,25290.0,25306.4,25340.7,25377.5,17994.3,17865.4,AMR1,AMR2,0,0,21,39.7,39.7,AMR1,66.3,66.3,AMR2,0,0,0.0,0,0,1,0,0.0,1,0.5,64,63.1,43.9,5.5,T-0670,A-03-02,T-0469,A-04-01
O0521,G,7403.2,25317.3,25317.3,25327.8,25353.0,25369.8,25399.8,25432.3,18029.1,17914.1,AMR1,AMR1,0,0,17,34.8,34.8,AMR1,59.2,59.2,AMR1,0,0,0.0,0,0,0,0,0.0,0,0.0,51,54.6,43.6,0.0,T-0671,G-04-02,T-0487,G-02-01
O0522,E,7419.4,25383.0,25383.0,25396.0,25425.9,25446.1,25475.8,25514.6,18095.2,17963.6,AMR3,AMR3,0,0,19,40.4,40.4,AMR3,65.2,65.2,AMR3,0,0,0.0,0,0,0,0,0.0,0,0.0,63,63.3,48.1,0.0,T-0672,E-04-02,T-0489,E-05-02
O0523,J,7438.9,25401.2,25401.2,25417.0,25452.6,25456.0,25483.3,25531.5,18092.6,17962.3,AMR2,AMR1,0,0,21,47.0,47.0,AMR2,61.7,61.7,AMR1,0,0,0.0,0,0,0,1,14.0,1,9.0,61,62.9,48.1,15.9,T-0673,J-04-03,T-0565,J-01-01
O0524,H,7460.8,25474.8,25474.8,25490.6,25517.7,25531.9,25558.7,25586.0,18125.2,18014.0,AMR2,AMR2,0,0,15,42.0,42.0,AMR2,54.8,54.8,AMR2,0,0,0.0,0,0,0,0,0.0,0,0.0,41,45.5,51.5,0.0,T-0674,H-01-01,T-0539,H-05-02
O0525,B,7477.0,25538.3,25538.3,25550.2,25574.3,25589.1,25616.7,25649.7,18172.7,18061.3,AMR3,AMR3,0,0,15,35.1,35.1,AMR3,57.3,57.3,AMR3,0,0,0.0,0,0,0,0,0.0,0,0.0,49,51.5,45.1,0.0,T-0675,B-04-03,T-0497,B-01-01
O0526,H,7493.8,25555.2,25555.2,25570.4,25598.2,25609.7,25640.2,25663.3,18169.5,18061.4,AMR1,AMR2,0,0,15,42.1,42.1,AMR1,50.6,50.6,AMR2,0,0,0.0,0,1,1,0,0.0,0,0.0,39,44.5,47.4,4.7,T-0676,H-05-02,T-0541,H-06-02
O0527,F,7516.9,25619.4,25619.4,25631.9,25665.1,25673.4,25705.9,25744.3,18227.4,18102.5,AMR1,AMR3,0,0,23,44.8,44.8,AMR1,68.6,68.6,AMR3,0,0,0.0,0,0,0,0,0.0,0,0.0,69,68.4,48.2,0.0,T-0677,F-04-03,T-0579,F-01-01
O0528,B,7535.3,25687.0,25687.0,25699.1,25722.6,25738.8,25767.5,25802.1,18266.8,18151.7,AMR2,AMR2,0,0,15,33.1,33.1,AMR2,60.0,60.0,AMR2,0,0,0.0,0,0,0,0,0.0,0,0.0,51,53.1,45.8,0.0,T-0678,B-01-01,T-0499,B-02-01
O0529,E,7555.8,25699.2,25699.2,25714.0,25740.3,25760.5,25790.0,25824.3,18268.5,18143.4,AMR1,AMR1,0,0,19,38.6,38.6,AMR1,64.0,64.0,AMR1,0,0,0.0,0,0,0,0,0.0,0,0.0,59,59.8,45.1,0.0,T-0679,E-05-02,T-0514,E-01-03
O0530,C,7577.9,25769.1,25769.1,25785.3,25810.1,25822.9,25854.5,25882.8,18304.9,18191.2,AMR3,AMR3,0,0,13,40.1,40.1,AMR3,54.3,54.3,AMR3,0,0,0.0,0,1,1,0,0.0,1,0.3,39,43.4,52.2,5.3,T-0680,C-05-02,T-0527,C-04-02
O0531,B,7598.0,25833.2,25833.2,25848.0,25873.9,25890.1,25913.8,25942.6,18344.6,18235.2,AMR2,AMR2,0,0,15,38.2,38.2,AMR2,52.2,52.2,AMR2,0,0,0.0,0,0,0,0,0.0,0,0.0,47,50.1,43.1,0.0,T-0681,B-02-01,T-0530,B-04-01
O0532,D,7620.9,25848.0,25848.0,25863.7,25885.7,25898.5,25926.7,25957.0,18336.1,18227.1,AMR1,AMR1,0,0,13,36.8,36.8,AMR1,50.9,50.9,AMR1,0,0,0.0,0,1,1,0,0.0,0,0.0,43,46.9,45.0,4.3,T-0682,D-02-02,T-0475,D-04-02
O0533,I,7636.1,25910.5,25910.5,25922.2,25950.1,25966.2,26005.6,26040.9,18404.8,18274.4,AMR3,AMR3,0,0,15,35.6,35.6,AMR3,54.5,54.5,AMR3,0,0,0.0,0,1,3,1,2.3,0,0.0,50,56.7,44.3,13.3,T-0683,I-03-02,T-0534,I-05-02
O0534,I,7654.8,25976.2,25976.2,25988.1,26025.1,26041.6,26076.8,26119.0,18464.2,18321.4,AMR2,AMR1,0,0,15,37.8,37.8,AMR2,50.3,50.3,AMR1,0,0,0.0,0,1,3,3,19.2,3,11.3,47,53.2,42.3,30.8,T-0684,I-04-02,T-0535,I-05-03
O0535,B,7676.0,25988.2,25988.2,26002.2,26026.8,26048.0,26071.9,26104.5,18428.5,18312.2,AMR1,AMR2,0,0,15,37.7,37.7,AMR1,57.2,57.2,AMR2,0,0,0.0,0,0,0,0,0.0,0,0.0,45,47.5,47.6,0.0,T-0685,B-04-01,T-0545,B-05-01
O0536,H,7694.1,26069.6,26069.6,26085.6,26106.8,26120.3,26147.3,26169.3,18475.2,18375.5,AMR3,AMR3,0,0,15,37.1,37.1,AMR3,50.7,50.7,AMR3,0,0,0.0,0,0,0,0,0.0,0,0.0,38,43.7,42.5,0.0,T-0686,H-06-02,T-0543,H-06-01
O0537,G,7713.1,26128.2,26128.2,26143.7,26172.9,26191.1,26220.4,26247.1,18534.0,18415.1,AMR2,AMR2,0,0,17,42.2,42.2,AMR2,55.7,55.7,AMR2,0,0,0.0,0,0,0,0,0.0,0,0.0,49,53.2,47.5,0.0,T-0687,G-02-01,T-0494,G-05-02
O0538,F,7728.9,26143.8,26143.8,26159.3,26191.1,26194.5,26226.2,26264.2,18535.3,18414.9,AMR1,AMR3,0,0,23,44.8,44.8,AMR1,69.0,69.0,AMR3,0,0,0.0,0,0,0,1,1.4,0,0.0,67,67.0,48.6,1.4,T-0688,F-01-01,T-0582,F-05-01
O0539,H,7744.6,26214.7,26214.7,26225.6,26251.4,26264.9,26291.6,26320.0,18575.4,18470.1,AMR1,AMR1,0,0,15,36.6,36.6,AMR1,56.3,56.3,AMR1,0,0,0.0,0,0,0,0,0.0,0,0.0,40,44.2,47.6,0.0,T-0689,H-06-01,T-0552,H-01-03
O0540,C,7764.8,26270.8,26270.8,26285.9,26310.2,26326.4,26349.1,26375.3,18610.5,18506.0,AMR2,AMR2,0,0,13,38.5,38.5,AMR2,49.1,49.1,AMR2,0,0,0.0,0,0,0,0,0.0,0,0.0,39,42.9,45.4,0.0,T-0690,C-04-02,T-0531,C-02-01
O0541,C,7786.2,26287.9,26287.9,26300.6,26328.3,26341.1,26367.5,26392.9,18606.7,18501.7,AMR3,AMR3,0,0,13,35.7,35.7,AMR3,48.5,48.5,AMR3,0,0,0.0,0,2,2,0,0.0,0,0.0,37,41.4,42.0,8.8,T-0691,C-05-03,T-0537,C-06-02
O0542,A,7805.5,26351.1,26351.1,26367.2,26396.8,26399.0,26428.4,26467.0,18661.5,18545.6,AMR1,AMR2,0,0,21,44.8,44.8,AMR1,68.7,68.7,AMR2,0,0,0.0,0,0,0,0,0.0,0,0.0,63,62.3,51.4,0.0,T-0692,A-04-01,T-0503,A-05-02
O0543,E,7825.7,26416.6,26416.6,26432.9,26462.4,26487.6,26520.0,26569.9,18744.2,18590.9,AMR3,AMR1,0,0,19,44.9,44.9,AMR3,59.6,59.6,AMR1,0,0,0.0,0,0,1,1,12.3,2,7.9,63,63.2,47.0,17.9,T-0693,E-01-03,T-0521,E-06-02
O0544,D,7842.3,26433.0,26433.0,26448.9,26473.5,26494.9,26521.2,26554.6,18712.3,18590.7,AMR1,AMR3,0,0,13,38.8,38.8,AMR1,53.5,53.5,AMR3,0,0,0.0,0,0,0,1,1.3,0,0.0,44,47.7,49.6,2.9,T-0694,D-03-02,T-0482,D-05-02
O0545,I,7866.8,26501.9,26501.9,26513.3,26540.6,26557.4,26589.6,26618.9,18752.1,18635.1,AMR2,AMR2,0,0,15,36.2,36.2,AMR2,51.7,51.7,AMR2,0,0,0.0,0,1,1,0,0.0,0,0.0,49,53.1,42.1,5.0,T-0695,I-05-02,T-0542,I-06-02
O0546,E,7890.3,26582.7,26582.7,26593.5,26622.3,26643.2,26675.9,26709.2,18818.9,18692.4,AMR3,AMR3,0,0,19,36.3,36.3,AMR3,60.0,60.0,AMR3,0,0,0.0,0,2,1,0,0.0,0,0.0,60,63.8,38.8,3.0,T-0696,E-06-02,T-0525,E-02-03
O0547,I,7911.6,26593.6,26593.6,26609.0,26635.4,26652.1,26685.8,26725.9,18814.3,18682.0,AMR1,AMR2,0,0,15,38.5,38.5,AMR1,57.3,57.3,AMR2,0,0,0.0,0,2,1,1,9.9,1,4.9,44,48.9,50.0,16.7,T-0697,I-06-02,T-0546,I-01-03
O0548,E,7927.9,26661.9,26661.9,26674.5,26701.1,26721.3,26748.6,26785.1,18857.2,18734.0,AMR1,AMR1,0,0,19,36.7,36.7,AMR1,62.9,62.9,AMR1,0,0,0.0,0,0,0,1,1.1,0,0.0,59,59.8,42.1,1.1,T-0698,E-05-03,T-0558,E-02-01
O0549,I,7948.2,26732.9,26732.9,26744.1,26768.0,26782.8,26810.0,26838.1,18889.9,18784.7,AMR3,AMR3,0,0,15,34.2,34.2,AMR3,55.5,55.5,AMR3,0,0,0.0,0,1,0,0,0.0,0,0.0,41,46.5,43.9,0.0,T-0699,I-01-03,T-0559,I-02-03
O0550,J,7964.9,26749.6,26749.6,26762.3,26792.9,26812.3,26847.4,26888.2,18923.3,18784.7,AMR2,AMR1,0,0,21,42.4,42.4,AMR2,65.2,65.2,AMR1,0,0,0.0,0,2,1,0,0.0,0,0.0,67,69.2,47.0,3.0,T-0700,J-01-01,T-0566,J-06-02
O0551,J,7981.6,26819.5,26819.5,26834.2,26869.0,26891.2,26922.7,26955.0,18973.4,18837.9,AMR2,AMR2,0,0,21,41.8,41.8,AMR2,64.0,64.0,AMR2,0,0,0.0,0,1,1,0,0.0,1,0.2,61,62.9,45.2,5.2,T-0701,J-05-03,T-0571,J-02-01
O0552,F,8005.6,26861.8,26861.8,26873.5,26905.0,26911.9,26943.0,26976.8,18971.2,18856.2,AMR3,AMR1,0,0,23,42.3,42.3,AMR3,67.6,67.6,AMR1,0,0,0.0,0,0,0,0,0.0,0,0.0,63,63.4,44.7,0.0,T-0702,F-05-01,T-0585,F-06-01
O0553,A,8021.0,26927.2,26927.2,26943.0,26972.2,26978.7,27008.1,27045.4,19024.4,18906.2,AMR3,AMR2,0,0,21,44.1,44.1,AMR3,67.4,67.4,AMR2,0,0,0.0,0,0,0,0,0.0,0,0.0,63,62.3,49.4,0.0,T-0703,A-05-02,T-0504,A-05-03
O0554,J,8036.5,26992.4,26992.4,27005.9,27037.9,27061.1,27091.2,27131.5,19095.0,18955.9,AMR3,AMR3,0,0,21,44.6,44.6,AMR3,63.6,63.6,AMR3,0,0,0.0,0,0,0,0,0.0,0,0.0,63,64.8,47.6,3.5,T-0704,J-02-01,T-0577,J-04-01
O0555,J,8058.0,27006.0,27006.0,27018.4,27058.7,27069.1,27109.7,27144.1,19086.1,18948.0,AMR1,AMR2,0,0,21,43.0,43.0,AMR1,61.2,61.2,AMR2,0,0,0.0,0,0,0,1,1.6,0,0.0,72,76.5,43.6,7.6,T-0705,J-06-02,T-0578,J-06-01
O0556,A,8079.2,27081.6,27081.6,27095.3,27125.0,27145.2,27171.7,27208.6,19129.4,19002.4,AMR1,AMR1,0,0,21,42.5,42.5,AMR1,65.1,65.1,AMR1,0,0,0.0,0,0,0,0,0.0,0,0.0,61,61.3,45.5,0.0,T-0706,A-04-03,T-0533,A-06-01
O0557,I,8103.1,27155.2,27155.2,27168.9,27196.4,27211.2,27245.0,27268.9,19165.8,19052.1,AMR3,AMR3,0,0,15,40.3,40.3,AMR3,52.8,52.8,AMR3,0,0,0.0,0,1,1,1,1.4,0,0.0,41,46.5,47.3,5.1,T-0707,I-02-03,T-0575,I-01-01
O0558,E,8124.5,27169.0,27169.0,27183.7,27212.8,27231.0,27257.0,27289.4,19164.9,19044.5,AMR2,AMR2,0,0,19,42.9,42.9,AMR2,56.6,56.6,AMR2,0,0,0.0,0,0,0,0,0.0,0,0.0,59,60.2,42.0,0.0,T-0708,E-02-01,T-0561,E-03-02
O0559,G,8141.9,27241.5,27241.5,27256.0,27283.5,27292.6,27321.0,27348.7,19206.8,19099.6,AMR1,AMR3,0,0,17,41.1,41.1,AMR1,58.8,58.8,AMR3,0,0,0.0,0,0,0,0,0.0,0,0.0,45,48.6,49.5,0.0,T-0709,G-05-02,T-0496,G-06-02
O0560,A,8161.5,27300.3,27300.3,27316.5,27344.9,27363.8,27398.2,27436.0,19274.5,19138.8,AMR1,AMR1,0,0,21,44.5,44.5,AMR1,61.6,61.6,AMR1,0,0,0.0,0,1,1,1,2.3,0,0.0,66,65.5,44.0,7.3,T-0710,A-06-01,T-0564,A-02-02
O0561,H,8180.9,27316.5,27316.5,27328.3,27354.5,27372.4,27399.5,27423.6,19242.7,19135.6,AMR2,AMR3,0,0,15,37.1,37.1,AMR2,52.4,52.4,AMR3,0,0,0.0,0,0,0,0,0.0,0,0.0,41,45.0,44.2,0.0,T-0711,H-01-03,T-0557,H-01-02
O0562,J,8197.9,27375.1,27375.1,27390.3,27420.7,27442.9,27479.0,27512.5,19314.6,19177.2,AMR2,AMR2,0,0,21,43.1,43.1,AMR2,61.6,61.6,AMR2,0,0,0.0,0,2,1,0,0.0,0,0.0,63,68.1,44.1,3.0,T-0712,J-04-01,T-0591,J-03-01
O0563,F,8216.0,27451.7,27451.7,27465.0,27493.1,27514.0,27547.7,27581.9,19365.9,19235.7,AMR3,AMR3,0,0,23,41.3,41.3,AMR3,64.6,64.6,AMR3,0,0,0.0,0,1,0,0,0.0,0,0.0,68,68.6,40.7,0.0,T-0713,F-06-01,T-0609,F-02-02
O0564,F,8240.9,27465.1,27465.1,27478.6,27512.9,27535.1,27571.3,27614.2,19373.3,19224.2,AMR1,AMR1,0,0,23,44.8,44.8,AMR1,69.4,69.4,AMR1,0,0,0.0,0,1,1,0,0.0,1,0.4,67,67.9,49.0,10.0,T-0714,F-05-03,T-0613,F-03-02
O0565,F,8257.2,27538.5,27538.5,27550.8,27589.0,27605.6,27637.9,27679.3,19422.1,19281.3,AMR2,AMR3,0,0,23,40.7,40.7,AMR2,68.5,68.5,AMR3,0,0,0.0,0,1,2,0,0.0,0,0.0,71,74.2,44.0,6.0,T-0715,F-02-02,T-0632,F-05-02
O0566,F,8277.8,27612.6,27612.6,27623.0,27659.9,27682.8,27718.0,27755.3,19477.5,19334.8,AMR2,AMR2,0,0,23,41.0,41.0,AMR2,69.2,69.2,AMR2,0,0,0.0,0,1,1,0,0.0,0,0.0,70,70.2,45.0,4.6,T-0716,F-03-02,T-0634,F-02-03
O0567,E,8297.5,27637.9,27637.9,27651.0,27680.2,27699.7,27737.1,27773.9,19476.4,19340.4,AMR1,AMR1,0,0,19,40.6,40.6,AMR1,66.2,66.2,AMR1,0,0,0.0,0,0,1,0,0.0,0,0.0,60,64.2,49.3,3.0,T-0717,E-03-02,T-0572,E-03-03
O0568,B,8315.0,27708.5,27708.5,27722.1,27746.8,27761.6,27783.7,27811.9,19496.9,19393.5,AMR3,AMR3,0,0,15,37.4,37.4,AMR3,52.0,52.0,AMR3,0,0,0.0,0,0,0,0,0.0,0,0.0,43,46.5,42.1,0.0,T-0718,B-05-01,T-0551,B-06-01
O0569,G,8332.9,27779.0,27779.0,27793.9,27817.3,27832.8,27859.2,27889.3,19556.4,19446.1,AMR2,AMR2,0,0,17,38.2,38.2,AMR2,53.2,53.2,AMR2,0,0,0.0,0,1,0,0,0.0,0,0.0,50,53.8,41.0,0.0,T-0719,G-06-02,T-0522,G-01-03
O0570,C,8352.1,27797.6,27797.6,27810.2,27833.0,27835.6,27861.3,27901.2,19549.1,19445.5,AMR1,AMR3,0,0,13,34.5,34.5,AMR1,46.6,46.6,AMR3,0,0,0.0,0,2,1,2,11.8,2,6.0,39,41.9,38.9,20.2,T-0720,C-02-01,T-0568,C-01-03
O0571,F,8376.4,27849.2,27849.2,27864.2,27893.9,27913.0,27948.6,27983.4,19607.0,19472.8,AMR1,AMR2,0,0,23,43.8,43.8,AMR1,64.3,64.3,AMR2,0,0,0.0,0,1,1,0,0.0,0,0.0,65,69.2,42.9,3.0,T-0721,F-05-02,T-0635,F-04-02
O0572,H,8399.0,27920.9,27920.9,27933.1,27960.8,27975.0,28002.8,28027.9,19628.9,19521.9,AMR1,AMR1,0,0,15,39.0,39.0,AMR1,53.1,53.1,AMR1,0,0,0.0,0,0,0,0,0.0,0,0.0,41,46.0,46.8,0.0,T-0722,H-01-02,T-0560,H-02-03
O0573,E,8418.7,27933.1,27933.1,27947.3,27976.6,27994.8,28024.3,28055.7,19637.0,19514.4,AMR3,AMR3,0,0,19,42.6,42.6,AMR3,61.1,61.1,AMR3,0,0,0.0,0,0,0,0,0.0,0,0.0,57,58.2,46.2,0.0,T-0723,E-02-03,T-0576,E-01-01
O0574,G,8433.9,28007.1,28007.1,28021.2,28050.1,28051.6,28079.5,28110.1,19676.2,19573.2,AMR2,AMR1,0,0,17,40.5,40.5,AMR2,56.2,56.2,AMR1,0,0,0.0,0,0,0,0,0.0,0,0.0,53,55.2,46.3,0.0,T-0724,G-01-03,T-0523,G-02-03
O0575,D,8453.5,28068.3,28068.3,28080.2,28102.0,28116.8,28146.9,28177.9,19724.4,19614.8,AMR2,AMR2,0,0,13,31.2,31.2,AMR2,51.3,51.3,AMR2,0,0,0.0,0,1,1,0,0.0,0,0.0,47,50.0,39.8,5.0,T-0725,D-04-02,T-0486,D-06-02
O0576,A,8474.3,28079.4,28079.4,28094.2,28124.7,28138.8,28165.8,28204.7,19730.4,19605.1,AMR3,AMR1,0,0,21,42.8,42.8,AMR3,63.6,63.6,AMR1,0,0,0.0,0,0,0,0,0.0,0,0.0,69,66.9,44.3,0.0,T-0726,A-02-02,T-0567,A-01-01
O0577,J,8492.1,28146.3,28146.3,28159.4,28190.9,28201.6,28230.0,28264.6,19772.5,19654.2,AMR3,AMR2,0,0,21,42.9,42.9,AMR3,63.2,63.2,AMR2,0,0,0.0,0,0,0,0,0.0,0,0.0,60,62.1,45.5,0.0,T-0727,J-03-01,T-0593,J-01-02
O0578,E,8513.9,28212.4,28212.4,28225.2,28253.1,28271.3,28298.3,28334.3,19820.4,19698.5,AMR3,AMR3,0,0,19,39.8,39.8,AMR3,58.2,58.2,AMR3,0,0,0.0,0,0,0,0,0.0,0,0.0,63,63.2,40.5,0.0,T-0728,E-01-01,T-0597,E-06-01
O0579,B,8529.0,28228.4,28228.4,28242.5,28263.1,28276.6,28304.6,28349.9,19820.9,19699.4,AMR1,AMR1,0,0,15,34.6,34.6,AMR1,57.6,57.6,AMR1,0,0,0.0,0,0,0,1,10.2,1,5.2,48,50.7,44.9,12.4,T-0729,B-06-01,T-0562,B-01-02
O0580,E,8545.3,28288.3,28288.3,28304.0,28335.0,28355.9,28390.8,28427.2,19881.9,19743.0,AMR2,AMR2,0,0,19,43.4,43.4,AMR2,63.3,63.3,AMR2,0,0,0.0,0,0,1,0,0.0,0,0.0,62,65.8,49.2,3.0,T-0730,E-06-01,T-0600,E-03-01
O0581,G,8564.0,28364.7,28364.7,28377.7,28402.9,28421.1,28449.5,28478.4,19914.4,19800.7,AMR3,AMR3,0,0,17,35.7,35.7,AMR3,55.5,55.5,AMR3,0,0,0.0,0,0,0,0,0.0,0,0.0,51,54.7,40.8,0.0,T-0731,G-02-03,T-0563,G-03-03
O0582,A,8579.4,28377.8,28377.8,28392.7,28425.8,28447.4,28474.0,28507.8,19928.4,19798.4,AMR1,AMR1,0,0,21,45.5,45.5,AMR1,60.1,60.1,AMR1,0,0,0.0,0,0,0,0,0.0,0,0.0,65,64.9,43.5,0.0,T-0732,A-01-01,T-0594,A-04-02
O0583,E,8598.0,28450.9,28450.9,28464.0,28489.6,28502.1,28529.6,28563.5,19965.5,19852.9,AMR2,AMR3,0,0,19,37.0,37.0,AMR2,58.1,58.1,AMR3,0,0,0.0,0,0,0,0,0.0,0,0.0,62,62.5,37.6,0.0,T-0733,E-03-01,T-0614,E-04-01
O0584,H,8616.9,28509.1,28509.1,28525.3,28549.4,28563.6,28591.3,28614.4,19997.5,19892.2,AMR2,AMR2,0,0,15,39.4,39.4,AMR2,51.0,51.0,AMR2,0,0,0.0,0,0,0,0,0.0,0,0.0,41,46.0,45.1,0.0,T-0734,H-02-03,T-0570,H-02-01
O0585,J,8634.7,28531.5,28531.5,28544.6,28578.8,28587.2,28616.2,28647.9,20013.2,19896.8,AMR1,AMR3,0,0,21,44.0,44.0,AMR1,60.9,60.9,AMR3,0,0,0.0,0,0,0,0,0.0,0,0.0,62,63.7,44.3,0.0,T-0735,J-06-01,T-0599,J-02-02
O0586,C,8655.8,28601.7,28601.7,28617.8,28640.8,28652.3,28677.3,28705.3,20049.5,19945.9,AMR1,AMR1,0,0,13,39.0,39.0,AMR1,54.2,54.2,AMR1,0,0,0.0,0,0,0,0,0.0,0,0.0,38,41.1,51.0,0.0,T-0736,C-06-02,T-0588,C-02-03
O0587,F,8674.8,28639.4,28639.4,28650.3,28682.1,28704.3,28737.8,28781.5,20106.7,19964.6,AMR2,AMR2,0,0,23,41.8,41.8,AMR2,66.0,66.0,AMR2,0,0,0.0,0,0,0,2,12.9,1,6.5,63,64.4,42.6,12.9,T-0737,F-04-02,T-0642,F-06-02
O0588,C,8699.1,28671.6,28671.6,28682.2,28703.5,28715.7,28739.5,28768.8,20069.7,19972.5,AMR3,AMR3,0,0,13,31.0,31.0,AMR3,52.2,52.2,AMR3,0,0,0.0,0,0,0,0,0.0,0,0.0,41,44.0,41.0,0.0,T-0738,C-01-03,T-0592,C-03-03
O0589,G,8720.2,28729.0,28729.0,28739.9,28764.5,28782.0,28807.0,28834.4,20114.2,20008.8,AMR1,AMR1,0,0,17,33.8,33.8,AMR1,52.1,52.1,AMR1,0,0,0.0,0,0,0,0,0.0,0,0.0,48,52.4,35.5,0.0,T-0739,G-03-03,T-0580,G-04-03
O0590,A,8735.6,28792.5,28792.5,28807.9,28837.2,28857.4,28890.4,28931.0,20195.4,20056.9,AMR3,AMR3,0,0,21,43.8,43.8,AMR3,62.7,62.7,AMR3,0,0,0.0,0,1,1,1,7.6,1,2.6,61,61.3,44.4,12.6,T-0740,A-04-02,T-0603,A-06-02
O0591,H,8757.7,28808.0,28808.0,28822.3,28848.2,28860.9,28889.3,28918.3,20160.6,20050.3,AMR2,AMR1,0,0,15,39.3,39.3,AMR2,57.1,57.1,AMR1,0,0,0.0,0,0,0,0,0.0,0,0.0,41,46.5,51.1,0.0,T-0741,H-02-01,T-0587,H-04-01
O0592,J,8777.3,28868.8,28868.8,28881.7,28911.9,28932.1,28964.6,28995.0,20217.7,20091.5,AMR2,AMR2,0,0,21,42.2,42.2,AMR2,61.1,61.1,AMR2,0,0,0.0,0,0,0,0,0.0,0,0.0,61,63.3,42.7,0.0,T-0742,J-01-02,T-0602,J-03-02
O0593,J,8793.7,28942.0,28942.0,28956.6,28988.5,29013.0,29052.0,29096.3,20302.6,20148.3,AMR1,AMR1,0,0,21,45.6,45.6,AMR1,65.1,65.1,AMR1,0,0,0.0,0,1,3,0,0.0,0,0.0,65,68.7,50.1,11.0,T-0743,J-02-02,T-0616,J-05-01
O0594,J,8810.3,28956.6,28956.6,28970.2,29004.2,29024.2,29066.5,29109.8,20299.5,20146.3,AMR3,AMR2,0,0,21,39.5,39.5,AMR3,58.6,58.6,AMR2,0,0,0.0,0,0,2,1,8.4,2,11.8,66,69.0,37.5,26.7,T-0744,J-03-02,T-0619,J-04-02
O0595,J,8833.7,29031.0,29031.0,29043.3,29083.6,29106.5,29135.6,29172.6,20338.9,20197.3,AMR3,AMR3,0,0,21,42.0,42.0,AMR3,56.9,56.9,AMR3,0,0,0.0,0,1,1,1,2.0,0,0.0,70,74.4,38.3,6.0,T-0745,J-06-03,T-0622,J-05-02
O0596,I,8853.8,29120.0,29120.0,29133.1,29165.0,29179.8,29215.1,29240.2,20386.4,20266.2,AMR1,AMR1,0,0,15,39.7,39.7,AMR1,48.7,48.7,AMR1,0,0,0.0,0,3,3,0,0.0,1,0.1,43,50.3,42.6,12.5,T-0746,I-01-01,T-0583,I-02-01
O0597,J,8873.7,29133.5,29133.5,29147.1,29179.6,29201.6,29232.8,29265.6,20391.9,20259.8,AMR2,AMR3,0,0,21,43.6,43.6,AMR2,64.2,64.2,AMR3,0,0,0.0,0,0,0,0,0.0,0,0.0,61,62.9,47.2,0.0,T-0747,J-05-01,T-0626,J-02-03
O0598,A,8893.4,29210.2,29210.2,29223.6,29251.2,29263.9,29291.0,29333.3,20439.9,20316.8,AMR2,AMR1,0,0,21,40.9,40.9,AMR2,62.8,62.8,AMR1,0,0,0.0,0,0,1,0,0.0,0,0.0,66,65.8,41.6,3.0,T-0748,A-06-02,T-0612,A-01-03
O0599,B,8911.8,29271.5,29271.5,29284.0,29317.5,29333.7,29362.5,29392.6,20480.8,20359.7,AMR2,AMR2,0,0,15,37.8,37.8,AMR2,55.6,55.6,AMR2,0,0,0.0,0,0,1,0,0.0,1,0.7,51,53.1,46.1,5.7,T-0749,B-01-02,T-0581,B-02-02
O0600,A,8932.6,29289.3,29289.3,29304.0,29331.7,29353.3,29381.6,29417.7,20485.1,20356.7,AMR3,AMR3,0,0,21,39.9,39.9,AMR3,61.1,61.1,AMR3,0,0,0.0,0,0,0,0,0.0,0,0.0,69,67.9,38.9,0.0,T-0750,A-01-03,T-0617,A-02-03
O0601,G,8936.6,29357.0,29357.0,29369.7,29394.2,29411.0,29441.1,29466.5,20529.9,20420.4,AMR1,AMR1,0,0,17,36.3,36.3,AMR1,55.2,55.2,AMR1,0,0,0.0,0,0,0,0,0.0,0,0.0,47,51.6,41.1,0.0,T-0751,G-04-03,T-0584,G-05-01
O0602,I,8940.6,29416.3,29416.3,29431.2,29463.0,29477.8,29507.1,29534.0,20593.4,20475.7,AMR2,AMR2,0,0,15,41.6,41.6,AMR2,49.8,49.8,AMR2,0,0,0.0,0,2,2,0,0.0,0,0.0,43,48.5,45.6,8.8,T-0752,I-02-01,T-0590,I-03-03
O0603,F,8945.7,29445.8,29445.8,29459.9,29489.0,29494.6,29528.4,29562.0,20616.3,20500.1,AMR3,AMR1,0,0,23,43.1,43.1,AMR3,65.1,65.1,AMR1,0,0,0.0,0,0,0,0,0.0,0,0.0,68,67.6,43.0,0.0,T-0753,F-06-02,T-0646,F-01-02
O0604,C,8951.9,29509.9,29509.9,29520.5,29541.0,29553.2,29578.4,29606.1,20654.2,20558.0,AMR3,AMR3,0,0,13,30.2,30.2,AMR3,53.1,53.1,AMR3,0,0,0.0,0,0,0,0,0.0,0,0.0,39,42.9,41.1,0.0,T-0754,C-02-03,T-0606,C-01-01
O0605,D,8955.0,29557.7,29557.7,29569.5,29597.5,29612.3,29639.0,29667.5,20712.5,20602.7,AMR2,AMR2,0,0,13,31.7,31.7,AMR2,49.8,49.8,AMR2,0,0,0.0,0,0,2,0,0.0,2,1.2,41,45.0,38.8,11.2,T-0755,D-05-02,T-0493,D-01-03
O0606,I,8960.8,29590.7,29590.7,29601.6,29627.8,29634.8,29664.4,29693.8,20733.0,20629.9,AMR1,AMR3,0,0,15,35.4,35.4,AMR1,57.2,57.2,AMR3,0,0,0.0,0,0,0,0,0.0,0,0.0,44,49.3,46.8,0.0,T-0756,I-03-03,T-0604,I-03-01
O0607,G,8966.7,29643.9,29643.9,29659.7,29688.2,29691.2,29717.3,29744.0,20777.3,20677.2,AMR1,AMR2,0,0,17,43.4,43.4,AMR1,50.5,50.5,AMR2,0,0,0.0,0,0,0,0,0.0,0,0.0,51,53.6,43.5,0.0,T-0757,G-05-01,T-0601,G-01-01
O0608,F,8971.9,29705.0,29705.0,29718.5,29752.0,29767.7,29800.9,29843.2,20871.3,20733.1,AMR1,AMR2,0,0,23,44.5,44.5,AMR1,66.8,66.8,AMR2,0,0,0.0,0,1,0,0,0.0,0,0.0,73,73.4,46.1,3.0,T-0758,F-01-02,T-0649,F-01-03
O0609,F,8976.4,29717.5,29717.5,29730.5,29768.0,29779.0,29810.5,29858.6,20882.2,20741.1,AMR3,AMR1,0,0,23,41.9,41.9,AMR3,66.0,66.0,AMR1,0,0,0.0,0,1,1,1,10.9,2,7.0,67,68.0,42.7,19.4,T-0759,F-02-03,T-0656,F-04-01
O0610,H,8980.8,29791.6,29791.6,29804.9,29830.2,29845.0,29872.6,29899.4,20918.6,20810.8,AMR3,AMR3,0,0,15,37.7,37.7,AMR3,54.5,54.5,AMR3,0,0,0.0,0,0,0,0,0.0,0,0.0,43,46.1,46.9,0.0,T-0760,H-04-01,T-0596,H-03-03
O0611,E,8985.8,29866.9,29866.9,29879.2,29905.8,29923.1,29952.4,29988.2,21002.4,20881.1,AMR2,AMR3,0,0,19,36.4,36.4,AMR2,65.3,65.3,AMR3,0,0,0.0,0,0,0,0,0.0,0,0.0,59,59.8,44.2,0.0,T-0761,E-04-01,T-0620,E-01-02
O0612,E,8989.9,29882.3,29882.3,29893.0,29924.1,29932.4,29967.9,30001.0,21011.1,20892.4,AMR1,AMR2,0,0,19,35.9,35.9,AMR1,59.3,59.3,AMR2,0,0,0.0,0,1,1,0,0.0,0,0.0,64,65.5,37.7,7.2,T-0762,E-03-03,T-0654,E-04-03
O0613,F,8995.8,29943.6,29943.6,29958.7,29989.3,30011.5,30042.0,30076.8,21081.0,20947.8,AMR1,AMR1,0,0,23,44.8,44.8,AMR1,63.5,63.5,AMR1,0,0,0.0,0,0,0,0,0.0,0,0.0,67,67.9,43.1,0.0,T-0763,F-04-01,T-0657,F-03-03
O0614,H,9000.7,30014.9,30014.9,30027.7,30054.0,30068.5,30097.5,30120.9,21120.2,21014.2,AMR3,AMR3,0,0,15,37.4,37.4,AMR3,52.1,52.1,AMR3,0,0,0.0,0,0,0,0,0.0,0,0.0,42,47.3,44.2,0.0,T-0764,H-03-03,T-0623,H-05-01
O0615,F,9004.2,30027.8,30027.8,30042.8,30078.3,30100.5,30141.4,30174.2,21170.0,21023.6,AMR2,AMR1,0,0,23,48.0,48.0,AMR2,64.6,64.6,AMR1,0,0,0.0,0,1,1,0,0.0,0,0.0,71,73.8,47.4,3.0,T-0765,F-01-03,T-0664,F-02-01
O0616,B,9010.4,30106.9,30106.9,30118.3,30142.6,30144.6,30170.3,30200.4,21190.0,21096.5,AMR2,AMR3,0,0,15,33.2,33.2,AMR2,55.0,55.0,AMR3,0,0,0.0,0,0,0,0,0.0,0,0.0,49,50.6,40.9,0.0,T-0766,B-02-02,T-0589,B-03-02
O0617,A,9013.6,30158.8,30158.8,30173.5,30201.9,30223.5,30252.2,30291.7,21278.1,21145.2,AMR2,AMR2,0,0,21,40.6,40.6,AMR2,66.4,66.4,AMR2,0,0,0.0,0,0,0,0,0.0,0,0.0,67,66.4,44.9,0.0,T-0767,A-02-03,T-0621,A-03-03
O0618,J,9020.3,30197.9,30197.9,30208.7,30237.4,30259.6,30289.7,30321.5,21301.2,21177.6,AMR1,AMR1,0,0,21,37.0,37.0,AMR1,62.1,62.1,AMR1,0,0,0.0,0,0,0,0,0.0,0,0.0,61,62.9,38.5,0.0,T-0768,J-04-02,T-0662,J-01-03
O0619,E,9024.2,30226.9,30226.9,30240.3,30265.1,30283.3,30309.6,30346.1,21321.9,21202.7,AMR3,AMR3,0,0,19,37.3,37.3,AMR3,59.5,59.5,AMR3,0,0,0.0,0,0,0,0,0.0,0,0.0,61,61.7,39.3,0.0,T-0769,E-01-02,T-0658,E-05-01
O0620,D,9030.0,30315.4,30315.4,30328.7,30359.4,30369.8,30392.8,30422.4,21392.4,21285.4,AMR2,AMR3,0,0,13,34.3,34.3,AMR2,52.8,52.8,AMR3,0,0,0.0,0,2,1,0,0.0,0,0.0,44,49.2,44.4,3.0,T-0770,D-06-02,T-0520,D-02-03
O0621,B,9033.1,30350.6,30350.6,30362.9,30387.5,30403.0,30426.3,30455.4,21422.3,21317.5,AMR1,AMR1,0,0,15,35.2,35.2,AMR1,52.1,52.1,AMR1,0,0,0.0,0,0,0,0,0.0,0,0.0,46,49.3,40.0,0.0,T-0771,B-03-02,T-0608,B-04-02
O0622,H,9037.1,30377.1,30377.1,30389.3,30417.0,30431.8,30459.1,30484.8,21447.7,21340.0,AMR2,AMR2,0,0,15,37.2,37.2,AMR2,52.7,52.7,AMR2,0,0,0.0,0,0,0,1,1.8,0,0.0,41,46.5,44.6,1.8,T-0772,H-05-01,T-0631,H-04-03
O0623,B,9042.0,30446.1,30446.1,30458.6,30482.0,30496.8,30528.5,30562.9,21520.9,21404.1,AMR3,AMR3,0,0,15,35.0,35.0,AMR3,55.4,55.4,AMR3,0,0,0.0,0,0,0,0,0.0,0,0.0,51,55.9,43.1,3.0,T-0773,B-04-02,T-0628,B-01-03
O0624,B,9048.8,30479.1,30479.1,30492.2,30518.0,30532.8,30555.1,30585.6,21536.8,21430.3,AMR1,AMR1,0,0,15,38.0,38.0,AMR1,52.5,52.5,AMR1,0,0,0.0,0,1,0,0,0.0,0,0.0,45,48.5,43.2,0.0,T-0774,B-05-03,T-0629,B-05-02
O0625,F,9054.4,30508.5,30508.5,30520.0,30551.7,30577.9,30612.2,30649.5,21595.1,21454.1,AMR2,AMR2,0,0,23,40.7,40.7,AMR2,69.8,69.8,AMR2,0,0,0.0,0,0,0,0,0.0,0,0.0,69,69.5,45.3,0.0,T-0775,F-02-01,T-0668,F-03-01
O0626,E,9060.0,30586.6,30586.6,30598.8,30629.2,30649.4,30675.6,30723.1,21663.1,21526.6,AMR3,AMR3,0,0,19,40.1,40.1,AMR3,59.7,59.7,AMR3,0,0,0.0,0,1,0,1,10.7,1,5.7,59,59.8,42.3,14.2,T-0776,E-05-01,T-0669,E-02-02
O0627,C,9064.2,30609.3,30609.3,30620.4,30643.5,30655.7,30681.0,30709.3,21645.1,21545.1,AMR1,AMR1,0,0,13,33.3,33.3,AMR1,54.3,54.3,AMR1,0,0,0.0,0,1,0,0,0.0,0,0.0,39,42.4,45.4,0.0,T-0777,C-01-01,T-0615,C-04-01
O0628,C,9069.5,30673.2,30673.2,30684.7,30706.9,30719.7,30741.7,30768.9,21699.4,21603.7,AMR2,AMR2,0,0,13,32.8,32.8,AMR2,48.9,48.9,AMR2,0,0,0.0,0,0,0,0,0.0,0,0.0,39,43.4,39.5,0.0,T-0778,C-04-01,T-0618,C-05-01
O0629,A,9074.1,30733.0,30733.0,30748.4,30775.0,30792.6,30827.4,30871.5,21797.4,21658.9,AMR1,AMR2,0,0,21,40.3,40.3,AMR1,64.6,64.6,AMR2,0,0,0.0,0,1,1,1,5.2,1,0.2,68,69.9,42.8,8.2,T-0779,A-03-03,T-0641,A-02-01
O0630,H,9080.3,30748.4,30748.4,30762.5,30785.3,30800.1,30831.4,30855.7,21775.4,21668.1,AMR3,AMR3,0,0,15,36.0,36.0,AMR3,51.8,51.8,AMR3,0,0,0.0,0,0,1,0,0.0,0,0.0,43,47.0,42.5,3.0,T-0780,H-04-03,T-0638,H-02-02
O0631,C,9083.3,30806.6,30806.6,30821.8,30843.8,30856.6,30882.5,30910.3,21827.0,21723.3,AMR1,AMR1,0,0,13,36.3,36.3,AMR1,53.4,53.4,AMR1,0,0,0.0,0,0,0,0,0.0,0,0.0,39,43.4,47.5,0.0,T-0781,C-05-01,T-0625,C-04-03
O0632,G,9087.5,30879.4,30879.4,30892.6,30921.4,30934.0,30963.3,31010.6,21923.1,21791.9,AMR3,AMR1,0,0,17,39.5,39.5,AMR3,57.8,57.8,AMR1,0,0,0.0,0,0,0,2,11.6,1,4.8,53,57.1,46.9,14.6,T-0782,G-01-01,T-0610,G-03-01
O0633,G,9092.5,30895.2,30895.2,30910.8,30940.0,30944.0,30969.3,30995.7,21903.2,21802.7,AMR2,AMR3,0,0,17,39.8,39.8,AMR2,53.4,53.4,AMR3,0,0,0.0,0,1,1,0,0.0,0,0.0,45,49.6,42.8,4.1,T-0783,G-05-03,T-0611,G-06-01
O0634,E,9096.5,30956.8,30956.8,30970.7,30994.9,31013.1,31044.1,31078.6,21982.1,21860.3,AMR2,AMR2,0,0,19,37.2,37.2,AMR2,62.2,62.2,AMR2,0,0,0.0,0,2,0,0,0.0,0,0.0,61,61.7,41.9,0.0,T-0784,E-02-02,T-0672,E-04-02
O0635,J,9102.5,31021.7,31021.7,31033.6,31066.1,31084.2,31115.0,31157.3,22054.8,21919.2,AMR3,AMR1,0,0,21,38.4,38.4,AMR3,60.6,60.6,AMR1,0,0,0.0,0,2,0,1,11.7,1,6.7,63,63.9,38.4,15.2,T-0785,J-05-02,T-0665,J-03-03
O0636,H,9105.5,31034.3,31034.3,31045.4,31070.0,31090.4,31116.8,31145.3,22039.8,21928.8,AMR1,AMR3,0,0,15,34.8,34.8,AMR1,54.6,54.6,AMR3,0,0,0.0,0,0,0,0,0.0,0,0.0,41,46.5,44.1,0.0,T-0786,H-02-02,T-0640,H-04-02
O0637,I,9111.2,31102.3,31102.3,31117.6,31143.1,31159.2,31191.6,31221.1,22109.9,21991.1,AMR2,AMR2,0,0,15,39.1,39.1,AMR2,52.2,52.2,AMR2,0,0,0.0,0,1,1,0,0.0,0,0.0,48,54.2,45.5,3.0,T-0787,I-03-01,T-0605,I-04-03
O0638,C,9116.3,31174.2,31174.2,31188.6,31211.2,31223.7,31248.6,31275.8,22159.5,22057.9,AMR3,AMR3,0,0,13,35.3,35.3,AMR3,52.2,52.2,AMR3,0,0,0.0,0,0,0,0,0.0,0,0.0,42,43.8,45.3,0.0,T-0788,C-03-03,T-0637,C-03-01
O0639,D,9123.2,31188.7,31188.7,31204.8,31225.1,31237.9,31266.6,31298.0,22174.8,22065.5,AMR1,AMR1,0,0,13,35.5,35.5,AMR1,50.1,50.1,AMR1,0,0,0.0,0,1,1,0,0.0,1,0.6,41,45.4,42.9,8.2,T-0789,D-01-03,T-0526,D-03-03
O0640,H,9127.3,31248.8,31248.8,31261.2,31286.2,31299.5,31323.7,31349.6,22222.3,22121.5,AMR2,AMR3,0,0,15,36.5,36.5,AMR2,50.2,50.2,AMR3,0,0,0.0,0,1,0,0,0.0,0,0.0,43,46.1,41.4,0.0,T-0790,H-04-02,T-0647,H-03-01
O0641,A,9131.5,31302.9,31302.9,31319.0,31351.9,31373.3,31400.0,31440.3,22308.8,22171.4,AMR2,AMR3,0,0,21,46.5,46.5,AMR2,62.4,62.4,AMR3,0,0,0.0,0,1,1,0,0.0,0,0.0,67,66.2,46.8,3.0,T-0791,A-02-01,T-0645,A-03-01
O0642,A,9137.1,31321.7,31321.7,31335.6,31364.9,31381.0,31422.8,31457.1,22320.0,22184.6,AMR1,AMR2,0,0,21,42.3,42.3,AMR1,65.3,65.3,AMR2,0,0,0.0,0,2,2,0,0.0,0,0.0,63,66.5,45.5,7.3,T-0792,A-05-03,T-0659,A-05-01
O0643,H,9141.9,31389.9,31389.9,31401.8,31427.5,31442.0,31469.1,31497.7,22355.8,22248.0,AMR1,AMR1,0,0,15,35.9,35.9,AMR1,55.8,55.8,AMR1,0,0,0.0,0,0,0,0,0.0,0,0.0,44,46.9,46.4,0.0,T-0793,H-03-01,T-0666,H-03-02
O0644,E,9145.4,31464.0,31464.0,31477.5,31509.0,31521.4,31548.4,31602.3,22456.9,22318.6,AMR3,AMR1,0,0,19,42.5,42.5,AMR3,62.7,62.7,AMR1,0,0,0.0,0,0,0,1,9.3,1,4.3,63,64.6,47.7,13.6,T-0794,E-04-02,T-0679,E-05-02
O0645,D,9150.9,31480.8,31480.8,31492.8,31515.3,31528.1,31557.9,31584.8,22433.9,22329.9,AMR2,AMR2,0,0,13,33.6,33.6,AMR2,52.5,52.5,AMR2,0,0,0.0,0,1,1,0,0.0,0,0.0,39,43.4,43.4,4.4,T-0795,D-02-03,T-0536,D-01-01
O0646,G,9154.5,31537.4,31537.4,31551.8,31581.2,31598.7,31623.7,31650.5,22496.0,22382.9,AMR3,AMR3,0,0,17,42.1,42.1,AMR3,51.5,51.5,AMR3,0,0,0.0,0,0,0,0,0.0,0,0.0,48,52.4,43.2,0.0,T-0796,G-03-01,T-0627,G-04-01
O0647,I,9159.1,31608.5,31608.5,31621.0,31649.1,31665.9,31695.8,31726.6,22567.5,22449.4,AMR2,AMR2,0,0,15,38.1,38.1,AMR2,52.8,52.8,AMR2,0,0,0.0,0,1,1,0,0.0,0,0.0,47,51.6,45.1,4.6,T-0797,I-04-03,T-0607,I-04-01
O0648,B,9165.4,31626.0,31626.0,31638.6,31661.2,31676.0,31698.5,31740.0,22574.6,22460.6,AMR1,AMR1,0,0,15,34.3,34.3,AMR1,52.0,52.0,AMR1,0,0,0.0,0,0,0,1,13.7,1,8.7,43,46.5,39.0,13.7,T-0798,B-05-02,T-0633,B-06-02
O0649,A,9171.4,31679.4,31679.4,31694.1,31722.7,31743.6,31776.4,31811.0,22639.6,22508.0,AMR3,AMR3,0,0,21,41.6,41.6,AMR3,64.1,64.1,AMR3,0,0,0.0,0,1,0,0,0.0,0,0.0,68,67.1,43.6,0.0,T-0799,A-03-01,T-0663,A-01-02
O0650,C,9176.5,31750.3,31750.3,31763.9,31785.5,31798.0,31818.3,31844.3,22667.8,22573.8,AMR2,AMR2,0,0,13,33.5,33.5,AMR2,48.0,48.0,AMR2,0,0,0.0,0,0,0,0,0.0,0,0.0,38,42.2,39.3,0.0,T-0800,C-03-01,T-0639,C-06-01
O0651,B,9182.8,31763.7,31763.7,31776.8,31801.9,31815.4,31841.6,31869.9,22687.1,22580.9,AMR1,AMR1,0,0,15,34.8,34.8,AMR1,52.7,52.7,AMR1,0,0,0.0,0,1,0,1,3.3,0,0.0,46,49.2,40.2,3.3,T-0801,B-06-02,T-0650,B-03-01
O0652,I,9188.0,31834.7,31834.7,31848.0,31880.6,31893.6,31923.8,31952.3,22764.3,22646.7,AMR3,AMR1,0,0,15,38.1,38.1,AMR3,50.1,50.1,AMR1,0,0,0.0,0,2,2,0,0.0,2,0.6,47,51.6,42.4,10.6,T-0802,I-04-01,T-0624,I-05-01
O0653,F,9193.7,31872.4,31872.4,31883.7,31916.9,31939.8,31973.3,32021.3,22827.6,22678.7,AMR2,AMR2,0,0,23,42.8,42.8,AMR2,68.5,68.5,AMR2,0,0,0.0,0,1,0,1,10.2,1,5.2,66,67.2,46.1,12.7,T-0803,F-03-01,T-0677,F-04-03
O0654,C,9200.3,31903.8,31903.8,31919.6,31943.9,31955.4,31978.1,32005.4,22805.1,22703.5,AMR3,AMR3,0,0,13,40.0,40.0,AMR3,51.2,51.2,AMR3,0,0,0.0,0,1,0,0,0.0,0,0.0,38,41.1,49.0,0.0,T-0804,C-06-01,T-0648,C-01-02
O0655,C,9203.8,31976.0,31976.0,31991.5,32013.2,32025.4,32046.2,32075.8,22872.0,22772.2,AMR1,AMR1,0,0,13,36.3,36.3,AMR1,50.6,50.6,AMR1,0,0,0.0,0,0,0,0,0.0,0,0.0,39,42.9,44.7,0.0,T-0805,C-01-02,T-0652,C-02-02
O0656,J,9208.6,32029.1,32029.1,32042.6,32073.2,32093.4,32136.7,32180.9,22972.3,22820.5,AMR3,AMR3,0,0,21,43.2,43.2,AMR3,61.4,61.4,AMR3,0,0,0.0,0,3,2,2,9.5,1,3.3,63,66.4,44.0,21.2,T-0806,J-01-03,T-0673,J-04-03
O0657,J,9213.2,32045.0,32045.0,32060.9,32090.4,32104.7,32139.5,32169.4,22956.2,22831.8,AMR2,AMR1,0,0,21,44.5,44.5,AMR2,63.0,63.0,AMR1,0,0,0.0,0,1,0,0,0.0,0,0.0,59,61.3,46.9,1.9,T-0807,J-02-03,T-0700,J-01-01
O0658,H,9218.5,32118.0,32118.0,32130.5,32157.1,32171.6,32199.5,32226.6,23008.1,22899.5,AMR2,AMR2,0,0,15,37.4,37.4,AMR2,56.2,56.2,AMR2,0,0,0.0,0,0,0,0,0.0,0,0.0,42,45.8,48.3,0.0,T-0808,H-03-02,T-0674,H-01-01
O0659,A,9221.8,32193.1,32193.1,32205.1,32231.7,32250.3,32286.5,32323.3,23101.5,22971.3,AMR1,AMR2,0,0,21,37.7,37.7,AMR1,64.9,64.9,AMR2,0,0,0.0,0,1,1,1,2.3,0,0.0,65,63.8,40.5,7.3,T-0809,A-05-01,T-0670,A-03-02
O0660,D,9224.9,32204.6,32204.6,32216.1,32241.1,32255.2,32280.9,32311.1,23086.2,22979.7,AMR3,AMR3,0,0,13,35.6,35.6,AMR3,52.6,52.6,AMR3,0,0,0.0,0,0,0,0,0.0,0,0.0,43,46.9,45.5,0.0,T-0810,D-01-01,T-0538,D-04-03
O0661,F,9231.8,32259.3,32259.3,32272.1,32305.8,32328.7,32363.6,32401.1,23169.3,23027.5,AMR1,AMR1,0,0,23,44.8,44.8,AMR1,69.1,69.1,AMR1,0,0,0.0,0,0,0,0,0.0,0,0.0,70,70.2,48.7,0.0,T-0811,F-03-03,T-0688,F-01-01
O0662,I,9238.8,32334.8,32334.8,32349.9,32373.6,32390.4,32420.1,32447.3,23208.5,23096.0,AMR3,AMR3,0,0,15,36.3,36.3,AMR3,52.1,52.1,AMR3,0,0,0.0,0,0,0,0,0.0,0,0.0,49,53.1,42.6,0.0,T-0812,I-05-01,T-0630,I-06-01
O0663,G,9242.1,32350.0,32350.0,32363.7,32391.3,32408.1,32440.0,32467.5,23225.4,23107.9,AMR2,AMR2,0,0,17,40.4,40.4,AMR2,56.1,56.1,AMR2,0,0,0.0,0,0,0,0,0.0,0,0.0,51,54.6,46.1,0.0,T-0813,G-04-01,T-0651,G-01-02
O0664,D,9247.7,32424.8,32424.8,32437.1,32457.4,32471.5,32508.6,32539.6,23291.9,23177.1,AMR1,AMR1,0,0,13,30.9,30.9,AMR1,53.9,53.9,AMR1,0,0,0.0,0,0,2,0,0.0,1,0.6,42,48.2,42.1,10.4,T-0814,D-03-03,T-0547,D-03-01
O0665,D,9252.3,32480.3,32480.3,32493.5,32524.0,32538.8,32562.4,32591.5,23339.2,23228.0,AMR3,AMR3,0,0,13,33.9,33.9,AMR3,49.4,49.4,AMR3,0,0,0.0,0,0,0,0,0.0,0,0.0,47,52.8,40.6,3.0,T-0815,D-04-03,T-0548,D-05-03
O0666,F,9258.3,32496.2,32496.2,32508.5,32542.4,32563.3,32602.5,32639.0,23380.7,23237.9,AMR2,AMR1,0,0,23,43.7,43.7,AMR2,69.6,69.6,AMR1,0,0,0.0,0,1,1,0,0.0,0,0.0,67,70.8,48.1,3.0,T-0816,F-01-01,T-0702,F-05-01
O0667,I,9264.2,32571.1,32571.1,32582.2,32609.4,32615.2,32642.2,32669.0,23404.8,23306.9,AMR2,AMR3,0,0,15,35.0,35.0,AMR2,54.0,54.0,AMR3,0,0,0.0,0,0,0,0,0.0,0,0.0,44,48.9,43.2,0.0,T-0817,I-06-01,T-0636,I-01-02
O0668,H,9268.2,32626.9,32626.9,32639.7,32664.1,32678.3,32705.9,32733.2,23465.0,23358.7,AMR2,AMR2,0,0,15,36.3,36.3,AMR2,55.6,55.6,AMR2,0,0,0.0,0,0,0,0,0.0,0,0.0,41,45.5,46.6,0.0,T-0818,H-01-01,T-0676,H-05-02
O0669,A,9275.0,32662.7,32662.7,32674.5,32705.2,32732.3,32758.9,32795.2,23520.2,23387.7,AMR1,AMR1,0,0,21,40.0,40.0,AMR1,62.6,62.6,AMR1,0,0,0.0,0,0,0,0,0.0,0,0.0,65,64.9,40.5,0.0,T-0819,A-01-02,T-0692,A-04-01
O0670,C,9281.2,32692.7,32692.7,32707.9,32736.5,32748.7,32775.1,32809.1,23527.9,23411.5,AMR3,AMR3,0,0,13,34.0,34.0,AMR3,53.0,53.0,AMR3,0,0,0.0,0,1,1,2,8.5,1,1.5,45,49.9,44.8,9.5,T-0820,C-02-02,T-0661,C-03-02
O0671,C,9285.0,32756.9,32756.9,32771.6,32794.6,32807.4,32828.4,32858.9,23573.9,23471.9,AMR2,AMR2,0,0,13,35.1,35.1,AMR2,51.2,51.2,AMR2,0,0,0.0,0,0,0,1,1.7,0,0.0,39,43.4,44.1,1.7,T-0821,C-04-03,T-0680,C-05-02
O0672,A,9290.4,32818.9,32818.9,32830.1,32859.6,32877.9,32913.9,32952.1,23661.7,23528.5,AMR1,AMR3,0,0,21,39.8,39.8,AMR1,66.2,66.2,AMR3,0,0,0.0,0,2,2,0,0.0,1,0.3,63,62.7,43.9,8.3,T-0822,A-04-01,T-0703,A-05-02
O0673,D,9296.4,32832.8,32832.8,32843.4,32863.8,32882.6,32908.1,32939.3,23642.9,23536.4,AMR3,AMR2,0,0,13,29.3,29.3,AMR3,53.4,53.4,AMR2,0,0,0.0,0,0,0,0,0.0,0,0.0,44,47.7,40.0,0.0,T-0823,D-03-01,T-0550,D-04-01
O0674,A,9300.2,32887.2,32887.2,32898.6,32929.9,32950.8,32976.9,33011.5,23711.3,23587.0,AMR1,AMR1,0,0,21,36.8,36.8,AMR1,60.4,60.4,AMR1,0,0,0.0,0,1,1,0,0.0,0,0.0,64,64.1,35.1,4.2,T-0824,A-03-02,T-0706,A-04-03
O0675,H,9305.3,32963.0,32963.0,32976.8,33001.9,33016.7,33042.2,33069.4,23764.1,23657.7,AMR2,AMR2,0,0,15,38.0,38.0,AMR2,54.4,54.4,AMR2,0,0,0.0,0,0,0,0,0.0,0,0.0,39,44.5,47.1,0.0,T-0825,H-05-02,T-0686,H-06-02
O0676,E,9310.6,32975.8,32975.8,32989.3,33018.2,33035.2,33066.9,33104.3,23793.7,23665.2,AMR3,AMR1,0,0,19,39.9,39.9,AMR3,58.8,58.8,AMR1,0,0,0.0,0,3,2,0,0.0,0,0.0,59,64.3,41.2,6.0,T-0826,E-05-02,T-0693,E-01-03
O0677,D,9314.9,33045.0,33045.0,33059.8,33089.5,33096.4,33122.1,33154.0,23839.1,23730.1,AMR3,AMR2,0,0,13,36.7,36.7,AMR3,54.3,54.3,AMR2,0,0,0.0,0,1,1,0,0.0,1,0.3,45,48.5,48.3,5.3,T-0827,D-04-01,T-0586,D-05-01
O0678,D,9319.0,33104.3,33104.3,33115.4,33142.8,33157.6,33191.2,33226.6,23907.6,23785.3,AMR3,AMR3,0,0,13,31.0,31.0,AMR3,51.8,51.8,AMR3,0,0,0.0,0,4,2,1,2.0,0,0.0,51,55.8,40.1,11.6,T-0828,D-05-03,T-0595,D-06-01
O0679,C,9324.8,33133.0,33133.0,33147.5,33170.7,33182.3,33208.3,33240.6,23915.8,23808.2,AMR1,AMR2,0,0,13,36.0,36.0,AMR1,48.9,48.9,AMR2,0,0,0.0,0,2,1,1,4.7,0,0.0,40,45.6,42.7,7.7,T-0829,C-03-02,T-0690,C-04-02
O0680,G,9331.5,33192.2,33192.2,33203.4,33230.8,33246.3,33276.0,33305.8,23974.3,23860.7,AMR1,AMR1,0,0,17,38.5,38.5,AMR1,56.2,56.2,AMR1,0,0,0.0,0,0,0,0,0.0,0,0.0,50,53.8,44.3,0.0,T-0830,G-06-01,T-0655,G-02-02
O0681,H,9337.3,33250.3,33250.3,33260.7,33282.7,33296.2,33323.2,33346.3,24009.0,23913.0,AMR3,AMR3,0,0,15,32.3,32.3,AMR3,51.8,51.8,AMR3,0,0,0.0,0,0,0,0,0.0,0,0.0,38,43.7,38.8,0.0,T-0831,H-06-02,T-0689,H-06-01
O0682,D,9341.0,33264.3,33264.3,33279.0,33302.8,33319.7,33347.8,33375.0,24034.0,23923.3,AMR2,AMR2,0,0,13,36.0,36.0,AMR2,49.1,49.1,AMR2,0,0,0.0,0,1,1,0,0.0,0,0.0,43,48.4,42.4,3.0,T-0832,D-05-01,T-0598,D-02-01
O0683,F,9345.3,33334.8,33334.8,33348.7,33378.8,33398.7,33430.5,33462.1,24116.8,23989.5,AMR1,AMR2,0,0,23,43.1,43.1,AMR1,61.7,61.7,AMR2,0,0,0.0,0,0,1,0,0.0,0,0.0,63,64.8,39.6,3.0,T-0833,F-05-01,T-0713,F-06-01
O0684,G,9350.5,33370.0,33370.0,33393.5,33425.4,33443.6,33474.0,33500.0,24149.5,24019.5,AMR3,AMR3,0,0,17,51.0,51.0,AMR3,54.6,54.6,AMR3,0,0,0.0,0,1,0,0,0.0,0,0.0,51,54.7,55.2,1.9,T-0834,G-01-02,T-0660,G-03-02
O0685,D,9354.0,33406.6,33406.6,33422.2,33443.5,33456.3,33482.2,33511.9,24157.9,24052.6,AMR1,AMR1,0,0,13,36.0,36.0,AMR1,51.6,51.6,AMR1,0,0,0.0,0,0,0,1,4.2,0,0.0,39,43.4,44.9,4.2,T-0835,D-02-01,T-0644,D-01-02
O0686,E,9359.6,33485.8,33485.8,33499.8,33529.8,33535.6,33568.2,33602.1,24242.5,24126.2,AMR2,AMR1,0,0,19,43.1,43.1,AMR2,61.7,61.7,AMR1,0,0,0.0,0,0,0,0,0.0,0,0.0,63,63.2,47.3,0.0,T-0836,E-01-03,T-0696,E-06-02
O0687,A,9364.8,33523.7,33523.7,33534.9,33563.7,33583.9,33611.7,33643.6,24278.8,24158.9,AMR3,AMR3,0,0,21,39.1,39.1,AMR3,61.4,61.4,AMR3,0,0,0.0,0,0,0,0,0.0,0,0.0,61,61.3,38.4,0.0,T-0837,A-05-02,T-0710,A-06-01
O0688,A,9369.3,33548.0,33548.0,33558.8,33585.4,33605.6,33635.7,33675.4,24306.1,24178.7,AMR2,AMR2,0,0,21,36.5,36.5,AMR2,66.5,66.5,AMR2,0,0,0.0,0,0,0,0,0.0,0,0.0,67,66.3,40.9,0.0,T-0838,A-04-03,T-0726,A-02-02
O0689,J,9373.0,33625.8,33625.8,33636.7,33665.5,33667.3,33698.9,33734.6,24361.6,24252.8,AMR1,AMR3,0,0,21,38.8,38.8,AMR1,64.0,64.0,AMR3,0,0,0.0,0,0,0,0,0.0,0,0.0,63,64.8,42.2,0.0,T-0839,J-01-01,T-0701,J-05-03
O0690,H,9378.3,33685.7,33685.7,33699.8,33728.4,33741.9,33769.1,33795.2,24416.9,24307.4,AMR1,AMR1,0,0,15,39.9,39.9,AMR1,54.5,54.5,AMR1,0,0,0.0,0,0,0,0,0.0,0,0.0,40,44.2,49.1,2.7,T-0840,H-06-01,T-0711,H-01-03
O0691,D,9385.1,33699.1,33699.1,33711.2,33733.7,33749.2,33777.9,33807.5,24422.4,24314.0,AMR2,AMR2,0,0,13,31.3,31.3,AMR2,49.5,49.5,AMR2,0,0,0.0,0,1,1,1,3.6,1,0.4,42,45.8,38.1,9.0,T-0841,D-06-01,T-0682,D-02-02
O0692,F,9388.6,33762.3,33762.3,33776.9,33808.6,33818.9,33850.9,33887.1,24498.5,24373.7,AMR3,AMR1,0,0,23,46.2,46.2,AMR3,68.9,68.9,AMR1,0,0,0.0,0,0,0,0,0.0,0,0.0,64,64.6,49.9,0.0,T-0842,F-06-01,T-0714,F-05-03
O0693,F,9394.4,33829.5,33829.5,33843.3,33876.7,33898.9,33929.5,33971.9,24577.5,24435.1,AMR3,AMR3,0,0,23,46.3,46.3,AMR3,63.3,63.3,AMR3,0,0,0.0,0,1,1,0,0.0,0,0.0,71,72.8,44.4,3.0,T-0843,F-04-03,T-0715,F-02-02
O0694,F,9399.6,33843.4,33843.4,33867.6,33896.7,33910.8,33946.0,33983.7,24584.1,24443.8,AMR2,AMR1,0,0,23,52.4,52.4,AMR2,60.0,60.0,AMR1,0,0,0.0,0,2,1,1,1.6,1,1.4,67,66.9,47.2,12.1,T-0844,F-05-03,T-0716,F-03-02
O0695,H,9404.7,33918.9,33918.9,33929.5,33955.3,33969.5,33996.6,34023.3,24618.6,24514.2,AMR2,AMR2,0,0,15,35.5,35.5,AMR2,54.0,54.0,AMR2,0,0,0.0,0,0,0,0,0.0,0,0.0,41,46.0,44.2,0.0,T-0845,H-01-03,T-0722,H-01-02
O0696,C,9409.7,33995.6,33995.6,34011.4,34031.1,34043.9,34071.3,34102.1,24692.4,24585.9,AMR3,AMR3,0,0,13,34.6,34.6,AMR3,52.4,52.4,AMR3,0,0,0.0,0,0,1,0,0.0,1,0.5,39,43.4,44.8,5.5,T-0846,C-04-02,T-0691,C-05-03
O0697,B,9414.6,34011.5,34011.5,34024.2,34050.4,34054.4,34083.2,34116.0,24701.4,24596.9,AMR1,AMR2,0,0,15,37.2,37.2,AMR1,56.7,56.7,AMR2,0,0,0.0,0,0,0,1,1.6,0,0.0,50,52.3,46.6,1.6,T-0847,B-03-01,T-0653,B-02-03
O0698,D,9418.9,34065.9,34065.9,34079.1,34101.6,34114.4,34145.3,34172.6,24753.7,24647.0,AMR1,AMR1,0,0,13,34.8,34.8,AMR1,49.0,49.0,AMR1,0,0,0.0,0,1,1,0,0.0,0,0.0,43,48.2,41.1,4.6,T-0848,D-01-02,T-0694,D-03-02
O0699,I,9422.5,34130.8,34130.8,34145.5,34172.1,34189.3,34222.2,34253.2,24830.7,24708.3,AMR3,AMR3,0,0,15,40.4,40.4,AMR3,56.0,56.0,AMR3,0,0,0.0,0,0,1,1,2.5,1,0.6,41,46.5,50.6,8.1,T-0849,I-01-02,T-0643,I-02-02
O0700,I,9426.1,34145.6,34145.6,34156.8,34187.9,34200.3,34238.8,34267.4,24841.3,24719.5,AMR2,AMR1,0,0,15,33.4,33.4,AMR2,51.9,51.9,AMR1,0,0,0.0,0,1,1,1,1.6,0,0.0,49,59.3,39.5,10.6,T-0850,I-05-03,T-0683,I-03-02
O0701,H,9432.4,34210.1,34210.1,34223.9,34248.5,34262.7,34291.7,34320.1,24887.7,24777.7,AMR2,AMR2,0,0,15,37.5,37.5,AMR2,57.6,57.6,AMR2,0,0,0.0,0,0,0,0,0.0,0,0.0,41,46.0,49.8,0.0,T-0851,H-01-02,T-0734,H-02-03
O0702,I,9438.5,34276.9,34276.9,34290.4,34317.5,34332.3,34366.3,34393.5,24955.0,24838.4,AMR3,AMR3,0,0,15,39.7,39.7,AMR3,52.1,52.1,AMR3,0,0,0.0,0,1,1,0,0.0,0,0.0,47,52.8,46.0,3.0,T-0852,I-02-02,T-0684,I-04-02
O0703,B,9442.1,34291.1,34291.1,34303.1,34325.8,34342.0,34366.1,34410.4,24968.3,24849.0,AMR1,AMR1,0,0,15,32.2,32.2,AMR1,55.7,55.7,AMR1,0,0,0.0,0,0,0,2,10.9,1,4.3,49,51.6,40.6,10.9,T-0853,B-01-03,T-0667,B-03-03
O0704,C,9448.0,34348.8,34348.8,34364.2,34387.2,34400.0,34422.8,34449.4,25001.4,24900.8,AMR2,AMR2,0,0,13,37.5,37.5,AMR2,50.6,50.6,AMR2,0,0,0.0,0,0,0,0,0.0,0,0.0,39,41.9,45.9,0.0,T-0854,C-05-02,T-0720,C-02-01
O0705,J,9451.1,34417.2,34417.2,34431.8,34459.7,34473.1,34504.6,34535.7,25084.6,24966.1,AMR3,AMR2,0,0,21,40.8,40.8,AMR3,62.8,62.8,AMR2,0,0,0.0,0,0,0,0,0.0,0,0.0,60,62.1,43.0,0.0,T-0855,J-03-03,T-0704,J-02-01
O0706,D,9457.2,34434.1,34434.1,34447.7,34472.0,34481.2,34510.1,34550.1,25092.9,24976.9,AMR1,AMR3,0,0,13,37.0,37.0,AMR1,50.8,50.8,AMR3,0,0,0.0,0,2,1,1,9.8,1,4.8,43,46.9,45.1,14.8,T-0856,D-02-02,T-0725,D-04-02
O0707,I,9463.0,34491.2,34491.2,34505.2,34535.7,34551.8,34584.9,34610.6,25147.6,25028.2,AMR1,AMR1,0,0,15,40.0,40.0,AMR1,50.1,50.1,AMR1,0,0,0.0,0,2,1,1,2.8,0,0.0,48,53.2,44.3,5.8,T-0857,I-03-02,T-0695,I-05-02
O0708,G,9466.3,34564.4,34564.4,34576.9,34606.6,34624.8,34653.5,34681.4,25215.1,25098.1,AMR2,AMR2,0,0,17,39.7,39.7,AMR2,56.3,56.3,AMR2,0,0,0.0,0,0,0,0,0.0,0,0.0,49,53.2,45.6,0.0,T-0858,G-02-02,T-0671,G-04-02
O0709,I,9471.9,34576.9,34576.9,34592.3,34619.6,34634.3,34664.9,34693.0,25221.1,25105.0,AMR3,AMR1,0,0,15,40.2,40.2,AMR3,46.8,46.8,AMR1,0,0,0.0,0,1,1,1,2.1,0,0.0,49,55.1,41.2,5.1,T-0859,I-04-02,T-0697,I-06-02
O0710,G,9475.0,34644.1,34644.1,34654.7,34681.1,34698.6,34727.0,34758.0,25283.0,25169.1,AMR3,AMR3,0,0,17,35.3,35.3,AMR3,56.1,56.1,AMR3,0,0,0.0,0,0,0,0,0.0,0,0.0,52,55.4,41.0,0.0,T-0860,G-03-02,T-0687,G-02-01
O0711,J,9478.0,34705.1,34705.1,34720.4,34750.0,34770.2,34800.2,34834.5,25356.5,25227.1,AMR2,AMR2,0,0,21,44.0,44.0,AMR2,59.5,59.5,AMR2,0,0,0.0,0,0,0,0,0.0,0,0.0,65,66.3,42.9,0.0,T-0861,J-02-01,T-0705,J-06-02
O0712,A,9484.3,34720.5,34720.5,34735.5,34762.3,34781.2,34812.7,34854.7,25370.4,25236.2,AMR1,AMR1,0,0,21,41.7,41.7,AMR1,67.6,67.6,AMR1,0,0,0.0,0,1,0,0,0.0,0,0.0,66,65.5,47.2,2.6,T-0862,A-06-01,T-0732,A-01-01
O0713,H,9489.4,34784.6,34784.6,34797.0,34819.3,34833.5,34861.1,34885.1,25395.7,25295.2,AMR3,AMR3,0,0,15,33.8,33.8,AMR3,51.8,51.8,AMR3,0,0,0.0,0,0,0,0,0.0,0,0.0,41,46.0,40.3,0.0,T-0863,H-02-03,T-0741,H-02-01
O0714,H,9493.4,34858.2,34858.2,34874.5,34897.4,34911.6,34942.1,34965.9,25472.5,25364.8,AMR2,AMR2,0,0,15,38.3,38.3,AMR2,50.6,50.6,AMR2,0,0,0.0,0,2,1,0,0.0,0,0.0,41,46.9,43.6,3.0,T-0864,H-02-01,T-0760,H-04-01
O0715,D,9498.3,34878.4,34878.4,34890.9,34921.5,34938.5,34964.2,34993.7,25495.4,25380.1,AMR1,AMR1,0,0,13,32.5,32.5,AMR1,51.9,51.9,AMR1,0,0,0.0,0,1,1,1,2.0,0,0.0,48,53.6,41.7,3.0,T-0865,D-03-02,T-0755,D-05-02
O0716,J,9504.0,34919.4,34919.4,34932.2,34967.1,34990.0,35024.7,35065.2,25561.2,25415.4,AMR3,AMR3,0,0,21,42.2,42.2,AMR3,62.4,62.4,AMR3,0,0,0.0,0,3,1,0,0.0,0,0.0,68,68.7,44.0,10.2,T-0866,J-06-02,T-0712,J-04-01
O0717,I,9510.0,35000.0,35000.0,35015.6,35044.2,35061.0,35088.5,35115.9,25605.9,25490.0,AMR2,AMR2,0,0,15,41.7,41.7,AMR2,55.1,55.1,AMR2,0,0,0.0,0,2,0,0,0.0,0,0.0,43,48.1,51.0,0.0,T-0867,I-05-02,T-0699,I-01-03
O0718,C,9515.3,35017.4,35017.4,35031.8,35053.2,35065.4,35087.7,35130.2,25614.9,25502.1,AMR1,AMR1,0,0,13,34.9,34.9,AMR1,51.6,51.6,AMR1,0,0,0.0,0,1,0,2,12.8,1,6.6,37,40.4,44.3,15.9,T-0868,C-02-01,T-0736,C-06-02
O0719,I,9518.9,35090.4,35090.4,35104.9,35129.9,35139.6,35167.9,35194.9,25676.0,25571.5,AMR3,AMR2,0,0,15,36.2,36.2,AMR3,50.4,50.4,AMR2,0,0,0.0,0,1,1,0,0.0,1,0.1,44,48.9,40.8,5.1,T-0869,I-06-02,T-0707,I-02-03
O0720,C,9525.1,35147.4,35147.4,35161.3,35184.6,35196.1,35216.6,35244.8,25719.7,25622.3,AMR3,AMR3,0,0,13,37.1,37.1,AMR3,49.9,49.9,AMR3,0,0,0.0,0,0,0,0,0.0,0,0.0,38,41.1,44.8,0.0,T-0870,C-06-02,T-0738,C-01-03
O0721,I,9531.8,35161.4,35161.4,35184.2,35206.6,35218.6,35243.7,35268.5,25736.7,25629.6,AMR1,AMR2,0,0,15,44.3,44.3,AMR1,50.1,50.1,AMR2,0,0,0.0,0,1,0,0,0.0,0,0.0,41,46.5,48.6,0.0,T-0871,I-01-03,T-0746,I-01-01
O0722,H,9534.9,35225.9,35225.9,35241.7,35263.5,35268.5,35295.4,35319.7,25784.8,25691.0,AMR1,AMR3,0,0,15,36.7,36.7,AMR1,51.3,51.3,AMR3,0,0,0.0,0,0,0,0,0.0,0,0.0,43,46.1,42.7,0.0,T-0872,H-04-01,T-0764,H-03-03
O0723,H,9540.2,35278.3,35278.3,35293.7,35318.3,35333.1,35366.2,35393.5,25853.3,25738.1,AMR1,AMR1,0,0,15,39.1,39.1,AMR1,54.6,54.6,AMR1,0,0,0.0,0,1,1,0,0.0,1,0.5,41,46.5,48.4,5.5,T-0873,H-05-03,T-0772,H-05-01
O0724,I,9547.0,35293.7,35293.7,35309.9,35332.9,35343.4,35377.2,35406.8,25859.8,25746.7,AMR2,AMR3,0,0,15,38.3,38.3,AMR2,53.4,53.4,AMR3,0,0,0.0,0,0,1,1,4.7,1,0.5,41,46.5,45.9,10.2,T-0874,I-01-01,T-0752,I-02-01
O0725,I,9551.2,35358.1,35358.1,35373.7,35396.9,35411.7,35449.6,35476.0,25924.8,25806.9,AMR2,AMR2,0,0,15,37.9,37.9,AMR2,51.4,51.4,AMR2,0,0,0.0,0,0,2,0,0.0,2,1.1,43,48.5,43.5,11.1,T-0875,I-02-03,T-0756,I-03-03
O0726,D,9557.8,35423.6,35423.6,35434.4,35459.9,35474.7,35501.1,35530.1,25972.3,25865.8,AMR1,AMR1,0,0,13,33.8,33.8,AMR1,50.6,50.6,AMR1,0,0,0.0,0,0,0,0,0.0,0,0.0,47,50.0,41.7,0.0,T-0876,D-04-02,T-0770,D-06-02
O0727,H,9563.7,35434.9,35434.9,35451.3,35474.1,35488.9,35514.2,35547.2,25983.5,25871.2,AMR3,AMR3,0,0,15,38.3,38.3,AMR3,53.7,53.7,AMR3,0,0,0.0,0,0,0,1,4.3,0,0.0,41,46.5,46.7,4.3,T-0877,H-05-01,T-0780,H-04-03
O0728,C,9567.1,35499.7,35499.7,35510.8,35532.2,35544.4,35565.2,35595.4,26028.3,25932.6,AMR2,AMR2,0,0,13,31.6,31.6,AMR2,51.2,51.2,AMR2,0,0,0.0,0,0,0,0,0.0,0,0.0,39,42.9,40.6,0.0,T-0878,C-01-03,T-0754,C-02-03
O0729,G,9572.5,35553.8,35553.8,35568.7,35597.9,35616.1,35645.2,35680.4,26107.9,25981.3,AMR1,AMR1,0,0,17,41.6,41.6,AMR1,54.2,54.2,AMR1,0,0,0.0,0,0,0,1,9.8,1,4.8,49,53.2,45.4,9.8,T-0879,G-02-01,T-0709,G-05-02
O0730,H,9579.4,35570.9,35570.9,35586.3,35613.9,35619.1,35641.7,35668.6,26089.2,25991.5,AMR3,AMR2,0,0,15,41.3,41.3,AMR3,50.7,50.7,AMR2,0,0,0.0,0,0,0,0,0.0,0,0.0,42,45.8,46.7,0.0,T-0880,H-03-03,T-0786,H-02-02
O0731,I,9584.4,35628.4,35628.4,35642.7,35669.7,35684.5,35721.1,35750.1,26165.7,26044.0,AMR3,AMR3,0,0,15,40.4,40.4,AMR3,50.8,50.8,AMR3,0,0,0.0,0,3,3,1,4.0,0,0.0,43,48.5,45.4,13.0,T-0881,I-02-01,T-0787,I-03-01
O0732,I,9588.1,35696.3,35696.3,35709.1,35738.3,35754.4,35793.2,35822.2,26234.1,26108.2,AMR2,AMR2,0,0,15,33.9,33.9,AMR2,54.2,54.2,AMR2,0,0,0.0,0,3,3,0,0.0,1,0.6,48,54.2,42.3,13.3,T-0882,I-03-03,T-0797,I-04-03
O0733,D,9594.2,35709.1,35709.1,35720.5,35742.9,35764.1,35792.6,35838.3,26244.1,26114.9,AMR1,AMR1,0,0,13,31.3,31.3,AMR1,54.2,54.2,AMR1,0,0,0.0,0,1,0,3,13.5,1,6.1,41,45.0,42.8,20.2,T-0883,D-05-02,T-0789,D-01-03
O0734,I,9597.5,35778.8,35778.8,35793.9,35820.2,35836.3,35873.2,35899.5,26302.0,26181.3,AMR3,AMR3,0,0,15,39.7,39.7,AMR3,53.5,53.5,AMR3,0,0,0.0,0,2,1,0,0.0,0,0.0,48,54.2,47.4,3.0,T-0884,I-03-01,T-0802,I-04-01
O0735,I,9603.6,35851.4,35851.4,35865.8,35892.8,35909.6,35941.0,35968.7,26365.1,26247.8,AMR2,AMR2,0,0,15,36.2,36.2,AMR2,49.4,49.4,AMR2,0,0,0.0,0,2,1,0,0.0,0,0.0,49,55.0,39.8,5.7,T-0885,I-04-03,T-0812,I-05-01
O0736,H,9608.1,35865.9,35865.9,35881.5,35908.9,35923.1,35948.8,35984.5,26376.4,26257.8,AMR1,AMR1,0,0,15,42.1,42.1,AMR1,53.7,53.7,AMR1,0,0,0.0,0,0,0,1,8.4,1,3.4,41,45.5,50.5,8.4,T-0886,H-02-02,T-0790,H-04-02
O0737,D,9612.5,35930.3,35930.3,35943.9,35967.8,35983.3,36020.3,36053.8,26441.3,26317.8,AMR3,AMR3,0,0,13,34.2,34.2,AMR3,53.9,53.9,AMR3,0,0,0.0,0,3,2,2,4.7,1,0.3,46,51.6,45.4,11.0,T-0887,D-06-02,T-0795,D-02-03
O0738,I,9616.3,35996.4,35996.4,36011.3,36040.5,36057.3,36089.9,36124.6,26508.3,26380.1,AMR2,AMR2,0,0,15,41.6,41.6,AMR2,48.5,48.5,AMR2,0,0,0.0,0,2,1,2,10.2,1,3.2,51,55.9,44.3,11.2,T-0888,I-04-01,T-0817,I-06-01
O0739,C,9619.4,36013.3,36013.3,36024.2,36045.6,36060.8,36083.0,36112.6,26493.2,26393.9,AMR1,AMR1,0,0,13,31.4,31.4,AMR1,52.0,52.0,AMR1,0,0,0.0,0,0,0,0,0.0,0,0.0,39,42.9,41.2,0.0,T-0889,C-02-03,T-0777,C-01-01
O0740,I,9624.8,36081.9,36081.9,36095.4,36120.7,36136.3,36168.8,36192.6,26567.8,26457.1,AMR3,AMR1,0,0,15,36.3,36.3,AMR3,52.1,52.1,AMR1,0,0,0.0,0,1,1,0,0.0,0,0.0,43,49.5,42.6,3.0,T-0890,I-05-01,T-0849,I-01-02
O0741,C,9628.9,36146.1,36146.1,36162.0,36186.6,36198.8,36220.9,36249.8,26620.9,26517.2,AMR3,AMR3,0,0,13,39.6,39.6,AMR3,51.7,51.7,AMR3,0,0,0.0,0,0,0,0,0.0,0,0.0,39,42.4,49.1,0.0,T-0891,C-01-01,T-0778,C-04-01
O0742,B,9635.5,36162.1,36162.1,36174.3,36197.8,36214.0,36237.6,36266.9,26631.4,26526.6,AMR2,AMR2,0,0,15,33.2,33.2,AMR2,52.6,52.6,AMR2,0,0,0.0,0,0,0,0,0.0,0,0.0,47,50.1,38.5,0.0,T-0892,B-02-03,T-0675,B-04-03
O0743,B,9640.6,36217.5,36217.5,36231.7,36255.9,36271.4,36298.2,36329.4,26688.8,26576.9,AMR1,AMR1,0,0,15,34.5,34.5,AMR1,54.7,54.7,AMR1,0,0,0.0,0,0,0,1,2.2,0,0.0,50,52.3,41.9,2.2,T-0893,B-03-03,T-0678,B-01-01
O0744,D,9644.7,36274.8,36274.8,36286.0,36310.1,36322.9,36345.7,36376.2,26731.5,26630.1,AMR3,AMR3,0,0,13,34.4,34.4,AMR3,53.5,53.5,AMR3,0,0,0.0,0,0,0,0,0.0,0,0.0,39,43.4,45.2,0.0,T-0894,D-01-03,T-0810,D-01-01
O0745,H,9648.4,36290.6,36290.6,36301.9,36326.4,36341.2,36370.0,36396.8,26748.4,26642.2,AMR2,AMR2,0,0,15,34.9,34.9,AMR2,55.7,55.7,AMR2,0,0,0.0,0,0,0,0,0.0,0,0.0,43,46.1,45.3,0.0,T-0895,H-04-02,T-0793,H-03-01
O0746,D,9654.5,36353.1,36353.1,36366.5,36386.7,36399.5,36431.3,36464.1,26809.6,26698.6,AMR1,AMR1,0,0,13,32.7,32.7,AMR1,48.9,48.9,AMR1,0,0,0.0,0,2,2,0,0.0,1,0.5,41,47.8,38.9,11.5,T-0896,D-01-01,T-0814,D-03-03
O0747,D,9660.0,36408.3,36408.3,36421.7,36443.3,36456.1,36479.1,36506.7,26846.7,26748.3,AMR3,AMR3,0,0,13,34.1,34.1,AMR3,47.3,47.3,AMR3,0,0,0.0,0,1,0,0,0.0,0,0.0,43,46.9,38.7,0.0,T-0897,D-02-03,T-0815,D-04-03
O0748,I,9663.4,36425.5,36425.5,36441.1,36469.6,36487.1,36522.6,36550.5,26887.1,26762.1,AMR2,AMR2,0,0,15,40.8,40.8,AMR2,55.1,55.1,AMR2,0,0,0.0,0,1,1,0,0.0,0,0.0,48,52.4,50.1,5.0,T-0898,I-06-01,T-0850,I-05-03
O0749,H,9669.8,36497.1,36497.1,36511.1,36538.3,36552.8,36581.4,36610.9,26941.1,26827.3,AMR1,AMR1,0,0,15,39.5,39.5,AMR1,54.5,54.5,AMR1,0,0,0.0,0,1,0,0,0.0,0,0.0,44,46.9,48.7,3.7,T-0899,H-03-01,T-0808,H-03-02
O0750,J,9674.1,36530.4,36530.4,36542.4,36573.6,36574.2,36603.8,36638.1,26964.0,26856.3,AMR3,AMR2,0,0,21,40.7,40.7,AMR3,62.1,62.1,AMR2,0,0,0.0,0,0,0,0,0.0,0,0.0,63,64.9,42.2,0.0,T-0900,J-04-01,T-0727,J-03-01
O0751,D,9677.7,36595.8,36595.8,36607.4,36632.9,36634.6,36660.8,36693.0,27015.3,26918.1,AMR3,AMR1,0,0,13,35.4,35.4,AMR3,56.6,56.6,AMR1,0,0,0.0,0,0,0,0,0.0,0,0.0,42,46.2,49.3,0.0,T-0901,D-03-03,T-0823,D-03-01
O0752,E,9681.9,36647.0,36647.0,36662.7,36689.6,36710.5,36742.6,36786.5,27104.6,26965.1,AMR3,AMR3,0,0,19,39.3,39.3,AMR3,59.5,59.5,AMR3,0,0,0.0,0,1,1,1,9.0,1,4.0,64,65.3,41.3,12.0,T-0902,E-06-02,T-0698,E-05-03
O0753,G,9687.9,36661.8,36661.8,36674.2,36701.5,36718.3,36744.5,36773.2,27085.3,26973.9,AMR2,AMR2,0,0,17,38.8,38.8,AMR2,56.6,56.6,AMR2,0,0,0.0,0,0,0,0,0.0,0,0.0,45,49.6,45.0,0.0,T-0903,G-04-02,T-0719,G-06-02
O0754,I,9692.2,36721.8,36721.8,36732.3,36756.7,36771.5,36801.7,36829.1,27136.9,27029.6,AMR1,AMR1,0,0,15,34.0,34.0,AMR1,54.4,54.4,AMR1,0,0,0.0,0,1,1,0,0.0,0,0.0,41,46.9,42.6,3.0,T-0904,I-01-02,T-0852,I-02-02
O0755,D,9695.6,36801.3,36801.3,36814.6,36839.3,36853.4,36885.6,36916.7,27221.1,27105.7,AMR2,AMR2,0,0,13,36.3,36.3,AMR2,53.8,53.8,AMR2,0,0,0.0,0,1,1,0,0.0,0,0.0,44,49.7,47.4,4.2,T-0905,D-03-01,T-0827,D-04-01
O0756,I,9701.7,36814.6,36814.6,36826.8,36850.5,36862.3,36896.3,36929.0,27227.3,27112.9,AMR3,AMR1,0,0,15,35.0,35.0,AMR3,52.8,52.8,AMR1,0,0,0.0,0,1,1,1,7.6,1,2.6,43,48.5,42.0,12.1,T-0906,I-02-02,T-0857,I-03-02
O0757,J,9705.5,36871.7,36871.7,36885.5,36914.3,36935.8,36973.8,37008.8,27303.3,27166.2,AMR3,AMR3,0,0,21,40.9,40.9,AMR3,62.0,62.0,AMR3,0,0,0.0,0,2,1,0,0.0,0,0.0,66,70.3,42.3,3.0,T-0907,J-03-01,T-0735,J-06-01
O0758,F,9711.8,36944.7,36944.7,36957.0,36987.7,37011.3,37049.7,37089.1,27377.3,27232.9,AMR2,AMR2,0,0,23,40.5,40.5,AMR2,65.9,65.9,AMR2,0,0,0.0,0,1,1,1,4.8,0,0.0,67,71.8,41.2,7.8,T-0908,F-02-02,T-0721,F-05-02
O0759,B,9716.8,36957.1,36957.1,36968.9,36996.7,37020.2,37043.5,37074.0,27357.2,27240.3,AMR1,AMR1,0,0,15,37.1,37.1,AMR1,50.5,50.5,AMR1,0,0,0.0,0,0,0,0,0.0,0,0.0,51,53.1,40.3,0.0,T-0909,B-01-01,T-0681,B-02-01
O0760,F,9722.4,37032.5,37032.5,37046.3,37076.2,37097.7,37136.0,37169.4,27447.0,27310.1,AMR3,AMR1,0,0,23,42.0,42.0,AMR3,65.6,65.6,AMR1,0,0,0.0,0,1,1,0,0.0,0,0.0,66,70.0,42.4,3.0,T-0910,F-03-02,T-0737,F-04-02
O0761,I,9727.2,37104.1,37104.1,37115.3,37142.8,37158.9,37190.5,37218.0,27490.8,27376.9,AMR3,AMR3,0,0,15,37.0,37.0,AMR3,53.2,53.2,AMR3,0,0,0.0,0,1,0,0,0.0,0,0.0,46,50.8,44.4,2.6,T-0911,I-03-02,T-0859,I-04-02
O0762,J,9732.3,37115.4,37115.4,37129.5,37161.6,37184.5,37213.5,37248.0,27515.7,27383.1,AMR2,AMR2,0,0,21,42.9,42.9,AMR2,63.7,63.7,AMR2,0,0,0.0,0,0,0,0,0.0,0,0.0,62,63.7,46.0,0.0,T-0912,J-06-01,T-0742,J-01-02
O0763,E,9737.4,37193.1,37193.1,37208.4,37236.5,37241.7,37268.9,37305.6,27568.2,27455.7,AMR1,AMR3,0,0,19,40.9,40.9,AMR1,64.1,64.1,AMR3,0,0,0.0,0,0,0,0,0.0,0,0.0,59,59.8,47.5,0.0,T-0913,E-04-03,T-0708,E-02-01
O0764,C,9744.0,37256.7,37256.7,37272.7,37292.9,37305.7,37331.3,37356.8,27612.8,27512.7,AMR1,AMR1,0,0,13,35.3,35.3,AMR1,50.8,50.8,AMR1,0,0,0.0,0,0,0,0,0.0,0,0.0,39,43.4,43.9,0.0,T-0914,C-04-01,T-0781,C-05-01
O0765,E,9750.1,37271.7,37271.7,37284.9,37313.8,37329.3,37363.2,37401.6,27651.5,27521.6,AMR2,AMR3,0,0,19,41.2,41.2,AMR2,62.4,62.4,AMR3,0,0,0.0,0,2,1,1,1.9,0,0.0,59,63.4,46.1,4.9,T-0915,E-02-01,T-0717,E-03-02
O0766,I,9755.7,37339.2,37339.2,37351.2,37379.3,37380.5,37409.9,37440.8,27685.1,27583.5,AMR2,AMR1,0,0,15,37.6,37.6,AMR2,53.9,53.9,AMR1,0,0,0.0,0,1,0,1,3.1,0,0.0,47,51.6,45.7,3.1,T-0916,I-04-02,T-0867,I-05-02
O0767,C,9762.5,37396.1,37396.1,37419.1,37440.0,37452.8,37477.3,37504.9,27742.4,27633.6,AMR2,AMR2,0,0,13,43.0,43.0,AMR2,52.2,52.2,AMR2,0,0,0.0,0,0,0,0,0.0,0,0.0,41,43.0,53.0,0.0,T-0917,C-05-01,T-0788,C-03-03
O0768,D,9766.6,37425.3,37425.3,37441.3,37467.6,37482.4,37521.8,37549.9,27783.3,27658.7,AMR3,AMR3,0,0,13,39.8,39.8,AMR3,52.2,52.2,AMR3,0,0,0.0,0,0,1,0,0.0,1,7.0,45,48.5,49.3,12.0,T-0918,D-04-01,T-0828,D-05-03
O0769,D,9771.1,37464.5,37464.5,37476.3,37502.0,37522.2,37554.4,37582.6,27811.5,27693.4,AMR1,AMR1,0,0,13,32.9,32.9,AMR1,52.0,52.0,AMR1,0,0,0.0,0,2,1,0,0.0,1,0.1,45,48.5,42.2,7.2,T-0919,D-04-03,T-0832,D-05-01
O0770,H,9778.1,37532.6,37532.6,37548.0,37572.5,37573.6,37600.5,37626.3,27848.2,27754.5,AMR2,AMR3,0,0,15,38.2,38.2,AMR2,53.9,53.9,AMR3,0,0,0.0,0,0,0,0,0.0,0,0.0,42,45.8,46.8,0.0,T-0920,H-03-02,T-0818,H-01-01
O0771,D,9784.8,37587.0,37587.0,37600.5,37621.5,37636.3,37673.6,37703.4,27918.6,27802.2,AMR2,AMR2,0,0,13,32.0,32.0,AMR2,55.9,55.9,AMR2,0,0,0.0,0,2,2,0,0.0,0,0.0,43,50.4,45.2,6.0,T-0921,D-05-01,T-0835,D-02-01
O0772,D,9789.0,37606.3,37606.3,37617.9,37641.9,37655.3,37689.1,37717.2,27928.2,27817.3,AMR1,AMR3,0,0,13,31.7,31.7,AMR1,51.1,51.1,AMR3,0,0,0.0,0,0,0,1,1.4,0,0.0,49,53.0,40.1,4.4,T-0922,D-05-03,T-0841,D-06-01
O0773,I,9793.9,37661.8,37661.8,37677.2,37702.7,37719.5,37750.0,37779.7,27985.8,27867.9,AMR1,AMR1,0,0,15,38.4,38.4,AMR1,51.9,51.9,AMR1,0,0,0.0,0,1,1,0,0.0,0,0.0,51,53.6,44.5,3.0,T-0923,I-05-02,T-0869,I-06-02
O0774,H,9799.7,37731.1,37731.1,37741.9,37768.8,37783.0,37818.4,37845.8,28046.1,27931.4,AMR2,AMR2,0,0,15,36.8,36.8,AMR2,49.0,49.0,AMR2,0,0,0.0,0,2,2,0,0.0,0,0.0,45,49.0,40.5,11.0,T-0924,H-01-01,T-0825,H-05-02
O0775,H,9806.0,37740.9,37740.9,37753.9,37777.8,37797.0,37826.2,37859.1,28053.1,27934.9,AMR3,AMR3,0,0,15,36.0,36.0,AMR3,49.5,49.5,AMR3,0,0,0.0,0,1,1,2,9.3,1,2.9,39,44.5,40.2,14.3,T-0925,H-04-03,T-0831,H-06-02
O0776,J,9809.4,37814.2,37814.2,37827.8,37860.3,37869.5,37900.7,37933.6,28124.2,28004.8,AMR1,AMR2,0,0,21,45.2,45.2,AMR1,62.9,62.9,AMR2,0,0,0.0,0,0,0,0,0.0,0,0.0,59,61.3,47.5,1.4,T-0926,J-01-02,T-0743,J-02-02
O0777,H,9814.5,37880.5,37880.5,37895.7,37922.4,37937.2,37965.1,37992.5,28178.0,28066.0,AMR1,AMR1,0,0,15,41.0,41.0,AMR1,51.6,51.6,AMR1,0,0,0.0,0,1,1,1,5.4,1,0.4,39,44.5,47.3,5.4,T-0927,H-05-02,T-0840,H-06-01
O0778,I,9819.2,37895.7,37895.7,37911.2,37937.0,37957.3,37980.7,38009.0,28189.8,28076.5,AMR3,AMR2,0,0,15,38.0,38.0,AMR3,51.9,51.9,AMR2,0,0,0.0,0,0,0,0,0.0,0,0.0,44,48.9,44.1,0.0,T-0928,I-06-02,T-0871,I-01-03
O0779,F,9822.9,37964.3,37964.3,37978.7,38011.6,38016.2,38046.1,38078.9,28256.0,28141.4,AMR3,AMR1,0,0,23,46.4,46.4,AMR3,65.4,65.4,AMR1,0,0,0.0,0,0,0,0,0.0,0,0.0,63,63.4,46.6,0.0,T-0929,F-04-02,T-0753,F-06-02
O0780,B,9826.0,38032.7,38032.7,38043.9,38069.0,38085.2,38110.0,38140.2,28314.2,28206.7,AMR2,AMR2,0,0,15,33.8,33.8,AMR2,54.7,54.7,AMR2,0,0,0.0,0,0,0,0,0.0,0,0.0,47,50.1,41.2,0.0,T-0930,B-02-01,T-0685,B-04-01
O0781,D,9831.4,38043.9,38043.9,38058.6,38079.3,38092.1,38119.9,38152.9,28321.5,28212.5,AMR3,AMR3,0,0,13,34.5,34.5,AMR3,49.1,49.1,AMR3,0,0,0.0,0,1,1,1,6.6,2,1.9,39,43.4,40.9,11.9,T-0931,D-02-01,T-0848,D-01-02
O0782,A,9835.5,38106.6,38106.6,38117.3,38148.1,38163.9,38192.2,38228.2,28392.7,28271.1,AMR1,AMR2,0,0,21,39.0,39.0,AMR1,65.0,65.0,AMR2,0,0,0.0,0,1,0,0,0.0,0,0.0,65,63.9,41.9,0.0,T-0932,A-01-01,T-0740,A-04-02
O0783,H,9841.7,38171.6,38171.6,38183.0,38208.6,38222.1,38248.3,38275.1,28433.4,28329.9,AMR1,AMR1,0,0,15,36.9,36.9,AMR1,54.2,54.2,AMR1,0,0,0.0,0,0,0,0,0.0,0,0.0,40,44.2,45.8,0.0,T-0933,H-06-01,T-0845,H-01-03
O0784,I,9845.5,38183.0,38183.0,38197.3,38225.0,38239.8,38271.4,38297.9,28452.4,28337.5,AMR3,AMR3,0,0,15,41.1,41.1,AMR3,52.5,52.5,AMR3,0,0,0.0,0,1,1,0,0.0,0,0.0,43,49.3,47.8,3.0,T-0934,I-01-03,T-0874,I-01-01
O0785,I,9852.4,38256.3,38256.3,38269.4,38297.7,38298.8,38328.0,38353.9,28501.5,28403.9,AMR2,AMR1,0,0,15,38.9,38.9,AMR2,52.5,52.5,AMR1,0,0,0.0,0,1,1,0,0.0,0,0.0,43,47.9,45.6,3.0,T-0935,I-05-03,T-0875,I-02-03
O0786,H,9856.9,38314.5,38314.5,38326.1,38348.1,38361.6,38385.7,38411.0,28554.1,28457.6,AMR2,AMR2,0,0,15,33.5,33.5,AMR2,50.6,50.6,AMR2,0,0,0.0,0,0,0,0,0.0,0,0.0,40,44.2,38.8,0.0,T-0936,H-06-02,T-0851,H-01-02
O0787,J,9862.4,38326.0,38326.0,38339.3,38368.9,38377.6,38410.8,38445.3,28582.9,28463.6,AMR3,AMR1,0,0,21,42.0,42.0,AMR3,65.9,65.9,AMR1,0,0,0.0,0,0,0,0,0.0,0,0.0,61,63.3,47.3,0.0,T-0937,J-02-02,T-0744,J-03-02
O0788,D,9869.1,38389.1,38389.1,38400.1,38422.8,38434.7,38463.0,38490.9,28621.8,28520.0,AMR3,AMR2,0,0,13,30.4,30.4,AMR3,51.3,51.3,AMR2,0,0,0.0,0,1,1,0,0.0,1,0.1,42,45.8,39.0,5.1,T-0938,D-06-01,T-0856,D-02-02
O0789,D,9872.5,38444.7,38444.7,38459.8,38488.7,38501.1,38532.0,38563.8,28691.3,28572.2,AMR3,AMR3,0,0,13,33.7,33.7,AMR3,54.3,54.3,AMR3,0,0,0.0,0,2,2,1,1.3,1,0.3,49,51.8,45.3,9.6,T-0939,D-01-02,T-0865,D-03-02
O0790,I,9878.3,38473.3,38473.3,38488.9,38516.5,38522.0,38551.1,38579.3,28701.0,28595.0,AMR1,AMR2,0,0,15,42.3,42.3,AMR1,56.3,56.3,AMR2,0,0,0.0,0,0,0,1,1.2,0,0.0,41,46.5,52.8,1.2,T-0940,I-01-01,T-0881,I-02-01
O0791,D,9881.9,38531.3,38531.3,38541.9,38564.1,38576.9,38604.9,38635.0,28753.1,28649.4,AMR1,AMR1,0,0,13,31.9,31.9,AMR1,49.3,49.3,AMR1,0,0,0.0,0,2,1,0,0.0,1,0.5,43,46.9,38.5,5.5,T-0941,D-02-02,T-0876,D-04-02
O0792,J,9887.4,38591.5,38591.5,38603.7,38632.9,38654.4,38692.1,38740.0,28852.6,28704.1,AMR3,AMR3,0,0,21,39.7,39.7,AMR3,64.5,64.5,AMR3,0,0,0.0,0,1,1,1,11.9,1,6.9,66,68.5,43.6,14.9,T-0942,J-03-02,T-0745,J-06-03
O0793,D,9892.6,38606.6,38606.6,38621.1,38646.4,38663.3,38692.4,38724.3,28831.7,28714.0,AMR2,AMR1,0,0,13,38.1,38.1,AMR2,52.9,52.9,AMR1,0,0,0.0,0,1,1,0,0.0,0,0.0,44,47.7,48.3,4.8,T-0943,D-03-02,T-0883,D-05-02
O0794,C,9896.9,38673.0,38673.0,38683.5,38704.8,38717.3,38740.0,38766.5,28869.6,28776.1,AMR2,AMR2,0,0,13,30.1,30.1,AMR2,49.3,49.3,AMR2,0,0,0.0,0,0,0,0,0.0,0,0.0,42,43.8,37.2,0.0,T-0944,C-03-03,T-0800,C-03-01
O0795,D,9903.7,38748.0,38748.0,38762.5,38788.0,38795.2,38822.0,38854.1,28950.4,28844.3,AMR1,AMR2,0,0,13,37.5,37.5,AMR1,54.1,54.1,AMR2,0,0,0.0,0,0,0,0,0.0,0,0.0,47,50.0,48.9,0.0,T-0945,D-04-02,T-0887,D-06-02
O0796,I,9910.5,38763.7,38763.7,38776.3,38806.9,38821.7,38858.4,38883.2,28972.7,28853.2,AMR3,AMR3,0,0,15,35.9,35.9,AMR3,52.1,52.1,AMR3,0,0,0.0,0,1,1,1,1.2,0,0.0,47,55.3,42.2,7.2,T-0946,I-02-01,T-0882,I-03-03
O0797,I,9916.3,38804.8,38804.8,38819.3,38846.9,38861.7,38896.9,38923.3,29007.0,28888.5,AMR1,AMR1,0,0,15,39.8,39.8,AMR1,54.2,54.2,AMR1,0,0,0.0,0,0,1,1,1.4,1,0.6,43,48.5,48.2,7.0,T-0947,I-02-03,T-0884,I-03-01
O0798,D,9920.0,38882.8,38882.8,38897.4,38924.3,38939.1,38964.5,38993.6,29073.6,28962.8,AMR2,AMR2,0,0,13,33.5,33.5,AMR2,50.6,50.6,AMR2,0,0,0.0,0,2,2,0,0.0,0,0.0,43,47.5,41.4,7.1,T-0948,D-05-02,T-0894,D-01-03
O0799,H,9923.1,38911.7,38911.7,38923.5,38945.6,38951.0,38983.3,39011.7,29088.6,28988.6,AMR3,AMR1,0,0,15,33.0,33.0,AMR3,55.8,55.8,AMR1,0,0,0.0,0,1,1,0,0.0,1,0.1,41,46.0,43.5,5.1,T-0949,H-01-02,T-0863,H-02-03
O0800,I,9929.2,38963.8,38963.8,38975.8,38999.3,39015.4,39053.5,39084.4,29155.2,29034.6,AMR3,AMR3,0,0,15,33.8,33.8,AMR3,54.3,54.3,AMR3,0,0,0.0,0,2,2,0,0.0,0,0.0,48,56.2,42.3,6.0,T-0950,I-03-01,T-0885,I-04-03
O0801,J,9949.3,39024.3,39024.3,39039.3,39069.3,39095.9,39133.0,39181.2,29231.9,29075.0,AMR2,AMR2,0,0,21,42.5,42.5,AMR2,65.3,65.3,AMR2,0,0,0.0,0,1,1,1,8.2,1,3.2,65,66.4,47.2,16.7,T-0951,J-04-03,T-0747,J-05-01
O0802,I,9967.0,39040.9,39040.9,39053.3,39079.1,39105.3,39139.0,39164.8,29197.8,29073.9,AMR1,AMR1,0,0,15,36.5,36.5,AMR1,50.9,50.9,AMR1,0,0,0.0,0,1,1,0,0.0,1,0.3,46,50.8,41.6,5.3,T-0952,I-03-03,T-0888,I-04-01
O0803,A,9987.4,39115.5,39115.5,39127.9,39155.6,39177.2,39204.0,39244.9,29257.5,29128.1,AMR3,AMR3,0,0,21,37.6,37.6,AMR3,66.1,66.1,AMR3,0,0,0.0,0,1,0,1,3.3,0,0.0,63,62.9,41.6,3.3,T-0953,A-02-02,T-0748,A-06-02
O0804,G,10007.9,39188.5,39188.5,39201.0,39228.5,39245.3,39275.0,39306.9,29299.0,29180.6,AMR1,AMR1,0,0,17,39.1,39.1,AMR1,58.3,58.3,AMR1,0,0,0.0,0,1,0,0,0.0,0,0.0,51,54.6,47.0,0.0,T-0954,G-05-02,T-0724,G-01-03
O0805,D,10030.2,39204.9,39204.9,39216.9,39240.4,39255.9,39284.9,39319.5,29289.3,29174.7,AMR2,AMR2,0,0,13,32.2,32.2,AMR2,50.5,50.5,AMR2,0,0,0.0,0,1,1,1,8.3,1,3.3,42,45.8,40.0,13.3,T-0955,D-06-02,T-0896,D-01-01
O0806,A,10054.0,39273.0,39273.0,39285.5,39314.3,39330.6,39362.2,39405.3,29351.3,29219.0,AMR3,AMR1,0,0,21,40.4,40.4,AMR3,63.1,63.1,AMR1,0,0,0.0,0,1,1,0,0.0,0,0.0,67,66.6,41.4,8.0,T-0956,A-04-02,T-0750,A-01-03
O0807,B,10071.6,39340.9,39340.9,39351.9,39373.1,39387.9,39416.7,39447.7,29376.1,29269.3,AMR3,AMR3,0,0,15,31.3,31.3,AMR3,57.1,57.1,AMR3,0,0,0.0,0,1,0,1,2.4,0,0.0,45,48.5,41.1,2.4,T-0957,B-04-01,T-0718,B-05-01
O0808,B,10095.3,39352.0,39352.0,39366.3,39395.3,39410.1,39435.8,39461.8,29366.5,29256.7,AMR2,AMR2,0,0,15,39.3,39.3,AMR2,51.7,51.7,AMR2,0,0,0.0,0,1,0,2,4.8,0,0.0,43,46.5,43.7,4.8,T-0958,B-04-03,T-0729,B-06-01
O0809,J,10112.4,39429.0,39429.0,39444.8,39475.6,39485.5,39529.0,39566.9,29454.5,29316.6,AMR1,AMR2,0,0,21,44.1,44.1,AMR1,59.8,59.8,AMR2,0,0,0.0,0,1,2,0,0.0,1,7.1,65,66.4,43.3,18.3,T-0959,J-05-01,T-0768,J-04-02
O0810,J,10130.9,39471.4,39471.4,39483.4,39513.1,39538.7,39571.9,39606.1,29475.2,29340.5,AMR3,AMR3,0,0,21,39.2,39.2,AMR3,64.1,64.1,AMR3,0,0,0.0,0,0,0,0,0.0,0,0.0,65,66.4,42.7,0.0,T-0960,J-05-03,T-0785,J-05-02
O0811,J,10150.2,39497.8,39497.8,39509.4,39548.6,39571.5,39603.5,39637.7,29487.5,29347.6,AMR1,AMR1,0,0,21,38.1,38.1,AMR1,66.4,66.4,AMR1,0,0,0.0,0,1,1,0,0.0,0,0.0,64,68.0,43.9,5.1,T-0961,J-06-03,T-0806,J-01-03
O0812,D,10173.0,39590.6,39590.6,39601.9,39622.2,39629.8,39656.0,39685.3,29512.3,29417.6,AMR2,AMR3,0,0,13,30.7,30.7,AMR2,55.7,55.7,AMR3,0,0,0.0,0,1,0,0,0.0,0,0.0,39,43.4,43.7,0.0,T-0962,D-01-01,T-0897,D-02-03
O0813,I,10193.7,39637.1,39637.1,39648.7,39682.4,39699.2,39735.9,39765.0,29571.3,29443.4,AMR2,AMR2,0,0,15,37.7,37.7,AMR2,51.1,51.1,AMR2,0,0,0.0,0,3,3,0,0.0,1,0.1,49,57.0,43.0,11.1,T-0963,I-04-01,T-0890,I-05-01
O0814,C,10214.7,39666.4,39666.4,39682.2,39705.7,39714.2,39743.5,39780.5,29565.8,29451.7,AMR1,AMR3,0,0,13,37.6,37.6,AMR1,53.6,53.6,AMR3,0,0,0.0,0,1,1,1,9.1,2,4.4,38,42.2,49.0,14.4,T-0964,C-03-01,T-0804,C-06-01
O0815,E,10239.5,39727.3,39727.3,39738.4,39763.9,39783.4,39817.8,39855.4,29615.9,29487.8,AMR1,AMR1,0,0,19,34.9,34.9,AMR1,64.1,64.1,AMR1,0,0,0.0,0,1,1,0,0.0,1,0.4,58,59.0,41.5,8.1,T-0965,E-03-02,T-0723,E-02-03
O0816,I,10260.2,39795.1,39795.1,39805.7,39833.1,39847.1,39882.3,39921.0,29660.8,29534.9,AMR2,AMR3,0,0,15,35.5,35.5,AMR2,54.8,54.8,AMR3,0,0,0.0,0,1,1,2,10.1,1,3.4,49,53.1,44.5,14.3,T-0966,I-05-01,T-0898,I-06-01
O0817,C,10283.3,39805.7,39805.7,39816.6,39835.6,39856.3,39881.1,39906.9,29623.6,29522.4,AMR3,AMR2,0,0,13,29.8,29.8,AMR3,50.8,50.8,AMR2,0,0,0.0,0,0,0,0,0.0,0,0.0,38,42.1,38.4,0.0,T-0967,C-06-01,T-0805,C-01-02
O0818,E,10307.5,39880.8,39880.8,39891.7,39916.0,39930.6,39962.5,39996.3,29688.8,29573.3,AMR1,AMR2,0,0,19,34.3,34.3,AMR1,60.9,60.9,AMR2,0,0,0.0,0,1,1,0,0.0,0,0.0,57,58.2,37.7,5.0,T-0968,E-02-03,T-0728,E-01-01
O0819,C,10323.8,39940.6,39940.6,39954.8,39974.0,39986.2,40008.6,40039.9,29716.1,29616.8,AMR1,AMR1,0,0,13,32.5,32.5,AMR1,49.3,49.3,AMR1,0,0,0.0,0,1,1,0,0.0,0,0.0,39,42.9,39.6,4.6,T-0969,C-01-02,T-0820,C-02-02
O0820,F,10340.3,39954.8,39954.8,39966.4,39997.8,40020.0,40057.8,40101.3,29761.0,29614.5,AMR3,AMR2,0,0,23,42.1,42.1,AMR3,63.4,63.4,AMR2,0,0,0.0,0,2,1,0,0.0,1,0.5,71,71.8,40.3,12.2,T-0970,F-05-02,T-0758,F-01-02
O0821,G,10362.9,40032.2,40032.2,40046.6,40070.5,40086.0,40115.8,40148.4,29785.5,29669.3,AMR3,AMR3,0,0,17,38.2,38.2,AMR3,59.1,59.1,AMR3,0,0,0.0,0,0,0,0,0.0,0,0.0,50,53.8,46.9,0.0,T-0971,G-06-02,T-0731,G-02-03
O0822,E,10379.3,40063.6,40063.6,40076.6,40102.0,40120.2,40158.4,40197.0,29817.7,29684.3,AMR1,AMR1,0,0,19,37.5,37.5,AMR1,65.8,65.8,AMR1,0,0,0.0,0,1,1,0,0.0,0,0.0,63,66.4,45.8,3.0,T-0972,E-01-01,T-0730,E-06-01
O0823,H,10398.4,40129.0,40129.0,40141.9,40164.2,40172.1,40203.1,40228.8,29830.4,29730.6,AMR2,AMR3,0,0,15,34.3,34.3,AMR2,53.5,53.5,AMR3,0,0,0.0,0,1,1,0,0.0,0,0.0,43,46.4,42.5,3.0,T-0973,H-01-03,T-0864,H-02-01
O0824,B,10419.8,40182.8,40182.8,40194.3,40218.0,40220.7,40248.6,40280.8,29861.0,29763.0,AMR2,AMR1,0,0,15,34.3,34.3,AMR2,57.8,57.8,AMR1,0,0,0.0,0,0,0,0,0.0,0,0.0,49,50.5,44.8,0.0,T-0974,B-05-01,T-0749,B-01-02
O0825,E,10439.9,40232.8,40232.8,40244.6,40274.5,40295.4,40324.2,40361.9,29922.0,29792.9,AMR2,AMR2,0,0,19,38.4,38.4,AMR2,64.7,64.7,AMR2,0,0,0.0,0,1,0,0,0.0,0,0.0,62,62.6,45.6,0.0,T-0975,E-06-01,T-0733,E-03-01
O0826,F,10464.3,40255.0,40255.0,40265.7,40296.6,40304.5,40335.3,40373.6,29909.3,29790.7,AMR3,AMR1,0,0,23,39.1,39.1,AMR3,61.2,61.2,AMR1,0,0,0.0,0,0,0,1,5.6,1,0.6,71,70.0,35.1,5.6,T-0976,F-01-02,T-0759,F-02-03
O0827,F,10488.8,40320.2,40320.2,40334.6,40362.7,40383.6,40416.2,40449.6,29960.8,29831.4,AMR3,AMR3,0,0,23,42.4,42.4,AMR3,65.7,65.7,AMR3,0,0,0.0,0,0,0,0,0.0,0,0.0,64,65.6,42.9,0.0,T-0977,F-06-02,T-0763,F-04-01
O0828,B,10503.8,40387.1,40387.1,40400.5,40420.9,40434.4,40458.7,40490.6,29986.8,29883.3,AMR2,AMR2,0,0,15,33.7,33.7,AMR2,52.9,52.9,AMR2,0,0,0.0,0,0,0,0,0.0,0,0.0,48,50.7,39.3,0.0,T-0978,B-06-01,T-0766,B-02-02
O0829,F,10528.5,40400.6,40400.6,40416.8,40448.9,40471.1,40501.7,40541.9,30013.4,29872.1,AMR1,AMR1,0,0,23,47.4,47.4,AMR1,65.5,65.5,AMR1,0,0,0.0,0,0,0,0,0.0,0,0.0,69,68.4,47.7,3.0,T-0979,F-04-01,T-0765,F-01-03
O0830,G,10551.5,40474.5,40474.5,40485.4,40512.5,40514.3,40543.2,40573.9,30022.4,29923.0,AMR3,AMR2,0,0,17,35.5,35.5,AMR3,58.8,58.8,AMR2,0,0,0.0,0,0,0,0,0.0,0,0.0,51,53.7,43.9,0.0,T-0980,G-01-03,T-0739,G-03-03
O0831,D,10576.2,40530.7,40530.7,40546.5,40570.1,40585.8,40615.8,40642.6,30066.4,29954.5,AMR3,AMR3,0,0,13,38.5,38.5,AMR3,49.2,49.2,AMR3,0,0,0.0,0,2,1,0,0.0,0,0.0,43,48.2,45.0,3.0,T-0981,D-01-03,T-0901,D-03-03
O0832,E,10593.9,40569.5,40569.5,40595.8,40622.8,40642.3,40670.7,40720.0,30126.1,29975.6,AMR1,AMR1,0,0,19,50.5,50.5,AMR1,61.5,61.5,AMR1,0,0,0.0,0,1,0,1,9.5,1,4.5,62,62.5,54.5,14.0,T-0982,E-03-01,T-0761,E-04-01
O0833,C,10614.3,40602.3,40602.3,40617.1,40641.9,40654.1,40678.0,40705.1,30090.8,29988.0,AMR2,AMR2,0,0,13,38.7,38.7,AMR2,51.7,51.7,AMR2,0,0,0.0,0,1,0,0,0.0,0,0.0,39,42.4,48.2,0.0,T-0983,C-02-02,T-0821,C-04-03
O0834,F,10637.9,40666.3,40666.3,40680.1,40715.9,40728.8,40761.8,40798.0,30160.1,30028.4,AMR3,AMR2,0,0,23,47.1,47.1,AMR3,66.9,66.9,AMR2,0,0,0.0,0,0,0,0,0.0,0,0.0,71,70.0,48.8,0.0,T-0984,F-01-03,T-0775,F-02-01
O0835,A,10660.5,40739.5,40739.5,40755.9,40781.2,40800.1,40827.7,40876.4,30215.9,30079.0,AMR3,AMR3,0,0,21,41.6,41.6,AMR3,61.8,61.8,AMR3,0,0,0.0,0,0,0,1,11.2,1,6.2,66,65.5,41.3,11.2,T-0985,A-06-02,T-0767,A-02-03
O0836,H,10681.8,40756.0,40756.0,40771.9,40796.5,40810.7,40834.5,40862.1,30180.3,30074.2,AMR1,AMR1,0,0,15,39.6,39.6,AMR1,52.1,52.1,AMR1,0,0,0.0,0,0,0,0,0.0,0,0.0,41,45.5,46.4,0.0,T-0986,H-02-01,T-0872,H-04-01
O0837,C,10698.0,40821.7,40821.7,40836.0,40856.9,40869.7,40892.4,40921.9,30223.9,30123.7,AMR2,AMR2,0,0,13,34.3,34.3,AMR2,52.3,52.3,AMR2,0,0,0.0,0,0,0,0,0.0,0,0.0,41,43.0,44.4,0.0,T-0987,C-04-03,T-0829,C-03-02
O0838,G,10717.6,40885.8,40885.8,40899.6,40929.9,40945.6,40977.1,41017.4,30299.8,30168.2,AMR1,AMR2,0,0,17,41.6,41.6,AMR1,52.1,52.1,AMR2,0,0,0.0,0,1,1,1,13.6,1,8.6,49,54.8,43.3,17.8,T-0988,G-02-03,T-0751,G-04-03
O0839,C,10742.5,40900.1,40900.1,40913.6,40938.9,40951.4,40974.8,41005.5,30263.0,30157.6,AMR3,AMR3,0,0,13,37.1,37.1,AMR3,53.8,53.8,AMR3,0,0,0.0,0,0,0,0,0.0,0,0.0,40,44.2,48.7,0.0,T-0989,C-03-02,T-0846,C-04-02
O0840,E,10760.5,40954.9,40954.9,40969.9,40996.5,41016.7,41043.4,41077.0,30316.5,30194.4,AMR1,AMR1,0,0,19,39.1,39.1,AMR1,58.5,58.5,AMR1,0,0,0.0,0,0,0,0,0.0,0,0.0,61,61.8,40.1,0.0,T-0990,E-04-01,T-0762,E-03-03
O0841,E,10782.1,41029.2,41029.2,41044.6,41074.3,41092.6,41131.5,41177.8,30395.7,30247.1,AMR3,AMR2,0,0,19,43.4,43.4,AMR3,61.0,61.0,AMR2,0,0,0.0,0,2,1,2,13.2,2,9.9,58,62.2,46.9,21.2,T-0991,E-03-03,T-0769,E-01-02
O0842,C,10800.8,41044.7,41044.7,41056.0,41079.8,41102.9,41134.3,41164.1,30363.3,30243.9,AMR2,AMR3,0,0,13,34.2,34.2,AMR2,55.3,55.3,AMR3,0,0,0.0,0,1,0,0,0.0,0,0.0,39,43.4,47.3,5.6,T-0992,C-04-02,T-0854,C-05-02
O0843,E,10819.8,41113.5,41113.5,41129.0,41159.0,41179.2,41208.8,41247.1,30427.3,30293.7,AMR1,AMR1,0,0,19,43.0,43.0,AMR1,60.3,60.3,AMR1,0,0,0.0,0,0,0,0,0.0,0,0.0,63,64.6,45.8,3.0,T-0993,E-05-03,T-0776,E-05-01
O0844,D,10841.8,41187.8,41187.8,41199.8,41220.7,41233.5,41260.1,41288.8,30447.0,30346.0,AMR3,AMR3,0,0,13,32.0,32.0,AMR3,52.4,52.4,AMR3,0,0,0.0,0,0,0,1,1.1,0,0.0,41,45.4,41.7,1.1,T-0994,D-02-03,T-0905,D-03-01
O0845,B,10863.3,41201.5,41201.5,41217.8,41241.5,41257.7,41281.0,41312.0,30448.7,30338.2,AMR2,AMR2,0,0,15,37.5,37.5,AMR2,52.5,52.5,AMR2,0,0,0.0,0,0,0,0,0.0,0,0.0,49,51.6,42.7,0.0,T-0995,B-01-02,T-0771,B-03-02
O0846,B,10880.5,41270.8,41270.8,41281.5,41308.8,41312.5,41334.8,41367.4,30486.9,30390.3,AMR1,AMR3,0,0,15,35.5,35.5,AMR1,55.6,55.6,AMR3,0,0,0.0,0,0,0,0,0.0,0,0.0,47,49.1,43.8,0.0,T-0996,B-02-02,T-0773,B-04-02
O0847,I,10901.4,41325.0,41325.0,41340.9,41367.4,41384.9,41416.2,41439.4,30538.0,30423.6,AMR1,AMR1,0,0,15,39.1,39.1,AMR1,51.7,51.7,AMR1,0,0,0.0,0,1,1,0,0.0,0,0.0,44,48.9,45.0,3.0,T-0997,I-06-01,T-0904,I-01-02
O0848,A,10920.8,41340.9,41340.9,41352.3,41383.2,41396.1,41425.0,41459.9,30539.1,30420.1,AMR2,AMR3,0,0,21,39.8,39.8,AMR2,63.0,63.0,AMR3,0,0,0.0,0,0,0,0,0.0,0,0.0,67,65.4,40.7,0.0,T-0998,A-01-03,T-0779,A-03-03
O0849,G,10944.0,41404.8,41404.8,41415.4,41440.9,41458.4,41487.2,41517.2,30573.2,30460.8,AMR2,AMR2,0,0,17,34.4,34.4,AMR2,58.5,58.5,AMR2,0,0,0.0,0,0,0,0,0.0,0,0.0,48,52.4,42.5,0.0,T-0999,G-03-03,T-0757,G-05-01
O0850,B,10960.3,41463.1,41463.1,41475.1,41500.0,41515.5,41542.6,41571.5,30611.2,30502.8,AMR1,AMR1,0,0,15,35.2,35.2,AMR1,55.7,55.7,AMR1,0,0,0.0,0,0,0,0,0.0,0,0.0,46,49.3,43.6,0.0,T-1000,B-03-02,T-0774,B-05-03
O0851,B,10979.2,41483.6,41483.6,41498.4,41520.7,41535.5,41562.4,41595.0,30615.8,30504.4,AMR3,AMR3,0,0,15,36.2,36.2,AMR3,57.1,57.1,AMR3,0,0,0.0,0,0,0,1,2.1,0,0.0,45,48.5,46.0,2.1,T-1001,B-04-02,T-0798,B-05-02
O0852,E,10997.3,41540.9,41540.9,41556.8,41587.2,41595.2,41623.9,41656.9,30659.6,30543.6,AMR2,AMR1,0,0,19,43.8,43.8,AMR2,61.9,61.9,AMR1,0,0,0.0,0,0,0,0,0.0,0,0.0,59,59.8,48.2,0.0,T-1002,E-05-01,T-0784,E-02-02
O0853,C,11016.1,41607.4,41607.4,41618.0,41638.3,41654.9,41678.8,41708.1,30692.0,30591.3,AMR2,AMR2,0,0,13,30.0,30.0,AMR2,54.4,54.4,AMR2,0,0,0.0,0,0,0,0,0.0,0,0.0,39,41.9,42.2,0.0,T-1003,C-05-02,T-0868,C-02-01
O0854,C,11041.0,41618.7,41618.7,41629.8,41657.5,41670.3,41692.5,41722.5,30681.5,30577.7,AMR3,AMR3,0,0,13,31.9,31.9,AMR3,50.7,50.7,AMR3,0,0,0.0,0,1,1,1,3.2,0,0.0,39,44.4,40.4,6.2,T-1004,C-05-03,T-0870,C-06-02
O0855,A,11061.4,41680.6,41680.6,41695.6,41725.4,41731.8,41760.6,41798.2,30736.8,30619.2,AMR1,AMR2,0,0,21,42.3,42.3,AMR1,64.1,64.1,AMR2,0,0,0.0,0,0,0,0,0.0,0,0.0,69,66.9,44.3,0.0,T-1005,A-02-03,T-0791,A-02-01
O0856,D,11080.8,41746.2,41746.2,41759.3,41783.0,41797.1,41821.6,41850.1,30769.3,30665.4,AMR3,AMR3,0,0,13,35.1,35.1,AMR3,49.7,49.7,AMR3,0,0,0.0,0,0,0,0,0.0,0,0.0,44,47.7,42.1,0.0,T-1006,D-03-01,T-0918,D-04-01
O0857,G,11103.2,41759.4,41759.4,41771.9,41797.8,41814.6,41841.5,41872.7,30769.5,30656.2,AMR1,AMR1,0,0,17,37.5,37.5,AMR1,54.8,54.8,AMR1,0,0,0.0,0,0,0,0,0.0,0,0.0,51,54.6,41.9,0.0,T-1007,G-05-01,T-0782,G-01-01
O0858,D,11125.1,41821.9,41821.9,41835.1,41860.8,41873.8,41907.3,41937.5,30812.4,30696.8,AMR2,AMR3,0,0,13,36.4,36.4,AMR2,49.8,49.8,AMR3,0,0,0.0,0,1,2,0,0.0,1,0.6,45,50.5,43.5,8.6,T-1008,D-04-01,T-0919,D-04-03
O0859,C,11149.1,41883.7,41883.7,41897.0,41917.5,41929.7,41954.1,41982.5,30833.4,30734.6,AMR2,AMR2,0,0,13,32.9,32.9,AMR2,53.0,53.0,AMR2,0,0,0.0,0,0,0,0,0.0,0,0.0,39,42.9,43.7,0.0,T-1009,C-02-01,T-0878,C-01-03
O0860,G,11170.0,41901.4,41901.4,41916.1,41944.7,41961.2,41994.9,42023.9,30853.9,30731.4,AMR1,AMR3,0,0,17,40.8,40.8,AMR1,58.3,58.3,AMR3,0,0,0.0,0,1,1,0,0.0,1,0.1,49,52.2,48.7,5.1,T-1010,G-01-01,T-0783,G-05-03
O0861,F,11194.6,41970.3,41970.3,41983.6,42014.2,42037.8,42069.8,42110.6,30916.0,30775.7,AMR1,AMR1,0,0,23,41.4,41.4,AMR1,64.7,64.7,AMR1,0,0,0.0,0,0,0,1,6.3,1,1.3,69,69.5,40.9,6.3,T-1011,F-02-01,T-0803,F-03-01
O0862,B,11212.1,42006.2,42006.2,42018.1,42043.2,42047.6,42068.2,42096.3,30884.2,30794.1,AMR2,AMR3,0,0,15,36.1,36.1,AMR2,51.4,51.4,AMR3,0,0,0.0,0,0,0,0,0.0,0,0.0,43,45.5,40.2,0.0,T-1012,B-05-02,T-0801,B-06-02
O0863,J,11232.6,42058.0,42058.0,42069.2,42102.5,42120.0,42155.6,42187.5,30954.9,30825.4,AMR2,AMR3,0,0,21,42.0,42.0,AMR2,60.4,60.4,AMR3,0,0,0.0,0,1,1,0,0.0,0,0.0,61,66.1,41.8,4.1,T-1013,J-04-02,T-0807,J-02-03
O0864,A,11253.7,42129.9,42129.9,42141.3,42170.5,42192.1,42221.7,42256.8,31003.1,30876.2,AMR2,AMR2,0,0,21,38.1,38.1,AMR2,64.4,64.4,AMR2,0,0,0.0,0,0,0,0,0.0,0,0.0,65,64.9,40.4,0.0,T-1014,A-02-01,T-0792,A-05-03
O0865,J,11270.7,42141.4,42141.4,42154.9,42187.8,42210.0,42247.1,42280.7,31010.0,30870.7,AMR1,AMR1,0,0,21,43.9,43.9,AMR1,65.9,65.9,AMR1,0,0,0.0,0,1,1,0,0.0,0,0.0,61,62.9,49.2,5.0,T-1015,J-05-02,T-0839,J-01-01
O0866,G,11287.6,42219.9,42219.9,42232.2,42259.0,42275.8,42303.8,42333.8,31046.2,30932.3,AMR3,AMR3,0,0,17,38.2,38.2,AMR3,56.2,56.2,AMR3,0,0,0.0,0,0,0,0,0.0,0,0.0,49,53.1,44.0,0.0,T-1016,G-04-03,T-0796,G-03-01
O0867,D,11309.1,42280.5,42280.5,42292.5,42319.2,42333.3,42368.3,42399.9,31090.8,30971.4,AMR2,AMR2,0,0,13,30.6,30.6,AMR2,51.6,51.6,AMR2,0,0,0.0,0,2,3,0,0.0,0,0.0,48,56.8,39.5,9.0,T-1017,D-03-03,T-0921,D-05-01
O0868,D,11327.9,42309.9,42309.9,42323.1,42345.6,42357.5,42390.9,42420.8,31092.9,30982.0,AMR1,AMR3,0,0,13,33.2,33.2,AMR1,54.4,54.4,AMR3,0,0,0.0,0,0,1,0,0.0,1,0.6,45,48.5,44.9,5.6,T-1018,D-04-03,T-0922,D-05-03
O0869,B,11349.3,42364.6,42364.6,42378.0,42399.1,42412.6,42440.7,42469.9,31120.6,31015.3,AMR1,AMR1,0,0,15,34.4,34.4,AMR1,55.5,55.5,AMR1,0,0,0.0,0,0,0,0,0.0,0,0.0,46,49.2,42.6,0.0,T-1019,B-06-02,T-0847,B-03-01
O0870,A,11373.2,42423.6,42423.6,42437.6,42466.3,42487.2,42514.9,42559.4,31186.2,31050.4,AMR2,AMR2,0,0,21,41.0,41.0,AMR2,64.2,64.2,AMR2,0,0,0.0,0,0,0,1,6.2,1,1.2,66,65.6,43.1,6.2,T-1020,A-03-03,T-0799,A-03-01
O0871,C,11397.5,42444.5,42444.5,42457.3,42478.7,42490.2,42513.0,42543.4,31145.9,31047.0,AMR3,AMR3,0,0,13,34.1,34.1,AMR3,54.4,54.4,AMR3,0,0,0.0,0,0,0,0,0.0,0,0.0,38,41.1,46.3,0.0,T-1021,C-06-02,T-0889,C-02-03
O0872,J,11421.2,42493.6,42493.6,42505.3,42533.1,42553.3,42586.0,42619.1,31197.9,31072.4,AMR1,AMR1,0,0,21,38.6,38.6,AMR1,64.0,64.0,AMR1,0,0,0.0,0,0,0,0,0.0,0,0.0,61,63.3,42.0,0.0,T-1022,J-01-01,T-0855,J-03-03
O0873,C,11439.8,42567.1,42567.1,42581.0,42606.2,42618.4,42643.0,42672.6,31232.8,31127.3,AMR3,AMR3,0,0,13,38.2,38.2,AMR3,54.4,54.4,AMR3,0,0,0.0,0,1,0,0,0.0,0,0.0,39,42.9,50.4,0.0,T-1023,C-01-03,T-0891,C-01-01
O0874,B,11464.4,42583.1,42583.1,42596.8,42624.3,42642.8,42672.9,42707.7,31243.3,31118.7,AMR2,AMR1,0,0,15,39.5,39.5,AMR2,57.0,57.0,AMR1,0,0,0.0,0,0,1,0,0.0,0,0.0,50,53.9,49.2,3.0,T-1024,B-03-01,T-0853,B-01-03
O0875,A,11485.2,42649.2,42649.2,42659.8,42689.0,42696.3,42727.0,42763.8,31278.6,31164.0,AMR2,AMR3,0,0,21,38.1,38.1,AMR2,68.2,68.2,AMR3,0,0,0.0,0,0,0,0,0.0,0,0.0,64,63.1,44.2,0.0,T-1025,A-03-01,T-0809,A-05-01
O0876,A,11502.4,42709.9,42709.9,42725.5,42756.3,42776.5,42809.5,42852.4,31350.0,31207.5,AMR2,AMR2,0,0,21,45.5,45.5,AMR2,64.9,64.9,AMR2,0,0,0.0,0,1,0,1,7.7,1,2.7,67,66.3,48.3,7.7,T-1026,A-05-03,T-0819,A-01-02
O0877,I,11522.5,42731.4,42731.4,42746.1,42770.7,42785.5,42816.9,42840.4,31317.9,31208.9,AMR1,AMR1,0,0,15,38.4,38.4,AMR1,50.1,50.1,AMR1,0,0,0.0,0,0,1,0,0.0,0,0.0,41,48.5,42.7,3.0,T-1027,I-01-02,T-0906,I-02-02
O0878,G,11541.7,42794.3,42794.3,42810.4,42840.1,42857.6,42886.4,42912.0,31370.3,31252.6,AMR3,AMR3,0,0,17,41.4,41.4,AMR3,54.1,54.1,AMR3,0,0,0.0,0,1,0,1,2.7,0,0.0,48,52.4,45.1,2.7,T-1028,G-03-01,T-0813,G-04-01
O0879,I,11563.1,42864.1,42864.1,42878.4,42903.7,42918.5,42950.4,42980.1,31417.0,31301.0,AMR1,AMR1,0,0,15,38.7,38.7,AMR1,54.5,54.5,AMR1,0,0,0.0,0,1,1,0,0.0,1,0.3,43,48.5,47.4,5.3,T-1029,I-02-02,T-0911,I-03-02
O0880,B,11579.6,42878.4,42878.4,42891.2,42916.1,42932.3,42958.9,42993.4,31413.8,31298.8,AMR2,AMR2,0,0,15,35.2,35.2,AMR2,54.0,54.0,AMR2,0,0,0.0,0,0,0,1,3.8,0,0.0,51,53.1,41.9,3.8,T-1030,B-01-03,T-0892,B-02-03
O0881,D,11595.4,42940.7,42940.7,42952.2,42978.9,42993.7,43022.1,43051.0,31455.6,31345.3,AMR3,AMR3,0,0,13,35.7,35.7,AMR3,51.1,51.1,AMR3,0,0,0.0,0,1,1,0,0.0,0,0.0,43,48.4,44.1,3.0,T-1031,D-05-01,T-0931,D-02-01
O0882,G,11615.8,43008.8,43008.8,43021.8,43048.2,43065.0,43094.0,43121.8,31506.0,31393.0,AMR1,AMR1,0,0,17,38.5,38.5,AMR1,58.5,58.5,AMR1,0,0,0.0,0,0,0,0,0.0,0,0.0,45,49.6,46.6,0.0,T-1032,G-04-01,T-0830,G-06-01
O0883,B,11637.1,43021.8,43021.8,43036.7,43060.3,43074.7,43105.5,43137.3,31500.2,31384.7,AMR2,AMR3,0,0,15,36.0,36.0,AMR2,56.6,56.6,AMR3,0,0,0.0,0,1,1,0,0.0,1,0.2,49,50.6,45.3,5.2,T-1033,B-02-03,T-0893,B-03-03
O0884,D,11659.1,43083.9,43083.9,43099.5,43123.9,43136.7,43178.1,43211.8,31552.7,31424.8,AMR2,AMR2,0,0,13,39.1,39.1,AMR2,56.5,56.5,AMR2,0,0,0.0,0,2,2,1,2.0,0,0.0,49,54.2,52.9,8.0,T-1034,D-02-01,T-0938,D-06-01
O0885,G,11676.5,43149.5,43149.5,43161.8,43187.7,43203.2,43230.3,43258.7,31582.2,31473.0,AMR1,AMR1,0,0,17,38.1,38.1,AMR1,52.2,52.2,AMR1,0,0,0.0,0,0,0,0,0.0,0,0.0,50,53.8,39.9,0.0,T-1035,G-06-01,T-0834,G-01-02
O0886,J,11696.1,43166.3,43166.3,43179.8,43209.9,43230.1,43268.0,43300.6,31604.5,31470.2,AMR3,AMR3,0,0,21,42.7,42.7,AMR3,65.3,65.3,AMR3,0,0,0.0,0,1,1,0,0.0,1,0.4,59,61.3,47.4,5.4,T-1036,J-01-03,T-0861,J-02-01
O0887,C,11714.2,43241.9,43241.9,43256.4,43275.7,43282.4,43307.2,43336.9,31622.7,31527.7,AMR2,AMR1,0,0,13,32.9,32.9,AMR2,54.2,54.2,AMR1,0,0,0.0,0,0,0,0,0.0,0,0.0,39,43.4,44.9,0.0,T-1037,C-01-01,T-0914,C-04-01
O0888,C,11729.3,43287.9,43287.9,43302.0,43321.9,43324.3,43345.6,43375.9,31646.6,31558.6,AMR2,AMR3,0,0,13,33.1,33.1,AMR2,51.3,51.3,AMR3,0,0,0.0,0,0,0,0,0.0,0,0.0,39,43.4,42.2,0.0,T-1038,C-02-03,T-0917,C-05-01
O0889,H,11744.4,43334.1,43334.1,43349.6,43375.0,43389.8,43415.4,43438.9,31694.5,31589.7,AMR2,AMR2,0,0,15,40.0,40.0,AMR2,48.8,48.8,AMR2,0,0,0.0,0,0,0,0,0.0,0,0.0,41,46.5,43.5,0.0,T-1039,H-04-01,T-0873,H-05-03
O0890,E,11764.6,43360.6,43360.6,43372.0,43400.8,43419.0,43454.5,43492.8,31728.2,31596.0,AMR1,AMR1,0,0,19,39.3,39.3,AMR1,64.5,64.5,AMR1,0,0,0.0,0,0,0,0,0.0,0,0.0,63,64.7,46.3,3.0,T-1040,E-01-02,T-0794,E-04-02
O0891,E,11783.4,43399.6,43399.6,43412.8,43440.5,43458.7,43491.1,43525.7,31742.3,31616.2,AMR3,AMR3,0,0,19,37.9,37.9,AMR3,57.5,57.5,AMR3,0,0,0.0,0,2,1,0,0.0,0,0.0,61,64.9,37.9,5.1,T-1041,E-02-02,T-0826,E-05-02
O0892,A,11807.2,43467.6,43467.6,43479.4,43505.3,43516.5,43547.5,43585.4,31778.2,31660.4,AMR2,AMR1,0,0,21,36.8,36.8,AMR2,69.6,69.6,AMR1,0,0,0.0,0,0,0,0,0.0,0,0.0,63,62.3,44.3,0.0,T-1042,A-05-01,T-0822,A-04-01
O0893,E,11830.3,43525.5,43525.5,43538.7,43566.8,43587.0,43616.5,43650.5,31820.2,31695.2,AMR2,AMR2,0,0,19,38.8,38.8,AMR2,63.7,63.7,AMR2,0,0,0.0,0,0,0,0,0.0,0,0.0,59,59.8,45.0,0.0,T-1043,E-04-02,T-0836,E-01-03
O0894,J,11845.9,43549.4,43549.4,43564.4,43591.3,43609.1,43650.2,43685.2,31839.3,31703.5,AMR3,AMR1,0,0,21,41.0,41.0,AMR3,65.1,65.1,AMR1,0,0,0.0,0,1,1,0,0.0,0,0.0,65,69.5,45.5,3.0,T-1044,J-02-01,T-0866,J-06-02
O0895,H,11861.7,43618.9,43618.9,43631.9,43655.6,43669.8,43692.2,43717.2,31855.5,31757.2,AMR3,AMR3,0,0,15,35.8,35.8,AMR3,48.1,48.1,AMR3,0,0,0.0,0,0,0,0,0.0,0,0.0,41,45.5,38.6,0.0,T-1045,H-02-03,T-0877,H-05-01
O0896,H,11880.3,43676.2,43676.2,43692.5,43717.0,43738.2,43761.8,43788.8,31908.5,31795.9,AMR2,AMR2,0,0,15,39.9,39.9,AMR2,50.7,50.7,AMR2,0,0,0.0,0,0,0,0,0.0,0,0.0,43,46.1,45.3,0.0,T-1046,H-05-01,T-0880,H-03-03
O0897,C,11897.0,43708.9,43708.9,43720.7,43748.0,43760.8,43783.6,43811.8,31914.8,31811.9,AMR1,AMR1,0,0,13,33.1,33.1,AMR1,51.1,51.1,AMR1,0,0,0.0,0,1,1,0,0.0,1,0.1,41,43.0,42.0,5.1,T-1047,C-04-01,T-0944,C-03-03
O0898,J,11919.7,43740.9,43740.9,43755.8,43786.9,43809.8,43848.1,43879.2,31959.5,31821.2,AMR3,AMR3,0,0,21,42.7,42.7,AMR3,61.0,61.0,AMR3,0,0,0.0,0,1,1,0,0.0,1,0.1,66,67.2,43.1,5.1,T-1048,J-06-02,T-0900,J-04-01
O0899,D,11941.9,43819.9,43819.9,43831.9,43859.0,43874.5,43899.1,43925.8,31983.9,31878.0,AMR2,AMR2,0,0,13,35.8,35.8,AMR2,51.5,51.5,AMR2,0,0,0.0,0,0,0,0,0.0,0,0.0,42,45.8,44.6,0.0,T-1049,D-06-01,T-0939,D-01-02
O0900,A,11962.0,43835.5,43835.5,43850.1,43879.5,43899.7,43927.4,43964.3,32002.3,31873.5,AMR1,AMR1,0,0,21,43.1,43.1,AMR1,62.8,62.8,AMR1,0,0,0.0,0,0,0,0,0.0,0,0.0,65,64.8,43.8,0.0,T-1050,A-04-01,T-0824,A-03-02
O0901,H,11979.5,43902.9,43902.9,43915.3,43941.4,43949.5,43977.5,44002.1,32022.6,31923.4,AMR3,AMR2,0,0,15,36.8,36.8,AMR3,53.8,53.8,AMR2,0,0,0.0,0,0,0,0,0.0,0,0.0,42,45.8,45.3,0.0,T-1051,H-03-03,T-0886,H-02-02
O0902,C,11998.3,43955.9,43955.9,43968.7,43988.8,44001.6,44025.5,44055.9,32057.6,31957.6,AMR3,AMR3,0,0,13,32.0,32.0,AMR3,54.4,54.4,AMR3,0,0,0.0,0,0,0,0,0.0,0,0.0,41,43.0,44.2,0.0,T-1052,C-05-01,T-0964,C-03-01
O0903,A,12022.6,43988.0,43988.0,44001.3,44033.5,44055.1,44082.3,44117.5,32094.9,31965.4,AMR1,AMR1,0,0,21,43.0,43.0,AMR1,62.1,62.1,AMR1,0,0,0.0,0,0,0,0,0.0,0,0.0,65,64.9,43.0,0.0,T-1053,A-01-02,T-0837,A-05-02
O0904,D,12039.9,44025.8,44025.8,44041.4,44063.7,44076.5,44108.1,44134.9,32095.0,31985.9,AMR2,AMR2,0,0,13,37.0,37.0,AMR2,53.0,53.0,AMR2,0,0,0.0,0,0,1,0,0.0,1,0.6,39,43.4,47.3,5.6,T-1054,D-01-02,T-0941,D-02-02
O0905,F,12064.0,44087.0,44087.0,44101.8,44133.3,44141.2,44174.0,44210.0,32146.0,32023.0,AMR3,AMR1,0,0,23,44.6,44.6,AMR3,68.0,68.0,AMR1,0,0,0.0,0,0,0,0,0.0,0,0.0,68,67.7,47.4,0.0,T-1055,F-03-01,T-0811,F-03-03
O0906,J,12087.3,44156.2,44156.2,44170.4,44200.7,44222.9,44256.8,44297.0,32209.7,32068.9,AMR3,AMR3,0,0,21,42.0,42.0,AMR3,66.4,66.4,AMR3,0,0,0.0,0,1,1,1,2.0,0,0.0,65,67.8,47.8,3.0,T-1056,J-04-01,T-0907,J-03-01
O0907,A,12103.5,44170.5,44170.5,44185.4,44215.2,44233.7,44270.1,44310.1,32206.6,32067.0,AMR2,AMR1,0,0,21,43.0,43.0,AMR2,64.9,64.9,AMR1,0,0,0.0,0,1,1,1,5.4,1,0.4,64,66.9,45.8,8.4,T-1057,A-03-02,T-0838,A-04-03
O0908,I,12120.7,44241.5,44241.5,44252.9,44284.6,44300.7,44334.2,44364.5,32243.8,32120.8,AMR2,AMR2,0,0,15,36.4,36.4,AMR2,54.7,54.7,AMR2,0,0,0.0,0,3,2,1,2.0,0,0.0,48,53.6,45.3,8.0,T-1058,I-03-02,T-0916,I-04-02
O0909,B,12145.3,44325.3,44325.3,44335.8,44360.3,44375.8,44404.9,44435.5,32290.2,32180.0,AMR3,AMR3,0,0,15,33.3,33.3,AMR3,56.4,56.4,AMR3,0,0,0.0,0,0,0,0,0.0,0,0.0,50,52.3,42.4,0.0,T-1059,B-03-03,T-0909,B-01-01
O0910,E,12168.9,44336.0,44336.0,44346.7,44377.5,44388.2,44415.6,44454.2,32285.3,32167.1,AMR1,AMR2,0,0,19,39.0,39.0,AMR1,61.2,61.2,AMR2,0,0,0.0,0,0,0,0,0.0,0,0.0,65,64.8,42.7,0.0,T-1060,E-05-02,T-0902,E-06-02
O0911,H,12184.8,44397.7,44397.7,44411.4,44434.7,44448.9,44476.2,44500.0,32315.2,32212.9,AMR1,AMR1,0,0,15,36.1,36.1,AMR1,51.8,51.8,AMR1,0,0,0.0,0,0,0,0,0.0,0,0.0,41,45.5,42.6,0.0,T-1061,H-02-02,T-0895,H-04-02
O0912,E,12203.5,44459.2,44459.2,44473.9,44504.0,44524.9,44559.0,44595.1,32391.6,32255.7,AMR3,AMR3,0,0,19,41.5,41.5,AMR3,60.7,60.7,AMR3,0,0,0.0,0,1,1,0,0.0,0,0.0,64,67.3,44.7,3.0,T-1062,E-06-02,T-0913,E-04-03
O0913,J,12226.3,44477.9,44477.9,44489.9,44523.0,44533.8,44565.6,44607.2,32380.9,32251.6,AMR2,AMR1,0,0,21,43.4,43.4,AMR2,58.0,58.0,AMR1,0,0,0.0,0,0,0,1,9.3,1,4.3,66,67.1,40.8,10.6,T-1063,J-03-01,T-0912,J-06-01
O0914,J,12246.0,44544.5,44544.5,44559.3,44590.8,44611.0,44642.5,44676.8,32430.8,32298.5,AMR2,AMR2,0,0,21,45.4,45.4,AMR2,66.0,66.0,AMR2,0,0,0.0,0,0,0,0,0.0,0,0.0,59,61.3,50.8,0.0,T-1064,J-02-03,T-0926,J-01-02
O0915,D,12270.9,44618.8,44618.8,44629.6,44648.8,44661.6,44687.3,44718.8,32447.9,32347.9,AMR3,AMR3,0,0,13,29.1,29.1,AMR3,53.6,53.6,AMR3,0,0,0.0,0,1,0,1,1.8,0,0.0,41,45.4,40.0,1.8,T-1065,D-02-02,T-0943,D-03-02
O0916,D,12294.9,44630.9,44630.9,44644.2,44667.0,44681.8,44707.1,44737.8,32442.9,32336.0,AMR1,AMR1,0,0,13,33.6,33.6,AMR1,51.4,51.4,AMR1,0,0,0.0,0,1,0,1,1.3,0,0.0,45,48.5,42.3,1.3,T-1066,D-05-03,T-0945,D-04-02
O0917,G,12310.0,44714.6,44714.6,44725.8,44752.9,44761.5,44789.7,44817.0,32507.0,32404.6,AMR2,AMR1,0,0,17,35.8,35.8,AMR2,53.2,53.2,AMR1,0,0,0.0,0,0,0,0,0.0,0,0.0,53,55.2,38.6,0.0,T-1067,G-01-02,T-0858,G-02-02
O0918,F,12327.3,44742.5,44742.5,44756.4,44788.3,44811.9,44846.4,44879.8,32552.5,32415.2,AMR3,AMR3,0,0,23,43.3,43.3,AMR3,64.6,64.6,AMR3,0,0,0.0,0,0,0,0,0.0,0,0.0,71,71.0,42.7,0.0,T-1068,F-02-03,T-0816,F-01-01
O0919,A,12350.7,44771.1,44771.1,44784.6,44811.7,44831.9,44857.3,44894.4,32543.7,32420.4,AMR2,AMR2,0,0,21,39.7,39.7,AMR2,61.9,61.9,AMR2,0,0,0.0,0,0,0,1,2.3,0,0.0,61,61.3,39.5,2.3,T-1069,A-05-02,T-0862,A-06-01
O0920,G,12365.7,44840.7,44840.7,44856.3,44883.7,44901.9,44932.6,44958.9,32593.2,32475.0,AMR1,AMR1,0,0,17,38.7,38.7,AMR1,55.2,55.2,AMR1,0,0,0.0,0,0,0,1,1.8,0,0.0,51,54.7,43.5,1.8,T-1070,G-02-02,T-0860,G-03-02
O0921,B,12388.0,44905.3,44905.3,44920.8,44945.6,44961.8,44990.9,45020.0,32632.0,32517.3,AMR3,AMR3,0,0,15,37.8,37.8,AMR3,54.9,54.9,AMR3,0,0,0.0,0,0,0,0,0.0,0,0.0,51,53.1,45.4,0.0,T-1071,B-01-01,T-0930,B-02-01
O0922,D,12408.3,44920.9,44920.9,44931.7,44955.8,44969.9,45001.6,45034.5,32626.2,32512.6,AMR2,AMR2,0,0,13,33.2,33.2,AMR2,53.7,53.7,AMR2,0,0,0.0,0,1,1,1,2.7,0,0.0,44,47.7,44.2,7.6,T-1072,D-03-02,T-0948,D-05-02
O0923,A,12428.2,44987.0,44987.0,45002.7,45031.3,45043.7,45072.9,45113.3,32685.1,32558.8,AMR1,AMR3,0,0,21,44.2,44.2,AMR1,65.3,65.3,AMR3,0,0,0.0,0,0,0,0,0.0,0,0.0,66,63.5,47.4,3.0,T-1073,A-06-01,T-0932,A-01-01
O0924,B,12450.3,45051.4,45051.4,45062.1,45088.6,45104.8,45127.6,45159.6,32709.3,32601.1,AMR1,AMR1,0,0,15,34.7,34.7,AMR1,54.5,54.5,AMR1,0,0,0.0,0,0,0,0,0.0,0,0.0,47,50.1,41.9,0.0,T-1074,B-02-01,T-0957,B-04-01
O0925,I,12474.5,45062.1,45062.1,45074.1,45100.1,45116.9,45150.8,45180.5,32706.0,32587.6,AMR2,AMR2,0,0,15,35.5,35.5,AMR2,54.5,54.5,AMR2,0,0,0.0,0,1,1,1,2.0,0,0.0,49,54.4,44.2,3.0,T-1075,I-04-02,T-0923,I-05-02
O0926,F,12496.6,45141.5,45141.5,45155.6,45190.4,45204.2,45232.1,45266.2,32769.6,32644.9,AMR3,AMR2,0,0,23,46.4,46.4,AMR3,62.7,62.7,AMR2,0,0,0.0,0,0,0,0,0.0,0,0.0,67,67.0,43.9,0.0,T-1076,F-01-01,T-0833,F-05-01
O0927,B,12521.3,45183.3,45183.3,45193.9,45220.3,45235.1,45257.6,45289.3,32768.0,32662.0,AMR1,AMR1,0,0,15,36.1,36.1,AMR1,53.9,53.9,AMR1,0,0,0.0,0,0,0,0,0.0,0,0.0,45,48.5,42.7,0.0,T-1077,B-04-01,T-0958,B-04-03
O0928,C,12537.3,45214.0,45214.0,45230.0,45255.6,45268.1,45288.9,45315.1,32777.8,32676.7,AMR3,AMR3,0,0,13,39.9,39.9,AMR3,48.7,48.7,AMR3,0,0,0.0,0,0,0,0,0.0,0,0.0,38,42.2,46.4,0.0,T-1078,C-03-01,T-0967,C-06-01
O0929,B,12560.5,45289.9,45289.9,45303.6,45324.7,45338.8,45368.3,45395.6,32835.1,32729.4,AMR2,AMR3,0,0,15,33.9,33.9,AMR2,51.9,51.9,AMR3,0,0,0.0,0,0,1,0,0.0,0,0.0,45,50.1,38.5,3.0,T-1079,B-04-03,T-0974,B-05-01
O0930,G,12581.1,45313.0,45313.0,45329.0,45353.4,45370.9,45402.8,45433.9,32852.8,32731.9,AMR1,AMR1,0,0,17,38.7,38.7,AMR1,59.7,59.7,AMR1,0,0,0.0,0,0,0,0,0.0,0,0.0,52,55.4,48.0,0.0,T-1080,G-03-02,T-0879,G-02-01
O0931,D,12605.8,45345.3,45345.3,45355.9,45382.4,45397.2,45423.4,45454.5,32848.7,32739.5,AMR2,AMR2,0,0,13,34.6,34.6,AMR2,52.5,52.5,AMR2,0,0,0.0,0,0,0,0,0.0,0,0.0,47,50.0,44.4,0.0,T-1081,D-04-02,T-0955,D-06-02
O0932,F,12623.4,45421.4,45421.4,45431.9,45463.8,45478.2,45511.0,45546.2,32922.8,32798.0,AMR3,AMR2,0,0,23,41.5,41.5,AMR3,70.7,70.7,AMR2,0,0,0.0,0,0,0,0,0.0,0,0.0,63,63.4,47.0,0.0,T-1082,F-05-01,T-0842,F-06-01
O0933,F,12645.4,45457.6,45457.6,45470.0,45500.7,45528.0,45562.2,45612.1,32966.7,32812.2,AMR1,AMR1,0,0,23,41.4,41.4,AMR1,70.4,70.4,AMR1,0,0,0.0,0,0,0,1,13.4,1,8.4,66,67.2,46.6,13.4,T-1083,F-03-03,T-0843,F-04-03
O0934,D,12664.9,45486.0,45486.0,45501.5,45524.2,45539.0,45564.6,45595.0,32930.1,32821.1,AMR3,AMR3,0,0,13,35.7,35.7,AMR3,56.2,56.2,AMR3,0,0,0.0,0,0,0,0,0.0,0,0.0,41,45.0,49.2,0.0,T-1084,D-05-02,T-0962,D-01-01
O0935,C,12689.4,45569.9,45569.9,45584.2,45605.5,45617.0,45640.1,45669.2,32979.8,32880.5,AMR2,AMR2,0,0,13,35.5,35.5,AMR2,53.4,53.4,AMR2,0,0,0.0,0,0,0,0,0.0,0,0.0,38,41.1,46.7,0.0,T-1085,C-06-01,T-0969,C-01-02
O0936,B,12705.5,45620.3,45620.3,45634.1,45655.8,45670.6,45697.6,45724.3,33018.8,32914.8,AMR3,AMR3,0,0,15,34.6,34.6,AMR3,55.4,55.4,AMR3,0,0,0.0,0,0,0,0,0.0,0,0.0,43,46.5,42.7,0.0,T-1086,B-05-01,T-0978,B-06-01
O0937,F,12725.0,45635.8,45635.8,45650.9,45679.8,45692.9,45722.3,45754.0,33029.0,32910.8,AMR1,AMR2,0,0,23,43.9,43.9,AMR1,61.8,61.8,AMR2,0,0,0.0,0,0,0,0,0.0,0,0.0,64,64.6,40.5,0.0,T-1087,F-06-01,T-0844,F-05-03
O0938,F,12741.2,45700.7,45700.7,45712.4,45745.5,45748.0,45778.7,45814.6,33073.4,32959.5,AMR1,AMR3,0,0,23,43.9,43.9,AMR1,64.3,64.3,AMR3,0,0,0.0,0,0,0,0,0.0,0,0.0,69,68.4,43.0,0.0,T-1088,F-04-03,T-0908,F-02-02
O0939,H,12760.7,45767.7,45767.7,45779.7,45806.6,45821.4,45851.2,45879.4,33118.7,33007.0,AMR1,AMR1,0,0,15,38.0,38.0,AMR1,52.8,52.8,AMR1,0,0,0.0,0,1,1,0,0.0,1,0.3,43,46.1,45.5,5.3,T-1089,H-04-02,T-0899,H-03-01
O0940,B,12784.2,45779.7,45779.7,45790.1,45813.5,45831.0,45855.7,45891.4,33107.2,32995.5,AMR2,AMR2,0,0,15,33.7,33.7,AMR2,50.8,50.8,AMR2,0,0,0.0,0,0,0,1,6.3,1,1.3,48,50.7,37.2,6.3,T-1090,B-06-01,T-0995,B-01-02
O0941,E,12807.3,45838.3,45838.3,45853.8,45879.9,45898.1,45931.7,45965.5,33158.2,33031.0,AMR3,AMR3,0,0,19,40.7,40.7,AMR3,62.6,62.6,AMR3,0,0,0.0,0,1,1,0,0.0,0,0.0,57,58.2,45.8,5.0,T-1091,E-01-03,T-0915,E-02-01
O0942,A,12829.2,45909.5,45909.5,45922.6,45950.5,45973.8,46004.4,46041.7,33212.5,33080.3,AMR1,AMR1,0,0,21,38.5,38.5,AMR1,64.6,64.6,AMR1,0,0,0.0,0,1,0,0,0.0,0,0.0,69,67.9,41.0,0.0,T-1092,A-01-01,T-0953,A-02-02
O0943,F,12852.6,45922.6,45922.6,45937.9,45969.8,45989.2,46030.2,46064.5,33211.9,33070.0,AMR2,AMR3,0,0,23,44.7,44.7,AMR2,65.9,65.9,AMR3,0,0,0.0,0,2,1,0,0.0,1,0.2,69,68.5,45.4,8.6,T-1093,F-02-02,T-0910,F-03-02
O0944,D,12868.5,45999.8,45999.8,46015.6,46039.5,46052.3,46084.0,46112.8,33244.3,33131.3,AMR2,AMR2,0,0,13,38.8,38.8,AMR2,55.4,55.4,AMR2,0,0,0.0,0,1,1,0,0.0,1,0.3,39,43.4,51.5,5.3,T-1094,D-01-01,T-0981,D-01-03
O0945,A,12887.5,46069.8,46069.8,46085.0,46115.0,46133.6,46167.7,46200.8,33313.3,33182.3,AMR1,AMR3,0,0,21,42.7,42.7,AMR1,61.5,61.5,AMR3,0,0,0.0,0,1,1,0,0.0,1,0.4,65,64.9,42.1,5.4,T-1095,A-02-02,T-0956,A-04-02
O0946,C,12905.1,46088.2,46088.2,46099.3,46121.4,46136.5,46161.0,46186.1,33281.0,33183.1,AMR3,AMR2,0,0,13,32.3,32.3,AMR3,45.8,45.8,AMR2,0,0,0.0,0,0,0,0,0.0,0,0.0,39,43.9,35.9,3.0,T-1096,C-01-02,T-0983,C-02-02
O0947,H,12929.6,46145.4,46145.4,46160.6,46187.9,46202.4,46229.2,46255.2,33325.6,33215.8,AMR1,AMR1,0,0,15,40.8,40.8,AMR1,52.9,52.9,AMR1,0,0,0.0,0,0,0,0,0.0,0,0.0,44,46.9,48.4,0.0,T-1097,H-03-01,T-0920,H-03-02
O0948,D,12952.1,46209.8,46209.8,46220.9,46246.7,46262.2,46290.9,46320.1,33368.0,33257.7,AMR2,AMR2,0,0,13,33.6,33.6,AMR2,51.7,51.7,AMR2,0,0,0.0,0,1,1,0,0.0,0,0.0,44,49.2,42.6,3.0,T-1098,D-06-02,T-0994,D-02-03
O0949,C,12971.7,46224.5,46224.5,46239.9,46261.3,46273.5,46295.7,46335.0,33363.3,33252.8,AMR3,AMR3,0,0,13,35.9,35.9,AMR3,51.5,51.5,AMR3,0,0,0.0,0,0,0,1,10.7,1,5.7,39,42.4,45.2,10.7,T-1099,C-02-02,T-0987,C-04-03
O0950,D,12986.8,46284.1,46284.1,46298.6,46319.4,46332.2,46362.9,46390.1,33403.3,33297.3,AMR1,AMR1,0,0,13,34.4,34.4,AMR1,47.5,47.5,AMR1,0,0,0.0,0,2,1,0,0.0,0,0.0,43,48.2,39.2,5.8,T-1100,D-01-03,T-1006,D-03-01
O0951,G,13003.8,46348.6,46348.6,46359.1,46387.9,46406.1,46432.3,46459.1,33455.3,33344.8,AMR2,AMR2,0,0,17,36.8,36.8,AMR2,52.7,52.7,AMR2,0,0,0.0,0,1,0,0,0.0,0,0.0,49,53.2,39.1,0.0,T-1101,G-02-01,T-0903,G-04-02
O0952,B,13025.7,46358.7,46358.7,46371.2,46396.6,46413.8,46441.3,46479.2,33453.5,33333.0,AMR3,AMR1,0,0,15,35.4,35.4,AMR3,52.3,52.3,AMR1,0,0,0.0,0,1,2,1,5.8,1,0.8,51,54.1,40.4,8.8,T-1102,B-01-02,T-0996,B-02-02
O0953,B,13046.5,46420.2,46420.2,46434.8,46465.9,46480.7,46504.2,46534.2,33487.7,33373.7,AMR3,AMR3,0,0,15,38.8,38.8,AMR3,51.7,51.7,AMR3,0,0,0.0,0,1,1,0,0.0,0,0.0,49,53.0,43.2,3.0,T-1103,B-05-03,T-1000,B-03-02
O0954,D,13071.5,46484.2,46484.2,46496.1,46521.4,46535.5,46560.5,46589.5,33518.0,33412.7,AMR2,AMR2,0,0,13,34.3,34.3,AMR2,50.7,50.7,AMR2,0,0,0.0,0,0,0,0,0.0,0,0.0,44,47.7,42.3,1.2,T-1104,D-03-01,T-1008,D-04-01
O0955,C,13090.9,46502.9,46502.9,46515.7,46536.3,46548.8,46571.3,46604.4,33513.5,33412.0,AMR1,AMR1,0,0,13,31.7,31.7,AMR1,51.0,51.0,AMR1,0,0,0.0,0,0,0,1,4.7,0,0.0,42,43.8,40.5,4.7,T-1105,C-03-03,T-0989,C-03-02
O0956,F,13115.0,46559.7,46559.7,46571.1,46602.8,46613.2,46643.0,46677.6,33562.6,33444.7,AMR3,AMR2,0,0,23,41.4,41.4,AMR3,65.1,65.1,AMR2,0,0,0.0,0,0,0,0,0.0,0,0.0,66,66.2,41.3,0.0,T-1106,F-03-02,T-0929,F-04-02
O0957,H,13130.4,46625.7,46625.7,46637.7,46665.6,46680.1,46702.5,46726.3,33595.9,33495.3,AMR3,AMR3,0,0,15,38.2,38.2,AMR3,47.4,47.4,AMR3,0,0,0.0,0,0,0,0,0.0,0,0.0,42,45.8,40.3,0.0,T-1107,H-03-02,T-0924,H-01-01
O0958,J,13147.1,46637.8,46637.8,46648.7,46682.5,46701.3,46736.9,46770.3,33623.2,33490.7,AMR1,AMR2,0,0,21,41.4,41.4,AMR1,63.7,63.7,AMR2,0,0,0.0,0,0,1,0,0.0,1,0.5,62,63.7,44.5,5.5,T-1108,J-06-01,T-0937,J-02-02
O0959,G,13170.3,46711.8,46711.8,46726.0,46753.1,46769.9,46808.4,46842.4,33672.1,33541.5,AMR1,AMR1,0,0,17,40.4,40.4,AMR1,57.0,57.0,AMR1,0,0,0.0,0,1,1,0,0.0,1,4.7,49,54.1,47.0,12.7,T-1109,G-04-02,T-0954,G-05-02
O0960,G,13185.6,46750.0,46750.0,46763.8,46789.7,46794.0,46820.6,46855.3,33669.7,33564.4,AMR3,AMR2,0,0,17,38.8,38.8,AMR3,54.6,54.6,AMR2,0,0,0.0,0,1,0,1,9.4,1,4.4,45,48.6,43.0,9.4,T-1110,G-05-03,T-0971,G-06-02
O0961,C,13204.1,46809.9,46809.9,46824.3,46849.1,46861.6,46888.1,46922.9,33718.8,33605.8,AMR3,AMR3,0,0,13,37.5,37.5,AMR3,52.8,52.8,AMR3,0,0,0.0,0,2,2,0,0.0,0,0.0,40,46.4,48.1,6.0,T-1111,C-03-02,T-0992,C-04-02
O0962,C,13221.9,46870.5,46870.5,46881.4,46909.3,46922.1,46942.6,46970.6,33748.7,33648.6,AMR1,AMR1,0,0,13,32.5,32.5,AMR1,48.2,48.2,AMR1,0,0,0.0,0,1,1,0,0.0,1,0.4,39,43.4,38.5,5.4,T-1112,C-04-03,T-1003,C-05-02
O0963,J,13243.1,46881.4,46881.4,46895.4,46926.7,46946.9,46984.6,47018.8,33775.7,33638.3,AMR2,AMR2,0,0,21,44.4,44.4,AMR2,65.1,65.1,AMR2,0,0,0.0,0,1,1,0,0.0,0,0.0,61,63.3,48.9,5.0,T-1113,J-01-02,T-0942,J-03-02
O0964,H,13264.5,46956.8,46956.8,46968.2,46990.9,46994.3,47017.5,47043.0,33778.5,33692.3,AMR3,AMR1,0,0,15,33.2,33.2,AMR3,48.4,48.4,AMR1,0,0,0.0,0,0,0,0,0.0,0,0.0,41,46.5,36.3,0.0,T-1114,H-01-01,T-0925,H-04-03
O0965,H,13288.4,47005.1,47005.1,47021.3,47046.6,47061.4,47087.9,47112.0,33823.6,33716.7,AMR3,AMR3,0,0,15,40.6,40.6,AMR3,50.3,50.3,AMR3,0,0,0.0,0,1,0,0,0.0,0,0.0,41,46.5,45.6,0.0,T-1115,H-04-03,T-0927,H-05-02
O0966,G,13304.3,47042.5,47042.5,47057.5,47082.3,47099.1,47128.2,47155.7,33851.4,33738.2,AMR2,AMR2,0,0,17,38.9,38.9,AMR2,53.3,53.3,AMR2,0,0,0.0,0,0,0,0,0.0,0,0.0,51,54.6,41.8,0.0,T-1116,G-05-02,T-0980,G-01-03
O0967,I,13323.5,47069.7,47069.7,47084.1,47112.8,47129.6,47163.0,47206.8,33883.3,33746.2,AMR1,AMR1,0,0,15,40.6,40.6,AMR1,55.9,55.9,AMR1,0,0,0.0,0,3,1,1,2.0,0,0.0,55,61.1,50.7,8.5,T-1117,I-05-02,T-0928,I-06-02
O0968,I,13344.8,47140.8,47140.8,47155.4,47182.8,47184.0,47210.0,47237.5,33892.7,33796.0,AMR3,AMR2,0,0,15,36.1,36.1,AMR3,53.7,53.7,AMR2,0,0,0.0,0,2,1,0,0.0,0,0.0,43,48.5,44.0,3.0,T-1118,I-04-03,T-0934,I-01-03
O0969,F,13369.7,47199.6,47199.6,47210.9,47241.4,47261.2,47300.7,47335.8,33966.1,33829.9,AMR3,AMR2,0,0,23,40.9,40.9,AMR3,68.5,68.5,AMR2,0,0,0.0,0,1,1,0,0.0,0,0.0,65,69.2,44.2,3.0,T-1119,F-04-02,T-0970,F-05-02
O0970,H,13390.1,47230.5,47230.5,47245.9,47273.3,47288.1,47315.5,47352.6,33962.5,33840.4,AMR1,AMR1,0,0,15,41.9,41.9,AMR1,56.1,56.1,AMR1,0,0,0.0,0,0,0,1,10.1,1,5.1,39,44.5,52.7,10.1,T-1120,H-05-02,T-0933,H-06-01
O0971,I,13414.2,47269.0,47269.0,47284.0,47314.0,47332.9,47362.2,47393.3,33979.1,33854.8,AMR3,AMR3,0,0,15,41.7,41.7,AMR3,55.4,55.4,AMR3,0,0,0.0,0,1,0,1,1.7,0,0.0,48,52.4,51.3,1.7,T-1121,I-06-02,T-0935,I-05-03
O0972,C,13433.1,47362.4,47362.4,47374.2,47394.8,47407.6,47430.4,47459.8,34026.7,33929.3,AMR2,AMR2,0,0,13,31.5,31.5,AMR2,51.9,51.9,AMR2,0,0,0.0,0,0,0,0,0.0,0,0.0,39,43.4,41.2,0.0,T-1122,C-04-02,T-1004,C-05-03
O0973,D,13451.3,47376.3,47376.3,47390.7,47416.6,47417.0,47441.8,47475.2,34023.9,33925.0,AMR1,AMR3,0,0,13,37.8,37.8,AMR1,53.4,53.4,AMR3,0,0,0.0,0,0,0,1,3.0,0,0.0,43,47.0,48.5,3.0,T-1123,D-04-01,T-1017,D-03-03
O0974,E,13475.3,47431.4,47431.4,47443.9,47472.4,47483.5,47509.2,47541.8,34066.5,33956.1,AMR1,AMR2,0,0,19,40.1,40.1,AMR1,56.5,56.5,AMR2,0,0,0.0,0,0,0,0,0.0,0,0.0,59,60.2,39.1,0.0,T-1124,E-02-01,T-0965,E-03-02
O0975,H,13498.3,47490.6,47490.6,47505.0,47530.7,47544.2,47567.3,47592.1,34093.8,33992.3,AMR1,AMR1,0,0,15,40.0,40.0,AMR1,49.6,49.6,AMR1,0,0,0.0,0,0,0,0,0.0,0,0.0,38,43.7,44.3,0.0,T-1125,H-06-01,T-0936,H-06-02
O0976,J,13516.9,47505.0,47505.0,47520.3,47548.2,47565.5,47594.4,47629.8,34112.9,33988.1,AMR3,AMR2,0,0,21,42.3,42.3,AMR3,57.8,57.8,AMR2,0,0,0.0,0,1,0,1,3.2,0,0.0,63,64.8,39.5,3.2,T-1126,J-02-02,T-0951,J-04-03
O0977,B,13541.7,47572.6,47572.6,47583.4,47606.7,47615.8,47640.6,47668.8,34127.1,34030.9,AMR3,AMR1,0,0,15,31.6,31.6,AMR3,53.7,53.7,AMR1,0,0,0.0,0,0,0,0,0.0,0,0.0,47,49.1,38.0,0.0,T-1127,B-02-02,T-1001,B-04-02
O0978,E,13563.2,47622.9,47622.9,47635.9,47665.5,47685.0,47711.1,47744.9,34181.7,34059.7,AMR3,AMR3,0,0,19,40.9,40.9,AMR3,60.1,60.1,AMR3,0,0,0.0,0,0,0,0,0.0,0,0.0,58,59.0,43.5,0.0,T-1128,E-03-02,T-0968,E-02-03
O0979,A,13586.4,47653.5,47653.5,47668.7,47698.8,47719.0,47748.8,47783.0,34196.6,34067.1,AMR2,AMR2,0,0,21,44.4,44.4,AMR2,65.7,65.7,AMR2,0,0,0.0,0,0,0,0,0.0,0,0.0,61,61.3,48.0,0.0,T-1129,A-04-02,T-0985,A-06-02
O0980,G,13607.1,47693.7,47693.7,47709.5,47736.0,47751.5,47782.0,47810.8,34203.7,34086.6,AMR1,AMR1,0,0,17,42.2,42.2,AMR1,56.0,56.0,AMR1,0,0,0.0,0,0,0,0,0.0,0,0.0,50,53.8,47.8,0.0,T-1130,G-06-02,T-0988,G-02-03
O0981,C,13631.5,47768.6,47768.6,47781.1,47803.1,47806.7,47830.3,47860.6,34229.1,34137.1,AMR3,AMR2,0,0,13,33.6,33.6,AMR3,55.1,55.1,AMR2,0,0,0.0,0,0,0,0,0.0,0,0.0,39,41.9,46.5,0.0,T-1131,C-05-02,T-1009,C-02-01
O0982,F,13648.9,47815.9,47815.9,47828.9,47862.2,47884.3,47920.6,47972.3,34323.4,34167.0,AMR3,AMR2,0,0,23,45.4,45.4,AMR3,65.0,65.0,AMR2,0,0,0.0,0,1,1,1,10.5,1,5.5,69,72.2,45.2,16.9,T-1132,F-05-02,T-0976,F-01-02
O0983,J,13670.8,47834.5,47834.5,47845.6,47877.8,47890.7,47922.1,47955.5,34284.7,34163.7,AMR1,AMR3,0,0,21,41.6,41.6,AMR1,62.5,62.5,AMR3,0,0,0.0,0,1,0,0,0.0,0,0.0,64,64.6,43.5,0.0,T-1133,J-03-02,T-0959,J-05-01
O0984,F,13692.9,47899.3,47899.3,47912.8,47946.2,47968.4,47998.8,48030.8,34337.9,34206.4,AMR1,AMR1,0,0,23,46.0,46.0,AMR1,64.1,64.1,AMR1,0,0,0.0,0,0,0,0,0.0,0,0.0,63,64.4,44.9,0.0,T-1134,F-05-03,T-0977,F-06-02
O0985,J,13713.5,47979.2,47979.2,47995.5,48026.1,48046.4,48089.9,48126.0,34412.5,34265.7,AMR3,AMR2,0,0,21,44.4,44.4,AMR3,61.1,61.1,AMR2,0,0,0.0,0,2,1,1,4.0,1,3.0,65,69.6,44.9,12.0,T-1135,J-05-01,T-0960,J-05-03
O0986,H,13736.9,47996.0,47996.0,48007.1,48032.9,48056.7,48085.1,48113.3,34376.4,34259.1,AMR2,AMR3,0,0,15,36.8,36.8,AMR2,56.8,56.8,AMR3,0,0,0.0,0,0,0,0,0.0,0,0.0,40,45.2,48.3,0.0,T-1136,H-06-02,T-0949,H-01-02
O0987,H,13755.0,48060.3,48060.3,48076.0,48103.2,48118.0,48140.6,48166.3,34411.3,34305.3,AMR1,AMR1,0,0,15,42.0,42.0,AMR1,49.5,49.5,AMR1,0,0,0.0,0,0,0,0,0.0,0,0.0,41,45.0,46.2,0.0,T-1137,H-05-03,T-0973,H-01-03
O0988,D,13770.9,48137.0,48137.0,48150.6,48175.0,48189.9,48221.5,48251.6,34480.7,34366.1,AMR3,AMR3,0,0,13,37.1,37.1,AMR3,51.1,51.1,AMR3,0,0,0.0,0,2,1,0,0.0,0,0.0,43,48.9,45.5,5.3,T-1138,D-02-03,T-1018,D-04-03
O0989,I,13788.1,48149.7,48149.7,48165.4,48188.2,48198.8,48236.2,48264.0,34475.9,34361.6,AMR2,AMR1,0,0,15,37.6,37.6,AMR2,50.7,50.7,AMR1,0,0,0.0,0,1,1,1,3.9,0,0.0,49,54.3,42.5,6.9,T-1139,I-01-03,T-0940,I-01-01
O0990,J,13803.1,48208.6,48208.6,48220.0,48248.3,48269.8,48310.7,48345.9,34542.8,34405.5,AMR2,AMR2,0,0,21,38.0,38.0,AMR2,65.7,65.7,AMR2,0,0,0.0,0,0,1,0,0.0,1,0.6,66,67.1,43.1,5.6,T-1140,J-03-03,T-0961,J-06-03
O0991,F,13826.1,48281.7,48281.7,48294.5,48329.7,48357.7,48393.7,48427.0,34600.9,34455.6,AMR3,AMR3,0,0,23,45.5,45.5,AMR3,63.6,63.6,AMR3,0,0,0.0,0,1,1,0,0.0,1,0.4,67,68.0,43.9,5.4,T-1141,F-01-02,T-0979,F-04-01
O0992,F,13842.9,48294.6,48294.6,48309.4,48336.9,48368.1,48410.7,48449.0,34606.1,34451.7,AMR1,AMR1,0,0,23,42.2,42.2,AMR1,70.2,70.2,AMR1,0,0,0.0,0,0,0,0,0.0,0,0.0,70,73.0,47.2,3.0,T-1142,F-06-02,T-0984,F-01-03
O0993,J,13858.1,48371.5,48371.5,48386.4,48416.0,48438.2,48471.5,48503.7,34645.6,34513.4,AMR2,AMR2,0,0,21,42.0,42.0,AMR2,62.2,62.2,AMR2,0,0,0.0,0,0,0,0,0.0,0,0.0,65,66.4,43.6,0.0,T-1143,J-04-03,T-1013,J-04-02
O0994,B,13882.3,48450.7,48450.7,48465.0,48490.2,48505.7,48529.2,48561.6,34679.3,34568.4,AMR3,AMR3,0,0,15,37.8,37.8,AMR3,55.6,55.6,AMR3,0,0,0.0,0,0,0,0,0.0,0,0.0,46,49.3,46.1,0.0,T-1144,B-03-02,T-1012,B-05-02
O0995,B,13905.9,48472.7,48472.7,48484.7,48511.4,48526.2,48548.5,48575.5,34669.6,34566.8,AMR1,AMR1,0,0,15,35.3,35.3,AMR1,51.0,51.0,AMR1,0,0,0.0,0,1,0,1,2.5,0,0.0,43,46.5,39.0,2.5,T-1145,B-04-02,T-1019,B-06-02
O0996,G,13928.0,48529.6,48529.6,48544.5,48570.8,48585.3,48616.4,48643.5,34715.5,34601.6,AMR2,AMR3,0,0,17,38.7,38.7,AMR2,51.8,51.8,AMR3,0,0,0.0,0,1,1,0,0.0,0,0.0,51,56.3,40.1,3.0,T-1146,G-01-03,T-0999,G-03-03
O0997,E,13944.0,48593.2,48593.2,48606.7,48633.1,48651.3,48680.2,48714.2,34770.2,34649.2,AMR2,AMR2,0,0,19,39.0,39.0,AMR2,61.3,61.3,AMR2,0,0,0.0,0,0,0,1,1.8,0,0.0,57,58.2,42.8,1.8,T-1147,E-02-03,T-0972,E-01-01
O0998,C,13960.3,48606.8,48606.8,48618.6,48640.8,48654.8,48674.6,48701.5,34741.2,34646.5,AMR1,AMR1,0,0,13,33.1,33.1,AMR1,49.4,49.4,AMR1,0,0,0.0,0,0,0,0,0.0,0,0.0,37,40.4,40.3,0.0,T-1148,C-02-01,T-1021,C-06-02
O0999,H,13984.8,48667.2,48667.2,48681.7,48706.3,48720.5,48748.2,48772.2,34787.4,34682.4,AMR3,AMR3,0,0,15,38.2,38.2,AMR3,51.9,51.9,AMR3,0,0,0.0,0,0,0,0,0.0,0,0.0,41,46.0,44.8,0.0,T-1149,H-01-02,T-0986,H-02-01
O1000,I,14003.0,48725.2,48725.2,48737.7,48759.6,48759.7,48789.4,48812.6,34809.6,34722.2,AMR1,AMR2,0,0,19,33.5,33.5,AMR1,52.1,52.1,AMR2,0,0,0.0,0,0,0,0,0.0,0,0.0,47,50.5,36.8,0.0,T-1150,I-01-01,T-0946,I-02-01
