주문ID,저장구역,발생시각(s),작업시작(배정)시각(s),입고장 도착(s),RFID 통과(s),저장구역 처리완료(s),출고완료(s),총처리시간(s),주문 대응시간(s),배정 AMR,배정 당시 AMR-입고장 거리(m),실제 배차비용(s),최소 가능비용(s),최소비용 AMR,배차 비효율,추가 이동거리(m),추가 예상시간(s),수동 배차 확인 개입,경로충돌,정면충돌,병목 횟수,병목 대기(s),장시간정체 개입,장시간정체 개입시간(s),이동거리(m),이동시간(s),작업시간(s),대기시간(s),입고 토트,적치 슬롯,출고 토트,피킹 슬롯
O0001,B,0.0,0.0,10.5,21.8,58.0,91.1,91.1,0.0,AMR1,15,87.4,86.7,AMR2,1,1,0.7,0,0,0,0,0.0,0,0.0,50,47.7,43.4,0.0,T-0151,B-01-01,T-0016,B-01-05
O0002,D,22.4,22.4,32.2,42.7,75.3,110.1,87.7,0.0,AMR2,14,81.0,81.0,AMR2,0,0,0.0,0,0,0,1,3.0,0,0.0,45,43.8,40.9,3.0,T-0152,D-01-01,T-0046,D-04-03
O0003,B,38.8,38.8,64.5,77.5,111.5,147.1,108.3,0.0,AMR3,31,103.8,103.8,AMR3,0,0,0.0,0,0,0,1,4.0,0,0.0,62,59.7,44.6,4.0,T-0153,B-02-01,T-0017,B-05-03
O0004,I,61.2,91.2,114.7,128.2,166.1,194.3,133.1,30.0,AMR1,25,98.5,98.5,AMR1,0,0,0.0,0,0,0,0,0.0,0,0.0,56,57.9,45.2,0.0,T-0154,I-01-01,T-0121,I-04-03
O0005,A,82.1,110.2,138.7,151.4,186.3,225.1,143.0,28.1,AMR2,25,106.2,106.2,AMR2,0,0,0.0,0,0,0,0,0.0,0,0.0,72,70.3,39.6,5.0,T-0155,A-02-01,T-0001,A-02-03
O0006,D,98.1,147.2,170.7,186.4,216.3,246.0,147.9,49.1,AMR3,25,97.8,97.8,AMR3,0,0,0.0,0,0,0,0,0.0,0,0.0,52,53.8,45.0,0.0,T-0156,D-03-01,T-0047,D-01-02
O0007,I,119.1,194.4,217.9,232.4,266.2,294.7,175.6,75.3,AMR1,25,97.3,97.3,AMR1,0,0,0.0,0,0,0,0,0.0,0,0.0,54,56.3,44.0,0.0,T-0157,I-02-01,T-0122,I-03-02
O0008,I,141.2,225.2,248.7,262.3,297.0,326.4,185.2,84.0,AMR2,25,97.7,97.7,AMR2,0,0,0.0,0,0,0,0,0.0,0,0.0,54,56.8,44.4,0.0,T-0158,I-04-01,T-0123,I-03-01
O0009,J,158.4,246.1,272.6,286.5,324.9,357.9,199.5,87.7,AMR3,25,105.2,105.2,AMR3,0,0,0.0,0,0,0,0,0.0,0,0.0,68,67.5,41.3,3.0,T-0159,J-01-01,T-0136,J-04-02
O0010,A,181.5,294.8,318.3,329.4,369.7,406.9,225.4,113.3,AMR1,25,111.6,111.6,AMR1,0,0,0.0,0,0,0,0,0.0,0,0.0,68,67.1,45.0,0.0,T-0160,A-03-01,T-0002,A-05-03
O0011,F,203.5,326.5,350.0,366.2,405.5,435.7,232.2,123.0,AMR2,25,108.7,108.7,AMR2,0,0,0.0,0,0,0,0,0.0,0,0.0,68,67.6,41.6,0.0,T-0161,F-02-01,T-0076,F-05-05
O0012,F,220.1,358.0,381.5,392.8,435.0,469.2,249.1,137.9,AMR3,25,107.6,107.6,AMR3,0,0,0.0,0,0,0,0,0.0,0,0.0,72,70.7,40.5,0.0,T-0162,F-03-01,T-0077,F-01-01
O0013,B,236.0,407.0,430.5,440.9,480.0,507.4,271.4,171.0,AMR1,25,98.9,98.9,AMR1,0,0,0.0,0,0,0,0,0.0,0,0.0,56,57.5,42.9,0.0,T-0163,B-04-01,T-0018,B-05-04
O0014,J,259.5,435.8,459.3,475.1,518.3,552.8,293.3,176.3,AMR2,25,111.8,111.8,AMR2,0,0,0.0,0,0,0,0,0.0,0,0.0,70,69.1,47.9,0.0,T-0164,J-02-01,T-0137,J-06-03
O0015,H,282.6,469.3,492.8,507.4,546.3,571.1,288.5,186.7,AMR3,25,100.4,100.4,AMR3,0,0,0.0,0,0,0,0,0.0,0,0.0,52,54.2,47.6,0.0,T-0165,H-04-01,T-0106,H-02-04
O0016,G,298.8,507.5,531.0,542.6,580.9,609.6,310.8,208.7,AMR1,25,100.7,100.7,AMR1,0,0,0.0,0,0,0,0,0.0,0,0.0,56,57.9,44.2,0.0,T-0166,G-03-01,T-0091,G-05-02
O0017,J,319.3,552.9,576.4,590.3,632.1,662.8,343.5,233.6,AMR2,25,107.9,107.9,AMR2,0,0,0.0,0,0,0,0,0.0,0,0.0,66,65.9,44.0,0.0,T-0167,J-04-01,T-0138,J-03-03
O0018,B,340.1,571.2,600.7,616.1,653.9,684.6,344.5,231.1,AMR3,25,105.9,105.9,AMR3,0,0,0.0,0,0,0,0,0.0,1,1.0,56,57.5,49.9,6.0,T-0168,B-05-01,T-0019,B-04-02
O0019,E,361.7,609.7,633.2,644.7,679.3,714.6,352.9,248.0,AMR1,25,104.9,104.9,AMR1,0,0,0.0,0,0,0,0,0.0,0,0.0,64,63.4,41.5,0.0,T-0169,E-03-01,T-0061,E-01-04
O0020,B,385.3,662.9,686.4,697.2,728.5,758.9,373.6,277.6,AMR2,25,94.5,94.5,AMR2,0,0,0.0,0,0,0,0,0.0,0,0.0,56,57.5,38.5,0.0,T-0170,B-01-02,T-0020,B-04-05
O0021,F,403.0,684.7,710.2,725.8,771.7,804.3,401.3,281.7,AMR3,25,114.0,114.0,AMR3,0,0,0.0,0,0,0,0,0.0,0,0.0,72,70.7,46.9,2.0,T-0171,F-01-01,T-0078,F-01-04
O0022,D,421.7,714.7,738.2,749.5,781.5,822.9,401.2,293.0,AMR1,25,89.5,89.5,AMR1,0,0,0.0,0,0,0,1,14.0,1,9.0,56,57.5,36.7,14.0,T-0172,D-04-01,T-0048,D-05-05
O0023,B,439.4,759.0,782.5,795.5,826.5,858.0,418.6,319.6,AMR2,25,93.9,93.9,AMR2,0,0,0.0,0,0,0,1,2.0,0,0.0,58,59.1,37.9,2.0,T-0173,B-02-02,T-0021,B-03-04
O0024,I,460.8,804.4,827.9,841.8,877.5,902.4,441.6,343.6,AMR3,25,93.4,93.4,AMR3,0,0,0.0,0,0,0,0,0.0,0,0.0,56,57.9,40.1,0.0,T-0174,I-03-01,T-0124,I-05-03
O0025,H,478.2,823.0,851.5,863.5,897.3,925.3,447.1,344.8,AMR1,25,93.8,93.8,AMR1,0,0,0.0,0,0,0,0,0.0,0,0.0,54,56.3,41.0,5.0,T-0175,H-05-01,T-0107,H-03-04
O0026,I,495.9,858.1,881.6,896.4,931.8,956.5,460.6,362.2,AMR2,25,97.0,97.0,AMR2,0,0,0.0,0,0,0,0,0.0,0,0.0,52,54.7,43.7,0.0,T-0176,I-05-01,T-0125,I-01-05
O0027,A,517.8,902.5,926.0,939.3,979.3,1015.5,497.7,384.7,AMR3,25,113.1,113.1,AMR3,0,0,0.0,0,0,0,0,0.0,0,0.0,66,65.0,46.5,1.5,T-0177,A-05-01,T-0003,A-06-03
O0028,F,541.0,925.4,949.9,964.0,1008.2,1042.7,501.7,384.4,AMR1,25,112.6,112.6,AMR1,0,0,0.0,0,0,0,0,0.0,0,0.0,72,70.8,45.5,1.0,T-0178,F-05-01,T-0079,F-01-05
O0029,D,558.6,956.6,980.1,994.3,1030.6,1058.4,499.8,398.0,AMR2,25,96.1,96.1,AMR2,0,0,0.0,0,0,0,1,1.0,0,0.0,56,57.5,43.3,1.0,T-0179,D-06-01,T-0049,D-05-01
O0030,F,582.4,1015.6,1039.1,1053.7,1101.2,1133.6,551.2,433.2,AMR3,25,114.4,114.4,AMR3,0,0,0.0,0,0,0,0,0.0,0,0.0,72,70.7,47.3,0.0,T-0180,F-06-01,T-0080,F-02-04
O0031,G,604.0,1042.8,1066.3,1081.1,1116.0,1152.5,548.5,438.8,AMR1,25,99.3,99.3,AMR1,0,0,0.0,0,0,0,1,9.0,1,4.0,56,57.9,42.8,9.0,T-0181,G-01-02,T-0092,G-04-01
O0032,E,623.5,1058.5,1090.0,1102.5,1137.8,1172.0,548.5,435.0,AMR2,25,101.5,101.5,AMR2,0,0,0.0,0,0,0,1,4.0,1,3.0,64,63.4,38.1,12.0,T-0182,E-04-01,T-0062,E-02-05
O0033,I,641.0,1133.7,1157.2,1169.8,1207.4,1232.6,591.6,492.7,AMR3,25,98.0,98.0,AMR3,0,0,0.0,0,0,0,0,0.0,0,0.0,52,54.2,44.7,0.0,T-0183,I-06-01,T-0126,I-02-04
O0034,J,658.6,1152.6,1181.1,1192.9,1232.2,1266.8,608.2,494.0,AMR1,25,107.2,107.2,AMR1,0,0,0.0,0,0,0,0,0.0,0,0.0,66,65.9,43.3,5.0,T-0184,J-06-01,T-0139,J-03-01
O0035,G,682.6,1172.1,1204.6,1218.2,1250.7,1284.4,601.8,489.5,AMR2,25,97.3,97.3,AMR2,0,0,0.0,0,0,0,1,3.0,1,4.0,58,59.5,40.8,12.0,T-0185,G-04-01,T-0093,G-03-05
O0036,C,699.8,1232.7,1256.2,1267.7,1303.0,1332.4,632.6,532.9,AMR3,25,97.7,97.7,AMR3,0,0,0.0,0,0,0,0,0.0,0,0.0,52,54.3,45.4,0.0,T-0186,C-01-01,T-0031,C-04-01
O0037,A,719.8,1266.9,1290.4,1303.8,1343.0,1376.0,656.2,547.1,AMR1,25,108.6,108.6,AMR1,0,0,0.0,0,0,0,0,0.0,0,0.0,68,67.1,42.0,0.0,T-0187,A-01-02,T-0004,A-05-04
O0038,C,736.3,1284.5,1314.0,1327.5,1359.5,1393.5,657.2,548.2,AMR2,25,94.0,94.0,AMR2,0,0,0.0,0,0,0,1,7.0,2,3.0,52,54.3,41.7,13.0,T-0188,C-04-01,T-0032,C-05-03
O0039,B,755.5,1332.5,1356.0,1367.3,1403.3,1433.9,678.4,577.0,AMR3,25,96.7,96.7,AMR3,0,0,0.0,0,0,0,0,0.0,0,0.0,60,60.7,40.7,0.0,T-0189,B-03-02,T-0022,B-01-03
O0040,H,774.3,1376.1,1399.6,1412.8,1446.0,1473.1,698.8,601.8,AMR1,25,95.1,95.1,AMR1,0,0,0.0,0,0,0,0,0.0,0,0.0,52,54.7,42.3,0.0,T-0190,H-02-02,T-0108,H-04-02
O0041,I,791.8,1393.6,1423.1,1435.2,1470.7,1499.5,707.7,601.8,AMR2,25,95.3,95.3,AMR2,0,0,0.0,0,0,0,0,0.0,1,1.0,56,57.9,42.0,6.0,T-0191,I-01-02,T-0127,I-05-02
O0042,B,813.6,1434.0,1457.5,1470.8,1508.1,1536.9,723.3,620.4,AMR3,25,98.2,98.2,AMR3,0,0,0.0,0,0,0,0,0.0,0,0.0,60,60.7,42.2,0.0,T-0192,B-04-02,T-0023,B-01-04
O0043,E,837.5,1473.2,1496.7,1512.4,1551.9,1588.4,750.9,635.7,AMR1,25,109.5,109.5,AMR1,0,0,0.0,0,0,0,0,0.0,0,0.0,70,69.1,46.1,0.0,T-0193,E-01-02,T-0063,E-06-03
O0044,E,855.9,1499.6,1523.1,1536.0,1572.8,1608.8,752.9,643.7,AMR2,25,101.5,101.5,AMR2,0,0,0.0,0,0,0,1,4.0,0,0.0,68,67.1,38.1,4.0,T-0194,E-04-02,T-0064,E-05-01
O0045,A,872.5,1537.0,1560.5,1574.6,1613.3,1645.0,772.5,664.5,AMR3,25,107.5,107.5,AMR3,0,0,0.0,0,0,0,0,0.0,0,0.0,68,67.1,40.9,0.0,T-0195,A-03-02,T-0005,A-04-01
O0046,C,897.2,1588.5,1612.0,1622.8,1659.0,1688.8,791.6,691.3,AMR1,25,97.6,97.6,AMR1,0,0,0.0,0,0,0,0,0.0,0,0.0,54,55.0,45.3,0.0,T-0196,C-05-01,T-0033,C-03-01
O0047,E,921.3,1608.9,1636.4,1648.5,1687.8,1721.0,799.7,687.6,AMR2,25,108.1,108.1,AMR2,0,0,0.0,0,0,0,0,0.0,0,0.0,64,63.4,44.7,4.0,T-0197,E-05-01,T-0065,E-02-02
O0048,D,941.4,1645.1,1668.6,1681.5,1717.4,1747.3,805.9,703.7,AMR3,25,99.1,99.1,AMR3,0,0,0.0,0,0,0,0,0.0,0,0.0,54,55.9,46.3,0.0,T-0198,D-05-01,T-0050,D-03-02
O0049,C,960.1,1688.9,1712.4,1724.0,1759.4,1786.5,826.4,728.8,AMR1,25,94.9,94.9,AMR1,0,0,0.0,0,0,0,0,0.0,0,0.0,54,55.0,42.6,0.0,T-0199,C-03-01,T-0034,C-01-04
O0050,I,984.7,1721.1,1744.6,1755.9,1790.7,1821.2,836.5,736.4,AMR2,25,93.4,93.4,AMR2,0,0,0.0,0,0,0,0,0.0,0,0.0,58,60.0,40.1,0.0,T-0200,I-02-02,T-0128,I-06-03
O0051,H,1005.7,1747.4,1770.9,1784.1,1817.3,1841.8,836.1,741.7,AMR3,25,92.5,92.5,AMR3,0,0,0.0,0,0,0,0,0.0,0,0.0,52,54.7,39.7,0.0,T-0201,H-04-02,T-0109,H-05-05
O0052,F,1021.8,1786.6,1810.1,1823.6,1865.5,1895.8,874.0,764.8,AMR1,25,107.2,107.2,AMR1,0,0,0.0,0,0,0,0,0.0,0,0.0,70,69.1,40.1,0.0,T-0202,F-02-02,T-0081,F-03-04
O0053,D,1039.2,1821.3,1844.8,1855.7,1887.5,1916.4,877.2,782.1,AMR2,25,87.8,87.8,AMR2,0,0,0.0,0,0,0,1,1.0,0,0.0,58,59.1,35.0,1.0,T-0203,D-01-02,T-0051,D-06-04
O0054,B,1063.6,1841.9,1868.4,1882.9,1915.0,1943.7,880.1,778.3,AMR3,25,99.4,99.4,AMR3,0,0,0.0,0,0,0,0,0.0,0,0.0,54,55.4,43.4,3.0,T-0204,B-01-03,T-0024,B-06-04
O0055,B,1083.5,1895.9,1919.4,1935.7,1970.9,1999.5,916.0,812.4,AMR1,25,102.1,102.1,AMR1,0,0,0.0,0,0,0,0,0.0,0,0.0,56,57.5,46.1,0.0,T-0205,B-02-03,T-0025,B-05-02
O0056,C,1106.2,1916.5,1943.0,1953.5,1983.7,2017.2,911.0,810.3,AMR2,25,91.8,91.8,AMR2,0,0,0.0,0,0,0,1,6.0,1,1.0,50,52.2,39.5,9.0,T-0206,C-06-01,T-0035,C-06-05
O0057,I,1125.9,1943.8,1967.3,1979.2,2017.8,2051.8,925.9,817.9,AMR3,25,95.3,95.3,AMR3,0,0,0.0,0,0,0,1,6.0,1,1.0,58,60.0,42.0,6.0,T-0207,I-03-02,T-0129,I-06-05
O0058,J,1143.6,1999.6,2023.1,2037.4,2075.9,2107.2,963.6,856.0,AMR1,25,104.0,104.0,AMR1,0,0,0.0,0,0,0,0,0.0,0,0.0,68,67.5,40.1,0.0,T-0208,J-03-01,T-0140,J-05-02
O0059,I,1168.2,2017.3,2046.8,2058.5,2091.5,2125.5,957.3,849.1,AMR2,25,91.6,91.6,AMR2,0,0,0.0,0,0,0,1,6.0,2,2.0,56,57.9,38.3,12.0,T-0209,I-05-02,T-0130,I-04-05
O0060,E,1190.1,2051.9,2075.4,2087.9,2131.7,2165.9,975.8,861.8,AMR3,25,110.3,110.3,AMR3,0,0,0.0,0,0,0,0,0.0,0,0.0,68,67.1,46.9,0.0,T-0210,E-02-02,T-0066,E-04-03
O0061,F,1215.0,2107.3,2130.8,2145.2,2185.4,2217.3,1002.3,892.3,AMR1,25,111.7,111.7,AMR1,0,0,0.0,0,0,0,0,0.0,0,0.0,66,65.4,44.6,0.0,T-0211,F-03-02,T-0082,F-06-03
O0062,H,1239.0,2125.6,2155.1,2167.2,2205.2,2233.1,994.1,886.6,AMR2,25,97.0,97.0,AMR2,0,0,0.0,0,0,0,1,1.0,1,1.0,54,56.3,44.2,7.0,T-0212,H-05-02,T-0110,H-03-01
O0063,B,1256.5,2166.0,2189.5,2202.8,2236.3,2271.5,1015.0,909.5,AMR3,25,101.1,101.1,AMR3,0,0,0.0,0,0,0,1,5.0,0,0.0,54,55.4,45.1,5.0,T-0213,B-05-02,T-0026,B-06-02
O0064,I,1271.7,2217.4,2240.9,2256.9,2291.9,2317.5,1045.8,945.7,AMR1,25,95.5,95.5,AMR1,0,0,0.0,0,0,0,0,0.0,0,0.0,56,57.9,42.2,0.0,T-0214,I-06-02,T-0131,I-04-02
O0065,A,1292.6,2233.2,2264.7,2278.8,2315.6,2348.9,1056.3,940.6,AMR2,25,109.3,109.3,AMR2,0,0,0.0,0,0,0,0,0.0,1,3.0,66,65.0,42.7,8.0,T-0215,A-04-01,T-0006,A-06-01
O0066,A,1314.7,2271.6,2295.1,2307.1,2350.0,2384.0,1069.3,956.9,AMR3,25,108.0,108.0,AMR3,0,0,0.0,0,0,0,0,0.0,0,0.0,74,71.0,41.4,0.0,T-0216,A-05-02,T-0007,A-01-03
O0067,A,1330.4,2317.6,2341.1,2357.4,2397.2,2434.6,1104.2,987.2,AMR1,25,113.3,113.3,AMR1,0,0,0.0,0,0,0,0,0.0,0,0.0,72,70.3,46.7,0.0,T-0217,A-06-01,T-0008,A-02-02
O0068,D,1346.1,2349.0,2372.5,2385.6,2417.8,2451.3,1105.2,1002.9,AMR2,25,96.3,96.3,AMR2,0,0,0.0,0,0,0,1,5.0,0,0.0,52,53.8,43.5,5.0,T-0218,D-03-02,T-0052,D-02-02
O0069,D,1367.8,2384.1,2407.6,2419.6,2453.4,2486.5,1118.7,1016.3,AMR3,25,91.9,91.9,AMR3,0,0,0.0,0,0,0,1,5.0,0,0.0,52,54.3,39.1,9.0,T-0219,D-02-02,T-0053,D-02-01
O0070,J,1384.1,2434.7,2458.2,2470.9,2512.7,2542.1,1158.0,1050.6,AMR1,25,105.4,105.4,AMR1,0,0,0.0,0,0,0,0,0.0,0,0.0,66,65.9,41.5,0.0,T-0220,J-01-02,T-0141,J-03-02
O0071,H,1403.8,2451.4,2481.9,2498.2,2532.6,2559.6,1155.8,1047.6,AMR2,25,96.7,96.7,AMR2,0,0,0.0,0,0,0,1,1.0,1,2.0,54,56.3,43.9,8.0,T-0221,H-03-01,T-0111,H-03-02
O0072,B,1420.7,2486.6,2510.1,2524.0,2558.0,2588.4,1167.7,1065.9,AMR3,25,98.7,98.7,AMR3,0,0,0.0,0,0,0,0,0.0,0,0.0,58,59.1,42.7,0.0,T-0222,B-06-02,T-0027,B-03-01
O0073,G,1440.0,2542.2,2565.7,2578.5,2616.9,2647.3,1207.3,1102.2,AMR1,25,100.5,100.5,AMR1,0,0,0.0,0,0,0,0,0.0,0,0.0,60,61.1,44.0,0.0,T-0223,G-03-02,T-0094,G-02-02
O0074,A,1459.7,2559.7,2589.2,2604.4,2648.5,2682.1,1222.4,1100.0,AMR2,25,115.9,115.9,AMR2,0,0,0.0,0,0,0,0,0.0,1,1.0,68,67.1,49.3,6.0,T-0224,A-02-02,T-0009,A-04-02
O0075,F,1475.3,2588.5,2613.0,2623.5,2668.1,2705.6,1230.3,1113.2,AMR3,25,113.8,113.8,AMR3,0,0,0.0,0,0,0,1,4.0,0,0.0,66,65.4,46.7,5.0,T-0225,F-05-02,T-0083,F-06-04
O0076,D,1492.8,2647.4,2670.9,2686.3,2722.6,2751.6,1258.8,1154.6,AMR1,25,97.5,97.5,AMR1,0,0,0.0,0,0,0,0,0.0,0,0.0,56,58.0,44.7,1.5,T-0226,D-02-01,T-0054,D-05-04
O0077,G,1512.3,2682.2,2705.7,2717.6,2755.6,2784.1,1271.8,1169.9,AMR2,25,97.3,97.3,AMR2,0,0,0.0,0,0,0,0,0.0,0,0.0,60,61.1,40.8,0.0,T-0227,G-02-02,T-0095,G-02-04
O0078,D,1530.1,2705.7,2729.2,2741.5,2771.1,2800.6,1270.5,1175.6,AMR3,25,90.9,90.9,AMR3,0,0,0.0,0,0,0,1,3.0,0,0.0,52,53.8,38.1,3.0,T-0228,D-04-02,T-0055,D-02-03
O0079,I,1549.5,2751.7,2775.2,2787.6,2820.5,2851.0,1301.5,1202.2,AMR1,25,94.6,94.6,AMR1,0,0,0.0,0,0,0,0,0.0,0,0.0,56,58.0,41.3,0.0,T-0229,I-04-02,T-0132,I-04-04
O0080,I,1565.0,2784.2,2807.7,2821.6,2853.9,2882.4,1317.4,1219.2,AMR2,25,96.8,96.8,AMR2,0,0,0.0,0,0,0,0,0.0,0,0.0,52,54.7,43.5,0.0,T-0230,I-02-03,T-0133,I-02-05
O0081,D,1589.7,2800.7,2831.2,2846.6,2876.6,2903.6,1313.9,1211.0,AMR3,25,91.2,91.2,AMR3,0,0,0.0,0,0,0,0,0.0,1,2.0,56,57.5,38.4,7.0,T-0231,D-01-03,T-0056,D-04-04
O0082,H,1608.8,2851.1,2874.6,2887.6,2925.9,2949.9,1341.1,1242.3,AMR1,25,95.8,95.8,AMR1,0,0,0.0,0,0,0,0,0.0,0,0.0,54,55.8,43.0,0.0,T-0232,H-03-02,T-0112,H-02-05
O0083,A,1632.4,2882.5,2906.0,2919.1,2960.0,2998.5,1366.1,1250.1,AMR2,25,112.3,112.3,AMR2,0,0,0.0,0,0,0,0,0.0,0,0.0,72,70.3,45.7,0.0,T-0233,A-04-02,T-0010,A-01-01
O0084,G,1651.2,2903.7,2930.2,2945.6,2985.1,3011.8,1360.6,1252.5,AMR3,25,103.7,103.7,AMR3,0,0,0.0,0,0,0,0,0.0,0,0.0,56,57.9,47.2,3.0,T-0234,G-04-02,T-0096,G-05-04
O0085,H,1675.5,2950.0,2973.5,2986.5,3021.9,3047.5,1372.0,1274.5,AMR1,25,95.1,95.1,AMR1,0,0,0.0,0,0,0,1,1.0,0,0.0,52,54.2,42.3,1.0,T-0235,H-06-02,T-0113,H-01-01
O0086,I,1694.7,2998.6,3022.1,3033.0,3070.4,3093.2,1398.5,1303.9,AMR2,25,93.7,93.7,AMR2,0,0,0.0,0,0,0,0,0.0,0,0.0,52,54.2,40.4,0.0,T-0236,I-03-03,T-0134,I-01-03
O0087,C,1716.9,3011.9,3046.4,3059.4,3096.0,3125.4,1408.5,1295.0,AMR3,25,99.8,99.8,AMR3,0,0,0.0,0,0,0,0,0.0,1,6.0,54,55.0,47.5,11.0,T-0237,C-01-02,T-0036,C-03-02
O0088,A,1734.8,3047.6,3071.1,3082.0,3122.0,3154.5,1419.7,1312.8,AMR1,25,104.8,104.8,AMR1,0,0,0.0,0,0,0,0,0.0,0,0.0,70,68.7,38.2,0.0,T-0238,A-01-01,T-0011,A-03-05
O0089,A,1757.3,3093.3,3116.8,3129.2,3168.2,3202.4,1445.1,1336.0,AMR2,25,105.4,105.4,AMR2,0,0,0.0,0,0,0,0,0.0,0,0.0,72,70.3,38.8,0.0,T-0239,A-06-02,T-0012,A-02-05
O0090,I,1778.2,3125.5,3149.0,3164.1,3201.1,3230.2,1452.0,1347.3,AMR3,25,101.7,101.7,AMR3,0,0,0.0,0,0,0,0,0.0,0,0.0,54,56.3,48.4,0.0,T-0240,I-01-03,T-0135,I-03-05
O0091,I,1794.7,3154.6,3178.1,3192.3,3224.5,3252.4,1457.7,1359.9,AMR1,25,96.9,96.9,AMR1,0,0,0.0,0,0,0,0,0.0,0,0.0,52,54.2,43.6,0.0,T-0241,I-04-03,T-0154,I-01-01
O0092,B,1818.3,3202.5,3226.0,3238.7,3272.7,3300.3,1482.0,1384.2,AMR2,25,98.4,98.4,AMR2,0,0,0.0,0,0,0,0,0.0,0,0.0,54,55.4,42.4,0.0,T-0242,B-03-01,T-0028,B-06-05
O0093,D,1833.9,3230.3,3253.8,3266.5,3301.6,3334.4,1500.5,1396.4,AMR3,25,98.9,98.9,AMR3,0,0,0.0,0,0,0,0,0.0,0,0.0,56,58.0,46.1,0.0,T-0243,D-02-03,T-0057,D-05-02
O0094,J,1850.1,3252.5,3278.0,3291.6,3332.2,3365.2,1515.1,1402.4,AMR1,25,107.1,107.1,AMR1,0,0,0.0,0,0,0,0,0.0,0,0.0,68,67.5,43.2,2.0,T-0244,J-02-02,T-0142,J-05-01
O0095,A,1870.9,3300.4,3323.9,3338.4,3375.1,3410.8,1539.9,1429.5,AMR2,25,108.3,108.3,AMR2,0,0,0.0,0,0,0,0,0.0,0,0.0,70,68.7,41.7,0.0,T-0245,A-01-03,T-0013,A-03-04
O0096,J,1890.1,3334.5,3358.0,3371.5,3411.0,3443.9,1553.8,1444.4,AMR3,25,104.2,104.2,AMR3,0,0,0.0,0,0,0,0,0.0,0,0.0,70,69.1,40.3,0.0,T-0246,J-05-01,T-0143,J-06-04
O0097,E,1910.3,3365.3,3388.8,3402.9,3438.3,3470.5,1560.2,1455.0,AMR1,25,103.1,103.1,AMR1,0,0,0.0,0,0,0,0,0.0,0,0.0,66,65.5,39.7,0.0,T-0247,E-05-02,T-0067,E-03-03
O0098,F,1932.0,3410.9,3434.4,3445.4,3487.4,3520.8,1588.8,1478.9,AMR2,25,109.5,109.5,AMR2,0,0,0.0,0,0,0,0,0.0,0,0.0,68,67.5,42.4,0.0,T-0248,F-02-03,T-0084,F-04-02
O0099,C,1949.7,3444.0,3467.5,3480.6,3507.4,3535.2,1585.5,1494.3,AMR3,25,87.2,87.2,AMR3,0,0,0.0,0,0,0,1,2.0,0,0.0,52,54.3,34.9,2.0,T-0249,C-02-02,T-0037,C-05-02
O0100,H,1971.2,3470.6,3494.1,3510.3,3544.5,3571.5,1600.3,1499.4,AMR1,25,98.5,98.5,AMR1,0,0,0.0,0,0,0,1,1.0,0,0.0,52,54.2,45.7,1.0,T-0250,H-01-01,T-0114,H-02-03
O0101,B,1995.4,3520.9,3544.4,3557.3,3591.9,3619.6,1624.2,1525.5,AMR2,25,95.6,95.6,AMR2,0,0,0.0,0,0,0,0,0.0,0,0.0,58,59.1,39.6,0.0,T-0251,B-03-03,T-0029,B-03-05
O0102,J,2015.0,3535.3,3568.8,3582.8,3624.9,3655.9,1640.9,1520.3,AMR3,25,107.0,107.0,AMR3,0,0,0.0,0,0,0,0,0.0,1,5.0,68,67.5,43.1,10.0,T-0252,J-03-02,T-0144,J-04-04
O0103,D,2030.8,3571.6,3595.1,3608.5,3642.0,3680.5,1649.7,1540.8,AMR1,25,97.6,97.6,AMR1,0,0,0.0,0,0,0,1,5.0,0,0.0,58,59.1,44.8,5.0,T-0253,D-05-02,T-0058,D-06-02
O0104,F,2048.4,3619.7,3643.2,3655.9,3696.9,3730.2,1681.8,1571.3,AMR2,25,112.2,112.2,AMR2,0,0,0.0,0,0,0,0,0.0,0,0.0,66,65.4,45.1,0.0,T-0254,F-04-02,T-0085,F-06-02
O0105,F,2072.2,3656.0,3679.5,3690.6,3729.7,3761.6,1689.4,1583.8,AMR3,25,105.2,105.2,AMR3,0,0,0.0,0,0,0,0,0.0,0,0.0,68,67.5,38.1,0.0,T-0255,F-03-03,T-0086,F-04-05
O0106,I,2088.8,3680.6,3704.1,3716.9,3754.2,3781.2,1692.4,1591.8,AMR1,25,99.7,99.7,AMR1,0,0,0.0,0,0,0,0,0.0,0,0.0,52,54.2,46.4,0.0,T-0256,I-01-01,T-0157,I-02-01
O0107,I,2106.8,3730.3,3753.8,3768.6,3806.0,3831.7,1724.9,1623.5,AMR2,25,96.8,96.8,AMR2,0,0,0.0,0,0,0,0,0.0,0,0.0,56,57.9,43.5,0.0,T-0257,I-02-01,T-0158,I-04-01
O0108,I,2128.5,3761.7,3785.2,3796.3,3830.7,3854.6,1726.1,1633.2,AMR3,25,89.9,89.9,AMR3,0,0,0.0,0,0,0,0,0.0,0,0.0,54,56.3,36.6,0.0,T-0258,I-05-03,T-0174,I-03-01
O0109,B,2152.8,3781.3,3808.8,3823.9,3857.2,3887.0,1734.2,1628.5,AMR1,25,102.3,102.3,AMR1,0,0,0.0,0,0,0,0,0.0,0,0.0,54,55.4,46.3,4.0,T-0259,B-04-03,T-0030,B-06-01
O0110,B,2170.4,3831.8,3855.3,3866.1,3902.0,3931.7,1761.3,1661.4,AMR2,25,95.2,95.2,AMR2,0,0,0.0,0,0,0,0,0.0,0,0.0,60,60.7,39.2,0.0,T-0260,B-06-01,T-0151,B-01-01
O0111,E,2191.0,3854.7,3879.2,3895.3,3935.3,3971.5,1780.5,1663.7,AMR3,25,112.1,112.1,AMR3,0,0,0.0,0,0,0,0,0.0,0,0.0,68,67.1,48.7,1.0,T-0261,E-01-03,T-0068,E-04-04
O0112,F,2212.0,3887.1,3910.6,3921.7,3963.9,4000.7,1788.7,1675.1,AMR1,25,110.0,110.0,AMR1,0,0,0.0,0,0,0,0,0.0,0,0.0,72,70.7,42.9,0.0,T-0262,F-06-02,T-0087,F-01-02
O0113,E,2233.9,3931.8,3955.3,3969.2,4005.7,4039.7,1805.8,1697.9,AMR2,25,102.6,102.6,AMR2,0,0,0.0,0,0,0,0,0.0,0,0.0,70,68.7,39.2,0.0,T-0263,E-02-03,T-0069,E-06-02
O0114,A,2253.8,3971.6,3995.1,4009.8,4051.7,4090.3,1836.5,1717.8,AMR3,25,115.0,115.0,AMR3,0,0,0.0,0,0,0,0,0.0,0,0.0,72,70.3,48.4,0.0,T-0264,A-02-03,T-0014,A-01-04
O0115,E,2275.1,4000.8,4024.3,4036.0,4072.0,4109.0,1833.9,1725.7,AMR1,25,103.2,103.2,AMR1,0,0,0.0,0,0,0,1,5.0,0,0.0,64,63.4,39.8,5.0,T-0265,E-06-02,T-0070,E-02-04
O0116,C,2290.2,4039.8,4063.3,4073.8,4103.4,4131.0,1840.8,1749.6,AMR2,25,89.7,89.7,AMR2,0,0,0.0,0,0,0,0,0.0,0,0.0,52,53.8,37.4,0.0,T-0266,C-03-02,T-0038,C-02-05
O0117,C,2315.0,4090.4,4113.9,4126.6,4159.2,4187.3,1872.3,1775.4,AMR3,25,94.2,94.2,AMR3,0,0,0.0,0,0,0,0,0.0,0,0.0,54,55.0,41.9,0.0,T-0267,C-05-02,T-0039,C-03-04
O0118,G,2334.4,4109.1,4137.6,4148.1,4187.8,4219.4,1885.0,1774.7,AMR1,25,100.7,100.7,AMR1,0,0,0.0,0,0,0,0,0.0,0,0.0,60,61.1,44.2,5.0,T-0268,G-05-02,T-0097,G-02-01
O0119,B,2349.5,4131.1,4161.6,4173.8,4211.2,4242.8,1893.3,1781.6,AMR2,25,100.0,100.0,AMR2,0,0,0.0,0,0,0,0,0.0,1,2.0,60,60.7,44.0,7.0,T-0269,B-01-01,T-0153,B-02-01
O0120,I,2373.5,4187.4,4210.9,4225.9,4258.6,4286.8,1913.3,1813.9,AMR3,25,94.8,94.8,AMR3,0,0,0.0,0,0,0,0,0.0,0,0.0,56,57.9,41.5,0.0,T-0270,I-03-01,T-0176,I-05-01
O0121,J,2396.9,4219.5,4243.0,4254.3,4292.5,4327.7,1930.8,1822.6,AMR1,25,104.6,104.6,AMR1,0,0,0.0,0,0,0,0,0.0,0,0.0,68,67.5,40.7,0.0,T-0271,J-04-02,T-0145,J-05-04
O0122,C,2413.3,4242.9,4267.4,4281.9,4310.1,4339.3,1926.0,1829.6,AMR2,25,89.4,89.4,AMR2,0,0,0.0,0,0,0,1,4.0,0,0.0,52,54.3,37.1,5.0,T-0272,C-02-03,T-0040,C-04-02
O0123,A,2431.4,4286.9,4310.4,4324.0,4368.3,4406.4,1975.0,1855.5,AMR3,25,115.8,115.8,AMR3,0,0,0.0,0,0,0,0,0.0,0,0.0,72,70.3,49.2,0.0,T-0273,A-03-03,T-0015,A-01-05
O0124,D,2448.5,4327.8,4351.3,4367.4,4405.4,4437.1,1988.6,1879.3,AMR1,25,103.0,103.0,AMR1,0,0,0.0,0,0,0,0,0.0,0,0.0,58,59.1,50.2,0.0,T-0274,D-06-02,T-0059,D-06-05
O0125,I,2464.6,4339.4,4374.9,4388.5,4428.9,4456.0,1991.4,1874.8,AMR2,25,98.3,98.3,AMR2,0,0,0.0,0,0,0,0,0.0,1,7.0,58,59.6,45.0,12.0,T-0275,I-04-01,T-0183,I-06-01
O0126,C,2489.3,4406.5,4430.0,4443.5,4475.6,4500.2,2010.9,1917.2,AMR3,25,92.2,92.2,AMR3,0,0,0.0,0,0,0,0,0.0,0,0.0,52,53.8,39.9,0.0,T-0276,C-04-02,T-0041,C-02-01
O0127,C,2512.9,4437.2,4460.7,4473.7,4500.3,4524.4,2011.5,1924.3,AMR1,25,87.3,87.3,AMR1,0,0,0.0,0,0,0,0,0.0,0,0.0,50,52.2,35.0,0.0,T-0277,C-03-03,T-0042,C-06-02
O0128,F,2528.2,4456.1,4484.6,4499.8,4541.7,4576.0,2047.8,1927.9,AMR2,25,111.3,111.3,AMR2,0,0,0.0,0,0,0,0,0.0,0,0.0,72,70.7,44.2,5.0,T-0278,F-01-02,T-0088,F-01-03
O0129,D,2551.2,4500.3,4523.8,4535.3,4567.3,4593.7,2042.5,1949.1,AMR3,25,90.3,90.3,AMR3,0,0,0.0,0,0,0,0,0.0,0,0.0,54,55.9,37.5,0.0,T-0279,D-04-03,T-0060,D-03-03
O0130,B,2567.8,4524.5,4548.0,4561.7,4598.0,4627.7,2059.9,1956.7,AMR1,25,99.7,99.7,AMR1,0,0,0.0,0,0,0,1,2.0,0,0.0,56,57.5,43.7,2.0,T-0280,B-02-01,T-0163,B-04-01
O0131,H,2591.5,4576.1,4599.6,4612.3,4646.6,4670.8,2079.3,1984.6,AMR2,25,93.3,93.3,AMR2,0,0,0.0,0,0,0,0,0.0,0,0.0,52,54.2,40.5,0.0,T-0281,H-01-03,T-0115,H-01-05
O0132,H,2608.5,4593.8,4623.3,4635.4,4671.3,4698.6,2090.1,1985.3,AMR3,25,99.0,99.0,AMR3,0,0,0.0,0,0,0,0,0.0,1,1.0,50,52.6,46.2,6.0,T-0282,H-02-03,T-0116,H-06-01
O0133,D,2626.6,4627.8,4651.3,4666.6,4695.6,4722.0,2095.4,2001.2,AMR1,25,93.2,93.2,AMR1,0,0,0.0,0,0,0,0,0.0,0,0.0,52,53.8,40.4,0.0,T-0283,D-03-03,T-0152,D-01-01
O0134,D,2641.8,4670.9,4694.4,4710.7,4746.2,4774.8,2133.0,2029.1,AMR2,25,100.8,100.8,AMR2,0,0,0.0,0,0,0,0,0.0,0,0.0,54,55.9,48.0,0.0,T-0284,D-01-01,T-0156,D-03-01
O0135,B,2660.1,4698.7,4722.2,4734.6,4768.2,4796.6,2136.5,2038.6,AMR3,25,96.4,96.4,AMR3,0,0,0.0,0,0,0,0,0.0,0,0.0,56,57.5,40.4,0.0,T-0285,B-04-01,T-0168,B-05-01
O0136,I,2678.6,4722.1,4746.6,4760.2,4795.0,4823.3,2144.7,2043.5,AMR1,25,99.3,99.3,AMR1,0,0,0.0,0,0,0,0,0.0,0,0.0,52,54.2,46.0,1.0,T-0286,I-05-01,T-0191,I-01-02
O0137,I,2700.4,4774.9,4798.4,4809.6,4846.7,4871.2,2170.8,2074.5,AMR2,25,95.4,95.4,AMR2,0,0,0.0,0,0,0,0,0.0,0,0.0,52,54.2,42.1,0.0,T-0287,I-06-01,T-0200,I-02-02
O0138,B,2724.8,4796.7,4822.2,4833.1,4868.8,4900.7,2175.9,2071.9,AMR3,25,97.3,97.3,AMR3,0,0,0.0,0,0,0,0,0.0,0,0.0,60,60.7,41.3,2.0,T-0288,B-05-01,T-0170,B-01-02
O0139,E,2741.6,4823.4,4846.9,4862.6,4899.2,4933.9,2192.3,2081.8,AMR1,25,110.5,110.5,AMR1,0,0,0.0,0,0,0,0,0.0,0,0.0,64,63.4,47.1,0.0,T-0289,E-03-03,T-0071,E-02-01
O0140,G,2757.7,4871.3,4894.8,4910.2,4948.2,4974.9,2217.2,2113.6,AMR2,25,99.0,99.0,AMR2,0,0,0.0,0,0,0,0,0.0,0,0.0,60,61.1,42.5,0.0,T-0290,G-02-01,T-0098,G-02-03
O0141,F,2779.9,4900.8,4924.3,4937.8,4975.1,5005.0,2225.1,2120.9,AMR3,25,103.8,103.8,AMR3,0,0,0.0,0,0,0,0,0.0,0,0.0,68,67.5,36.7,0.0,T-0291,F-01-03,T-0089,F-04-01
O0142,I,2801.0,4934.0,4957.5,4970.0,5008.2,5035.2,2234.2,2133.0,AMR1,25,97.7,97.7,AMR1,0,0,0.0,0,0,0,0,0.0,0,0.0,54,56.8,44.4,0.0,T-0292,I-01-02,T-0207,I-03-02
O0143,J,2819.9,4975.0,4998.5,5014.0,5053.6,5084.2,2264.3,2155.1,AMR2,25,107.2,107.2,AMR2,0,0,0.0,0,0,0,0,0.0,0,0.0,66,65.9,43.3,0.0,T-0293,J-05-02,T-0146,J-03-05
O0144,G,2837.4,5005.1,5028.6,5040.9,5074.4,5101.1,2263.7,2167.7,AMR3,25,96.7,96.7,AMR3,0,0,0.0,0,0,0,0,0.0,0,0.0,54,55.8,40.2,0.0,T-0294,G-06-02,T-0099,G-06-04
O0145,I,2857.6,5035.3,5058.8,5074.5,5115.4,5146.3,2288.7,2177.7,AMR1,25,103.2,103.2,AMR1,0,0,0.0,0,0,0,0,0.0,0,0.0,60,61.1,49.9,0.0,T-0295,I-02-02,T-0209,I-05-02
O0146,D,2879.8,5084.3,5107.8,5118.5,5150.9,5182.3,2302.5,2204.5,AMR2,25,92.8,92.8,AMR2,0,0,0.0,0,0,0,0,0.0,0,0.0,56,58.0,40.0,0.0,T-0296,D-03-01,T-0172,D-04-01
O0147,F,2899.1,5101.2,5131.7,5146.5,5185.2,5219.8,2320.7,2202.1,AMR3,25,109.6,109.6,AMR3,0,0,0.0,0,0,0,0,0.0,1,2.0,70,69.1,42.5,7.0,T-0297,F-04-01,T-0090,F-03-05
O0148,B,2917.3,5146.4,5169.9,5182.8,5217.8,5247.6,2330.3,2229.1,AMR1,25,96.5,96.5,AMR1,0,0,0.0,0,0,0,0,0.0,0,0.0,60,60.7,40.5,0.0,T-0298,B-01-02,T-0173,B-02-02
O0149,I,2941.3,5182.4,5205.9,5218.6,5256.5,5286.0,2344.7,2241.1,AMR2,25,96.3,96.3,AMR2,0,0,0.0,0,0,0,0,0.0,0,0.0,60,60.6,43.0,0.0,T-0299,I-03-02,T-0214,I-06-02
O0150,F,2962.9,5219.9,5243.4,5254.3,5297.2,5328.3,2365.4,2257.0,AMR3,25,104.8,104.8,AMR3,0,0,0.0,0,0,0,0,0.0,0,0.0,72,70.7,37.7,0.0,T-0300,F-04-03,T-0161,F-02-01
O0151,I,2984.9,5247.7,5271.2,5293.6,5325.2,5352.5,2367.6,2262.8,AMR1,25,100.2,100.2,AMR1,0,0,0.0,0,0,0,0,0.0,0,0.0,56,57.9,46.9,0.0,T-0301,I-05-02,T-0229,I-04-02
O0152,G,3001.8,5286.1,5309.6,5323.0,5363.5,5394.1,2392.3,2284.3,AMR2,25,103.4,103.4,AMR2,0,0,0.0,0,0,0,0,0.0,0,0.0,60,61.1,46.9,0.0,T-0302,G-01-03,T-0100,G-02-05
O0153,C,3024.3,5328.4,5351.9,5365.3,5400.4,5430.4,2406.1,2304.1,AMR3,25,100.1,100.1,AMR3,0,0,0.0,0,0,0,0,0.0,0,0.0,52,54.2,47.8,0.0,T-0303,C-02-01,T-0043,C-01-03
O0154,G,3045.0,5352.6,5376.1,5391.1,5428.8,5455.2,2410.2,2307.6,AMR1,25,101.2,101.2,AMR1,0,0,0.0,0,0,0,0,0.0,0,0.0,56,57.9,44.7,0.0,T-0304,G-02-03,T-0101,G-04-03
O0155,E,3068.3,5394.2,5417.7,5428.1,5460.7,5497.4,2429.1,2325.9,AMR2,25,101.1,101.1,AMR2,0,0,0.0,0,0,0,0,0.0,0,0.0,66,65.5,37.7,0.0,T-0305,E-02-01,T-0072,E-03-02
O0156,J,3085.4,5430.5,5454.0,5467.2,5510.7,5540.4,2455.0,2345.1,AMR3,25,106.3,106.3,AMR3,0,0,0.0,0,0,0,0,0.0,0,0.0,68,67.5,42.4,0.0,T-0306,J-02-03,T-0147,J-04-05
O0157,H,3107.0,5455.3,5478.8,5489.7,5525.3,5559.9,2452.9,2348.3,AMR1,25,95.7,95.7,AMR1,0,0,0.0,0,0,0,1,7.0,1,2.0,52,54.7,42.9,7.0,T-0307,H-06-01,T-0117,H-05-03
O0158,D,3126.4,5497.5,5521.0,5533.6,5565.6,5595.9,2469.5,2371.1,AMR2,25,91.6,91.6,AMR2,0,0,0.0,0,0,0,0,0.0,0,0.0,58,59.6,38.8,0.0,T-0308,D-04-01,T-0179,D-06-01
O0159,C,3146.1,5540.5,5564.0,5575.6,5607.1,5638.4,2492.3,2394.4,AMR3,25,95.5,95.5,AMR3,0,0,0.0,0,0,0,0,0.0,0,0.0,52,54.7,43.2,0.0,T-0309,C-06-02,T-0044,C-05-04
O0160,I,3162.0,5560.0,5588.5,5603.4,5634.4,5660.8,2498.8,2398.0,AMR1,25,94.9,94.9,AMR1,0,0,0.0,0,0,0,0,0.0,0,0.0,52,54.2,41.6,5.0,T-0310,I-04-02,T-0230,I-02-03
O0161,F,3183.3,5596.0,5619.5,5635.8,5677.7,5708.5,2525.2,2412.7,AMR2,25,110.5,110.5,AMR2,0,0,0.0,0,0,0,0,0.0,0,0.0,70,69.1,43.4,0.0,T-0311,F-02-01,T-0162,F-03-01
O0162,D,3206.5,5638.5,5662.0,5676.6,5709.2,5740.5,2534.0,2432.0,AMR3,25,96.4,96.4,AMR3,0,0,0.0,0,0,0,0,0.0,0,0.0,56,58.4,43.6,0.0,T-0312,D-06-01,T-0198,D-05-01
O0163,D,3224.6,5660.9,5686.4,5699.6,5733.3,5762.1,2537.5,2436.3,AMR1,25,98.2,98.2,AMR1,0,0,0.0,0,0,0,0,0.0,0,0.0,52,53.8,45.4,2.0,T-0313,D-05-03,T-0203,D-01-02
O0164,D,3239.8,5708.6,5732.1,5747.0,5783.8,5812.7,2572.9,2468.8,AMR2,25,101.0,101.0,AMR2,0,0,0.0,0,0,0,0,0.0,0,0.0,54,55.9,48.2,0.0,T-0314,D-05-01,T-0218,D-03-02
O0165,B,3260.9,5740.6,5764.1,5777.5,5812.7,5843.0,2582.1,2479.7,AMR3,25,99.3,99.3,AMR3,0,0,0.0,0,0,0,0,0.0,0,0.0,58,59.1,43.3,0.0,T-0315,B-02-02,T-0189,B-03-02
O0166,J,3280.1,5762.2,5787.7,5800.0,5840.4,5873.0,2592.9,2482.1,AMR1,25,108.9,108.9,AMR1,0,0,0.0,0,0,0,0,0.0,0,0.0,64,63.8,45.0,2.0,T-0316,J-03-03,T-0148,J-01-03
O0167,G,3302.3,5812.8,5836.3,5847.3,5887.6,5912.5,2610.2,2510.5,AMR2,25,98.3,98.3,AMR2,0,0,0.0,0,0,0,0,0.0,0,0.0,56,57.9,41.8,0.0,T-0317,G-03-03,T-0102,G-05-05
O0168,C,3321.3,5843.1,5866.6,5879.1,5907.1,5937.6,2616.3,2521.8,AMR3,25,92.5,92.5,AMR3,0,0,0.0,0,0,0,0,0.0,0,0.0,52,54.3,40.2,0.0,T-0318,C-01-03,T-0045,C-04-03
O0169,B,3343.2,5873.1,5896.6,5908.1,5942.2,5972.3,2629.1,2529.9,AMR1,25,97.7,97.7,AMR1,0,0,0.0,0,0,0,0,0.0,0,0.0,56,57.5,41.7,0.0,T-0319,B-03-02,T-0192,B-04-02
O0170,I,3360.3,5912.6,5936.1,5950.3,5982.6,6010.2,2649.9,2552.3,AMR2,25,93.1,93.1,AMR2,0,0,0.0,0,0,0,1,1.5,0,0.0,54,56.3,39.8,1.5,T-0320,I-06-02,T-0236,I-03-03
O0171,D,3375.8,5937.7,5961.2,5973.1,6004.5,6032.1,2656.3,2561.9,AMR3,25,93.4,93.4,AMR3,0,0,0.0,0,0,0,0,0.0,0,0.0,52,53.8,40.6,0.0,T-0321,D-01-02,T-0219,D-02-02
O0172,H,3395.4,5972.4,5995.9,6012.3,6041.6,6069.9,2674.5,2577.0,AMR1,25,96.1,96.1,AMR1,0,0,0.0,0,0,0,0,0.0,0,0.0,52,54.2,43.3,0.0,T-0322,H-03-03,T-0118,H-01-02
O0173,I,3415.7,6010.3,6033.8,6046.6,6082.2,6111.8,2696.1,2594.6,AMR2,25,99.1,99.1,AMR2,0,0,0.0,0,0,0,1,1.5,0,0.0,52,54.2,45.8,1.5,T-0323,I-02-03,T-0240,I-01-03
O0174,H,3433.9,6032.2,6057.7,6070.4,6107.2,6132.5,2698.6,2598.3,AMR3,25,96.9,96.9,AMR3,0,0,0.0,0,0,0,0,0.0,0,0.0,52,54.2,44.1,2.0,T-0324,H-01-02,T-0119,H-02-01
O0175,I,3457.0,6070.0,6093.5,6107.9,6144.5,6174.1,2717.1,2613.0,AMR1,25,98.0,98.0,AMR1,0,0,0.0,0,0,0,1,1.5,0,0.0,56,57.9,44.7,1.5,T-0325,I-01-03,T-0241,I-04-03
O0176,I,3480.3,6111.9,6135.4,6146.2,6180.5,6208.3,2728.0,2631.6,AMR2,25,95.0,95.0,AMR2,0,0,0.0,0,0,0,0,0.0,0,0.0,52,54.7,41.7,0.0,T-0326,I-03-03,T-0256,I-01-01
O0177,H,3504.3,6132.6,6159.1,6171.7,6205.2,6232.5,2728.2,2628.3,AMR3,25,93.4,93.4,AMR3,0,0,0.0,0,0,0,0,0.0,0,0.0,54,56.3,40.6,3.0,T-0327,H-02-01,T-0120,H-03-05
O0178,D,3521.9,6174.2,6197.7,6210.7,6245.4,6273.9,2752.0,2652.3,AMR1,25,94.8,94.8,AMR1,0,0,0.0,0,0,0,0,0.0,0,0.0,54,57.7,42.0,0.0,T-0328,D-02-02,T-0226,D-02-01
O0179,I,3539.7,6208.4,6231.9,6246.7,6280.2,6307.3,2767.6,2668.7,AMR2,25,97.5,97.5,AMR2,0,0,0.0,0,0,0,0,0.0,0,0.0,52,54.7,44.2,0.0,T-0329,I-01-01,T-0257,I-02-01
O0180,E,3560.9,6232.6,6256.1,6266.8,6303.3,6337.4,2776.5,2671.7,AMR3,25,99.5,99.5,AMR3,0,0,0.0,0,0,0,0,0.0,0,0.0,70,68.7,36.1,0.0,T-0330,E-03-02,T-0073,E-06-01
O0181,E,3576.7,6274.0,6297.5,6311.4,6348.0,6380.8,2804.1,2697.3,AMR1,25,106.8,106.8,AMR1,0,0,0.0,0,0,0,0,0.0,0,0.0,64,63.4,43.4,0.0,T-0331,E-06-01,T-0074,E-01-01
O0182,F,3594.4,6307.4,6330.9,6344.0,6384.9,6420.0,2825.6,2713.0,AMR2,25,109.0,109.0,AMR2,0,0,0.0,0,0,0,0,0.0,0,0.0,72,70.7,41.9,0.0,T-0332,F-03-01,T-0171,F-01-01
O0183,C,3610.2,6337.5,6361.0,6373.9,6402.4,6435.4,2825.2,2727.3,AMR3,25,90.4,90.4,AMR3,0,0,0.0,0,0,0,1,6.0,1,1.0,52,53.8,38.1,6.0,T-0333,C-04-03,T-0186,C-01-01
O0184,C,3629.1,6380.9,6404.4,6419.7,6453.9,6482.1,2853.0,2751.8,AMR1,25,99.2,99.2,AMR1,0,0,0.0,0,0,0,0,0.0,0,0.0,52,54.3,46.9,0.0,T-0334,C-01-01,T-0188,C-04-01
O0185,G,3646.2,6420.1,6443.6,6459.3,6491.0,6521.2,2875.0,2773.9,AMR2,25,99.7,99.7,AMR2,0,0,0.0,0,0,0,0,0.0,0,0.0,56,57.9,43.2,0.0,T-0335,G-04-03,T-0103,G-05-01
O0186,H,3664.5,6435.5,6468.0,6481.1,6515.5,6542.5,2878.0,2771.0,AMR3,25,96.1,96.1,AMR3,0,0,0.0,0,0,0,0,0.0,1,4.0,52,54.7,43.3,9.0,T-0336,H-04-03,T-0165,H-04-01
O0187,G,3680.1,6482.2,6505.7,6521.4,6559.3,6583.4,2903.3,2802.1,AMR1,25,101.9,101.9,AMR1,0,0,0.0,0,0,0,0,0.0,0,0.0,54,55.8,45.4,0.0,T-0337,G-05-01,T-0104,G-06-01
O0188,J,3704.2,6521.3,6544.8,6558.6,6597.8,6635.0,2930.8,2817.1,AMR2,25,107.4,107.4,AMR2,0,0,0.0,0,0,0,0,0.0,0,0.0,72,70.2,43.5,0.0,T-0338,J-01-03,T-0149,J-06-02
O0189,J,3719.4,6542.6,6569.1,6580.5,6614.7,6653.7,2934.3,2823.2,AMR3,25,101.2,101.2,AMR3,0,0,0.0,0,0,0,1,7.0,1,2.0,64,63.8,37.3,10.0,T-0339,J-04-03,T-0150,J-01-04
O0190,F,3739.2,6583.5,6607.0,6621.8,6661.6,6695.4,2956.2,2844.3,AMR1,25,111.5,111.5,AMR1,0,0,0.0,0,0,0,0,0.0,0,0.0,68,67.5,44.4,0.0,T-0340,F-01-01,T-0178,F-05-01
O0191,G,3761.7,6635.1,6658.6,6669.7,6707.7,6735.7,2974.0,2873.4,AMR2,25,96.0,96.0,AMR2,0,0,0.0,0,0,0,0,0.0,0,0.0,60,61.1,39.5,0.0,T-0341,G-06-01,T-0105,G-01-01
O0192,I,3784.2,6653.8,6682.3,6695.4,6731.4,6758.4,2974.2,2869.6,AMR3,25,95.0,95.0,AMR3,0,0,0.0,0,0,0,0,0.0,0,0.0,56,57.9,41.7,5.0,T-0342,I-02-01,T-0258,I-05-03
O0193,H,3808.2,6695.5,6719.0,6731.9,6764.9,6787.9,2979.7,2887.3,AMR1,25,90.5,90.5,AMR1,0,0,0.0,0,0,0,0,0.0,0,0.0,52,54.7,37.7,0.0,T-0343,H-04-01,T-0175,H-05-01
O0194,H,3825.9,6735.8,6759.3,6773.8,6810.1,6838.0,3012.1,2909.9,AMR2,25,100.8,100.8,AMR2,0,0,0.0,0,0,0,0,0.0,0,0.0,52,54.2,48.0,0.0,T-0344,H-05-01,T-0190,H-02-02
O0195,G,3844.8,6758.5,6783.0,6797.5,6834.1,6864.0,3019.2,2913.7,AMR3,25,101.5,101.5,AMR3,0,0,0.0,0,0,0,0,0.0,0,0.0,58,59.5,45.0,1.0,T-0345,G-01-01,T-0166,G-03-01
O0196,H,3861.4,6788.0,6811.5,6826.1,6865.2,6891.0,3029.6,2926.6,AMR1,25,101.1,101.1,AMR1,0,0,0.0,0,0,0,0,0.0,0,0.0,52,54.7,48.3,0.0,T-0346,H-02-02,T-0201,H-04-02
O0197,I,3886.2,6838.1,6861.6,6874.8,6909.8,6935.3,3049.1,2951.9,AMR2,25,94.2,94.2,AMR2,0,0,0.0,0,0,0,0,0.0,0,0.0,54,56.3,40.9,0.0,T-0347,I-04-03,T-0270,I-03-01
O0198,J,3910.3,6864.1,6887.6,6901.6,6941.7,6971.8,3061.5,2953.8,AMR3,25,107.8,107.8,AMR3,0,0,0.0,0,0,0,0,0.0,0,0.0,64,63.8,43.9,0.0,T-0348,J-06-02,T-0159,J-01-01
O0199,B,3931.9,6891.1,6914.6,6927.8,6964.7,6995.4,3063.5,2959.2,AMR1,25,99.6,99.6,AMR1,0,0,0.0,0,0,0,0,0.0,0,0.0,60,60.7,43.6,0.0,T-0349,B-04-02,T-0204,B-01-03
O0200,H,3951.2,6935.4,6958.9,6970.5,7004.6,7032.6,3081.4,2984.2,AMR2,25,95.3,95.3,AMR2,0,0,0.0,0,0,0,0,0.0,0,0.0,52,54.7,42.5,0.0,T-0350,H-04-02,T-0212,H-05-02
O0201,D,3954.4,6971.9,6995.4,7006.0,7038.3,7067.7,3113.3,3017.5,AMR3,25,90.6,90.6,AMR3,0,0,0.0,0,0,0,0,0.0,0,0.0,56,58.0,37.8,0.0,T-0351,D-02-01,T-0228,D-04-02
O0202,F,3958.7,6995.5,7019.0,7035.0,7073.3,7106.1,3147.4,3036.8,AMR1,25,112.3,112.3,AMR1,0,0,0.0,0,0,0,0,0.0,0,0.0,66,65.4,45.2,0.0,T-0352,F-05-01,T-0180,F-06-01
O0203,E,3964.7,7032.7,7056.2,7070.8,7107.5,7142.4,3177.7,3068.0,AMR2,25,106.0,106.0,AMR2,0,0,0.0,0,0,0,0,0.0,0,0.0,68,67.1,42.6,0.0,T-0353,E-01-01,T-0075,E-05-05
O0204,A,3969.6,7067.8,7091.3,7103.3,7141.7,7175.8,3206.2,3098.2,AMR3,25,104.3,104.3,AMR3,0,0,0.0,0,0,0,0,0.0,0,0.0,72,70.3,37.7,0.0,T-0354,A-04-03,T-0155,A-02-01
O0205,C,3973.5,7106.2,7129.7,7141.3,7174.1,7203.4,3229.9,3132.7,AMR1,25,95.2,95.2,AMR1,0,0,0.0,0,0,0,0,0.0,0,0.0,52,54.3,42.9,0.0,T-0355,C-04-01,T-0196,C-05-01
O0206,C,3980.3,7142.5,7166.0,7181.5,7219.1,7244.8,3264.5,3162.2,AMR2,25,99.6,99.6,AMR2,0,0,0.0,0,0,0,0,0.0,0,0.0,54,55.0,47.3,0.0,T-0356,C-05-01,T-0199,C-03-01
O0207,C,3983.9,7175.9,7199.4,7213.8,7245.1,7271.4,3287.5,3192.0,AMR3,25,95.6,95.6,AMR3,0,0,0.0,0,0,0,0,0.0,0,0.0,50,52.2,43.3,0.0,T-0357,C-05-03,T-0206,C-06-01
O0208,H,3990.7,7203.5,7227.0,7239.8,7276.4,7305.0,3314.3,3212.8,AMR1,25,98.0,98.0,AMR1,0,0,0.0,0,0,0,0,0.0,0,0.0,54,56.3,45.2,0.0,T-0358,H-05-02,T-0221,H-03-01
O0209,J,3994.4,7244.9,7268.4,7284.0,7319.4,7348.6,3354.2,3250.5,AMR2,25,103.8,103.8,AMR2,0,0,0.0,0,0,0,0,0.0,0,0.0,64,63.8,39.9,0.0,T-0359,J-01-01,T-0164,J-02-01
O0210,E,3997.8,7271.5,7295.0,7307.5,7346.4,7379.2,3381.4,3273.7,AMR3,25,105.6,105.6,AMR3,0,0,0.0,0,0,0,0,0.0,0,0.0,66,65.5,42.2,0.0,T-0360,E-04-03,T-0169,E-03-01
O0211,G,4003.1,7305.1,7328.6,7340.2,7381.0,7410.5,3407.4,3302.0,AMR1,25,100.8,100.8,AMR1,0,0,0.0,0,0,0,0,0.0,0,0.0,60,61.1,44.3,0.0,T-0361,G-03-01,T-0181,G-01-02
O0212,D,4009.8,7348.7,7372.2,7383.3,7418.6,7448.6,3438.8,3338.9,AMR2,25,95.9,95.9,AMR2,0,0,0.0,0,0,0,0,0.0,0,0.0,52,54.8,43.1,2.0,T-0362,D-03-02,T-0231,D-01-03
O0213,B,4015.2,7379.3,7402.8,7413.9,7452.9,7484.0,3468.8,3364.1,AMR3,25,100.0,100.0,AMR3,0,0,0.0,0,0,0,0,0.0,0,0.0,60,60.7,44.0,0.0,T-0363,B-01-03,T-0205,B-02-03
O0214,C,4020.9,7410.6,7434.1,7445.0,7477.6,7507.8,3486.9,3389.7,AMR1,25,95.7,95.7,AMR1,0,0,0.0,0,0,0,0,0.0,0,0.0,52,53.8,43.4,0.0,T-0364,C-03-01,T-0237,C-01-02
O0215,I,4027.1,7448.7,7472.2,7488.5,7528.8,7555.4,3528.3,3421.6,AMR2,25,102.0,102.0,AMR2,0,0,0.0,0,0,0,0,0.0,0,0.0,56,58.0,48.7,0.0,T-0365,I-03-01,T-0275,I-04-01
O0216,H,4031.6,7484.1,7507.6,7519.5,7557.2,7582.2,3550.6,3452.5,AMR3,25,94.6,94.6,AMR3,0,0,0.0,0,0,0,0,0.0,0,0.0,54,56.3,41.8,0.0,T-0366,H-03-01,T-0232,H-03-02
O0217,A,4037.9,7507.9,7531.4,7545.6,7585.6,7623.3,3585.4,3470.0,AMR1,25,113.3,113.3,AMR1,0,0,0.0,0,0,0,0,0.0,0,0.0,70,68.7,46.7,0.0,T-0367,A-02-01,T-0160,A-03-01
O0218,F,4044.8,7555.5,7579.0,7591.4,7634.5,7670.1,3625.3,3510.7,AMR2,25,111.0,111.0,AMR2,0,0,0.0,0,0,0,0,0.0,0,0.0,72,70.7,43.9,0.0,T-0368,F-06-01,T-0202,F-02-02
O0219,H,4048.4,7582.3,7605.8,7619.5,7656.9,7683.9,3635.5,3533.9,AMR3,25,99.3,99.3,AMR3,0,0,0.0,0,0,0,2,2.5,0,0.0,50,52.6,46.5,2.5,T-0369,H-03-02,T-0235,H-06-02
O0220,I,4054.6,7623.4,7646.9,7663.0,7699.9,7733.6,3679.0,3568.8,AMR1,25,102.4,102.4,AMR1,0,0,0.0,0,0,0,0,0.0,0,0.0,60,61.1,49.1,0.0,T-0370,I-04-01,T-0286,I-05-01
O0221,E,4059.4,7670.2,7693.7,7706.8,7748.3,7785.4,3726.0,3610.8,AMR2,25,111.5,111.5,AMR2,0,0,0.0,0,0,0,0,0.0,0,0.0,68,67.1,48.1,0.0,T-0371,E-03-01,T-0182,E-04-01
O0222,A,4065.8,7684.0,7717.5,7730.0,7766.1,7805.4,3739.6,3618.2,AMR3,25,104.9,104.9,AMR3,0,0,0.0,0,0,0,1,6.0,2,6.0,68,67.1,38.3,16.0,T-0372,A-03-01,T-0177,A-05-01
O0223,I,4072.3,7733.7,7757.2,7770.1,7810.7,7842.5,3770.2,3661.4,AMR1,25,102.1,102.1,AMR1,0,0,0.0,0,0,0,0,0.0,0,0.0,58,60.0,48.8,0.0,T-0373,I-05-01,T-0287,I-06-01
O0224,C,4077.8,7785.5,7809.0,7821.0,7858.4,7884.7,3806.9,3707.7,AMR2,25,97.7,97.7,AMR2,0,0,0.0,0,0,0,0,0.0,0,0.0,52,53.8,45.4,0.0,T-0374,C-06-01,T-0249,C-02-02
O0225,D,4084.2,7805.5,7833.0,7848.4,7884.6,7913.4,3829.2,3721.3,AMR3,25,100.9,100.9,AMR3,0,0,0.0,0,0,0,1,1.0,0,0.0,52,54.8,48.1,5.0,T-0375,D-04-02,T-0243,D-02-03
O0226,H,4090.4,7842.6,7866.1,7880.7,7909.6,7932.5,3842.1,3752.2,AMR1,25,88.5,88.5,AMR1,0,0,0.0,0,0,0,0,0.0,0,0.0,52,54.2,35.7,0.0,T-0376,H-06-02,T-0250,H-01-01
O0227,A,4093.4,7884.8,7908.3,7923.8,7963.8,8002.4,3909.0,3791.4,AMR2,25,113.9,113.9,AMR2,0,0,0.0,0,0,0,0,0.0,0,0.0,72,70.3,47.3,0.0,T-0377,A-05-01,T-0187,A-01-02
O0228,D,4099.3,7913.5,7937.0,7953.2,7984.8,8021.7,3922.4,3814.2,AMR3,25,98.5,98.5,AMR3,0,0,0.0,0,0,0,1,5.0,0,0.0,56,57.5,45.7,5.0,T-0378,D-01-03,T-0253,D-05-02
O0229,F,4104.2,7932.6,7961.1,7971.6,8016.4,8050.4,3946.2,3828.4,AMR1,25,110.8,110.8,AMR1,0,0,0.0,0,0,0,0,0.0,0,0.0,70,69.1,43.7,5.0,T-0379,F-02-02,T-0211,F-03-02
O0230,D,4107.5,8002.5,8026.0,8041.9,8078.4,8108.0,4000.5,3895.0,AMR2,25,99.2,99.2,AMR2,0,0,0.0,0,0,0,0,0.0,0,0.0,58,59.1,46.4,0.0,T-0380,D-05-02,T-0274,D-06-02
O0231,H,4113.2,8021.8,8050.3,8061.8,8096.4,8121.9,4008.7,3908.6,AMR3,25,91.7,91.7,AMR3,0,0,0.0,0,0,0,1,2.0,0,0.0,52,54.2,38.9,7.0,T-0381,H-01-01,T-0281,H-01-03
O0232,H,4120.2,8050.5,8074.0,8084.5,8120.5,8147.2,4027.0,3930.3,AMR1,25,92.2,92.2,AMR1,0,0,0.0,0,0,0,0,0.0,0,0.0,52,54.7,39.4,2.6,T-0382,H-05-03,T-0282,H-02-03
O0233,D,4125.0,8108.1,8131.6,8144.9,8178.3,8206.9,4081.9,3983.1,AMR2,25,93.7,93.7,AMR2,0,0,0.0,0,0,0,0,0.0,0,0.0,56,57.9,40.9,0.0,T-0383,D-06-02,T-0279,D-04-03
O0234,D,4130.9,8122.0,8155.5,8170.9,8203.3,8231.8,4100.9,3991.1,AMR3,25,96.7,96.7,AMR3,0,0,0.0,0,0,0,0,0.0,1,5.0,54,55.9,43.9,10.0,T-0384,D-02-03,T-0283,D-03-03
O0235,H,4134.8,8147.3,8179.8,8196.1,8228.1,8251.2,4116.4,4012.5,AMR1,25,95.1,95.1,AMR1,0,0,0.0,0,0,0,0,0.0,1,4.0,50,52.6,42.3,9.0,T-0385,H-01-03,T-0307,H-06-01
O0236,H,4141.1,8207.0,8230.5,8241.9,8277.8,8303.0,4161.9,4065.9,AMR2,25,92.5,92.5,AMR2,0,0,0.0,0,0,0,0,0.0,0,0.0,54,56.3,39.7,0.0,T-0386,H-06-01,T-0322,H-03-03
O0237,B,4145.3,8231.9,8255.4,8270.9,8304.0,8335.6,4190.3,4086.6,AMR3,25,102.2,102.2,AMR3,0,0,0.0,0,0,0,0,0.0,0,0.0,56,57.5,46.2,0.0,T-0387,B-02-03,T-0213,B-05-02
O0238,H,4148.5,8251.3,8279.8,8291.5,8327.9,8352.8,4204.3,4102.8,AMR1,25,95.1,95.1,AMR1,0,0,0.0,0,0,0,0,0.0,0,0.0,52,54.2,42.3,5.0,T-0388,H-02-03,T-0324,H-01-02
O0239,F,4155.3,8303.1,8326.6,8340.4,8381.2,8412.9,4257.6,4147.8,AMR2,25,109.4,109.4,AMR2,0,0,0.0,0,0,0,0,0.0,0,0.0,68,67.5,42.3,0.0,T-0389,F-03-02,T-0225,F-05-02
O0240,I,4161.7,8335.7,8359.2,8370.4,8406.0,8429.5,4267.8,4174.0,AMR3,25,92.9,92.9,AMR3,0,0,0.0,0,0,0,0,0.0,0,0.0,52,54.2,39.6,0.0,T-0390,I-06-01,T-0292,I-01-02
O0241,C,4166.5,8352.9,8383.4,8395.3,8426.8,8456.7,4290.2,4186.4,AMR1,25,94.1,94.1,AMR1,0,0,0.0,0,0,0,0,0.0,1,2.0,54,55.0,41.8,7.0,T-0391,C-01-02,T-0266,C-03-02
O0242,C,4173.3,8413.0,8436.5,8449.6,8478.5,8508.1,4334.8,4239.7,AMR2,25,93.1,93.1,AMR2,0,0,0.0,0,0,0,0,0.0,0,0.0,52,54.3,40.8,0.0,T-0392,C-02-02,T-0267,C-05-02
O0243,C,4178.2,8429.6,8460.1,8474.0,8504.4,8535.8,4357.6,4251.4,AMR3,25,96.5,96.5,AMR3,0,0,0.0,0,0,0,0,0.0,1,2.0,54,55.0,44.2,7.0,T-0393,C-03-02,T-0272,C-02-03
O0244,H,4181.8,8456.8,8484.3,8495.7,8530.3,8554.9,4373.1,4275.0,AMR1,25,92.6,92.6,AMR1,0,0,0.0,0,0,0,0,0.0,0,0.0,52,54.3,39.8,4.0,T-0394,H-01-02,T-0327,H-02-01
O0245,I,4188.8,8508.2,8531.7,8547.8,8580.9,8605.8,4417.0,4319.4,AMR2,25,96.7,96.7,AMR2,0,0,0.0,0,0,0,0,0.0,0,0.0,52,54.2,43.4,0.0,T-0395,I-01-02,T-0295,I-02-02
O0246,G,4194.2,8535.9,8559.4,8574.6,8608.8,8633.5,4439.3,4341.7,AMR3,25,96.2,96.2,AMR3,0,0,0.0,0,0,0,0,0.0,0,0.0,56,57.9,39.7,0.0,T-0396,G-01-02,T-0185,G-04-01
O0247,I,4199.0,8555.0,8583.5,8594.9,8631.4,8659.7,4460.7,4356.0,AMR1,25,96.7,96.7,AMR1,0,0,0.0,0,0,0,0,0.0,0,0.0,54,56.3,43.4,5.0,T-0397,I-02-02,T-0299,I-03-02
O0248,C,4204.3,8605.9,8629.4,8642.1,8672.3,8699.7,4495.4,4401.6,AMR2,25,91.8,91.8,AMR2,0,0,0.0,0,0,0,0,0.0,0,0.0,52,54.3,39.5,0.0,T-0398,C-05-02,T-0276,C-04-02
O0249,C,4209.8,8633.6,8657.1,8668.1,8700.2,8727.4,4517.6,4423.8,AMR3,25,91.1,91.1,AMR3,0,0,0.0,0,0,0,0,0.0,0,0.0,54,55.0,38.8,0.0,T-0399,C-02-03,T-0277,C-03-03
O0250,D,4213.7,8659.8,8683.3,8699.1,8734.6,8764.2,4550.5,4446.1,AMR1,25,102.9,102.9,AMR1,0,0,0.0,0,0,0,0,0.0,0,0.0,52,54.3,50.1,0.0,T-0400,D-03-03,T-0284,D-01-01
O0251,F,4218.4,8699.8,8723.3,8737.1,8782.4,8817.4,4599.0,4481.4,AMR2,25,114.0,114.0,AMR2,0,0,0.0,0,0,0,0,0.0,0,0.0,72,70.7,46.9,0.0,T-0401,F-05-02,T-0248,F-02-03
O0252,H,4221.5,8727.5,8751.0,8763.0,8799.0,8832.5,4611.0,4506.0,AMR3,25,96.1,96.1,AMR3,0,0,0.0,0,0,0,1,7.0,1,2.0,52,54.7,43.3,7.0,T-0402,H-02-01,T-0336,H-04-03
O0253,D,4227.9,8764.3,8787.8,8799.6,8836.0,8872.8,4644.9,4536.4,AMR1,25,98.9,98.9,AMR1,0,0,0.0,0,0,0,1,6.0,1,1.0,54,56.4,46.1,6.0,T-0403,D-01-01,T-0296,D-03-01
O0254,J,4234.1,8817.5,8841.0,8851.9,8894.2,8926.0,4691.9,4583.4,AMR2,25,104.9,104.9,AMR2,0,0,0.0,0,0,0,0,0.0,0,0.0,68,67.5,41.0,0.0,T-0404,J-02-01,T-0167,J-04-01
O0255,D,4238.8,8832.6,8865.1,8878.5,8910.5,8944.6,4705.8,4593.8,AMR3,25,91.8,91.8,AMR3,0,0,0.0,0,0,0,1,6.0,2,5.0,56,58.0,39.0,15.0,T-0405,D-03-01,T-0308,D-04-01
O0256,D,4245.1,8872.9,8896.4,8910.6,8948.3,8982.7,4737.6,4627.8,AMR1,25,100.3,100.3,AMR1,0,0,0.0,0,0,0,1,2.0,0,0.0,60,60.3,47.5,2.0,T-0406,D-04-01,T-0312,D-06-01
O0257,E,4250.5,8926.1,8949.6,8962.0,8994.9,9028.3,4777.8,4675.6,AMR2,25,102.2,102.2,AMR2,0,0,0.0,0,0,0,0,0.0,0,0.0,64,63.4,38.8,0.0,T-0407,E-04-01,T-0193,E-01-02
O0258,J,4254.0,8944.7,8973.2,8987.0,9029.2,9062.2,4808.2,4690.7,AMR3,25,107.2,107.2,AMR3,0,0,0.0,0,0,0,0,0.0,0,0.0,70,69.2,43.3,5.0,T-0408,J-04-01,T-0184,J-06-01
O0259,I,4260.7,8982.8,9006.3,9019.2,9055.5,9081.1,4820.4,4722.1,AMR1,25,93.7,93.7,AMR1,0,0,0.0,0,0,0,0,0.0,0,0.0,56,57.9,40.4,0.0,T-0409,I-03-02,T-0301,I-05-02
O0260,I,4264.1,9028.4,9051.9,9064.7,9100.6,9131.0,4866.9,4764.3,AMR2,25,97.9,97.9,AMR2,0,0,0.0,0,0,0,0,0.0,0,0.0,56,58.0,44.6,0.0,T-0410,I-05-02,T-0310,I-04-02
O0261,C,4268.4,9062.3,9085.8,9097.8,9134.9,9164.9,4896.5,4793.9,AMR3,25,100.7,100.7,AMR3,0,0,0.0,0,0,0,0,0.0,0,0.0,52,54.2,48.4,0.0,T-0411,C-04-02,T-0303,C-02-01
O0262,G,4275.2,9081.2,9109.7,9125.3,9166.6,9197.1,4921.9,4806.0,AMR1,25,107.9,107.9,AMR1,0,0,0.0,0,0,0,0,0.0,0,0.0,58,59.5,51.4,5.0,T-0412,G-04-01,T-0223,G-03-02
O0263,J,4282.0,9131.1,9154.6,9177.7,9220.0,9251.2,4969.2,4849.1,AMR2,25,118.1,118.1,AMR2,0,0,0.0,0,0,0,0,0.0,0,0.0,66,65.9,54.2,0.0,T-0413,J-06-01,T-0208,J-03-01
O0264,B,4287.3,9165.0,9188.5,9200.7,9229.0,9270.9,4983.6,4877.7,AMR3,25,94.5,94.5,AMR3,0,0,0.0,0,0,0,1,12.0,1,7.0,54,55.4,38.5,12.0,T-0414,B-05-02,T-0222,B-06-02
O0265,H,4292.4,9197.2,9220.7,9235.1,9269.2,9294.9,5002.5,4904.8,AMR1,25,95.8,95.8,AMR1,0,0,0.0,0,0,0,0,0.0,0,0.0,52,54.7,43.0,0.0,T-0415,H-03-03,T-0343,H-04-01
O0266,I,4299.4,9251.3,9274.8,9288.2,9323.1,9351.9,5052.5,4951.9,AMR2,25,94.4,94.4,AMR2,0,0,0.0,0,0,0,0,0.0,0,0.0,58,59.5,41.1,0.0,T-0416,I-04-02,T-0320,I-06-02
O0267,H,4304.3,9271.0,9298.5,9311.4,9341.6,9365.1,5060.8,4966.7,AMR3,25,88.2,88.2,AMR3,0,0,0.0,0,0,0,0,0.0,0,0.0,52,54.7,35.4,4.0,T-0417,H-04-01,T-0344,H-05-01
O0268,I,4307.7,9295.0,9322.5,9335.0,9369.0,9405.7,5098.0,4987.3,AMR1,25,97.3,97.3,AMR1,0,0,0.0,0,0,0,1,8.0,1,3.0,52,54.7,44.0,12.0,T-0418,I-06-02,T-0323,I-02-03
O0269,F,4312.6,9352.0,9375.5,9389.9,9431.7,9464.1,5151.5,5039.4,AMR2,25,111.7,111.7,AMR2,0,0,0.0,0,0,0,0,0.0,0,0.0,68,67.5,44.6,0.0,T-0419,F-02-03,T-0254,F-04-02
O0270,H,4315.8,9365.2,9399.7,9412.3,9446.9,9476.8,5161.0,5049.4,AMR3,25,92.2,92.2,AMR3,0,0,0.0,0,0,0,1,7.0,2,8.0,52,54.2,39.4,18.0,T-0420,H-05-01,T-0346,H-02-02
O0271,G,4319.3,9405.8,9429.3,9441.4,9478.3,9514.6,5195.3,5086.5,AMR1,25,94.2,94.2,AMR1,0,0,0.0,0,0,0,1,10.0,1,5.0,60,61.1,37.7,10.0,T-0421,G-03-02,T-0227,G-02-02
O0272,I,4324.9,9464.2,9487.7,9498.7,9536.7,9562.8,5237.9,5139.3,AMR2,25,97.7,97.7,AMR2,0,0,0.0,0,0,0,0,0.0,0,0.0,52,54.2,44.4,0.0,T-0422,I-02-03,T-0325,I-01-03
O0273,I,4328.6,9476.9,9511.4,9526.9,9560.2,9588.1,5259.5,5148.3,AMR3,25,97.2,97.2,AMR3,0,0,0.0,0,0,0,0,0.0,1,6.0,54,56.3,43.9,11.0,T-0423,I-05-03,T-0326,I-03-03
O0274,H,4333.4,9514.7,9538.2,9553.7,9588.7,9614.6,5281.2,5181.3,AMR1,25,98.0,98.0,AMR1,0,0,0.0,0,0,0,0,0.0,0,0.0,52,54.7,45.2,0.0,T-0424,H-02-02,T-0350,H-04-02
O0275,I,4336.9,9562.9,9586.4,9598.3,9637.0,9661.3,5324.4,5226.0,AMR2,25,97.5,97.5,AMR2,0,0,0.0,0,0,0,0,0.0,0,0.0,52,54.2,44.2,0.0,T-0425,I-01-03,T-0329,I-01-01
O0276,B,4340.1,9588.2,9611.7,9624.3,9655.8,9684.4,5344.3,5248.1,AMR3,25,93.1,93.1,AMR3,0,0,0.0,0,0,0,0,0.0,0,0.0,58,59.1,37.1,0.0,T-0426,B-06-02,T-0242,B-03-01
O0277,I,4343.7,9614.7,9638.2,9648.9,9681.8,9707.5,5363.8,5271.0,AMR1,25,91.9,91.9,AMR1,0,0,0.0,0,0,0,0,0.0,0,0.0,52,54.2,38.6,0.0,T-0427,I-01-01,T-0342,I-02-01
O0278,A,4347.6,9661.4,9684.9,9696.4,9735.9,9769.8,5422.2,5313.8,AMR2,25,106.3,106.3,AMR2,0,0,0.0,0,0,0,0,0.0,0,0.0,70,68.7,39.7,0.0,T-0428,A-01-02,T-0195,A-03-02
O0279,B,4354.4,9684.5,9709.0,9722.3,9757.3,9788.0,5433.6,5330.1,AMR3,25,96.4,96.4,AMR3,0,0,0.0,0,0,0,1,3.0,0,0.0,58,59.1,40.4,4.0,T-0429,B-03-01,T-0251,B-03-03
O0280,H,4361.1,9707.6,9733.1,9748.9,9783.2,9809.7,5448.6,5346.5,AMR1,25,98.2,98.2,AMR1,0,0,0.0,0,0,0,0,0.0,0,0.0,52,54.7,45.4,2.0,T-0430,H-04-02,T-0358,H-05-02
O0281,B,4367.4,9769.9,9793.4,9806.2,9836.6,9866.1,5498.7,5402.5,AMR2,25,94.7,94.7,AMR2,0,0,0.0,0,0,0,0,0.0,0,0.0,56,57.5,38.7,0.0,T-0431,B-03-03,T-0259,B-04-03
O0282,D,4372.6,9788.1,9817.6,9830.8,9862.5,9890.7,5518.1,5415.5,AMR3,25,91.9,91.9,AMR3,0,0,0.0,0,0,0,0,0.0,1,1.0,56,57.5,39.1,6.0,T-0432,D-06-01,T-0313,D-05-03
O0283,F,4376.8,9809.8,9841.3,9855.2,9899.7,9930.6,5553.8,5433.0,AMR1,25,110.8,110.8,AMR1,0,0,0.0,0,0,0,0,0.0,1,3.0,70,69.1,43.7,8.0,T-0433,F-04-02,T-0255,F-03-03
O0284,C,4383.5,9866.2,9889.7,9901.8,9932.0,9960.1,5576.6,5482.7,AMR2,25,94.0,94.0,AMR2,0,0,0.0,0,0,0,0,0.0,0,0.0,50,52.2,41.7,0.0,T-0434,C-02-01,T-0309,C-06-02
O0285,G,4389.4,9890.8,9914.3,9926.2,9966.7,9996.4,5607.0,5501.4,AMR3,25,104.2,104.2,AMR3,0,0,0.0,0,0,0,0,0.0,0,0.0,56,57.9,47.7,0.0,T-0435,G-02-02,T-0234,G-04-02
O0286,I,4394.4,9930.7,9954.2,9969.3,10006.0,10037.2,5642.8,5536.3,AMR1,25,100.4,100.4,AMR1,0,0,0.0,0,0,0,1,1.5,0,0.0,56,57.9,47.1,1.5,T-0436,I-02-01,T-0347,I-04-03
O0287,F,4398.7,9960.2,9983.7,9999.6,10037.8,10067.7,5669.0,5561.5,AMR2,25,109.2,109.2,AMR2,0,0,0.0,0,0,0,0,0.0,0,0.0,66,65.4,42.1,0.0,T-0437,F-03-03,T-0262,F-06-02
O0288,J,4405.4,9996.5,10020.0,10032.8,10075.4,10103.4,5698.0,5591.1,AMR3,25,107.0,107.0,AMR3,0,0,0.0,0,0,0,0,0.0,0,0.0,64,63.8,43.1,0.0,T-0438,J-03-01,T-0220,J-01-02
O0289,I,4410.7,10037.3,10060.8,10076.0,10112.8,10140.0,5729.3,5626.6,AMR1,25,97.7,97.7,AMR1,0,0,0.0,0,0,0,1,2.0,0,0.0,54,56.3,44.4,2.0,T-0439,I-03-03,T-0365,I-03-01
O0290,I,4415.0,10067.8,10091.3,10102.4,10136.3,10164.9,5749.9,5652.8,AMR2,25,92.5,92.5,AMR2,0,0,0.0,0,0,0,0,0.0,0,0.0,56,57.9,39.2,0.0,T-0440,I-04-03,T-0370,I-04-01
O0291,J,4421.9,10103.5,10127.0,10142.9,10183.6,10212.3,5790.4,5681.6,AMR3,25,108.9,108.9,AMR3,0,0,0.0,0,0,0,0,0.0,0,0.0,64,63.8,45.0,0.0,T-0441,J-01-02,T-0244,J-02-02
O0292,H,4426.9,10140.1,10163.6,10176.3,10213.4,10238.0,5811.1,5713.2,AMR1,25,94.4,94.4,AMR1,0,0,0.0,0,0,0,0,0.0,0,0.0,54,56.3,41.6,0.0,T-0442,H-05-02,T-0366,H-03-01
O0293,I,4433.4,10165.0,10188.5,10199.9,10235.5,10263.9,5830.5,5731.6,AMR2,25,94.3,94.3,AMR2,0,0,0.0,0,0,0,0,0.0,0,0.0,56,57.9,41.0,0.0,T-0443,I-03-01,T-0373,I-05-01
O0294,D,4439.3,10212.4,10235.9,10247.7,10277.1,10303.9,5864.6,5773.1,AMR3,25,86.8,86.8,AMR3,0,0,0.0,0,0,0,0,0.0,0,0.0,56,57.5,34.0,0.0,T-0444,D-04-03,T-0314,D-05-01
O0295,E,4444.2,10238.1,10261.6,10275.6,10314.5,10346.8,5902.6,5793.9,AMR1,25,104.6,104.6,AMR1,0,0,0.0,0,0,0,0,0.0,0,0.0,68,67.5,41.2,0.0,T-0445,E-01-02,T-0194,E-04-02
O0296,E,4449.9,10264.0,10287.5,10301.1,10341.6,10377.0,5927.1,5814.1,AMR2,25,109.3,109.3,AMR2,0,0,0.0,0,0,0,0,0.0,0,0.0,68,67.1,45.9,0.0,T-0446,E-05-03,T-0197,E-05-01
O0297,H,4456.4,10304.0,10327.5,10339.6,10378.6,10407.2,5950.8,5847.6,AMR3,25,99.7,99.7,AMR3,0,0,0.0,0,0,0,0,0.0,0,0.0,54,56.3,46.9,0.0,T-0447,H-03-01,T-0369,H-03-02
O0298,G,4462.3,10346.9,10370.4,10384.8,10424.3,10450.4,5988.1,5884.6,AMR1,25,102.1,102.1,AMR1,0,0,0.0,0,0,0,0,0.0,0,0.0,56,57.9,45.6,0.0,T-0448,G-04-02,T-0268,G-05-02
O0299,H,4467.7,10377.1,10400.6,10416.9,10450.2,10476.6,6008.9,5909.4,AMR2,25,99.7,99.7,AMR2,0,0,0.0,0,0,0,0,0.0,0,0.0,50,52.6,46.9,0.0,T-0449,H-03-02,T-0376,H-06-02
O0300,C,4473.7,10407.3,10430.8,10445.5,10475.0,10504.7,6031.0,5933.6,AMR3,25,95.9,95.9,AMR3,0,0,0.0,0,0,0,0,0.0,0,0.0,52,53.8,43.6,0.0,T-0450,C-06-02,T-0318,C-01-03
O0301,D,4479.5,10450.5,10474.0,10489.2,10521.3,10547.1,6067.6,5971.0,AMR1,25,95.6,95.6,AMR1,0,0,0.0,0,0,0,0,0.0,0,0.0,52,53.8,42.8,0.0,T-0451,D-05-01,T-0321,D-01-02
O0302,H,4483.7,10476.7,10500.2,10513.1,10544.6,10572.6,6088.9,5993.0,AMR2,25,94.5,94.5,AMR2,0,0,0.0,0,0,0,0,0.0,0,0.0,52,54.2,41.7,0.0,T-0452,H-06-02,T-0381,H-01-01
O0303,D,4487.9,10504.8,10528.3,10544.3,10578.5,10608.9,6121.0,6016.9,AMR3,25,102.6,102.6,AMR3,0,0,0.0,0,0,0,0,0.0,0,0.0,52,54.3,49.8,0.0,T-0453,D-01-02,T-0328,D-02-02
O0304,D,4493.0,10547.2,10570.7,10583.3,10615.4,10641.3,6148.3,6054.2,AMR1,25,92.6,92.6,AMR1,0,0,0.0,0,0,0,0,0.0,0,0.0,52,54.3,39.8,0.0,T-0454,D-02-02,T-0351,D-02-01
O0305,F,4496.7,10572.7,10596.2,10607.1,10646.7,10679.8,6183.1,6076.0,AMR2,25,103.5,103.5,AMR2,0,0,0.0,0,0,0,0,0.0,0,0.0,72,70.7,36.4,0.0,T-0455,F-06-02,T-0278,F-01-02
O0306,D,4502.4,10609.0,10632.5,10647.2,10676.1,10702.7,6200.3,6106.6,AMR3,25,90.1,90.1,AMR3,0,0,0.0,0,0,0,0,0.0,0,0.0,54,56.4,37.3,0.0,T-0456,D-02-01,T-0362,D-03-02
O0307,H,4507.3,10641.4,10664.9,10679.8,10714.8,10742.7,6235.4,6134.1,AMR1,25,99.4,99.4,AMR1,0,0,0.0,0,0,0,0,0.0,0,0.0,52,54.7,46.6,0.0,T-0457,H-01-01,T-0382,H-05-03
O0308,E,4510.3,10679.9,10703.4,10717.4,10754.8,10786.3,6276.0,6169.6,AMR2,25,106.4,106.4,AMR2,0,0,0.0,0,0,0,0,0.0,0,0.0,64,63.4,43.0,0.0,T-0458,E-05-01,T-0210,E-02-02
O0309,H,4515.5,10702.8,10727.3,10739.8,10778.6,10806.9,6291.4,6187.3,AMR3,25,101.7,101.7,AMR3,0,0,0.0,0,0,0,0,0.0,0,0.0,52,54.2,48.9,1.0,T-0459,H-04-03,T-0385,H-01-03
O0310,J,4519.7,10742.8,10766.3,10780.2,10823.4,10855.5,6335.8,6223.1,AMR1,25,109.1,109.1,AMR1,0,0,0.0,0,0,0,0,0.0,0,0.0,68,67.5,45.2,0.0,T-0460,J-02-02,T-0246,J-05-01
O0311,I,4524.5,10786.4,10809.9,10822.8,10857.4,10885.6,6361.1,6261.9,AMR2,25,92.5,92.5,AMR2,0,0,0.0,0,0,0,0,0.0,0,0.0,58,60.0,39.2,0.0,T-0461,I-04-01,T-0390,I-06-01
O0312,H,4528.0,10807.0,10833.5,10849.4,10885.4,10909.9,6381.9,6279.0,AMR3,25,100.1,100.1,AMR3,0,0,0.0,0,0,0,0,0.0,0,0.0,50,52.6,47.3,3.0,T-0462,H-01-03,T-0386,H-06-01
O0313,A,4532.1,10855.6,10879.1,10893.8,10927.3,10964.2,6432.1,6323.5,AMR1,25,108.1,108.1,AMR1,0,0,0.0,0,0,0,0,0.0,0,0.0,68,67.1,41.5,0.0,T-0463,A-03-02,T-0215,A-04-01
O0314,C,4536.3,10885.7,10909.2,10925.6,10956.9,10986.7,6450.4,6349.4,AMR2,25,99.0,99.0,AMR2,0,0,0.0,0,0,0,0,0.0,0,0.0,52,54.3,46.7,0.0,T-0464,C-01-03,T-0333,C-04-03
O0315,E,4542.2,10910.0,10933.5,10949.5,10988.8,11022.1,6479.9,6367.8,AMR3,25,108.4,108.4,AMR3,0,0,0.0,0,0,0,0,0.0,0,0.0,68,67.1,45.0,0.0,T-0465,E-02-02,T-0247,E-05-02
O0316,D,4547.7,10964.3,10987.8,11001.5,11035.1,11063.7,6516.0,6416.6,AMR1,25,94.7,94.7,AMR1,0,0,0.0,0,0,0,0,0.0,0,0.0,56,57.5,41.9,0.0,T-0466,D-03-02,T-0375,D-04-02
O0317,J,4551.7,10986.8,11011.3,11022.8,11062.7,11097.2,6545.5,6435.1,AMR2,25,107.4,107.4,AMR2,0,0,0.0,0,0,0,0,0.0,0,0.0,66,65.9,43.5,1.0,T-0467,J-05-01,T-0252,J-03-02
O0318,J,4558.0,11022.2,11045.7,11059.6,11099.8,11134.3,6576.3,6464.2,AMR3,25,108.5,108.5,AMR3,0,0,0.0,0,0,0,0,0.0,0,0.0,68,67.5,44.6,0.0,T-0468,J-05-03,T-0271,J-04-02
O0319,A,4561.2,11063.8,11087.3,11102.7,11141.5,11174.8,6613.6,6502.6,AMR1,25,110.5,110.5,AMR1,0,0,0.0,0,0,0,0,0.0,0,0.0,68,67.1,43.9,0.0,T-0469,A-04-01,T-0216,A-05-02
O0320,H,4567.1,11097.3,11120.8,11134.0,11167.4,11192.1,6625.0,6530.2,AMR2,25,93.4,93.4,AMR2,0,0,0.0,0,0,0,0,0.0,0,0.0,52,54.2,40.6,0.0,T-0470,H-06-01,T-0388,H-02-03
O0321,D,4573.1,11134.4,11157.9,11170.1,11200.2,11229.1,6656.0,6561.3,AMR3,25,93.2,93.2,AMR3,0,0,0.0,0,0,0,0,0.0,0,0.0,52,54.3,40.4,0.0,T-0471,D-04-02,T-0378,D-01-03
O0322,H,4579.6,11174.9,11198.4,11211.4,11249.8,11275.8,6696.2,6595.3,AMR1,25,99.5,99.5,AMR1,0,0,0.0,0,0,0,0,0.0,0,0.0,52,54.2,46.7,0.0,T-0472,H-02-03,T-0394,H-01-02
O0323,F,4583.6,11192.2,11222.7,11235.2,11277.4,11309.2,6725.6,6608.6,AMR2,25,106.4,106.4,AMR2,0,0,0.0,0,0,0,0,0.0,1,2.0,72,70.7,39.3,7.0,T-0473,F-01-02,T-0291,F-01-03
O0324,C,4589.6,11229.2,11252.7,11266.2,11299.4,11328.7,6739.1,6639.6,AMR3,25,97.0,97.0,AMR3,0,0,0.0,0,0,0,1,1.0,0,0.0,52,53.8,44.7,1.0,T-0474,C-03-03,T-0334,C-01-01
O0325,D,4596.5,11275.9,11299.4,11311.0,11349.2,11376.9,6780.4,6679.4,AMR1,25,94.0,94.0,AMR1,0,0,0.0,0,0,0,0,0.0,0,0.0,60,59.8,41.2,0.0,T-0475,D-01-03,T-0380,D-05-02
O0326,G,4602.4,11309.3,11332.8,11344.5,11384.9,11413.0,6810.6,6706.9,AMR2,25,99.1,99.1,AMR2,0,0,0.0,0,0,0,0,0.0,0,0.0,60,61.1,42.6,0.0,T-0476,G-05-02,T-0290,G-02-01
O0327,H,4605.7,11328.8,11356.3,11371.0,11405.2,11429.4,6823.7,6723.1,AMR3,25,95.2,95.2,AMR3,0,0,0.0,0,0,0,0,0.0,0,0.0,52,54.2,42.4,4.0,T-0477,H-01-02,T-0402,H-02-01
O0328,H,4609.2,11377.0,11400.5,11415.2,11452.8,11477.7,6868.5,6767.8,AMR1,25,97.2,97.2,AMR1,0,0,0.0,0,0,0,0,0.0,0,0.0,54,56.3,44.4,0.0,T-0478,H-02-01,T-0415,H-03-03
O0329,E,4613.7,11413.1,11436.6,11451.0,11486.3,11519.8,6906.1,6799.4,AMR2,25,106.7,106.7,AMR2,0,0,0.0,0,0,0,0,0.0,0,0.0,64,63.4,43.3,0.0,T-0479,E-04-02,T-0261,E-01-03
O0330,H,4619.4,11429.5,11461.0,11477.4,11512.7,11536.5,6917.1,6810.1,AMR3,25,97.1,97.1,AMR3,0,0,0.0,0,0,0,0,0.0,1,3.0,52,54.7,44.3,8.0,T-0480,H-03-03,T-0417,H-04-01
O0331,I,4623.3,11477.8,11501.3,11514.6,11550.3,11577.9,6954.6,6854.5,AMR1,25,98.7,98.7,AMR1,0,0,0.0,0,0,0,0,0.0,0,0.0,52,54.7,45.4,0.0,T-0481,I-05-01,T-0395,I-01-02
O0332,D,4627.5,11519.9,11543.4,11557.0,11592.8,11620.3,6992.8,6892.4,AMR2,25,94.1,94.1,AMR2,0,0,0.0,0,0,0,0,0.0,0,0.0,58,59.1,41.3,0.0,T-0482,D-05-02,T-0383,D-06-02
O0333,I,4634.3,11536.6,11567.1,11580.0,11614.2,11639.2,7004.9,6902.3,AMR3,25,94.6,94.6,AMR3,0,0,0.0,0,0,0,0,0.0,1,2.0,52,54.3,41.3,7.0,T-0483,I-06-01,T-0397,I-02-02
O0334,B,4637.7,11578.0,11601.5,11616.4,11649.4,11680.5,7042.8,6940.3,AMR1,25,103.1,103.1,AMR1,0,0,0.0,0,0,0,0,0.0,0,0.0,54,55.4,47.1,0.0,T-0484,B-04-03,T-0260,B-06-01
O0335,J,4642.5,11620.4,11643.9,11659.7,11703.8,11736.3,7093.8,6977.9,AMR2,25,111.3,111.3,AMR2,0,0,0.0,0,0,0,0,0.0,0,0.0,68,68.5,47.4,0.0,T-0485,J-03-02,T-0293,J-05-02
O0336,D,4649.3,11639.3,11667.8,11681.0,11713.5,11752.0,7102.7,6990.0,AMR3,25,94.7,94.7,AMR3,0,0,0.0,0,0,0,1,12.0,1,7.0,52,53.8,41.9,17.0,T-0486,D-06-02,T-0384,D-02-03
O0337,G,4654.9,11680.6,11704.1,11719.3,11753.2,11788.7,7133.8,7025.7,AMR1,25,101.8,101.8,AMR1,0,0,0.0,0,0,0,1,7.0,1,2.0,54,55.8,45.3,7.0,T-0487,G-02-01,T-0294,G-06-02
O0338,H,4661.7,11736.4,11759.9,11773.1,11808.3,11833.0,7171.3,7074.7,AMR2,25,94.7,94.7,AMR2,0,0,0.0,0,0,0,0,0.0,0,0.0,52,54.7,41.9,0.0,T-0488,H-04-01,T-0420,H-05-01
O0339,E,4666.5,11752.1,11783.6,11796.3,11833.2,11867.9,7201.4,7085.6,AMR3,25,107.8,107.8,AMR3,0,0,0.0,0,0,0,0,0.0,1,3.0,64,63.4,44.4,8.0,T-0489,E-05-02,T-0263,E-02-03
O0340,H,4673.4,11788.8,11812.3,11826.6,11860.9,11886.5,7213.1,7115.4,AMR1,25,96.3,96.3,AMR1,0,0,0.0,0,0,0,0,0.0,0,0.0,52,54.2,43.5,0.0,T-0490,H-05-01,T-0424,H-02-02
O0341,C,4678.0,11833.1,11856.6,11870.4,11900.7,11929.1,7251.1,7155.1,AMR2,25,94.0,94.0,AMR2,0,0,0.0,0,0,0,0,0.0,0,0.0,52,54.3,41.7,0.0,T-0491,C-01-01,T-0355,C-04-01
O0342,C,4681.3,11868.0,11891.5,11903.7,11936.3,11964.1,7282.8,7186.7,AMR3,25,94.1,94.1,AMR3,0,0,0.0,0,0,0,0,0.0,0,0.0,52,54.3,41.8,0.0,T-0492,C-04-01,T-0356,C-05-01
O0343,D,4687.5,11886.6,11915.1,11926.6,11958.4,11985.9,7298.4,7199.1,AMR1,25,91.2,91.2,AMR1,0,0,0.0,0,0,0,0,0.0,0,0.0,54,55.9,38.4,5.0,T-0493,D-02-03,T-0400,D-03-03
O0344,G,4691.3,11929.2,11952.7,11966.6,12008.4,12040.5,7349.2,7237.9,AMR2,25,106.7,106.7,AMR2,0,0,0.0,0,0,0,0,0.0,0,0.0,60,61.1,50.2,0.0,T-0494,G-06-02,T-0302,G-01-03
O0345,B,4696.6,11964.2,11987.7,11998.2,12038.4,12069.8,7373.2,7267.6,AMR3,25,100.9,100.9,AMR3,0,0,0.0,0,0,0,0,0.0,0,0.0,60,60.7,44.9,0.0,T-0495,B-06-01,T-0269,B-01-01
O0346,G,4702.8,11986.0,12011.5,12026.2,12064.7,12096.6,7393.8,7283.2,AMR1,25,103.9,103.9,AMR1,0,0,0.0,0,0,0,0,0.0,0,0.0,60,61.2,47.4,2.0,T-0496,G-01-03,T-0304,G-02-03
O0347,B,4706.9,12040.6,12064.1,12076.7,12110.3,12141.0,7434.1,7333.7,AMR2,25,95.7,95.7,AMR2,0,0,0.0,0,0,0,0,0.0,0,0.0,60,60.7,39.7,0.0,T-0497,B-01-01,T-0280,B-02-01
O0348,C,4710.9,12069.9,12093.4,12108.7,12139.4,12167.4,7456.5,7359.0,AMR3,25,95.5,95.5,AMR3,0,0,0.0,0,0,0,0,0.0,0,0.0,52,54.3,43.2,0.0,T-0498,C-05-01,T-0357,C-05-03
O0349,B,4713.9,12096.7,12120.2,12132.6,12168.9,12196.5,7482.6,7382.8,AMR1,25,98.3,98.3,AMR1,0,0,0.0,0,0,0,0,0.0,0,0.0,56,57.5,42.3,0.0,T-0499,B-02-01,T-0285,B-04-01
O0350,C,4718.2,12141.1,12164.6,12180.9,12212.5,12240.2,7522.0,7422.9,AMR2,25,96.4,96.4,AMR2,0,0,0.0,0,0,0,0,0.0,0,0.0,54,55.0,44.1,0.0,T-0500,C-04-03,T-0364,C-03-01
O0351,C,4724.2,12167.5,12191.0,12206.4,12235.0,12263.5,7539.3,7443.3,AMR3,25,96.1,96.1,AMR3,0,0,0.0,0,0,0,0,0.0,0,0.0,50,52.2,43.8,0.0,T-0501,C-05-03,T-0374,C-06-01
O0352,C,4729.0,12196.6,12220.1,12231.3,12259.8,12287.5,7558.5,7467.6,AMR1,25,89.4,89.4,AMR1,0,0,0.0,0,0,0,0,0.0,0,0.0,52,53.8,37.1,0.0,T-0502,C-03-01,T-0391,C-01-02
O0353,A,4734.0,12240.3,12263.8,12278.6,12316.9,12349.7,7615.7,7506.3,AMR2,25,111.0,111.0,AMR2,0,0,0.0,0,0,0,0,0.0,0,0.0,66,65.0,44.4,0.0,T-0503,A-05-02,T-0217,A-06-01
O0354,A,4738.8,12263.6,12288.1,12298.7,12343.2,12375.7,7636.9,7524.8,AMR3,25,106.7,106.7,AMR3,0,0,0.0,0,0,0,0,0.0,0,0.0,74,71.0,40.1,1.0,T-0504,A-05-03,T-0224,A-02-02
O0355,C,4745.2,12287.6,12312.1,12322.7,12360.6,12394.2,7649.0,7542.4,AMR1,25,97.1,97.1,AMR1,0,0,0.0,0,0,0,1,7.0,1,2.0,52,53.8,44.8,8.0,T-0505,C-06-01,T-0392,C-02-02
O0356,C,4751.1,12349.8,12373.3,12389.2,12424.5,12455.0,7703.9,7598.7,AMR2,25,102.5,102.5,AMR2,0,0,0.0,0,0,0,0,0.0,0,0.0,54,55.0,50.2,0.0,T-0506,C-01-02,T-0393,C-03-02
O0357,H,4756.5,12375.8,12399.3,12413.2,12446.3,12474.2,7717.7,7619.3,AMR3,25,96.5,96.5,AMR3,0,0,0.0,0,0,0,0,0.0,0,0.0,52,54.7,43.7,0.0,T-0507,H-02-02,T-0430,H-04-02
O0358,H,4762.0,12394.3,12423.8,12438.6,12474.4,12506.1,7744.1,7632.3,AMR1,25,98.9,98.9,AMR1,0,0,0.0,0,0,0,1,5.0,1,1.0,52,54.7,46.1,11.0,T-0508,H-05-03,T-0442,H-05-02
O0359,I,4769.0,12455.1,12478.6,12491.2,12522.3,12547.8,7778.8,7686.1,AMR2,25,89.7,89.7,AMR2,0,0,0.0,0,0,0,0,0.0,0,0.0,54,56.3,36.4,0.0,T-0509,I-01-02,T-0409,I-03-02
O0360,C,4774.4,12474.3,12502.8,12513.8,12548.2,12578.1,7803.7,7699.9,AMR3,25,96.8,96.8,AMR3,0,0,0.0,0,0,0,0,0.0,0,0.0,52,54.3,44.5,5.0,T-0510,C-02-02,T-0398,C-05-02
O0361,J,4780.0,12506.2,12529.7,12540.6,12583.4,12612.5,7832.5,7726.2,AMR1,25,106.4,106.4,AMR1,0,0,0.0,0,0,0,0,0.0,0,0.0,64,63.8,42.5,0.0,T-0511,J-04-02,T-0306,J-02-03
O0362,F,4784.8,12547.9,12571.4,12587.7,12628.7,12663.8,7879.0,7763.1,AMR2,25,115.5,115.5,AMR2,0,0,0.0,0,0,0,0,0.0,0,0.0,68,67.5,48.4,0.0,T-0512,F-01-03,T-0297,F-04-01
O0363,C,4791.1,12578.2,12601.7,12617.7,12649.2,12675.8,7884.7,7787.1,AMR3,25,95.1,95.1,AMR3,0,0,0.0,0,0,0,1,1.0,0,0.0,52,53.8,42.8,1.0,T-0513,C-03-02,T-0399,C-02-03
O0364,E,4795.8,12612.6,12636.1,12649.6,12693.0,12729.2,7933.4,7816.8,AMR1,25,111.3,111.3,AMR1,0,0,0.0,0,0,0,0,0.0,0,0.0,70,68.7,47.9,0.0,T-0514,E-01-03,T-0265,E-06-02
O0365,C,4801.5,12663.9,12687.4,12700.9,12731.3,12758.5,7957.0,7862.4,AMR2,25,92.6,92.6,AMR2,0,0,0.0,0,0,0,0,0.0,0,0.0,52,54.3,40.3,0.0,T-0515,C-05-02,T-0411,C-04-02
O0366,H,4804.9,12675.9,12711.4,12722.3,12755.3,12781.9,7977.0,7871.0,AMR3,25,90.5,90.5,AMR3,0,0,0.0,0,0,0,0,0.0,1,7.0,54,56.3,37.7,12.0,T-0516,H-04-02,T-0447,H-03-01
O0367,H,4810.1,12729.3,12752.8,12763.7,12799.8,12824.1,8014.0,7919.2,AMR1,25,91.3,91.3,AMR1,0,0,0.0,0,0,0,0,0.0,0,0.0,54,56.3,38.5,0.0,T-0517,H-03-01,T-0449,H-03-02
O0368,I,4813.6,12758.6,12782.1,12794.7,12830.1,12858.0,8044.4,7945.0,AMR2,25,91.6,91.6,AMR2,0,0,0.0,0,0,0,0,0.0,0,0.0,60,61.1,38.3,0.0,T-0518,I-02-02,T-0410,I-05-02
O0369,H,4816.8,12782.0,12806.5,12818.0,12853.7,12878.3,8061.5,7965.2,AMR3,25,95.5,95.5,AMR3,0,0,0.0,0,0,0,0,0.0,0,0.0,50,52.6,42.7,1.0,T-0519,H-03-02,T-0452,H-06-02
O0370,D,4820.2,12824.2,12847.7,12861.5,12897.3,12922.7,8102.5,8004.0,AMR1,25,94.6,94.6,AMR1,0,0,0.0,0,0,0,0,0.0,0,0.0,54,56.7,41.8,0.0,T-0520,D-03-03,T-0403,D-01-01
O0371,E,4825.1,12858.1,12881.6,12893.3,12931.9,12965.9,8140.8,8033.0,AMR2,25,105.7,105.7,AMR2,0,0,0.0,0,0,0,0,0.0,0,0.0,66,65.5,42.3,0.0,T-0521,E-06-02,T-0289,E-03-03
O0372,G,4829.6,12878.4,12905.9,12920.1,12960.0,12990.4,8160.8,8048.8,AMR3,25,105.0,105.0,AMR3,0,0,0.0,0,0,0,0,0.0,0,0.0,58,59.5,48.5,4.0,T-0522,G-02-03,T-0317,G-03-03
O0373,G,4835.9,12922.8,12946.3,12961.6,13001.7,13029.9,8194.0,8086.9,AMR1,25,105.7,105.7,AMR1,0,0,0.0,0,0,0,0,0.0,0,0.0,56,57.9,49.2,0.0,T-0523,G-03-03,T-0335,G-04-03
O0374,H,4841.6,12966.0,12989.5,13004.1,13039.0,13065.1,8223.5,8124.4,AMR2,25,97.7,97.7,AMR2,0,0,0.0,0,0,0,0,0.0,0,0.0,52,54.2,44.9,0.0,T-0524,H-05-02,T-0457,H-01-01
O0375,E,4845.3,12990.5,13014.0,13025.7,13060.7,13095.8,8250.5,8145.2,AMR3,25,105.3,105.3,AMR3,0,0,0.0,0,0,0,0,0.0,0,0.0,64,63.4,41.9,0.0,T-0525,E-02-03,T-0305,E-02-01
O0376,D,4849.7,13030.0,13053.5,13066.4,13103.6,13130.4,8280.7,8180.3,AMR1,25,96.8,96.8,AMR1,0,0,0.0,0,0,0,0,0.0,0,0.0,54,56.4,44.0,0.0,T-0526,D-01-01,T-0405,D-03-01
O0377,C,4855.3,13065.2,13088.7,13104.1,13134.5,13160.0,8304.7,8209.9,AMR2,25,93.3,93.3,AMR2,0,0,0.0,0,0,0,0,0.0,0,0.0,52,53.8,41.0,0.0,T-0527,C-04-02,T-0434,C-02-01
O0378,I,4861.3,13095.9,13119.4,13131.6,13169.5,13199.1,8337.8,8234.6,AMR3,25,97.1,97.1,AMR3,0,0,0.0,0,0,0,1,1.5,0,0.0,56,57.9,43.8,1.5,T-0528,I-03-02,T-0416,I-04-02
O0379,H,4865.7,13130.5,13154.0,13167.9,13201.6,13228.1,8362.4,8264.8,AMR1,25,95.7,95.7,AMR1,0,0,0.0,0,0,0,0,0.0,0,0.0,52,54.7,42.9,0.0,T-0529,H-01-01,T-0459,H-04-03
O0380,B,4871.0,13160.1,13183.6,13194.5,13226.1,13256.7,8385.7,8289.1,AMR2,25,95.1,95.1,AMR2,0,0,0.0,0,0,0,0,0.0,0,0.0,56,57.5,39.1,0.0,T-0530,B-04-01,T-0288,B-05-01
O0381,C,4877.1,13199.2,13222.7,13238.3,13271.8,13299.9,8422.8,8322.1,AMR3,25,100.4,100.4,AMR3,0,0,0.0,0,0,0,0,0.0,0,0.0,50,52.6,48.1,0.0,T-0531,C-02-01,T-0450,C-06-02
O0382,I,4881.8,13228.2,13251.7,13263.9,13301.1,13329.0,8447.2,8346.4,AMR1,25,94.1,94.1,AMR1,0,0,0.0,0,0,0,0,0.0,0,0.0,58,60.0,40.8,0.0,T-0532,I-04-02,T-0418,I-06-02
O0383,A,4885.9,13256.8,13280.3,13292.2,13330.4,13362.6,8476.7,8370.9,AMR2,25,105.3,105.3,AMR2,0,0,0.0,0,0,0,0,0.0,0,0.0,68,67.1,38.7,0.0,T-0533,A-06-01,T-0233,A-04-02
O0384,I,4890.6,13300.0,13323.5,13334.3,13367.6,13392.6,8502.0,8409.4,AMR3,25,91.1,91.1,AMR3,0,0,0.0,0,0,0,0,0.0,0,0.0,52,54.8,37.8,0.0,T-0534,I-05-02,T-0422,I-02-03
O0385,I,4896.3,13329.1,13352.6,13367.9,13406.3,13432.6,8536.3,8432.8,AMR1,25,98.8,98.8,AMR1,0,0,0.0,0,0,0,0,0.0,0,0.0,56,58.0,45.5,0.0,T-0535,I-06-02,T-0423,I-05-03
O0386,D,4899.5,13362.7,13386.2,13397.7,13436.5,13469.6,8570.1,8463.2,AMR2,25,100.2,100.2,AMR2,0,0,0.0,0,0,0,0,0.0,0,0.0,56,58.0,47.4,1.5,T-0536,D-03-01,T-0406,D-04-01
O0387,C,4905.6,13392.7,13416.2,13432.4,13465.9,13494.7,8589.1,8487.1,AMR3,25,100.5,100.5,AMR3,0,0,0.0,0,0,0,0,0.0,0,0.0,52,53.8,48.2,0.0,T-0537,C-06-02,T-0464,C-01-03
O0388,D,4910.6,13432.7,13456.2,13470.4,13501.8,13533.3,8622.7,8522.1,AMR1,25,93.9,93.9,AMR1,0,0,0.0,0,0,0,0,0.0,0,0.0,58,59.5,41.1,0.0,T-0538,D-04-01,T-0432,D-06-01
O0389,H,4915.7,13469.7,13493.2,13509.1,13543.5,13570.4,8654.7,8554.0,AMR2,25,99.3,99.3,AMR2,0,0,0.0,0,0,0,0,0.0,0,0.0,52,54.2,46.5,0.0,T-0539,H-06-02,T-0462,H-01-03
O0390,F,4920.3,13494.8,13518.3,13532.0,13569.8,13602.3,8682.0,8574.5,AMR3,25,107.1,107.1,AMR3,0,0,0.0,0,0,0,0,0.0,0,0.0,68,67.5,40.0,0.0,T-0540,F-04-01,T-0300,F-04-03
O0391,H,4925.1,13533.4,13556.9,13571.2,13604.4,13628.7,8703.6,8608.3,AMR1,25,95.5,95.5,AMR1,0,0,0.0,0,0,0,0,0.0,0,0.0,50,52.6,42.7,0.0,T-0541,H-01-03,T-0470,H-06-01
O0392,I,4929.9,13570.5,13594.0,13607.9,13638.7,13669.9,8740.0,8640.6,AMR2,25,95.4,95.4,AMR2,0,0,0.0,0,0,0,1,3.0,0,0.0,52,54.3,42.1,3.0,T-0542,I-02-03,T-0425,I-01-03
O0393,H,4933.3,13602.4,13625.9,13639.3,13675.6,13700.4,8767.1,8669.1,AMR3,25,96.6,96.6,AMR3,0,0,0.0,0,0,0,0,0.0,0,0.0,52,54.2,43.8,0.0,T-0543,H-06-01,T-0472,H-02-03
O0394,J,4939.5,13628.8,13652.3,13664.0,13703.9,13733.1,8793.6,8689.3,AMR1,25,102.3,102.3,AMR1,0,0,0.0,0,0,0,0,0.0,0,0.0,66,65.9,38.4,0.0,T-0544,J-05-02,T-0316,J-03-03
O0395,B,4942.9,13670.0,13693.5,13708.8,13740.3,13771.7,8828.8,8727.1,AMR2,25,97.0,97.0,AMR2,0,0,0.0,0,0,0,0,0.0,0,0.0,60,60.7,41.0,0.0,T-0545,B-05-01,T-0298,B-01-02
O0396,I,4948.2,13700.5,13724.0,13738.6,13775.7,13799.0,8850.8,8752.3,AMR3,25,97.0,97.0,AMR3,0,0,0.0,0,0,0,0,0.0,0,0.0,52,54.8,43.7,0.0,T-0546,I-01-03,T-0427,I-01-01
O0397,D,4954.2,13733.2,13756.7,13767.5,13802.4,13831.4,8877.2,8779.0,AMR1,25,93.0,93.0,AMR1,0,0,0.0,0,0,0,0,0.0,0,0.0,56,58.0,40.2,0.0,T-0547,D-06-01,T-0444,D-04-03
O0398,D,4959.3,13771.8,13795.3,13810.4,13846.3,13877.2,8917.9,8812.5,AMR2,25,100.7,100.7,AMR2,0,0,0.0,0,0,0,0,0.0,0,0.0,56,57.5,47.9,0.0,T-0548,D-04-03,T-0451,D-05-01
O0399,J,4963.7,13799.1,13822.6,13837.6,13879.9,13907.7,8944.0,8835.4,AMR3,25,108.7,108.7,AMR3,0,0,0.0,0,0,0,0,0.0,0,0.0,64,63.8,44.8,0.0,T-0549,J-02-03,T-0338,J-01-03
O0400,D,4967.6,13831.5,13855.0,13868.2,13902.7,13930.1,8962.5,8863.9,AMR1,25,97.6,97.6,AMR1,0,0,0.0,0,0,0,0,0.0,0,0.0,52,53.8,44.8,0.0,T-0550,D-05-01,T-0453,D-01-02
O0401,B,4988.6,13877.3,13900.8,13914.6,13950.5,13980.0,8991.4,8888.7,AMR2,25,98.0,98.0,AMR2,0,0,0.0,0,0,0,0,0.0,0,0.0,60,60.7,42.0,0.0,T-0551,B-01-02,T-0315,B-02-02
O0402,H,5013.1,13907.8,13931.3,13943.8,13980.7,14007.1,8994.0,8894.7,AMR3,25,97.9,97.9,AMR3,0,0,0.0,0,0,0,0,0.0,0,0.0,52,54.2,45.1,0.0,T-0552,H-02-03,T-0477,H-01-02
O0403,J,5035.7,13930.2,13955.7,13966.7,14011.0,14040.7,9005.0,8894.5,AMR1,25,104.9,104.9,AMR1,0,0,0.0,0,0,0,0,0.0,0,0.0,68,67.5,41.0,2.0,T-0553,J-01-03,T-0339,J-04-03
O0404,J,5057.5,13980.1,14003.6,14017.5,14063.0,14100.1,9042.6,8922.6,AMR2,25,113.7,113.7,AMR2,0,0,0.0,0,0,0,0,0.0,0,0.0,72,70.2,49.8,0.0,T-0554,J-03-03,T-0348,J-06-02
O0405,J,5078.9,14007.2,14030.7,14046.9,14090.4,14123.1,9044.2,8928.3,AMR3,25,116.0,116.0,AMR3,0,0,0.0,0,0,0,0,0.0,0,0.0,64,63.8,52.1,0.0,T-0555,J-04-03,T-0359,J-01-01
O0406,F,5102.5,14040.8,14064.3,14078.9,14122.3,14155.9,9053.4,8938.3,AMR1,25,111.5,111.5,AMR1,0,0,0.0,0,0,0,0,0.0,0,0.0,72,70.7,44.4,0.0,T-0556,F-04-03,T-0311,F-02-01
O0407,H,5121.9,14100.2,14123.7,14137.5,14169.8,14195.5,9073.6,8978.3,AMR2,25,93.9,93.9,AMR2,0,0,0.0,0,0,0,0,0.0,0,0.0,52,54.2,41.1,0.0,T-0557,H-01-02,T-0478,H-02-01
O0408,E,5143.2,14123.2,14147.7,14160.2,14193.4,14229.7,9086.5,8980.0,AMR3,25,103.4,103.4,AMR3,0,0,0.0,0,0,0,0,0.0,0,0.0,66,65.5,40.0,1.0,T-0558,E-02-01,T-0330,E-03-02
O0409,I,5158.8,14156.0,14179.5,14195.4,14235.1,14260.2,9101.4,8997.2,AMR1,25,102.8,102.8,AMR1,0,0,0.0,0,0,0,0,0.0,0,0.0,52,54.7,49.5,0.0,T-0559,I-01-01,T-0436,I-02-01
O0410,H,5176.9,14195.6,14219.1,14231.3,14264.2,14291.5,9114.6,9018.7,AMR2,25,92.4,92.4,AMR2,0,0,0.0,0,0,0,0,0.0,0,0.0,54,56.3,39.6,0.0,T-0560,H-02-01,T-0480,H-03-03
O0411,E,5192.4,14229.8,14253.3,14266.5,14306.2,14340.4,9148.0,9037.4,AMR3,25,105.3,105.3,AMR3,0,0,0.0,0,0,0,0,0.0,0,0.0,70,68.7,41.9,0.0,T-0561,E-03-02,T-0331,E-06-01
O0412,B,5213.9,14260.3,14283.8,14297.9,14331.6,14364.7,9150.8,9046.4,AMR1,25,101.3,101.3,AMR1,0,0,0.0,0,0,0,0,0.0,0,0.0,58,59.1,45.3,0.0,T-0562,B-02-02,T-0319,B-03-02
O0413,G,5234.8,14291.6,14315.1,14338.6,14379.0,14407.5,9172.7,9056.8,AMR2,25,114.5,114.5,AMR2,0,0,0.0,0,0,0,0,0.0,0,0.0,56,57.9,58.0,0.0,T-0563,G-04-03,T-0337,G-05-01
O0414,A,5255.6,14340.5,14364.0,14376.0,14411.8,14447.9,9192.3,9084.9,AMR3,25,103.7,103.7,AMR3,0,0,0.0,0,0,0,0,0.0,0,0.0,72,70.3,37.1,0.0,T-0564,A-02-02,T-0238,A-01-01
O0415,J,5279.7,14364.8,14388.3,14401.0,14435.8,14465.6,9185.9,9085.1,AMR1,25,98.9,98.9,AMR1,0,0,0.0,0,0,0,1,2.0,0,0.0,64,63.8,35.0,2.0,T-0565,J-01-01,T-0404,J-02-01
O0416,J,5296.6,14407.6,14431.1,14442.5,14484.7,14515.3,9218.7,9111.0,AMR2,25,104.1,104.1,AMR2,0,0,0.0,0,0,0,0,0.0,0,0.0,68,67.5,40.2,0.0,T-0566,J-02-01,T-0408,J-04-01
O0417,A,5316.6,14448.0,14471.5,14485.4,14525.6,14560.1,9243.5,9131.4,AMR3,25,113.7,113.7,AMR3,0,0,0.0,0,0,0,0,0.0,0,0.0,66,65.0,47.1,0.0,T-0567,A-01-01,T-0239,A-06-02
O0418,F,5332.6,14465.7,14495.2,14517.2,14555.1,14589.0,9256.4,9133.1,AMR1,25,115.2,115.2,AMR1,0,0,0.0,0,0,0,0,0.0,1,1.0,70,69.2,48.1,6.0,T-0568,F-02-01,T-0332,F-03-01
O0419,C,5348.5,14515.4,14538.9,14554.0,14585.1,14615.7,9267.2,9166.9,AMR2,25,97.6,97.6,AMR2,0,0,0.0,0,0,0,0,0.0,0,0.0,54,55.0,45.3,0.0,T-0569,C-01-03,T-0474,C-03-03
O0420,H,5366.0,14560.2,14583.7,14598.8,14631.5,14656.9,9290.9,9194.2,AMR3,25,94.8,94.8,AMR3,0,0,0.0,0,0,0,0,0.0,0,0.0,52,54.7,42.0,0.0,T-0570,H-03-03,T-0488,H-04-01
O0421,J,5386.2,14589.1,14612.6,14628.2,14670.5,14705.1,9318.9,9202.9,AMR1,25,110.8,110.8,AMR1,0,0,0.0,0,0,0,0,0.0,0,0.0,70,69.1,46.9,0.0,T-0571,J-04-01,T-0413,J-06-01
O0422,E,5404.9,14615.8,14639.3,14654.6,14691.8,14724.4,9319.5,9210.9,AMR2,25,107.6,107.6,AMR2,0,0,0.0,0,0,0,1,1.0,0,0.0,64,63.4,44.2,1.0,T-0572,E-06-01,T-0353,E-01-01
O0423,F,5423.9,14657.0,14680.5,14691.4,14733.9,14767.9,9344.0,9233.1,AMR3,25,107.3,107.3,AMR3,0,0,0.0,0,0,0,0,0.0,0,0.0,72,70.7,40.2,0.0,T-0573,F-03-01,T-0340,F-01-01
O0424,F,5444.9,14705.2,14728.7,14744.1,14783.0,14815.5,9370.6,9260.3,AMR1,25,109.9,109.9,AMR1,0,0,0.0,0,0,0,0,0.0,0,0.0,68,67.5,42.8,0.0,T-0574,F-01-01,T-0352,F-05-01
O0425,I,5463.2,14724.5,14753.0,14768.6,14801.8,14831.9,9368.7,9261.3,AMR2,25,96.4,96.4,AMR2,0,0,0.0,0,0,0,1,3.0,0,0.0,54,56.3,43.1,8.0,T-0575,I-02-01,T-0439,I-03-03
O0426,E,5482.1,14768.0,14791.5,14807.7,14847.2,14882.7,9400.6,9285.9,AMR3,25,111.0,111.0,AMR3,0,0,0.0,0,0,0,0,0.0,0,0.0,68,67.1,47.6,0.0,T-0576,E-01-01,T-0360,E-04-03
O0427,J,5505.6,14815.6,14839.1,14854.5,14897.6,14930.7,9425.1,9310.0,AMR1,25,109.6,109.6,AMR1,0,0,0.0,0,0,0,0,0.0,0,0.0,68,69.4,45.7,0.0,T-0577,J-06-01,T-0438,J-03-01
O0428,J,5523.9,14832.0,14863.5,14874.4,14910.4,14949.5,9425.6,9308.1,AMR2,25,98.6,98.6,AMR2,0,0,0.0,0,0,0,1,11.0,2,9.0,64,63.8,34.7,19.0,T-0578,J-06-02,T-0441,J-01-02
O0429,F,5540.3,14882.8,14906.3,14919.9,14960.1,14989.1,9448.8,9342.5,AMR3,25,108.0,108.0,AMR3,0,0,0.0,0,0,0,0,0.0,0,0.0,66,65.4,40.9,0.0,T-0579,F-05-01,T-0368,F-06-01
O0430,G,5565.0,14930.8,14954.3,14965.5,15000.9,15028.4,9463.4,9365.8,AMR1,25,98.3,98.3,AMR1,0,0,0.0,0,0,0,0,0.0,0,0.0,54,55.8,41.8,0.0,T-0580,G-05-01,T-0341,G-06-01
O0431,B,5586.0,14949.6,14978.1,14993.3,15024.0,15050.8,9464.8,9363.6,AMR2,25,94.7,94.7,AMR2,0,0,0.0,0,0,0,0,0.0,0,0.0,56,57.5,38.7,5.0,T-0581,B-03-02,T-0349,B-04-02
O0432,F,5606.6,14989.2,15012.7,15028.6,15073.9,15108.2,9501.6,9382.6,AMR3,25,115.4,115.4,AMR3,0,0,0.0,0,0,0,0,0.0,0,0.0,72,70.7,48.3,0.0,T-0582,F-06-01,T-0379,F-02-02
O0433,I,5628.3,15028.5,15052.0,15066.3,15104.5,15130.1,9501.8,9400.2,AMR1,25,97.0,97.0,AMR1,0,0,0.0,0,0,0,0,0.0,0,0.0,56,57.9,43.7,0.0,T-0583,I-03-03,T-0440,I-04-03
O0434,G,5649.7,15050.9,15076.4,15091.0,15128.5,15159.9,9510.2,9401.2,AMR2,25,102.4,102.4,AMR2,0,0,0.0,0,0,0,0,0.0,0,0.0,60,61.1,45.9,2.0,T-0584,G-06-01,T-0345,G-01-01
O0435,F,5668.3,15108.3,15131.8,15147.5,15193.8,15225.5,9557.2,9440.0,AMR3,25,115.2,115.2,AMR3,0,0,0.0,0,0,0,0,0.0,0,0.0,70,69.1,48.1,0.0,T-0585,F-02-02,T-0389,F-03-02
O0436,D,5685.1,15130.2,15155.7,15171.7,15205.7,15241.4,9556.3,9445.1,AMR1,25,97.2,97.2,AMR1,0,0,0.0,0,0,0,1,11.0,1,6.0,52,53.8,44.4,13.0,T-0586,D-01-02,T-0454,D-02-02
O0437,H,5709.6,15160.0,15183.5,15195.3,15230.2,15262.8,9553.2,9450.4,AMR2,25,93.8,93.8,AMR2,0,0,0.0,0,0,0,2,7.1,0,0.0,52,54.7,41.0,7.1,T-0587,H-04-01,T-0490,H-05-01
O0438,C,5726.9,15225.6,15249.1,15265.0,15300.4,15330.5,9603.6,9498.7,AMR3,25,103.4,103.4,AMR3,0,0,0.0,0,0,0,0,0.0,0,0.0,52,53.8,51.1,0.0,T-0588,C-02-03,T-0491,C-01-01
O0439,B,5742.6,15241.5,15273.0,15286.2,15322.3,15352.5,9609.9,9498.9,AMR1,25,98.3,98.3,AMR1,0,0,0.0,0,0,0,0,0.0,1,3.0,60,60.7,42.3,8.0,T-0589,B-04-02,T-0363,B-01-03
O0440,I,5765.4,15262.9,15297.4,15313.4,15348.8,15375.9,9610.5,9497.5,AMR2,25,99.0,99.0,AMR2,0,0,0.0,0,0,0,0,0.0,1,6.0,54,56.3,45.7,11.0,T-0590,I-04-03,T-0443,I-03-01
O0441,J,5787.0,15330.6,15354.1,15365.6,15405.2,15435.7,9648.7,9543.6,AMR3,25,105.2,105.2,AMR3,0,0,0.0,0,0,0,0,0.0,0,0.0,64,63.8,41.3,0.0,T-0591,J-03-01,T-0460,J-02-02
O0442,C,5807.9,15352.6,15378.1,15393.6,15423.0,15452.4,9644.5,9544.7,AMR1,25,93.8,93.8,AMR1,0,0,0.0,0,0,0,1,2.0,0,0.0,52,54.3,41.5,4.0,T-0592,C-01-01,T-0492,C-04-01
O0443,J,5824.8,15376.0,15402.5,15413.8,15454.0,15494.4,9669.6,9551.2,AMR2,25,105.8,105.8,AMR2,0,0,0.0,0,0,0,1,6.0,1,1.0,68,67.5,41.9,9.0,T-0593,J-01-02,T-0467,J-05-01
O0444,A,5847.0,15435.8,15459.3,15473.5,15511.8,15546.7,9699.7,9588.8,AMR3,25,107.2,107.2,AMR3,0,0,0.0,0,0,0,0,0.0,0,0.0,72,70.3,40.6,0.0,T-0594,A-04-02,T-0245,A-01-03
O0445,D,5865.6,15452.5,15483.0,15494.0,15521.8,15566.5,9700.9,9586.9,AMR1,25,90.0,90.0,AMR1,0,0,0.0,0,0,0,1,16.0,2,13.0,52,53.8,37.2,23.0,T-0595,D-02-02,T-0456,D-02-01
O0446,H,5886.7,15494.5,15518.0,15528.7,15563.1,15588.3,9701.6,9607.8,AMR2,25,92.4,92.4,AMR2,0,0,0.0,0,0,0,0,0.0,0,0.0,52,54.2,39.6,0.0,T-0596,H-05-01,T-0507,H-02-02
O0447,E,5907.1,15546.8,15570.3,15582.5,15620.3,15651.8,9744.7,9639.7,AMR3,25,102.9,102.9,AMR3,0,0,0.0,0,0,0,0,0.0,0,0.0,66,65.5,39.5,0.0,T-0597,E-03-03,T-0371,E-03-01
O0448,D,5931.1,15566.6,15594.1,15608.5,15641.5,15674.9,9743.8,9635.5,AMR1,25,99.2,99.2,AMR1,0,0,0.0,0,0,0,1,2.0,0,0.0,54,55.9,46.4,6.0,T-0598,D-02-01,T-0466,D-03-02
O0449,J,5952.9,15588.4,15617.9,15628.4,15667.1,15699.8,9746.9,9635.5,AMR2,25,101.8,101.8,AMR2,0,0,0.0,0,0,0,0,0.0,1,1.0,68,67.5,37.9,6.0,T-0599,J-05-01,T-0468,J-05-03
O0450,E,5972.5,15651.9,15675.4,15691.6,15726.8,15762.1,9789.6,9679.4,AMR3,25,106.5,106.5,AMR3,0,0,0.0,0,0,0,0,0.0,0,0.0,68,67.1,43.1,0.0,T-0600,E-03-01,T-0407,E-04-01
O0451,G,5992.5,15675.0,15699.5,15710.4,15752.4,15781.6,9789.1,9682.5,AMR1,25,102.6,102.6,AMR1,0,0,0.0,0,0,0,0,0.0,0,0.0,58,59.5,46.1,1.0,T-0601,G-01-01,T-0361,G-03-01
O0452,J,6015.7,15699.9,15723.4,15738.0,15776.7,15808.9,9793.2,9684.2,AMR2,25,107.0,107.0,AMR2,0,0,0.0,0,0,0,0,0.0,0,0.0,66,65.9,43.1,0.0,T-0602,J-02-02,T-0485,J-03-02
O0453,A,6039.4,15762.2,15785.7,15800.6,15845.3,15879.3,9839.9,9722.8,AMR3,25,113.4,113.4,AMR3,0,0,0.0,0,0,0,0,0.0,0,0.0,72,70.3,46.8,0.0,T-0603,A-06-02,T-0264,A-02-03
O0454,I,6063.2,15781.7,15810.2,15822.3,15859.7,15898.0,9834.8,9718.5,AMR1,25,95.7,95.7,AMR1,0,0,0.0,0,0,0,1,11.0,1,6.0,56,57.9,42.4,16.0,T-0604,I-03-01,T-0461,I-04-01
O0455,I,6085.3,15809.0,15834.5,15847.6,15894.8,15923.9,9838.6,9723.7,AMR2,25,97.7,97.7,AMR2,0,0,0.0,0,0,0,0,0.0,1,5.6,56,57.9,44.4,12.6,T-0605,I-05-03,T-0481,I-05-01
O0456,C,6103.1,15879.4,15902.9,15914.3,15945.3,15971.0,9867.9,9776.3,AMR3,25,89.2,89.2,AMR3,0,0,0.0,0,0,0,0,0.0,0,0.0,52,54.7,36.9,0.0,T-0606,C-04-01,T-0498,C-05-01
O0457,I,6122.6,15898.1,15926.6,15940.9,15980.8,16011.5,9888.9,9775.5,AMR1,25,102.2,102.2,AMR1,0,0,0.0,0,0,0,0,0.0,0,0.0,58,59.5,48.9,5.0,T-0607,I-04-01,T-0483,I-06-01
O0458,B,6145.9,15924.0,15950.5,15962.1,15995.6,16030.4,9884.5,9778.1,AMR2,25,95.7,95.7,AMR2,0,0,0.0,0,0,0,1,3.0,0,0.0,60,60.7,39.7,6.0,T-0608,B-01-03,T-0387,B-02-03
O0459,F,6169.1,15971.1,15994.6,16007.2,16044.4,16075.4,9906.3,9802.0,AMR3,25,103.9,103.9,AMR3,0,0,0.0,0,0,0,0,0.0,0,0.0,68,67.5,36.8,0.0,T-0609,F-03-02,T-0401,F-05-02
O0460,G,6188.3,16011.6,16035.1,16046.0,16078.4,16107.4,9919.1,9823.3,AMR1,25,91.2,91.2,AMR1,0,0,0.0,0,0,0,0,0.0,0,0.0,60,61.1,34.7,0.0,T-0610,G-03-01,T-0396,G-01-02
O0461,G,6207.0,16030.5,16059.0,16075.2,16108.0,16134.9,9927.9,9823.5,AMR2,25,98.0,98.0,AMR2,0,0,0.0,0,0,0,0,0.0,0,0.0,56,57.9,41.5,5.0,T-0611,G-05-03,T-0412,G-04-01
O0462,A,6225.8,16075.5,16099.0,16112.6,16152.4,16189.1,9963.3,9849.7,AMR3,25,109.2,109.2,AMR3,0,0,0.0,0,0,0,0,0.0,0,0.0,74,71.0,42.6,0.0,T-0612,A-01-03,T-0273,A-03-03
O0463,F,6250.1,16107.5,16131.0,16142.3,16184.3,16217.7,9967.6,9857.4,AMR1,25,106.5,106.5,AMR1,0,0,0.0,0,0,0,0,0.0,0,0.0,72,70.8,39.4,0.0,T-0613,F-05-02,T-0419,F-02-03
O0464,E,6266.4,16135.0,16158.5,16170.6,16205.8,16240.4,9974.0,9868.6,AMR2,25,103.4,103.4,AMR2,0,0,0.0,0,0,0,1,2.0,0,0.0,64,63.4,40.0,2.0,T-0614,E-04-01,T-0445,E-01-02
O0465,C,6288.4,16189.2,16212.7,16224.5,16254.4,16282.9,9994.5,9900.8,AMR3,25,91.7,91.7,AMR3,0,0,0.0,0,0,0,0,0.0,0,0.0,52,54.3,39.4,0.0,T-0615,C-05-01,T-0500,C-04-03
O0466,J,6308.1,16217.8,16241.3,16251.8,16295.9,16327.1,10019.0,9909.7,AMR1,25,105.7,105.7,AMR1,0,0,0.0,0,0,0,0,0.0,0,0.0,68,67.5,41.8,0.0,T-0616,J-03-02,T-0511,J-04-02
O0467,A,6332.1,16240.5,16265.0,16278.7,16316.3,16351.6,10019.5,9908.4,AMR2,25,108.6,108.6,AMR2,0,0,0.0,0,0,0,1,1.0,0,0.0,68,67.1,42.0,2.0,T-0617,A-02-03,T-0354,A-04-03
O0468,C,6349.3,16283.0,16306.5,16321.7,16351.7,16376.9,10027.6,9933.7,AMR3,25,91.9,91.9,AMR3,0,0,0.0,0,0,0,0,0.0,0,0.0,52,54.3,39.6,0.0,T-0618,C-03-03,T-0501,C-05-03
O0469,J,6373.7,16327.2,16350.7,16364.3,16404.9,16439.0,10065.3,9953.5,AMR1,25,108.2,108.2,AMR1,0,0,0.0,0,0,0,0,0.0,0,0.0,68,67.5,44.3,0.0,T-0619,J-04-02,T-0544,J-05-02
O0470,E,6392.9,16351.7,16375.2,16386.9,16422.2,16459.6,10066.7,9958.8,AMR2,25,99.2,99.2,AMR2,0,0,0.0,0,0,0,1,5.0,0,0.0,68,67.1,35.8,5.0,T-0620,E-01-02,T-0446,E-05-03
O0471,A,6410.9,16377.0,16400.5,16415.3,16458.1,16495.4,10084.5,9966.1,AMR3,25,114.7,114.7,AMR3,0,0,0.0,0,0,0,0,0.0,0,0.0,72,70.3,48.1,0.0,T-0621,A-03-03,T-0367,A-02-01
O0472,J,6430.1,16439.1,16462.6,16475.6,16517.5,16548.9,10118.8,10009.0,AMR1,25,109.9,109.9,AMR1,0,0,0.0,0,0,0,0,0.0,0,0.0,64,63.8,46.0,0.0,T-0622,J-05-02,T-0549,J-02-03
O0473,H,6445.8,16459.7,16486.2,16500.3,16534.8,16563.9,10118.1,10013.9,AMR2,25,97.3,97.3,AMR2,0,0,0.0,0,0,0,1,2.0,0,0.0,52,54.7,44.5,5.0,T-0623,H-02-02,T-0508,H-05-03
O0474,I,6466.1,16495.5,16519.0,16531.3,16565.4,16598.3,10132.2,10029.4,AMR3,25,93.4,93.4,AMR3,0,0,0.0,0,0,0,1,8.0,1,3.0,52,54.7,40.1,8.0,T-0624,I-05-01,T-0509,I-01-02
O0475,C,6483.6,16549.0,16572.5,16583.6,16618.2,16649.0,10165.4,10065.4,AMR1,25,97.3,97.3,AMR1,0,0,0.0,0,0,0,0,0.0,0,0.0,54,55.0,45.0,0.0,T-0625,C-04-03,T-0502,C-03-01
O0476,J,6502.8,16564.0,16596.5,16610.3,16653.7,16685.5,10182.7,10061.2,AMR2,25,112.6,112.6,AMR2,0,0,0.0,0,0,0,0,0.0,1,4.0,64,63.8,48.7,9.0,T-0626,J-02-03,T-0553,J-01-03
O0477,G,6520.3,16598.4,16621.9,16637.1,16676.2,16704.5,10184.2,10078.1,AMR3,25,103.1,103.1,AMR3,0,0,0.0,0,0,0,0,0.0,0,0.0,58,59.5,46.6,0.0,T-0627,G-04-01,T-0421,G-03-02
O0478,B,6541.9,16649.1,16672.6,16687.6,16721.3,16750.9,10209.0,10107.2,AMR1,25,100.3,100.3,AMR1,0,0,0.0,0,0,0,0,0.0,0,0.0,56,57.5,44.3,0.0,T-0628,B-02-03,T-0414,B-05-02
O0479,B,6566.6,16685.6,16709.1,16723.5,16755.4,16783.9,10217.3,10119.0,AMR2,25,98.9,98.9,AMR2,0,0,0.0,0,0,0,0,0.0,0,0.0,54,55.4,42.9,0.0,T-0629,B-05-02,T-0426,B-06-02
O0480,I,6587.1,16704.6,16733.1,16747.5,16779.1,16807.2,10220.1,10117.5,AMR3,25,96.7,96.7,AMR3,0,0,0.0,0,0,0,0,0.0,0,0.0,52,54.2,43.4,5.0,T-0630,I-06-01,T-0518,I-02-02
O0481,H,6602.3,16751.0,16774.5,16788.8,16825.7,16849.2,10246.9,10148.7,AMR1,25,96.3,96.3,AMR1,0,0,0.0,0,0,0,0,0.0,0,0.0,52,54.7,43.5,0.0,T-0631,H-04-03,T-0516,H-04-02
O0482,F,6623.6,16784.0,16807.5,16822.7,16863.4,16897.2,10273.6,10160.4,AMR2,25,112.8,112.8,AMR2,0,0,0.0,0,0,0,0,0.0,0,0.0,68,67.5,45.7,0.0,T-0632,F-02-03,T-0433,F-04-02
O0483,F,6646.1,16807.3,16831.8,16843.0,16884.4,16919.2,10273.1,10161.2,AMR3,25,107.9,107.9,AMR3,0,0,0.0,0,0,0,1,1.0,0,0.0,70,69.1,40.8,2.0,T-0633,F-05-03,T-0437,F-03-03
O0484,B,6664.6,16849.3,16872.8,16884.3,16921.4,16951.1,10286.5,10184.7,AMR1,25,98.7,98.7,AMR1,0,0,0.0,0,0,0,0,0.0,0,0.0,58,59.1,42.7,0.0,T-0634,B-06-02,T-0429,B-03-01
O0485,F,6686.9,16897.3,16920.8,16936.6,16976.3,17008.2,10321.3,10210.4,AMR2,25,112.6,112.6,AMR2,0,0,0.0,0,0,0,0,0.0,0,0.0,66,65.4,45.5,0.0,T-0635,F-04-02,T-0455,F-06-02
O0486,I,6702.4,16919.3,16944.8,16958.4,16990.0,17026.8,10324.4,10216.9,AMR3,25,95.5,95.5,AMR3,0,0,0.0,0,0,0,1,7.0,1,2.0,54,56.3,42.2,9.0,T-0636,I-01-02,T-0528,I-03-02
O0487,C,6725.5,16951.2,16974.7,16989.8,17018.4,17047.3,10321.8,10225.7,AMR1,25,96.1,96.1,AMR1,0,0,0.0,0,0,0,1,0.1,0,0.0,50,52.2,43.8,0.1,T-0637,C-03-01,T-0505,C-06-01
O0488,H,6745.1,17008.3,17031.8,17047.1,17083.6,17112.2,10367.1,10263.2,AMR2,25,100.4,100.4,AMR2,0,0,0.0,0,0,0,0,0.0,0,0.0,54,56.3,47.6,0.0,T-0638,H-04-02,T-0517,H-03-01
O0489,C,6762.0,17026.9,17055.4,17071.0,17104.9,17130.1,10368.1,10264.9,AMR3,25,96.7,96.7,AMR3,0,0,0.0,0,0,0,0,0.0,0,0.0,52,53.8,44.4,5.0,T-0639,C-06-01,T-0506,C-01-02
O0490,H,6784.1,17047.4,17079.9,17093.1,17127.1,17152.6,10368.5,10263.3,AMR1,25,92.7,92.7,AMR1,0,0,0.0,0,0,0,0,0.0,1,4.0,54,56.3,39.9,9.0,T-0640,H-03-01,T-0519,H-03-02
O0491,A,6802.1,17112.3,17135.8,17147.6,17184.5,17223.0,10420.9,10310.2,AMR2,25,106.3,106.3,AMR2,0,0,0.0,0,0,0,0,0.0,0,0.0,74,71.0,39.7,0.0,T-0641,A-02-01,T-0372,A-03-01
O0492,F,6825.9,17130.2,17159.7,17173.2,17219.7,17255.6,10429.7,10304.3,AMR3,25,115.7,115.7,AMR3,0,0,0.0,0,0,0,0,0.0,1,1.0,72,70.8,48.6,6.0,T-0642,F-06-02,T-0473,F-01-02
O0493,I,6846.1,17152.7,17184.2,17198.3,17231.6,17268.8,10422.7,10306.6,AMR1,25,91.5,91.5,AMR1,0,0,0.0,0,0,0,1,12.0,2,10.0,56,57.9,38.2,20.0,T-0643,I-02-02,T-0532,I-04-02
O0494,D,6863.6,17223.1,17246.6,17262.9,17297.7,17325.4,10461.8,10359.5,AMR2,25,97.6,97.6,AMR2,0,0,0.0,0,0,0,0,0.0,0,0.0,56,57.5,44.8,0.0,T-0644,D-03-02,T-0471,D-04-02
O0495,A,6882.2,17255.7,17279.2,17290.5,17330.6,17367.1,10484.9,10373.5,AMR3,25,110.9,110.9,AMR3,0,0,0.0,0,0,0,0,0.0,0,0.0,68,67.1,44.3,0.0,T-0645,A-03-01,T-0377,A-05-01
O0496,F,6899.9,17268.9,17303.4,17315.4,17357.8,17393.1,10493.2,10369.0,AMR1,25,109.5,109.5,AMR1,0,0,0.0,0,0,0,0,0.0,1,6.0,72,70.8,42.4,11.0,T-0646,F-01-02,T-0512,F-01-03
O0497,H,6923.8,17325.5,17349.0,17364.9,17395.4,17420.5,10496.7,10401.7,AMR2,25,93.1,93.1,AMR2,0,0,0.0,0,0,0,0,0.0,0,0.0,52,54.7,40.3,0.0,T-0647,H-03-02,T-0524,H-05-02
O0498,C,6942.2,17367.2,17390.7,17405.0,17437.2,17467.7,10525.5,10425.0,AMR3,25,99.0,99.0,AMR3,0,0,0.0,0,0,0,0,0.0,0,0.0,52,53.8,46.7,0.0,T-0648,C-01-02,T-0510,C-02-02
O0499,F,6964.1,17393.2,17416.7,17427.4,17473.3,17506.9,10542.8,10429.1,AMR1,25,113.3,113.3,AMR1,0,0,0.0,0,0,0,0,0.0,0,0.0,68,67.5,46.2,0.0,T-0649,F-01-03,T-0540,F-04-01
O0500,B,6981.8,17420.6,17444.1,17456.8,17492.6,17523.9,10542.1,10438.8,AMR2,25,97.2,97.2,AMR2,0,0,0.0,0,0,0,1,3.0,0,0.0,58,59.1,41.2,3.0,T-0650,B-03-01,T-0431,B-03-03
O0501,G,7001.0,17467.8,17491.3,17503.0,17540.0,17571.1,10570.1,10466.8,AMR3,25,98.7,98.7,AMR3,0,0,0.0,0,0,0,0,0.0,0,0.0,60,61.1,42.2,0.0,T-0651,G-01-02,T-0435,G-02-02
O0502,C,7026.0,17507.0,17530.5,17546.2,17576.8,17602.8,10576.8,10481.0,AMR1,25,92.3,92.3,AMR1,0,0,0.0,0,0,0,0,0.0,0,0.0,54,55.8,40.0,0.0,T-0652,C-02-02,T-0513,C-03-02
O0503,B,7043.9,17524.0,17554.5,17568.0,17601.4,17630.1,10586.2,10480.1,AMR2,25,97.6,97.6,AMR2,0,0,0.0,0,0,0,0,0.0,1,2.0,56,57.5,41.6,7.0,T-0653,B-03-03,T-0484,B-04-03
O0504,E,7062.2,17571.2,17594.7,17610.7,17650.6,17683.3,10621.1,10509.0,AMR3,25,108.4,108.4,AMR3,0,0,0.0,0,0,0,0,0.0,0,0.0,68,67.1,45.0,0.0,T-0654,E-04-03,T-0458,E-05-01
O0505,G,7081.6,17602.9,17626.4,17637.9,17673.5,17700.1,10618.5,10521.3,AMR1,25,94.8,94.8,AMR1,0,0,0.0,0,0,0,1,1.0,0,0.0,56,57.9,38.3,1.0,T-0655,G-02-02,T-0448,G-04-02
O0506,F,7103.5,17630.2,17653.7,17668.1,17711.2,17746.2,10642.7,10526.7,AMR2,25,115.6,115.6,AMR2,0,0,0.0,0,0,0,0,0.0,0,0.0,68,67.5,48.5,0.0,T-0656,F-04-01,T-0556,F-04-03
O0507,F,7119.0,17683.4,17706.9,17722.5,17767.6,17803.4,10684.4,10564.4,AMR3,25,116.4,116.4,AMR3,0,0,0.0,0,0,0,0,0.0,0,0.0,72,70.7,49.3,0.0,T-0657,F-03-03,T-0568,F-02-01
O0508,E,7144.0,17700.2,17730.7,17743.5,17778.6,17826.7,10682.7,10556.2,AMR1,25,106.5,106.5,AMR1,0,0,0.0,0,0,0,1,13.0,2,10.0,64,63.4,43.1,20.0,T-0658,E-05-01,T-0465,E-02-02
O0509,A,7168.8,17746.3,17769.8,17781.4,17825.8,17862.8,10694.0,10577.5,AMR2,25,112.8,112.8,AMR2,0,0,0.0,0,0,0,0,0.0,0,0.0,72,70.3,46.2,0.0,T-0659,A-05-01,T-0428,A-01-02
O0510,G,7190.5,17803.5,17827.0,17841.1,17876.7,17902.8,10712.3,10613.0,AMR3,25,97.9,97.9,AMR3,0,0,0.0,0,0,0,0,0.0,0,0.0,56,57.9,41.4,0.0,T-0660,G-03-02,T-0476,G-05-02
O0511,C,7210.6,17826.8,17851.3,17864.2,17895.4,17921.8,10711.2,10616.2,AMR1,25,92.0,92.0,AMR1,0,0,0.0,0,0,0,0,0.0,0,0.0,52,54.3,39.7,1.0,T-0661,C-03-02,T-0515,C-05-02
O0512,J,7227.0,17862.9,17886.4,17902.2,17944.4,17976.4,10749.4,10635.9,AMR2,25,111.5,111.5,AMR2,0,0,0.0,0,0,0,0,0.0,0,0.0,66,65.9,47.6,0.0,T-0662,J-01-03,T-0554,J-03-03
O0513,A,7249.8,17902.9,17926.4,17942.5,17978.6,18016.8,10767.0,10653.1,AMR3,25,111.0,111.0,AMR3,0,0,0.0,0,0,0,0,0.0,0,0.0,70,69.5,44.4,0.0,T-0663,A-01-02,T-0463,A-03-02
O0514,F,7265.5,17921.9,17950.4,17965.1,18008.0,18038.3,10772.8,10656.4,AMR1,25,109.3,109.3,AMR1,0,0,0.0,0,0,0,0,0.0,0,0.0,70,69.2,42.2,5.0,T-0664,F-02-01,T-0573,F-03-01
O0515,J,7284.3,17976.5,18000.0,18011.4,18049.9,18084.5,10800.2,10692.2,AMR2,25,104.4,104.4,AMR2,0,0,0.0,0,0,0,0,0.0,0,0.0,68,67.5,40.5,0.0,T-0665,J-03-03,T-0555,J-04-03
O0516,H,7305.4,18016.9,18040.4,18052.9,18087.8,18114.4,10809.0,10711.5,AMR3,25,96.1,96.1,AMR3,0,0,0.0,0,0,0,0,0.0,0,0.0,52,54.2,43.3,0.0,T-0666,H-05-02,T-0529,H-01-01
O0517,B,7324.1,18038.4,18064.9,18077.3,18106.8,18134.5,10810.4,10714.3,AMR1,25,93.7,93.7,AMR1,0,0,0.0,0,0,0,0,0.0,0,0.0,54,55.4,37.7,3.0,T-0667,B-04-03,T-0495,B-06-01
O0518,F,7340.5,18084.6,18108.1,18123.6,18163.7,18198.7,10858.2,10744.1,AMR2,25,110.5,110.5,AMR2,0,0,0.0,0,0,0,0,0.0,0,0.0,72,70.7,43.4,0.0,T-0668,F-03-01,T-0574,F-01-01
O0519,E,7358.6,18114.5,18138.0,18153.3,18192.9,18227.9,10869.3,10755.9,AMR3,25,108.7,108.7,AMR3,0,0,0.0,0,0,0,0,0.0,0,0.0,68,68.1,45.3,0.0,T-0669,E-02-02,T-0479,E-04-02
O0520,A,7383.2,18134.6,18162.1,18175.7,18213.4,18252.7,10869.5,10751.4,AMR1,25,109.6,109.6,AMR1,0,0,0.0,0,0,0,1,4.0,0,0.0,68,67.1,43.0,8.0,T-0670,A-03-02,T-0469,A-04-01
O0521,G,7403.2,18198.8,18222.3,18232.8,18270.6,18302.6,10899.4,10795.6,AMR2,25,99.2,99.2,AMR2,0,0,0.0,0,0,0,0,0.0,0,0.0,60,61.1,42.7,0.0,T-0671,G-04-02,T-0487,G-02-01
O0522,E,7419.4,18228.0,18251.5,18264.5,18305.0,18344.6,10925.2,10808.6,AMR3,25,110.6,110.6,AMR3,0,0,0.0,0,0,0,0,0.0,0,0.0,72,69.4,47.2,0.0,T-0672,E-04-02,T-0489,E-05-02
O0523,J,7438.9,18252.8,18276.3,18292.1,18331.1,18363.8,10924.9,10813.9,AMR1,25,111.1,111.1,AMR1,0,0,0.0,0,0,0,0,0.0,0,0.0,64,63.8,47.2,0.0,T-0673,J-04-03,T-0565,J-01-01
O0524,H,7460.8,18302.7,18326.2,18342.0,18379.9,18405.9,10945.1,10841.9,AMR2,25,103.4,103.4,AMR2,0,0,0.0,0,0,0,0,0.0,0,0.0,50,52.6,50.6,0.0,T-0674,H-01-01,T-0539,H-06-02
O0525,B,7477.0,18344.7,18368.2,18380.1,18417.1,18449.6,10972.6,10867.7,AMR3,25,100.2,100.2,AMR3,0,0,0.0,0,0,0,0,0.0,0,0.0,60,60.7,44.2,0.0,T-0675,B-06-01,T-0497,B-01-01
O0526,H,7493.8,18363.9,18392.4,18407.6,18445.7,18469.6,10975.8,10870.1,AMR1,25,99.3,99.3,AMR1,0,0,0.0,0,0,0,0,0.0,0,0.0,52,54.2,46.5,5.0,T-0676,H-06-02,T-0541,H-01-03
O0527,F,7516.9,18406.0,18429.5,18442.0,18485.5,18520.8,11003.9,10889.1,AMR2,25,114.4,114.4,AMR2,0,0,0.0,0,0,0,0,0.0,0,0.0,68,67.5,47.3,0.0,T-0677,F-01-01,T-0579,F-05-01
O0528,B,7535.3,18449.7,18473.2,18485.3,18521.2,18555.3,11020.0,10914.4,AMR3,25,100.9,100.9,AMR3,0,0,0.0,0,0,0,0,0.0,0,0.0,60,60.7,44.9,0.0,T-0678,B-01-01,T-0499,B-02-01
O0529,E,7555.8,18469.7,18497.2,18512.0,18548.5,18581.3,11025.5,10913.9,AMR1,25,107.6,107.6,AMR1,0,0,0.0,0,0,0,0,0.0,0,0.0,64,63.4,44.2,4.0,T-0679,E-05-02,T-0514,E-01-03
O0530,C,7577.9,18520.9,18544.4,18560.6,18598.2,18626.5,11048.6,10943.0,AMR2,25,103.6,103.6,AMR2,0,0,0.0,0,0,0,0,0.0,0,0.0,52,54.3,51.3,0.0,T-0680,C-05-02,T-0527,C-04-02
O0531,B,7598.0,18555.4,18578.9,18593.7,18626.8,18655.1,11057.1,10957.4,AMR3,25,98.2,98.2,AMR3,0,0,0.0,0,0,0,0,0.0,0,0.0,56,57.5,42.2,0.0,T-0681,B-02-01,T-0530,B-04-01
O0532,D,7620.9,18581.4,18604.9,18620.6,18651.6,18679.3,11058.4,10960.5,AMR1,25,96.9,96.9,AMR1,0,0,0.0,0,0,0,0,0.0,0,0.0,52,53.8,44.1,0.0,T-0682,D-04-02,T-0475,D-01-03
O0533,I,7636.1,18626.6,18650.1,18661.8,18698.6,18727.9,11091.8,10990.5,AMR2,25,96.7,96.7,AMR2,0,0,0.0,0,0,0,0,0.0,0,0.0,56,57.9,43.4,0.0,T-0683,I-03-02,T-0534,I-05-02
O0534,I,7654.8,18655.2,18678.7,18690.6,18727.7,18756.1,11101.3,11000.4,AMR3,25,94.7,94.7,AMR3,0,0,0.0,0,0,0,0,0.0,0,0.0,58,59.5,41.4,0.0,T-0684,I-04-02,T-0535,I-06-02
O0535,B,7676.0,18679.4,18702.9,18716.9,18751.5,18783.6,11107.6,11003.4,AMR1,25,102.7,102.7,AMR1,0,0,0.0,0,0,0,0,0.0,0,0.0,56,57.5,46.7,0.0,T-0685,B-04-01,T-0545,B-05-01
O0536,H,7694.1,18728.0,18751.5,18767.5,18800.2,18822.2,11128.1,11033.9,AMR2,25,94.4,94.4,AMR2,0,0,0.0,0,0,0,0,0.0,0,0.0,50,52.6,41.6,0.0,T-0686,H-01-03,T-0543,H-06-01
O0537,G,7713.1,18756.2,18779.7,18795.2,18833.7,18858.6,11145.5,11043.1,AMR3,25,103.1,103.1,AMR3,0,0,0.0,0,0,0,0,0.0,0,0.0,54,55.8,46.6,0.0,T-0687,G-02-01,T-0494,G-06-02
O0538,F,7728.9,18783.7,18807.2,18822.7,18863.0,18896.8,11167.9,11054.8,AMR1,25,114.8,114.8,AMR1,0,0,0.0,0,0,0,0,0.0,0,0.0,66,65.4,47.7,0.0,T-0688,F-05-01,T-0582,F-06-01
O0539,H,7744.6,18822.3,18845.8,18856.7,18894.8,18923.2,11178.6,11077.7,AMR2,25,99.5,99.5,AMR2,0,0,0.0,0,0,0,0,0.0,0,0.0,52,54.2,46.7,0.0,T-0689,H-06-01,T-0552,H-02-03
O0540,C,7764.8,18858.7,18882.2,18897.3,18930.8,18957.0,11192.2,11093.9,AMR3,25,96.8,96.8,AMR3,0,0,0.0,0,0,0,0,0.0,0,0.0,52,53.8,44.5,0.0,T-0690,C-04-02,T-0531,C-02-01
O0541,C,7786.2,18896.9,18920.4,18933.1,18964.8,18990.2,11204.0,11110.7,AMR1,25,93.4,93.4,AMR1,0,0,0.0,0,0,0,0,0.0,0,0.0,50,52.2,41.1,0.0,T-0691,C-02-01,T-0537,C-06-02
O0542,A,7805.5,18923.3,18946.8,18962.9,19003.8,19040.9,11235.4,11117.8,AMR2,25,117.1,117.1,AMR2,0,0,0.0,0,0,0,0,0.0,0,0.0,68,67.1,50.5,0.0,T-0692,A-04-01,T-0503,A-05-02
O0543,E,7825.7,18957.1,18980.6,18996.9,19035.8,19071.9,11246.2,11131.4,AMR3,25,109.5,109.5,AMR3,0,0,0.0,0,0,0,0,0.0,0,0.0,70,68.7,46.1,0.0,T-0693,E-01-03,T-0521,E-06-02
O0544,D,7842.3,18990.3,19013.8,19029.7,19064.9,19096.5,11254.2,11148.0,AMR1,25,101.5,101.5,AMR1,0,0,0.0,0,0,0,0,0.0,0,0.0,56,57.5,48.7,0.0,T-0694,D-01-03,T-0482,D-05-02
O0545,I,7866.8,19041.0,19064.5,19075.9,19110.6,19136.5,11269.7,11174.2,AMR2,25,94.5,94.5,AMR2,0,0,0.0,0,0,0,0,0.0,0,0.0,52,54.3,41.2,0.0,T-0695,I-05-02,T-0542,I-02-03
O0546,E,7890.3,19072.0,19095.5,19106.3,19141.5,19173.3,11283.0,11181.7,AMR3,25,101.3,101.3,AMR3,0,0,0.0,0,0,0,0,0.0,0,0.0,64,63.4,37.9,0.0,T-0696,E-06-02,T-0525,E-02-03
O0547,I,7911.6,19096.6,19120.1,19135.5,19172.2,19199.9,11288.3,11185.0,AMR1,25,102.4,102.4,AMR1,0,0,0.0,0,0,0,0,0.0,0,0.0,52,54.2,49.1,0.0,T-0697,I-06-02,T-0546,I-01-03
O0548,E,7927.9,19136.6,19160.1,19172.7,19207.3,19241.2,11313.3,11208.7,AMR2,25,104.6,104.6,AMR2,0,0,0.0,0,0,0,0,0.0,0,0.0,64,63.4,41.2,0.0,T-0698,E-02-03,T-0558,E-02-01
O0549,I,7948.2,19173.4,19196.9,19208.1,19243.0,19271.1,11322.9,11225.2,AMR3,25,96.3,96.3,AMR3,0,0,0.0,0,0,0,0,0.0,0,0.0,52,54.7,43.0,0.0,T-0699,I-01-03,T-0559,I-01-01
O0550,J,7964.9,19200.0,19223.5,19236.2,19279.4,19309.9,11345.0,11235.1,AMR1,25,110.0,110.0,AMR1,0,0,0.0,0,0,0,0,0.0,0,0.0,64,63.8,46.1,0.0,T-0700,J-01-01,T-0566,J-02-01
O0551,J,7981.6,19241.3,19264.8,19279.5,19320.2,19353.1,11371.5,11259.7,AMR2,25,108.2,108.2,AMR2,0,0,0.0,0,0,0,0,0.0,0,0.0,68,67.5,44.3,0.0,T-0701,J-02-01,T-0571,J-04-01
O0552,F,8005.6,19271.2,19294.7,19306.4,19350.5,19385.7,11380.1,11265.6,AMR3,25,110.9,110.9,AMR3,0,0,0.0,0,0,0,0,0.0,0,0.0,72,70.7,43.8,0.0,T-0702,F-06-01,T-0585,F-02-02
O0553,A,8021.0,19310.0,19333.5,19349.3,19389.8,19425.6,11404.6,11289.0,AMR1,25,115.1,115.1,AMR1,0,0,0.0,0,0,0,0,0.0,0,0.0,68,67.1,48.5,0.0,T-0703,A-05-02,T-0504,A-05-03
O0554,J,8036.5,19353.2,19376.7,19390.2,19432.9,19469.0,11432.5,11316.7,AMR2,25,110.6,110.6,AMR2,0,0,0.0,0,0,0,0,0.0,0,0.0,70,69.1,46.7,0.0,T-0704,J-04-01,T-0577,J-06-01
O0555,J,8058.0,19385.8,19409.3,19421.7,19466.3,19497.6,11439.6,11327.8,AMR3,25,106.6,106.6,AMR3,0,0,0.0,0,0,0,0,0.0,0,0.0,70,69.1,42.7,0.0,T-0705,J-05-03,T-0578,J-06-02
O0556,A,8079.2,19425.7,19449.2,19462.9,19499.9,19535.3,11456.1,11346.5,AMR1,25,111.2,111.2,AMR1,0,0,0.0,0,0,0,0,0.0,0,0.0,66,65.0,44.6,0.0,T-0706,A-04-03,T-0533,A-06-01
O0557,I,8103.1,19469.1,19492.6,19506.3,19546.3,19571.7,11468.6,11366.0,AMR2,25,99.7,99.7,AMR2,0,0,0.0,0,0,0,1,2.0,0,0.0,52,54.2,46.4,2.0,T-0707,I-01-01,T-0575,I-02-01
O0558,E,8124.5,19497.7,19521.2,19535.9,19573.4,19604.3,11479.8,11373.2,AMR3,25,104.5,104.5,AMR3,0,0,0.0,0,0,0,0,0.0,0,0.0,66,65.5,41.1,0.0,T-0708,E-02-01,T-0561,E-03-02
O0559,G,8141.9,19535.4,19558.9,19573.4,19615.0,19645.1,11503.2,11393.5,AMR1,25,105.1,105.1,AMR1,0,0,0.0,0,0,0,0,0.0,0,0.0,60,61.1,48.6,0.0,T-0709,G-05-02,T-0496,G-01-03
O0560,A,8161.5,19571.8,19595.3,19611.5,19651.2,19685.2,11523.7,11410.3,AMR2,25,109.7,109.7,AMR2,0,0,0.0,0,0,0,0,0.0,0,0.0,72,70.3,43.1,0.0,T-0710,A-06-01,T-0564,A-02-02
O0561,H,8180.9,19604.4,19627.9,19639.7,19677.8,19701.9,11521.0,11423.5,AMR3,25,96.1,96.1,AMR3,0,0,0.0,0,0,0,0,0.0,0,0.0,52,54.2,43.3,0.0,T-0711,H-02-03,T-0557,H-01-02
O0562,J,8197.9,19645.2,19668.7,19683.9,19722.3,19754.3,11556.4,11447.3,AMR1,25,107.1,107.1,AMR1,0,0,0.0,0,0,0,0,0.0,0,0.0,66,65.9,43.2,0.0,T-0712,J-06-01,T-0591,J-03-01
O0563,F,8216.0,19685.3,19708.8,19722.1,19762.3,19794.2,11578.2,11469.3,AMR2,25,106.9,106.9,AMR2,0,0,0.0,0,0,0,0,0.0,0,0.0,70,69.1,39.8,0.0,T-0713,F-02-02,T-0609,F-03-02
O0564,F,8240.9,19702.0,19732.5,19746.0,19789.4,19824.6,11583.7,11461.1,AMR3,25,115.2,115.2,AMR3,0,0,0.0,0,0,0,0,0.0,1,2.0,68,67.5,48.1,7.0,T-0714,F-04-03,T-0613,F-05-02
O0565,F,8257.2,19754.4,19777.9,19790.2,19832.6,19868.2,11611.0,11497.2,AMR1,25,110.2,110.2,AMR1,0,0,0.0,0,0,0,0,0.0,0,0.0,72,70.7,43.1,0.0,T-0715,F-03-02,T-0632,F-02-03
O0566,F,8277.8,19794.3,19817.8,19828.2,19871.7,19905.9,11628.1,11516.5,AMR2,25,111.2,111.2,AMR2,0,0,0.0,0,0,0,0,0.0,0,0.0,68,67.5,44.1,0.0,T-0716,F-05-02,T-0633,F-05-03
O0567,E,8297.5,19824.7,19849.2,19862.3,19905.9,19942.8,11645.3,11527.2,AMR3,25,111.8,111.8,AMR3,0,0,0.0,0,0,0,0,0.0,0,0.0,70,68.7,48.4,1.0,T-0717,E-03-02,T-0572,E-06-01
O0568,B,8315.0,19868.3,19891.8,19905.4,19939.6,19970.2,11655.2,11553.3,AMR1,25,97.2,97.2,AMR1,0,0,0.0,0,0,0,0,0.0,0,0.0,60,60.7,41.2,0.0,T-0718,B-05-01,T-0551,B-01-02
O0569,G,8332.9,19906.0,19929.5,19944.4,19977.6,20007.2,11674.3,11573.1,AMR2,25,96.6,96.6,AMR2,0,0,0.0,0,0,0,0,0.0,0,0.0,60,61.1,40.1,0.0,T-0719,G-06-02,T-0522,G-02-03
O0570,C,8352.1,19942.9,19966.4,19979.0,20009.6,20034.7,11682.6,11590.8,AMR3,25,90.3,90.3,AMR3,0,0,0.0,0,0,0,0,0.0,0,0.0,52,53.8,38.0,0.0,T-0720,C-06-02,T-0569,C-01-03
O0571,F,8376.4,19970.3,19993.8,20008.8,20046.5,20079.8,11703.4,11593.9,AMR1,25,109.1,109.1,AMR1,0,0,0.0,0,0,0,0,0.0,0,0.0,68,67.5,42.0,0.0,T-0721,F-02-03,T-0635,F-04-02
O0572,H,8399.0,20007.3,20030.8,20043.0,20082.3,20107.4,11708.4,11608.3,AMR2,25,98.7,98.7,AMR2,0,0,0.0,0,0,0,0,0.0,0,0.0,52,54.2,45.9,0.0,T-0722,H-01-02,T-0560,H-02-01
O0573,E,8418.7,20034.8,20058.3,20072.5,20113.6,20143.5,11724.8,11616.1,AMR3,25,108.7,108.7,AMR3,0,0,0.0,0,0,0,0,0.0,0,0.0,64,63.4,45.3,0.0,T-0723,E-06-01,T-0576,E-01-01
O0574,G,8433.9,20079.9,20103.4,20117.5,20155.5,20184.8,11750.9,11646.0,AMR1,25,101.9,101.9,AMR1,0,0,0.0,0,0,0,0,0.0,0,0.0,58,59.5,45.4,0.0,T-0724,G-01-03,T-0523,G-03-03
O0575,D,8453.5,20107.5,20131.0,20142.9,20175.0,20205.5,11752.0,11654.0,AMR2,25,91.7,91.7,AMR2,0,0,0.0,0,0,0,0,0.0,0,0.0,58,59.1,38.9,0.0,T-0725,D-05-02,T-0486,D-06-02
O0576,A,8474.3,20143.6,20167.1,20181.9,20219.9,20257.3,11783.0,11669.3,AMR3,25,110.0,110.0,AMR3,0,0,0.0,0,0,0,0,0.0,0,0.0,72,70.3,43.4,0.0,T-0726,A-02-02,T-0567,A-01-01
O0577,J,8492.1,20184.9,20208.4,20221.5,20260.2,20293.3,11801.2,11692.8,AMR1,25,108.5,108.5,AMR1,0,0,0.0,0,0,0,0,0.0,0,0.0,64,63.8,44.6,0.0,T-0727,J-03-01,T-0593,J-01-02
O0578,E,8513.9,20205.6,20232.1,20244.9,20280.8,20313.7,11799.8,11691.7,AMR2,25,103.0,103.0,AMR2,0,0,0.0,0,0,0,0,0.0,0,0.0,66,65.5,39.6,3.0,T-0728,E-01-01,T-0597,E-03-03
O0579,B,8529.0,20257.4,20280.9,20295.0,20329.7,20362.1,11833.1,11728.4,AMR3,25,100.0,100.0,AMR3,0,0,0.0,0,0,0,0,0.0,0,0.0,60,60.7,44.0,0.0,T-0729,B-01-02,T-0562,B-02-02
O0580,E,8545.3,20293.4,20316.9,20332.6,20373.3,20408.2,11862.9,11748.1,AMR1,25,111.7,111.7,AMR1,0,0,0.0,0,0,0,0,0.0,0,0.0,66,66.5,48.3,0.0,T-0730,E-03-03,T-0600,E-03-01
O0581,G,8564.0,20313.8,20341.3,20354.3,20388.0,20423.6,11859.6,11749.8,AMR2,25,96.4,96.4,AMR2,0,0,0.0,0,0,0,1,8.0,1,3.0,56,57.9,39.9,12.0,T-0731,G-02-03,T-0563,G-04-03
O0582,A,8579.4,20362.2,20385.7,20400.6,20439.6,20471.9,11892.5,11782.8,AMR3,25,109.2,109.2,AMR3,0,0,0.0,0,0,0,0,0.0,0,0.0,68,67.1,42.6,0.0,T-0732,A-01-01,T-0594,A-04-02
O0583,E,8598.0,20408.3,20431.8,20444.9,20479.7,20512.1,11914.1,11810.3,AMR1,25,100.1,100.1,AMR1,0,0,0.0,0,0,0,0,0.0,0,0.0,68,67.1,36.7,0.0,T-0733,E-03-01,T-0614,E-04-01
O0584,H,8616.9,20423.7,20456.2,20472.4,20508.8,20533.2,11916.3,11806.8,AMR2,25,97.0,97.0,AMR2,0,0,0.0,0,0,0,0,0.0,1,4.0,54,56.3,44.2,9.0,T-0734,H-02-01,T-0570,H-03-03
O0585,J,8634.7,20472.0,20495.5,20508.6,20550.6,20582.9,11948.2,11837.3,AMR3,25,107.3,107.3,AMR3,0,0,0.0,0,0,0,0,0.0,0,0.0,68,67.5,43.4,0.0,T-0735,J-01-02,T-0599,J-05-01
O0586,C,8655.8,20512.2,20535.7,20551.8,20588.1,20616.1,11960.3,11856.4,AMR1,25,102.4,102.4,AMR1,0,0,0.0,0,0,0,0,0.0,0,0.0,52,53.8,50.1,0.0,T-0736,C-01-03,T-0588,C-02-03
O0587,F,8674.8,20533.3,20559.8,20570.7,20614.1,20643.4,11968.6,11858.5,AMR2,25,108.8,108.8,AMR2,0,0,0.0,0,0,0,0,0.0,0,0.0,66,65.4,41.7,3.0,T-0737,F-04-02,T-0642,F-06-02
O0588,C,8699.1,20583.0,20606.5,20617.1,20648.0,20676.9,11977.8,11883.9,AMR3,25,92.4,92.4,AMR3,0,0,0.0,0,0,0,0,0.0,0,0.0,52,53.8,40.1,0.0,T-0738,C-02-03,T-0592,C-01-01
O0589,G,8720.2,20616.2,20639.7,20650.6,20681.8,20708.7,11988.5,11896.0,AMR1,25,91.1,91.1,AMR1,0,0,0.0,0,0,0,0,0.0,0,0.0,56,57.9,34.6,0.0,T-0739,G-03-03,T-0580,G-05-01
O0590,A,8735.6,20643.5,20667.0,20682.4,20720.5,20752.0,12016.4,11907.9,AMR2,25,110.1,110.1,AMR2,0,0,0.0,0,0,0,0,0.0,0,0.0,66,65.0,43.5,0.0,T-0740,A-04-02,T-0603,A-06-02
O0591,H,8757.7,20677.0,20700.5,20714.8,20752.9,20781.9,12024.2,11919.3,AMR3,25,103.0,103.0,AMR3,0,0,0.0,0,0,0,0,0.0,0,0.0,52,54.7,50.2,0.0,T-0741,H-03-03,T-0587,H-04-01
O0592,J,8777.3,20708.8,20732.3,20745.2,20786.8,20814.4,12037.1,11931.5,AMR1,25,105.7,105.7,AMR1,0,0,0.0,0,0,0,0,0.0,0,0.0,64,63.8,41.8,0.0,T-0742,J-05-01,T-0602,J-02-02
O0593,J,8793.7,20752.1,20775.6,20790.2,20832.7,20867.2,12073.5,11958.4,AMR2,25,113.1,113.1,AMR2,0,0,0.0,0,0,0,0,0.0,0,0.0,66,65.9,49.2,0.0,T-0743,J-02-02,T-0616,J-03-02
O0594,J,8810.3,20782.0,20805.5,20819.1,20854.6,20886.1,12075.8,11971.7,AMR3,25,100.5,100.5,AMR3,0,0,0.0,0,0,0,0,0.0,0,0.0,68,67.5,36.6,0.0,T-0744,J-06-02,T-0619,J-04-02
O0595,J,8833.7,20814.5,20838.0,20850.3,20889.8,20921.4,12087.7,11980.8,AMR1,25,101.3,101.3,AMR1,0,0,0.0,0,0,0,1,2.0,0,0.0,68,67.5,37.4,2.0,T-0745,J-03-02,T-0622,J-05-02
O0596,I,8853.8,20867.3,20890.8,20903.9,20939.4,20965.3,12111.5,12013.5,AMR2,25,95.0,95.0,AMR2,0,0,0.0,0,0,0,0,0.0,0,0.0,54,56.3,41.7,0.0,T-0746,I-02-01,T-0583,I-03-03
O0597,J,8873.7,20886.2,20914.7,20928.3,20970.0,21001.3,12127.6,12012.5,AMR3,25,110.2,110.2,AMR3,0,0,0.0,0,0,0,0,0.0,0,0.0,64,63.8,46.3,5.0,T-0747,J-04-02,T-0626,J-02-03
O0598,A,8893.4,20921.5,20945.0,20958.4,20996.0,21032.5,12139.1,12028.1,AMR1,25,107.3,107.3,AMR1,0,0,0.0,0,0,0,0,0.0,0,0.0,72,70.3,40.7,0.0,T-0748,A-06-02,T-0612,A-01-03
O0599,B,8911.8,20965.4,20988.9,21001.4,21040.9,21069.7,12157.9,12053.6,AMR2,25,101.2,101.2,AMR2,0,0,0.0,0,0,0,0,0.0,0,0.0,58,59.1,45.2,0.0,T-0749,B-02-02,T-0581,B-03-02
O0600,A,8932.6,21001.4,21024.9,21039.6,21075.1,21109.7,12177.1,12068.8,AMR3,25,104.6,104.6,AMR3,0,0,0.0,0,0,0,0,0.0,0,0.0,72,70.3,38.0,0.0,T-0750,A-01-03,T-0617,A-02-03
O0601,G,8936.6,21032.6,21056.1,21068.8,21105.0,21128.6,12192.0,12096.0,AMR1,25,96.7,96.7,AMR1,0,0,0.0,0,0,0,0,0.0,0,0.0,54,55.8,40.2,0.0,T-0751,G-05-01,T-0584,G-06-01
O0602,I,8940.6,21069.8,21093.3,21108.2,21145.2,21172.4,12231.8,12129.2,AMR2,25,98.0,98.0,AMR2,0,0,0.0,0,0,0,0,0.0,0,0.0,56,57.9,44.7,0.0,T-0752,I-02-03,T-0590,I-04-03
O0603,F,8945.7,21109.8,21133.3,21147.4,21190.5,21222.6,12276.9,12164.1,AMR3,25,109.2,109.2,AMR3,0,0,0.0,0,0,0,0,0.0,0,0.0,72,70.7,42.1,0.0,T-0753,F-06-02,T-0646,F-01-02
O0604,C,8951.9,21128.7,21157.2,21167.8,21200.0,21242.6,12290.7,12176.8,AMR1,25,92.5,92.5,AMR1,0,0,0.0,0,0,0,1,14.0,1,9.0,52,54.7,40.2,19.0,T-0754,C-01-01,T-0606,C-04-01
O0605,D,8955.0,21172.5,21196.0,21207.8,21236.2,21264.6,12309.6,12217.5,AMR2,25,90.7,90.7,AMR2,0,0,0.0,0,0,0,0,0.0,0,0.0,52,54.2,37.9,0.0,T-0755,D-06-02,T-0493,D-02-03
O0606,I,8960.8,21222.7,21246.2,21257.1,21296.0,21324.9,12364.1,12261.9,AMR3,25,99.2,99.2,AMR3,0,0,0.0,0,0,0,0,0.0,0,0.0,54,56.3,45.9,0.0,T-0756,I-03-03,T-0604,I-03-01
O0607,G,8966.7,21242.7,21270.2,21286.0,21324.2,21350.4,12383.7,12276.0,AMR1,25,99.1,99.1,AMR1,0,0,0.0,0,0,0,0,0.0,0,0.0,60,61.1,42.6,4.0,T-0757,G-06-01,T-0601,G-01-01
O0608,F,8971.9,21264.7,21294.2,21307.7,21352.2,21386.6,12414.7,12292.8,AMR2,25,112.3,112.3,AMR2,0,0,0.0,0,0,0,0,0.0,1,1.0,72,70.7,45.2,6.0,T-0758,F-01-02,T-0649,F-01-03
O0609,F,8976.4,21325.0,21348.5,21361.5,21401.0,21434.3,12457.9,12348.6,AMR3,25,108.9,108.9,AMR3,0,0,0.0,0,0,0,0,0.0,0,0.0,68,67.5,41.8,0.0,T-0759,F-01-03,T-0656,F-04-01
O0610,H,8980.8,21350.5,21374.0,21387.3,21424.3,21451.2,12470.4,12369.7,AMR1,25,98.8,98.8,AMR1,0,0,0.0,0,0,0,0,0.0,0,0.0,52,54.7,46.0,0.0,T-0760,H-04-01,T-0596,H-05-01
O0611,E,8985.8,21386.7,21410.2,21422.5,21459.1,21493.4,12507.6,12400.9,AMR2,25,106.7,106.7,AMR2,0,0,0.0,0,0,0,0,0.0,0,0.0,64,63.4,43.3,0.0,T-0761,E-04-01,T-0620,E-01-02
O0612,E,8989.9,21434.4,21457.9,21468.6,21506.7,21538.3,12548.4,12444.5,AMR3,25,100.2,100.2,AMR3,0,0,0.0,0,0,0,0,0.0,0,0.0,68,67.1,36.8,0.0,T-0762,E-01-02,T-0654,E-04-03
O0613,F,8995.8,21451.3,21481.8,21496.9,21536.3,21569.6,12573.8,12455.5,AMR1,25,109.3,109.3,AMR1,0,0,0.0,0,0,0,0,0.0,1,2.0,70,69.1,42.2,7.0,T-0763,F-04-01,T-0657,F-03-03
O0614,H,9000.7,21493.5,21517.0,21529.8,21568.1,21591.0,12590.3,12492.8,AMR2,25,96.1,96.1,AMR2,0,0,0.0,0,0,0,0,0.0,0,0.0,52,54.2,43.3,0.0,T-0764,H-05-01,T-0623,H-02-02
O0615,F,9004.2,21538.4,21561.9,21576.9,21624.3,21655.6,12651.4,12534.2,AMR3,25,113.6,113.6,AMR3,0,0,0.0,0,0,0,0,0.0,0,0.0,72,70.7,46.5,0.0,T-0765,F-03-03,T-0664,F-02-01
O0616,B,9010.4,21569.7,21593.2,21604.6,21638.4,21676.2,12665.8,12559.3,AMR1,25,96.0,96.0,AMR1,0,0,0.0,0,0,0,1,9.0,1,4.0,56,57.5,40.0,9.0,T-0766,B-03-02,T-0589,B-04-02
O0617,A,9013.6,21591.1,21617.6,21632.3,21668.8,21706.8,12693.2,12577.5,AMR2,25,110.6,110.6,AMR2,0,0,0.0,0,0,0,0,0.0,0,0.0,70,68.7,44.0,3.0,T-0767,A-02-03,T-0621,A-03-03
O0618,J,9020.3,21655.7,21679.2,21690.0,21726.8,21757.1,12736.8,12635.4,AMR3,25,101.5,101.5,AMR3,0,0,0.0,0,0,0,0,0.0,0,0.0,64,63.8,37.6,0.0,T-0768,J-05-02,T-0662,J-01-03
O0619,E,9024.2,21676.3,21702.8,21716.2,21749.8,21784.8,12760.6,12652.1,AMR1,25,101.8,101.8,AMR1,0,0,0.0,0,0,0,0,0.0,0,0.0,68,67.1,38.4,3.0,T-0769,E-04-03,T-0658,E-05-01
O0620,D,9030.0,21706.9,21730.4,21743.7,21775.9,21806.3,12776.3,12676.9,AMR2,25,96.3,96.3,AMR2,0,0,0.0,0,0,0,0,0.0,0,0.0,54,55.9,43.5,0.0,T-0770,D-02-03,T-0520,D-03-03
O0621,B,9033.1,21757.2,21780.7,21793.0,21826.8,21857.0,12823.9,12724.1,AMR3,25,95.1,95.1,AMR3,0,0,0.0,0,0,0,0,0.0,0,0.0,60,60.7,39.1,0.0,T-0771,B-04-02,T-0608,B-01-03
O0622,H,9037.1,21784.9,21808.4,21820.6,21857.6,21883.3,12846.2,12747.8,AMR1,25,96.5,96.5,AMR1,0,0,0.0,0,0,0,0,0.0,0,0.0,52,54.7,43.7,0.0,T-0772,H-02-02,T-0631,H-04-03
O0623,B,9042.0,21806.4,21831.9,21844.4,21877.4,21911.3,12869.3,12764.4,AMR2,25,98.2,98.2,AMR2,0,0,0.0,0,0,0,0,0.0,0,0.0,60,60.7,42.2,2.0,T-0773,B-01-03,T-0628,B-02-03
O0624,B,9048.8,21857.1,21880.6,21893.7,21926.9,21956.9,12908.1,12808.3,AMR3,25,98.3,98.3,AMR3,0,0,0.0,0,0,0,0,0.0,0,0.0,56,57.5,42.3,0.0,T-0774,B-02-03,T-0629,B-05-02
O0625,F,9054.4,21883.4,21906.9,21918.4,21961.1,21996.9,12942.5,12829.0,AMR1,25,111.5,111.5,AMR1,0,0,0.0,0,0,0,0,0.0,0,0.0,70,69.1,44.4,0.0,T-0775,F-02-01,T-0668,F-03-01
O0626,E,9060.0,21911.4,21934.9,21947.1,21984.4,22016.2,12956.2,12851.4,AMR2,25,104.8,104.8,AMR2,0,0,0.0,0,0,0,0,0.0,0,0.0,64,63.4,41.4,0.0,T-0776,E-05-01,T-0669,E-02-02
O0627,C,9064.2,21957.0,21980.5,21991.6,22027.5,22055.8,12991.6,12892.8,AMR3,25,96.8,96.8,AMR3,0,0,0.0,0,0,0,0,0.0,0,0.0,52,54.3,44.5,0.0,T-0777,C-04-01,T-0615,C-05-01
O0628,C,9069.5,21997.0,22020.5,22032.0,22063.5,22090.6,13021.1,12927.5,AMR1,25,90.9,90.9,AMR1,0,0,0.0,0,0,0,0,0.0,0,0.0,54,55.0,38.6,0.0,T-0778,C-05-01,T-0618,C-03-03
O0629,A,9074.1,22016.3,22044.8,22060.2,22096.1,22133.5,13059.4,12942.2,AMR2,25,108.5,108.5,AMR2,0,0,0.0,0,0,0,0,0.0,0,0.0,72,70.3,41.9,5.0,T-0779,A-03-03,T-0641,A-02-01
O0630,H,9080.3,22055.9,22079.4,22093.5,22127.0,22152.2,13071.9,12975.6,AMR3,25,94.4,94.4,AMR3,0,0,0.0,0,0,0,0,0.0,0,0.0,52,54.7,41.6,0.0,T-0780,H-04-03,T-0638,H-04-02
O0631,C,9083.3,22090.7,22114.2,22129.4,22163.8,22191.6,13108.3,13007.4,AMR1,25,98.9,98.9,AMR1,0,0,0.0,0,0,0,0,0.0,0,0.0,52,54.3,46.6,0.0,T-0781,C-03-03,T-0625,C-04-03
O0632,G,9087.5,22133.6,22157.1,22170.3,22210.3,22241.6,13154.1,13046.1,AMR2,25,102.5,102.5,AMR2,0,0,0.0,0,0,0,0,0.0,0,0.0,60,62.0,46.0,0.0,T-0782,G-01-01,T-0610,G-03-01
O0633,G,9092.5,22152.3,22180.8,22196.4,22229.9,22258.1,13165.6,13059.8,AMR3,25,98.4,98.4,AMR3,0,0,0.0,0,0,0,1,1.0,0,0.0,56,57.9,41.9,6.0,T-0783,G-04-03,T-0611,G-05-03
O0634,E,9096.5,22191.7,22215.2,22229.1,22266.8,22299.8,13203.3,13095.2,AMR1,25,104.4,104.4,AMR1,0,0,0.0,0,0,0,0,0.0,0,0.0,68,67.1,41.0,0.0,T-0784,E-02-02,T-0672,E-04-02
O0635,J,9102.5,22241.7,22265.2,22277.1,22316.0,22345.1,13242.6,13139.2,AMR2,25,101.4,101.4,AMR2,0,0,0.0,0,0,0,0,0.0,0,0.0,66,65.9,37.5,0.0,T-0785,J-01-03,T-0665,J-03-03
O0636,H,9105.5,22258.2,22288.7,22299.8,22335.4,22366.7,13261.2,13152.7,AMR3,25,96.0,96.0,AMR3,0,0,0.0,0,0,0,1,2.0,1,2.0,54,56.3,43.2,9.0,T-0786,H-04-02,T-0640,H-03-01
O0637,I,9111.2,22299.9,22323.4,22338.7,22373.4,22402.9,13291.7,13188.7,AMR1,25,97.9,97.9,AMR1,0,0,0.0,0,0,0,0,0.0,0,0.0,56,58.4,44.6,0.0,T-0787,I-03-01,T-0605,I-05-03
O0638,C,9116.3,22345.2,22368.7,22383.1,22417.4,22444.6,13328.3,13228.9,AMR2,25,96.7,96.7,AMR2,0,0,0.0,0,0,0,0,0.0,0,0.0,54,55.0,44.4,0.0,T-0788,C-04-03,T-0637,C-03-01
O0639,D,9123.2,22366.8,22392.3,22408.4,22439.1,22466.1,13342.9,13243.6,AMR3,25,94.8,94.8,AMR3,0,0,0.0,0,0,0,0,0.0,0,0.0,52,53.8,42.0,3.5,T-0789,D-03-03,T-0526,D-01-01
O0640,H,9127.3,22403.0,22426.5,22438.9,22473.0,22499.8,13372.5,13275.7,AMR1,25,93.3,93.3,AMR1,0,0,0.0,0,0,0,0,0.0,0,0.0,54,56.3,40.5,0.0,T-0790,H-03-01,T-0647,H-03-02
O0641,A,9131.5,22444.7,22468.2,22484.3,22524.3,22559.7,13428.2,13313.2,AMR2,25,112.5,112.5,AMR2,0,0,0.0,0,0,0,0,0.0,0,0.0,70,69.1,45.9,0.0,T-0791,A-02-01,T-0645,A-03-01
O0642,A,9137.1,22466.2,22491.7,22505.6,22547.1,22581.9,13444.8,13329.1,AMR3,25,111.2,111.2,AMR3,0,0,0.0,0,0,0,1,2.0,0,0.0,68,67.1,44.6,4.0,T-0792,A-05-03,T-0659,A-05-01
O0643,H,9141.9,22499.9,22523.4,22535.3,22571.4,22602.1,13460.2,13358.0,AMR1,25,98.3,98.3,AMR1,0,0,0.0,0,0,0,1,2.0,0,0.0,52,54.7,45.5,2.0,T-0793,H-03-02,T-0666,H-05-02
O0644,E,9145.4,22559.8,22583.3,22596.8,22636.2,22673.7,13528.3,13414.4,AMR2,25,110.2,110.2,AMR2,0,0,0.0,0,0,0,0,0.0,0,0.0,68,67.1,46.8,0.0,T-0794,E-04-02,T-0679,E-05-02
O0645,D,9150.9,22582.0,22607.5,22619.5,22654.7,22687.4,13536.5,13431.1,AMR3,25,95.3,95.3,AMR3,0,0,0.0,0,0,0,1,5.0,0,0.0,54,55.9,42.5,7.0,T-0795,D-01-01,T-0536,D-03-01
O0646,G,9154.5,22602.2,22631.7,22646.1,22682.1,22710.0,13555.5,13447.7,AMR1,25,98.8,98.8,AMR1,0,0,0.0,0,0,0,1,1.6,1,1.0,56,57.9,42.3,7.6,T-0796,G-03-01,T-0627,G-04-01
O0647,I,9159.1,22673.8,22697.3,22709.8,22745.6,22775.9,13616.8,13514.7,AMR2,25,97.5,97.5,AMR2,0,0,0.0,0,0,0,0,0.0,0,0.0,56,57.9,44.2,0.0,T-0797,I-04-03,T-0607,I-04-01
O0648,B,9165.4,22687.5,22721.0,22733.6,22763.7,22791.0,13625.6,13522.1,AMR3,25,94.1,94.1,AMR3,0,0,0.0,0,0,0,0,0.0,1,5.0,54,55.4,38.1,10.0,T-0798,B-05-02,T-0634,B-06-02
O0649,A,9171.4,22710.1,22744.6,22759.3,22801.0,22834.1,13662.7,13538.7,AMR1,25,109.3,109.3,AMR1,0,0,0.0,0,0,0,0,0.0,1,6.0,72,70.3,42.7,11.0,T-0799,A-03-01,T-0663,A-01-02
O0650,C,9176.5,22776.0,22799.5,22813.1,22840.6,22866.6,13690.1,13599.5,AMR2,25,90.7,90.7,AMR2,0,0,0.0,0,0,0,0,0.0,0,0.0,50,52.2,38.4,0.0,T-0800,C-03-01,T-0639,C-06-01
O0651,B,9182.8,22791.1,22823.6,22836.7,22870.7,22898.5,13715.7,13608.3,AMR3,25,95.3,95.3,AMR3,0,0,0.0,0,0,0,0,0.0,1,4.0,58,59.1,39.3,9.0,T-0801,B-06-02,T-0650,B-03-01
O0652,I,9188.0,22834.2,22857.7,22871.0,22905.7,22936.0,13748.0,13646.2,AMR1,25,94.8,94.8,AMR1,0,0,0.0,0,0,0,0,0.0,0,0.0,60,60.3,41.5,0.0,T-0802,I-04-01,T-0624,I-05-01
O0653,F,9193.7,22866.7,22890.2,22901.5,22947.2,22982.6,13788.9,13673.0,AMR2,25,112.3,112.3,AMR2,0,0,0.0,0,0,0,0,0.0,0,0.0,72,70.7,45.2,0.0,T-0803,F-03-01,T-0677,F-01-01
O0654,C,9200.3,22898.6,22922.1,22937.9,22973.2,23000.5,13800.2,13698.3,AMR3,25,100.4,100.4,AMR3,0,0,0.0,0,0,0,0,0.0,0,0.0,52,53.8,48.1,0.0,T-0804,C-06-01,T-0648,C-01-02
O0655,C,9203.8,22936.1,22959.6,22975.1,23004.1,23036.7,13832.9,13732.3,AMR1,25,96.1,96.1,AMR1,0,0,0.0,0,0,0,1,3.0,0,0.0,52,53.8,43.8,3.0,T-0805,C-01-02,T-0652,C-02-02
O0656,J,9208.6,22982.7,23006.2,23019.7,23063.8,23095.8,13887.2,13774.1,AMR2,25,107.0,107.0,AMR2,0,0,0.0,0,0,0,0,0.0,0,0.0,70,70.0,43.1,0.0,T-0806,J-02-03,T-0673,J-04-03
O0657,J,9213.2,23000.6,23030.1,23046.0,23088.0,23116.4,13903.2,13787.4,AMR3,25,109.9,109.9,AMR3,0,0,0.0,0,0,0,0,0.0,1,1.0,64,63.8,46.0,6.0,T-0807,J-03-03,T-0700,J-01-01
O0658,H,9218.5,23036.8,23060.3,23072.8,23111.3,23138.4,13919.9,13818.3,AMR1,25,100.2,100.2,AMR1,0,0,0.0,0,0,0,0,0.0,0,0.0,52,54.2,47.4,0.0,T-0808,H-05-02,T-0674,H-01-01
O0659,A,9221.8,23095.9,23119.4,23131.4,23171.2,23204.2,13982.4,13874.1,AMR2,25,106.2,106.2,AMR2,0,0,0.0,0,0,0,0,0.0,0,0.0,70,68.7,39.6,0.0,T-0809,A-05-01,T-0670,A-03-02
O0660,D,9224.9,23116.5,23143.0,23154.5,23191.9,23225.6,14000.7,13891.6,AMR3,25,97.4,97.4,AMR3,0,0,0.0,0,0,0,1,4.0,0,0.0,56,57.5,44.6,7.0,T-0810,D-03-01,T-0538,D-04-01
O0661,F,9231.8,23138.5,23167.0,23179.8,23224.4,23258.8,14027.0,13906.7,AMR1,25,114.9,114.9,AMR1,0,0,0.0,0,0,0,0,0.0,0,0.0,68,67.5,47.8,5.0,T-0811,F-01-01,T-0688,F-05-01
O0662,I,9238.8,23204.3,23227.8,23242.9,23278.8,23305.5,14066.7,13965.5,AMR2,25,95.0,95.0,AMR2,0,0,0.0,0,0,0,0,0.0,0,0.0,58,59.5,41.7,0.0,T-0812,I-05-01,T-0630,I-06-01
O0663,G,9242.1,23225.7,23252.2,23265.9,23308.0,23335.0,14092.9,13983.6,AMR3,25,101.7,101.7,AMR3,0,0,0.0,0,0,0,0,0.0,0,0.0,60,61.1,45.2,3.0,T-0813,G-04-01,T-0651,G-01-02
O0664,D,9247.7,23258.9,23282.4,23294.7,23328.9,23359.2,14111.5,14011.2,AMR1,25,94.0,94.0,AMR1,0,0,0.0,0,0,0,0,0.0,0,0.0,58,59.1,41.2,0.0,T-0814,D-04-01,T-0547,D-06-01
O0665,D,9252.3,23305.6,23329.1,23342.3,23374.2,23402.8,14150.5,14053.3,AMR2,25,92.5,92.5,AMR2,0,0,0.0,0,0,0,0,0.0,0,0.0,56,57.5,39.7,0.0,T-0815,D-06-01,T-0548,D-04-03
O0666,F,9258.3,23335.1,23358.6,23370.9,23414.0,23447.7,14189.4,14076.8,AMR3,25,114.3,114.3,AMR3,0,0,0.0,0,0,0,0,0.0,0,0.0,66,65.4,47.2,0.0,T-0816,F-05-01,T-0702,F-06-01
O0667,I,9264.2,23359.3,23382.8,23393.9,23429.5,23462.1,14197.9,14095.1,AMR1,25,95.6,95.6,AMR1,0,0,0.0,0,0,0,1,5.0,0,0.0,52,55.5,42.3,5.0,T-0817,I-06-01,T-0636,I-01-02
O0668,H,9268.2,23402.9,23426.4,23439.2,23475.2,23501.2,14233.0,14134.7,AMR2,25,98.5,98.5,AMR2,0,0,0.0,0,0,0,0,0.0,0,0.0,50,52.6,45.7,0.0,T-0818,H-01-01,T-0676,H-06-02
O0669,A,9275.0,23447.8,23471.3,23483.1,23519.7,23554.5,14279.5,14172.8,AMR3,25,106.2,106.2,AMR3,0,0,0.0,0,0,0,0,0.0,0,0.0,68,67.1,39.6,0.0,T-0819,A-01-02,T-0692,A-04-01
O0670,C,9281.2,23462.2,23495.7,23510.9,23543.6,23571.1,14289.9,14181.0,AMR1,25,96.2,96.2,AMR1,0,0,0.0,0,0,0,0,0.0,1,5.0,54,55.0,43.9,10.0,T-0820,C-02-02,T-0661,C-03-02
O0671,C,9285.0,23501.3,23524.8,23539.5,23568.3,23598.8,14313.8,14216.3,AMR2,25,95.5,95.5,AMR2,0,0,0.0,0,0,0,0,0.0,0,0.0,52,54.3,43.2,0.0,T-0821,C-05-03,T-0680,C-05-02
O0672,A,9290.4,23554.6,23578.1,23589.3,23631.4,23664.7,14374.3,14264.2,AMR3,25,109.6,109.6,AMR3,0,0,0.0,0,0,0,0,0.0,0,0.0,68,67.1,43.0,0.0,T-0822,A-04-01,T-0703,A-05-02
O0673,D,9296.4,23571.2,23601.7,23612.3,23644.1,23685.8,14389.4,14274.8,AMR1,25,91.9,91.9,AMR1,0,0,0.0,0,0,0,1,11.0,2,8.0,56,57.5,39.1,18.0,T-0823,D-04-03,T-0550,D-05-01
O0674,A,9300.2,23598.9,23625.4,23636.8,23670.1,23707.2,14407.0,14298.7,AMR2,25,100.8,100.8,AMR2,0,0,0.0,0,0,0,1,4.0,0,0.0,68,67.1,34.2,7.0,T-0824,A-03-02,T-0706,A-04-03
O0675,H,9305.3,23664.8,23688.3,23702.1,23737.2,23765.2,14459.9,14359.5,AMR3,25,99.0,99.0,AMR3,0,0,0.0,0,0,0,0,0.0,0,0.0,52,54.2,46.2,0.0,T-0825,H-06-02,T-0686,H-01-03
O0676,E,9310.6,23685.9,23712.4,23725.9,23761.0,23792.6,14482.0,14375.3,AMR1,25,103.7,103.7,AMR1,0,0,0.0,0,0,0,0,0.0,0,0.0,64,63.4,40.3,3.0,T-0826,E-05-02,T-0693,E-01-03
O0677,D,9314.9,23707.3,23736.8,23751.6,23785.2,23814.5,14499.6,14392.4,AMR2,25,100.2,100.2,AMR2,0,0,0.0,0,0,0,0,0.0,1,1.0,52,53.8,47.4,6.0,T-0827,D-05-01,T-0586,D-01-02
O0678,D,9319.0,23765.3,23788.8,23799.9,23829.9,23858.7,14539.7,14446.3,AMR3,25,92.0,92.0,AMR3,0,0,0.0,0,0,0,0,0.0,0,0.0,52,54.2,39.2,0.0,T-0828,D-01-02,T-0595,D-02-02
O0679,C,9324.8,23792.7,23816.2,23830.7,23861.2,23888.8,14564.0,14467.9,AMR1,25,94.1,94.1,AMR1,0,0,0.0,0,0,0,0,0.0,0,0.0,52,54.3,41.8,0.0,T-0829,C-03-02,T-0690,C-04-02
O0680,G,9331.5,23814.6,23840.1,23851.3,23891.8,23921.1,14589.6,14483.1,AMR2,25,99.9,99.9,AMR2,0,0,0.0,0,0,0,0,0.0,0,0.0,60,61.1,43.4,2.0,T-0830,G-01-02,T-0655,G-02-02
O0681,H,9337.3,23858.8,23882.3,23892.7,23926.2,23949.3,14612.0,14521.5,AMR3,25,90.7,90.7,AMR3,0,0,0.0,0,0,0,0,0.0,0,0.0,50,52.6,37.9,0.0,T-0831,H-01-03,T-0689,H-06-01
O0682,D,9341.0,23888.9,23912.4,23927.1,23958.0,23985.2,14644.2,14547.9,AMR1,25,94.3,94.3,AMR1,0,0,0.0,0,0,0,0,0.0,0,0.0,52,54.8,41.5,0.0,T-0832,D-02-02,T-0598,D-02-01
O0683,F,9345.3,23921.2,23944.7,23958.6,23997.6,24030.6,14685.3,14575.9,AMR2,25,105.8,105.8,AMR2,0,0,0.0,0,0,0,0,0.0,0,0.0,72,70.7,38.7,0.0,T-0833,F-06-01,T-0713,F-02-02
O0684,G,9350.5,23949.4,23972.9,23996.4,24037.7,24063.2,14712.7,14598.9,AMR3,25,110.8,110.8,AMR3,0,0,0.0,0,0,0,0,0.0,0,0.0,58,59.5,54.3,0.0,T-0834,G-02-02,T-0660,G-03-02
O0685,D,9354.0,23985.3,24008.8,24024.4,24058.9,24085.2,14731.2,14631.3,AMR1,25,96.8,96.8,AMR1,0,0,0.0,0,0,0,0,0.0,0,0.0,54,55.9,44.0,0.0,T-0835,D-02-01,T-0644,D-03-02
O0686,E,9359.6,24030.7,24054.2,24068.2,24113.4,24145.8,14786.2,14671.1,AMR2,25,109.8,109.8,AMR2,0,0,0.0,0,0,0,0,0.0,0,0.0,70,68.7,46.4,0.0,T-0836,E-01-03,T-0696,E-06-02
O0687,A,9364.8,24063.3,24086.8,24098.0,24135.4,24168.8,14804.0,14698.5,AMR3,25,104.1,104.1,AMR3,0,0,0.0,0,0,0,1,3.0,0,0.0,66,65.0,37.5,3.0,T-0837,A-05-02,T-0710,A-06-01
O0688,A,9369.3,24085.3,24110.8,24121.6,24161.0,24198.3,14829.0,14716.0,AMR1,25,106.6,106.6,AMR1,0,0,0.0,0,0,0,0,0.0,0,0.0,74,71.0,40.0,2.0,T-0838,A-04-03,T-0726,A-02-02
O0689,J,9373.0,24145.9,24169.4,24180.3,24218.9,24251.0,14878.0,14772.9,AMR2,25,105.2,105.2,AMR2,0,0,0.0,0,0,0,0,0.0,0,0.0,64,63.8,41.3,0.0,T-0839,J-01-01,T-0701,J-02-01
O0690,H,9378.3,24168.9,24193.4,24207.5,24246.2,24272.3,14894.0,14790.6,AMR3,25,101.0,101.0,AMR3,0,0,0.0,0,0,0,0,0.0,0,0.0,52,54.2,48.2,1.0,T-0840,H-06-01,T-0711,H-02-03
O0691,D,9385.1,24198.4,24221.9,24234.0,24265.5,24293.1,14908.0,14813.3,AMR1,25,90.0,90.0,AMR1,0,0,0.0,0,0,0,0,0.0,0,0.0,56,57.5,37.2,0.0,T-0841,D-03-02,T-0682,D-04-02
O0692,F,9388.6,24251.1,24274.6,24289.2,24332.9,24367.6,14979.0,14862.5,AMR2,25,116.1,116.1,AMR2,0,0,0.0,0,0,0,0,0.0,0,0.0,68,67.5,49.0,0.0,T-0842,F-02-02,T-0714,F-04-03
O0693,F,9394.4,24272.4,24298.9,24312.7,24354.3,24388.0,14993.6,14878.0,AMR3,25,110.6,110.6,AMR3,0,0,0.0,0,0,0,0,0.0,0,0.0,70,69.1,43.5,3.0,T-0843,F-05-03,T-0715,F-03-02
O0694,F,9399.6,24293.2,24322.7,24346.9,24383.3,24413.0,15013.4,14893.6,AMR1,25,113.4,113.4,AMR1,0,0,0.0,0,0,0,0,0.0,1,1.0,68,67.5,46.3,6.0,T-0844,F-04-03,T-0716,F-05-02
O0695,H,9404.7,24367.7,24391.2,24401.8,24438.5,24465.2,15060.5,14963.0,AMR2,25,96.1,96.1,AMR2,0,0,0.0,0,0,0,0,0.0,0,0.0,52,54.2,43.3,0.0,T-0845,H-02-03,T-0722,H-01-02
O0696,C,9409.7,24388.1,24415.6,24431.4,24459.5,24490.2,15080.5,14978.4,AMR3,25,96.2,96.2,AMR3,0,0,0.0,0,0,0,0,0.0,0,0.0,52,54.2,43.9,4.0,T-0846,C-04-02,T-0691,C-02-01
O0697,B,9414.6,24413.1,24439.6,24452.3,24491.0,24520.9,15106.3,14998.5,AMR1,25,101.7,101.7,AMR1,0,0,0.0,0,0,0,0,0.0,0,0.0,58,59.1,45.7,3.0,T-0847,B-03-01,T-0653,B-03-03
O0698,D,9418.9,24465.3,24488.8,24502.0,24533.8,24559.7,15140.8,15046.4,AMR2,25,93.0,93.0,AMR2,0,0,0.0,0,0,0,0,0.0,0,0.0,52,54.2,40.2,0.0,T-0848,D-04-02,T-0694,D-01-03
O0699,I,9422.5,24490.3,24513.8,24528.5,24566.3,24594.8,15172.3,15067.8,AMR3,25,103.0,103.0,AMR3,0,0,0.0,0,0,0,0,0.0,0,0.0,52,54.8,49.7,0.0,T-0849,I-01-02,T-0643,I-02-02
O0700,I,9426.1,24521.0,24544.5,24555.7,24589.4,24615.9,15189.8,15094.9,AMR1,25,91.9,91.9,AMR1,0,0,0.0,0,0,0,0,0.0,0,0.0,54,56.3,38.6,0.0,T-0850,I-05-03,T-0683,I-03-02
O0701,H,9432.4,24559.8,24583.3,24597.1,24634.5,24662.9,15230.5,15127.4,AMR2,25,101.7,101.7,AMR2,0,0,0.0,0,0,0,0,0.0,0,0.0,52,54.2,48.9,0.0,T-0851,H-01-02,T-0734,H-02-01
O0702,I,9438.5,24594.9,24618.4,24631.9,24671.2,24700.4,15261.9,15156.4,AMR3,25,98.4,98.4,AMR3,0,0,0.0,0,0,0,1,2.5,0,0.0,56,57.9,45.1,2.5,T-0852,I-02-02,T-0684,I-04-02
O0703,B,9442.1,24616.0,24642.5,24654.5,24684.1,24723.2,15281.1,15173.9,AMR1,25,95.7,95.7,AMR1,0,0,0.0,0,0,0,1,7.0,1,2.0,56,57.5,39.7,10.0,T-0853,B-03-03,T-0667,B-04-03
O0704,C,9448.0,24663.0,24686.5,24701.9,24734.4,24760.2,15312.2,15215.0,AMR2,25,97.3,97.3,AMR2,0,0,0.0,0,0,0,0,0.0,0,0.0,50,52.2,45.0,0.0,T-0854,C-02-01,T-0720,C-06-02
O0705,J,9451.1,24700.5,24724.0,24738.6,24779.4,24811.1,15360.0,15249.4,AMR3,25,106.0,106.0,AMR3,0,0,0.0,0,0,0,0,0.0,0,0.0,68,68.5,42.1,0.0,T-0855,J-02-01,T-0704,J-04-01
O0706,D,9457.2,24723.3,24747.8,24761.4,24796.3,24833.3,15376.1,15266.1,AMR1,25,97.0,97.0,AMR1,0,0,0.0,0,0,0,1,5.0,0,0.0,60,59.8,44.2,6.0,T-0856,D-01-03,T-0725,D-05-02
O0707,I,9463.0,24760.3,24783.8,24797.8,24836.5,24862.2,15399.2,15297.3,AMR2,25,96.7,96.7,AMR2,0,0,0.0,0,0,0,0,0.0,0,0.0,56,58.5,43.4,0.0,T-0857,I-03-02,T-0695,I-05-02
O0708,G,9466.3,24811.2,24834.7,24847.2,24886.4,24913.8,15447.5,15344.9,AMR3,25,101.2,101.2,AMR3,0,0,0.0,0,0,0,0,0.0,0,0.0,56,57.9,44.7,0.0,T-0858,G-03-02,T-0671,G-04-02
O0709,I,9471.9,24833.4,24858.9,24874.3,24909.7,24935.2,15463.3,15361.5,AMR1,25,93.6,93.6,AMR1,0,0,0.0,0,0,0,0,0.0,0,0.0,58,59.5,40.3,2.0,T-0859,I-04-02,T-0697,I-06-02
O0710,G,9475.0,24862.3,24885.8,24896.4,24933.0,24963.5,15488.5,15387.3,AMR2,25,96.6,96.6,AMR2,0,0,0.0,0,0,0,0,0.0,0,0.0,60,61.1,40.1,0.0,T-0860,G-04-02,T-0687,G-02-01
O0711,J,9478.0,24913.9,24937.4,24952.7,24992.4,25024.4,15546.4,15435.9,AMR3,25,105.9,105.9,AMR3,0,0,0.0,0,0,0,0,0.0,0,0.0,68,68.5,42.0,0.0,T-0861,J-04-01,T-0705,J-05-03
O0712,A,9484.3,24935.3,24961.8,24976.8,25017.0,25054.9,15570.6,15451.0,AMR1,25,112.9,112.9,AMR1,0,0,0.0,0,0,0,0,0.0,0,0.0,72,70.3,46.3,3.0,T-0862,A-06-01,T-0732,A-01-01
O0713,H,9489.4,24963.6,24987.1,24999.5,25034.0,25068.3,15578.9,15474.2,AMR2,25,92.2,92.2,AMR2,0,0,0.0,0,0,0,1,9.0,1,4.0,54,56.3,39.4,9.0,T-0863,H-02-01,T-0741,H-03-03
O0714,H,9493.4,25024.5,25048.0,25064.3,25098.1,25121.9,15628.5,15531.1,AMR3,25,95.5,95.5,AMR3,0,0,0.0,0,0,0,0,0.0,0,0.0,52,54.7,42.7,0.0,T-0864,H-03-03,T-0760,H-04-01
O0715,D,9498.3,25055.0,25078.5,25091.0,25125.1,25155.4,15657.1,15556.7,AMR1,25,93.6,93.6,AMR1,0,0,0.0,0,0,0,0,0.0,0,0.0,58,59.6,40.8,0.0,T-0865,D-05-02,T-0755,D-06-02
O0716,J,9504.0,25068.4,25102.9,25115.7,25156.3,25191.6,15687.6,15564.4,AMR2,25,107.0,107.0,AMR2,0,0,0.0,0,0,0,0,0.0,1,6.0,70,69.1,43.1,11.0,T-0866,J-04-03,T-0712,J-06-01
O0717,I,9510.0,25122.0,25145.5,25161.1,25199.5,25231.0,15721.0,15612.0,AMR3,25,103.4,103.4,AMR3,0,0,0.0,0,0,0,1,2.5,0,0.0,54,56.4,50.1,2.5,T-0867,I-05-02,T-0699,I-01-03
O0718,C,9515.3,25155.5,25179.0,25193.4,25225.3,25252.7,15737.4,15640.2,AMR1,25,95.7,95.7,AMR1,0,0,0.0,0,0,0,0,0.0,0,0.0,52,53.8,43.4,0.0,T-0868,C-05-02,T-0736,C-01-03
O0719,I,9518.9,25191.7,25215.2,25229.7,25259.3,25286.3,15767.4,15672.8,AMR2,25,93.2,93.2,AMR2,0,0,0.0,0,0,0,0,0.0,0,0.0,52,54.7,39.9,0.0,T-0869,I-06-02,T-0707,I-01-01
O0720,C,9525.1,25231.1,25254.6,25268.5,25300.6,25328.8,15803.7,15706.0,AMR3,25,96.2,96.2,AMR3,0,0,0.0,0,0,0,0,0.0,0,0.0,52,53.8,43.9,0.0,T-0870,C-06-02,T-0738,C-02-03
O0721,I,9531.8,25252.8,25278.3,25301.1,25332.4,25357.2,15825.4,15721.0,AMR1,25,101.0,101.0,AMR1,0,0,0.0,0,0,0,0,0.0,0,0.0,52,54.7,47.7,2.0,T-0871,I-01-01,T-0746,I-02-01
O0722,H,9534.9,25286.4,25309.9,25325.7,25358.5,25382.9,15848.0,15751.5,AMR2,25,94.6,94.6,AMR2,0,0,0.0,0,0,0,0,0.0,0,0.0,52,54.7,41.8,0.0,T-0872,H-04-01,T-0764,H-05-01
O0723,H,9540.2,25328.9,25352.4,25367.8,25403.8,25430.6,15890.4,15788.7,AMR3,25,100.3,100.3,AMR3,0,0,0.0,0,0,0,0,0.0,0,0.0,52,54.2,47.5,0.0,T-0873,H-05-01,T-0772,H-02-02
O0724,I,9547.0,25357.3,25380.8,25397.0,25432.1,25457.0,15910.0,15810.3,AMR1,25,98.3,98.3,AMR1,0,0,0.0,0,0,0,0,0.0,0,0.0,52,54.7,45.0,0.0,T-0874,I-02-01,T-0752,I-02-03
O0725,I,9551.2,25383.0,25406.5,25422.1,25456.0,25481.9,15930.7,15831.8,AMR2,25,95.9,95.9,AMR2,0,0,0.0,0,0,0,0,0.0,0,0.0,54,56.3,42.6,0.0,T-0875,I-01-03,T-0756,I-03-03
O0726,D,9557.8,25430.7,25454.2,25465.0,25499.7,25525.3,15967.5,15872.9,AMR3,25,93.6,93.6,AMR3,0,0,0.0,0,0,0,0,0.0,0,0.0,52,53.8,40.8,0.0,T-0876,D-06-02,T-0770,D-02-03
O0727,H,9563.7,25457.1,25480.6,25497.0,25528.9,25557.6,15993.9,15893.4,AMR1,25,98.6,98.6,AMR1,0,0,0.0,0,0,0,0,0.0,0,0.0,52,54.7,45.8,0.0,T-0877,H-02-02,T-0780,H-04-03
O0728,C,9567.1,25482.0,25505.5,25516.6,25545.3,25575.5,16008.4,15914.9,AMR2,25,92.0,92.0,AMR2,0,0,0.0,0,0,0,0,0.0,0,0.0,52,53.8,39.7,0.0,T-0878,C-01-03,T-0754,C-01-01
O0729,G,9572.5,25525.4,25548.9,25563.8,25602.9,25627.8,16055.3,15952.9,AMR3,25,101.0,101.0,AMR3,0,0,0.0,0,0,0,0,0.0,0,0.0,56,57.9,44.5,0.0,T-0879,G-02-01,T-0709,G-05-02
O0730,H,9579.4,25557.7,25581.2,25596.6,25630.8,25658.2,16078.8,15978.3,AMR1,25,98.6,98.6,AMR1,0,0,0.0,0,0,0,0,0.0,0,0.0,52,54.7,45.8,0.0,T-0880,H-04-03,T-0786,H-04-02
O0731,I,9584.4,25575.6,25605.1,25619.4,25657.9,25682.4,16098.0,15991.2,AMR2,25,97.8,97.8,AMR2,0,0,0.0,0,0,0,0,0.0,1,1.0,54,56.3,44.5,6.0,T-0881,I-02-03,T-0787,I-03-01
O0732,I,9588.1,25627.9,25651.4,25664.2,25698.7,25727.2,16139.1,16039.8,AMR3,25,94.7,94.7,AMR3,0,0,0.0,0,0,0,0,0.0,0,0.0,56,57.9,41.4,0.0,T-0882,I-03-01,T-0797,I-04-03
O0733,D,9594.2,25658.3,25681.8,25693.2,25725.6,25760.0,16165.8,16064.1,AMR1,25,94.7,94.7,AMR1,0,0,0.0,0,0,0,0,0.0,0,0.0,60,59.8,41.9,0.0,T-0883,D-02-03,T-0789,D-03-03
O0734,I,9597.5,25682.5,25706.0,25721.1,25761.2,25787.5,16190.0,16085.0,AMR2,25,99.8,99.8,AMR2,0,0,0.0,0,0,0,0,0.0,0,0.0,56,58.5,46.5,0.0,T-0884,I-03-03,T-0802,I-04-01
O0735,I,9603.6,25727.3,25750.8,25765.2,25797.0,25825.7,16222.1,16123.7,AMR3,25,92.2,92.2,AMR3,0,0,0.0,0,0,0,1,1.5,0,0.0,56,58.0,38.9,1.5,T-0885,I-04-01,T-0812,I-05-01
O0736,H,9608.1,25760.1,25783.6,25799.2,25837.9,25866.0,16257.9,16152.0,AMR1,25,102.4,102.4,AMR1,0,0,0.0,0,0,0,0,0.0,0,0.0,54,56.3,49.6,0.0,T-0886,H-04-02,T-0790,H-03-01
O0737,D,9612.5,25787.6,25811.1,25824.7,25855.6,25885.9,16273.4,16175.1,AMR2,25,97.3,97.3,AMR2,0,0,0.0,0,0,0,0,0.0,0,0.0,52,53.8,44.5,0.0,T-0887,D-03-03,T-0795,D-01-01
O0738,I,9616.3,25825.8,25849.3,25864.2,25902.7,25928.7,16312.4,16209.5,AMR3,25,96.7,96.7,AMR3,0,0,0.0,0,0,0,0,0.0,0,0.0,58,59.5,43.4,0.0,T-0888,I-05-01,T-0817,I-06-01
O0739,C,9619.4,25866.1,25889.6,25900.5,25930.6,25961.1,16341.7,16246.7,AMR1,25,92.6,92.6,AMR1,0,0,0.0,0,0,0,0,0.0,0,0.0,52,54.7,40.3,0.0,T-0889,C-01-01,T-0777,C-04-01
O0740,I,9624.8,25886.0,25913.5,25927.0,25962.6,25986.4,16361.6,16261.2,AMR2,25,95.0,95.0,AMR2,0,0,0.0,0,0,0,0,0.0,0,0.0,52,54.7,41.7,4.0,T-0890,I-06-01,T-0849,I-01-02
O0741,C,9628.9,25928.8,25952.3,25968.2,26002.4,26031.3,16402.4,16299.9,AMR3,25,100.5,100.5,AMR3,0,0,0.0,0,0,0,0,0.0,0,0.0,52,54.3,48.2,0.0,T-0891,C-04-01,T-0778,C-05-01
O0742,B,9635.5,25961.2,25984.7,25996.9,26026.7,26054.2,16418.7,16325.7,AMR1,25,93.6,93.6,AMR1,0,0,0.0,0,0,0,0,0.0,0,0.0,54,55.4,37.6,0.0,T-0892,B-04-03,T-0675,B-06-01
O0743,B,9640.6,25986.5,26010.0,26024.2,26059.1,26088.9,16448.3,16345.9,AMR2,25,97.0,97.0,AMR2,0,0,0.0,0,0,0,0,0.0,0,0.0,62,61.4,41.0,0.0,T-0893,B-05-03,T-0678,B-01-01
O0744,D,9644.7,26031.4,26054.9,26066.1,26100.3,26132.0,16487.3,16386.7,AMR3,25,97.1,97.1,AMR3,0,0,0.0,0,0,0,0,0.0,0,0.0,54,56.3,44.3,0.0,T-0894,D-01-01,T-0810,D-03-01
O0745,H,9648.4,26054.3,26078.8,26090.1,26128.3,26156.0,16507.6,16405.9,AMR1,25,97.2,97.2,AMR1,0,0,0.0,0,0,0,0,0.0,0,0.0,54,56.3,44.4,1.0,T-0895,H-03-01,T-0793,H-03-02
O0746,D,9654.5,26089.0,26112.5,26125.9,26154.8,26184.5,16530.0,16434.5,AMR2,25,90.8,90.8,AMR2,0,0,0.0,0,0,0,0,0.0,0,0.0,56,57.5,38.0,0.0,T-0896,D-03-01,T-0814,D-04-01
O0747,D,9660.0,26132.1,26155.6,26169.0,26201.1,26229.4,16569.4,16472.1,AMR3,25,90.6,90.6,AMR3,0,0,0.0,0,0,0,0,0.0,0,0.0,58,59.5,37.8,0.0,T-0897,D-04-01,T-0815,D-06-01
O0748,I,9663.4,26156.1,26179.6,26195.2,26235.8,26266.4,16603.0,16492.7,AMR1,25,102.5,102.5,AMR1,0,0,0.0,0,0,0,0,0.0,0,0.0,60,61.1,49.2,0.0,T-0898,I-01-02,T-0850,I-05-03
O0749,H,9669.8,26184.6,26208.1,26222.1,26261.2,26287.1,16617.3,16514.8,AMR2,25,100.6,100.6,AMR2,0,0,0.0,0,0,0,0,0.0,0,0.0,52,54.7,47.8,0.0,T-0899,H-03-02,T-0808,H-05-02
O0750,J,9674.1,26229.5,26253.0,26265.0,26303.9,26336.7,16662.6,16555.4,AMR3,25,105.2,105.2,AMR3,0,0,0.0,0,0,0,0,0.0,0,0.0,66,65.9,41.3,0.0,T-0900,J-06-01,T-0727,J-03-01
O0751,D,9677.7,26266.5,26290.0,26301.6,26339.9,26372.9,16695.2,16588.8,AMR1,25,101.2,101.2,AMR1,0,0,0.0,0,0,0,0,0.0,0,0.0,56,58.0,48.4,0.0,T-0901,D-06-01,T-0823,D-04-03
O0752,E,9681.9,26287.2,26313.7,26329.4,26362.7,26394.0,16712.1,16605.3,AMR2,25,103.8,103.8,AMR2,0,0,0.0,0,0,0,0,0.0,0,0.0,64,63.4,40.4,3.0,T-0902,E-06-02,T-0698,E-02-03
O0753,G,9687.9,26336.8,26360.3,26372.7,26408.5,26436.7,16748.8,16648.9,AMR3,25,100.6,100.6,AMR3,0,0,0.0,0,0,0,0,0.0,0,0.0,54,55.8,44.1,0.0,T-0903,G-05-02,T-0719,G-06-02
O0754,I,9692.2,26373.0,26396.5,26407.0,26442.0,26469.4,16777.2,16680.8,AMR1,25,95.0,95.0,AMR1,0,0,0.0,0,0,0,0,0.0,0,0.0,52,54.7,41.7,0.0,T-0904,I-04-03,T-0852,I-02-02
O0755,D,9695.6,26394.1,26420.6,26433.9,26470.5,26501.6,16806.0,16698.5,AMR2,25,99.3,99.3,AMR2,0,0,0.0,0,0,0,0,0.0,0,0.0,56,58.0,46.5,3.0,T-0905,D-04-03,T-0827,D-05-01
O0756,I,9701.7,26436.8,26460.3,26472.5,26509.7,26537.4,16835.7,16735.1,AMR3,25,94.4,94.4,AMR3,0,0,0.0,0,0,0,1,1.5,0,0.0,56,58.0,41.1,1.5,T-0906,I-02-02,T-0857,I-03-02
O0757,J,9705.5,26469.5,26493.0,26506.8,26544.1,26574.7,16869.2,16764.0,AMR1,25,105.3,105.3,AMR1,0,0,0.0,0,0,0,0,0.0,0,0.0,64,63.8,41.4,0.0,T-0907,J-03-01,T-0735,J-01-02
O0758,F,9711.8,26501.7,26525.2,26537.5,26578.0,26612.7,16900.9,16789.9,AMR2,25,107.4,107.4,AMR2,0,0,0.0,0,0,0,0,0.0,0,0.0,72,70.7,40.3,0.0,T-0908,F-03-02,T-0721,F-02-03
O0759,B,9716.8,26537.5,26561.0,26572.8,26607.6,26637.6,16920.8,16820.7,AMR3,25,95.4,95.4,AMR3,0,0,0.0,0,0,0,0,0.0,0,0.0,60,60.7,39.4,0.0,T-0909,B-01-01,T-0681,B-02-01
O0760,F,9722.4,26574.8,26598.3,26612.1,26651.9,26683.8,16961.4,16852.4,AMR1,25,108.6,108.6,AMR1,0,0,0.0,0,0,0,0,0.0,0,0.0,68,67.5,41.5,0.0,T-0910,F-05-02,T-0737,F-04-02
O0761,I,9727.2,26612.8,26636.3,26647.5,26687.2,26714.7,16987.5,16885.6,AMR2,25,96.8,96.8,AMR2,0,0,0.0,0,0,0,0,0.0,0,0.0,56,58.4,43.5,0.0,T-0911,I-03-02,T-0859,I-04-02
O0762,J,9732.3,26637.7,26661.2,26675.3,26715.2,26750.3,17018.0,16905.4,AMR3,25,109.0,109.0,AMR3,0,0,0.0,0,0,0,0,0.0,0,0.0,68,67.5,45.1,0.0,T-0912,J-01-02,T-0742,J-05-01
O0763,E,9737.4,26683.9,26707.4,26722.7,26758.7,26793.9,17056.5,16946.5,AMR1,25,110.0,110.0,AMR1,0,0,0.0,0,0,0,0,0.0,0,0.0,64,63.4,46.6,0.0,T-0913,E-02-03,T-0708,E-02-01
O0764,C,9744.0,26714.8,26738.3,26754.3,26787.4,26812.8,17068.8,16970.8,AMR2,25,95.3,95.3,AMR2,0,0,0.0,0,0,0,0,0.0,0,0.0,54,55.0,43.0,0.0,T-0914,C-05-01,T-0781,C-03-03
O0765,E,9750.1,26750.4,26773.9,26787.1,26826.1,26861.1,17111.0,17000.3,AMR3,25,108.6,108.6,AMR3,0,0,0.0,0,0,0,0,0.0,0,0.0,66,65.5,45.2,0.0,T-0915,E-02-01,T-0717,E-03-02
O0766,I,9755.7,26794.0,26817.5,26829.5,26869.4,26899.2,17143.5,17038.3,AMR1,25,98.1,98.1,AMR1,0,0,0.0,0,0,0,1,2.5,0,0.0,56,57.9,44.8,2.5,T-0916,I-04-02,T-0867,I-05-02
O0767,C,9762.5,26812.9,26841.4,26864.4,26896.6,26924.3,17161.8,17050.4,AMR2,25,104.4,104.4,AMR2,0,0,0.0,0,0,0,0,0.0,0,0.0,52,54.3,52.1,5.0,T-0917,C-02-03,T-0788,C-04-03
O0768,D,9766.6,26861.2,26884.7,26900.7,26937.9,26963.8,17197.2,17094.6,AMR3,25,101.2,101.2,AMR3,0,0,0.0,0,0,0,0,0.0,0,0.0,52,54.2,48.4,0.0,T-0918,D-05-01,T-0828,D-01-02
O0769,D,9771.1,26899.3,26922.8,26934.6,26968.8,26994.9,17223.8,17128.2,AMR1,25,94.1,94.1,AMR1,0,0,0.0,0,0,0,0,0.0,0,0.0,52,54.3,41.3,0.0,T-0919,D-05-03,T-0832,D-02-02
O0770,H,9778.1,26924.4,26947.9,26963.3,26998.7,27024.5,17246.4,17146.3,AMR2,25,98.7,98.7,AMR2,0,0,0.0,0,0,0,0,0.0,0,0.0,52,54.2,45.9,0.0,T-0920,H-05-02,T-0818,H-01-01
O0771,D,9784.8,26963.9,26987.4,27000.9,27033.2,27064.9,17280.1,17179.1,AMR3,25,97.1,97.1,AMR3,0,0,0.0,0,0,0,1,2.0,0,0.0,52,54.7,44.3,2.0,T-0921,D-01-02,T-0835,D-02-01
O0772,D,9789.0,26995.0,27018.5,27030.1,27067.1,27093.5,17304.5,17206.0,AMR1,25,92.0,92.0,AMR1,0,0,0.0,0,0,0,0,0.0,0,0.0,56,59.3,39.2,0.0,T-0922,D-02-02,T-0841,D-03-02
O0773,I,9793.9,27024.6,27048.1,27063.5,27097.7,27128.3,17334.4,17230.7,AMR2,25,96.9,96.9,AMR2,0,0,0.0,0,0,0,0,0.0,0,0.0,58,60.1,43.6,0.0,T-0923,I-05-02,T-0869,I-06-02
O0774,H,9799.7,27065.0,27088.5,27099.3,27134.8,27157.2,17357.5,17265.3,AMR3,25,92.4,92.4,AMR3,0,0,0.0,0,0,0,0,0.0,0,0.0,50,52.6,39.6,0.0,T-0924,H-01-01,T-0825,H-06-02
O0775,H,9806.0,27093.6,27117.1,27130.1,27162.7,27187.1,17381.1,17287.6,AMR1,25,92.1,92.1,AMR1,0,0,0.0,0,0,0,0,0.0,0,0.0,52,54.2,39.3,0.0,T-0925,H-05-03,T-0831,H-01-03
O0776,J,9809.4,27128.4,27151.9,27165.5,27208.8,27238.8,17429.4,17319.0,AMR2,25,110.5,110.5,AMR2,0,0,0.0,0,0,0,0,0.0,0,0.0,64,63.8,46.6,0.0,T-0926,J-05-01,T-0743,J-02-02
O0777,H,9814.5,27157.3,27180.8,27196.0,27228.9,27256.3,17441.8,17342.8,AMR3,25,99.2,99.2,AMR3,0,0,0.0,0,0,0,0,0.0,0,0.0,50,52.6,46.4,0.0,T-0927,H-06-02,T-0840,H-06-01
O0778,I,9819.2,27187.2,27210.7,27226.2,27256.8,27291.1,17471.9,17368.0,AMR1,25,96.5,96.5,AMR1,0,0,0.0,0,0,0,1,6.0,1,1.0,52,54.7,43.2,6.0,T-0928,I-06-02,T-0871,I-01-01
O0779,F,9822.9,27238.9,27262.4,27276.8,27318.7,27350.0,17527.1,17416.0,AMR2,25,112.8,112.8,AMR2,0,0,0.0,0,0,0,0,0.0,0,0.0,66,65.4,45.7,0.0,T-0929,F-04-02,T-0753,F-06-02
O0780,B,9826.0,27256.4,27285.9,27297.1,27330.5,27369.2,17543.2,17430.4,AMR3,25,96.3,96.3,AMR3,0,0,0.0,0,0,0,1,9.0,2,5.0,56,57.5,40.3,15.0,T-0930,B-02-01,T-0685,B-04-01
O0781,D,9831.4,27291.2,27314.7,27329.4,27360.7,27389.1,17557.7,17459.8,AMR1,25,92.8,92.8,AMR1,0,0,0.0,0,0,0,0,0.0,0,0.0,56,57.9,40.0,0.0,T-0931,D-02-01,T-0848,D-04-02
O0782,A,9835.5,27350.1,27373.6,27384.3,27423.7,27458.2,17622.7,17514.6,AMR2,25,107.6,107.6,AMR2,0,0,0.0,0,0,0,0,0.0,0,0.0,68,67.1,41.0,0.0,T-0932,A-01-01,T-0740,A-04-02
O0783,H,9841.7,27369.3,27397.8,27409.2,27446.6,27474.4,17632.7,17527.6,AMR3,25,97.7,97.7,AMR3,0,0,0.0,0,0,0,1,1.0,0,0.0,52,54.2,44.9,6.0,T-0933,H-06-01,T-0845,H-02-03
O0784,I,9845.5,27389.2,27421.7,27436.0,27473.3,27499.3,17653.8,17543.7,AMR1,25,100.2,100.2,AMR1,0,0,0.0,0,0,0,0,0.0,1,4.0,52,54.2,46.9,9.0,T-0934,I-01-01,T-0874,I-02-01
O0785,I,9852.4,27458.3,27481.8,27494.9,27531.8,27557.2,17704.8,17605.9,AMR2,25,98.0,98.0,AMR2,0,0,0.0,0,0,0,0,0.0,0,0.0,52,54.2,44.7,0.0,T-0935,I-02-01,T-0875,I-01-03
O0786,H,9856.9,27474.5,27506.0,27517.6,27549.3,27574.6,17717.7,17617.6,AMR3,25,90.7,90.7,AMR3,0,0,0.0,0,0,0,0,0.0,1,3.0,52,54.2,37.9,8.0,T-0936,H-01-03,T-0851,H-01-02
O0787,J,9862.4,27499.4,27529.9,27543.2,27587.3,27621.9,17759.5,17637.0,AMR1,25,110.3,110.3,AMR1,0,0,0.0,0,0,0,0,0.0,1,2.0,70,69.1,46.4,7.0,T-0937,J-02-02,T-0744,J-06-02
O0788,D,9869.1,27557.3,27580.8,27591.8,27621.8,27650.7,17781.6,17688.2,AMR2,25,90.9,90.9,AMR2,0,0,0.0,0,0,0,1,1.0,0,0.0,52,54.3,38.1,1.0,T-0938,D-03-02,T-0856,D-01-03
O0789,D,9872.5,27574.7,27605.2,27620.3,27655.8,27687.1,17814.6,17702.2,AMR3,25,97.2,97.2,AMR3,0,0,0.0,0,0,0,0,0.0,1,2.0,58,61.0,44.4,7.0,T-0939,D-04-02,T-0865,D-05-02
O0790,I,9878.3,27622.0,27645.5,27661.1,27701.6,27728.1,17849.8,17743.7,AMR1,25,105.2,105.2,AMR1,0,0,0.0,0,0,0,0,0.0,0,0.0,52,54.2,51.9,0.0,T-0940,I-01-03,T-0881,I-02-03
O0791,D,9881.9,27650.8,27674.3,27684.9,27717.1,27747.5,17865.6,17768.9,AMR2,25,90.4,90.4,AMR2,0,0,0.0,0,0,0,0,0.0,0,0.0,58,59.1,37.6,0.0,T-0941,D-05-02,T-0876,D-06-02
O0792,J,9887.4,27687.2,27710.7,27722.9,27762.9,27795.8,17908.4,17799.8,AMR3,25,106.6,106.6,AMR3,0,0,0.0,0,0,0,0,0.0,0,0.0,66,65.9,42.7,0.0,T-0942,J-06-02,T-0745,J-03-02
O0793,D,9892.6,27728.2,27751.7,27766.2,27800.1,27829.9,17937.3,17835.6,AMR1,25,100.2,100.2,AMR1,0,0,0.0,0,0,0,0,0.0,0,0.0,52,54.3,47.4,0.0,T-0943,D-06-02,T-0883,D-02-03
O0794,C,9896.9,27747.6,27776.1,27786.6,27817.4,27843.9,17947.0,17850.7,AMR2,25,88.6,88.6,AMR2,0,0,0.0,0,0,0,0,0.0,0,0.0,54,55.0,36.3,5.0,T-0944,C-03-03,T-0800,C-03-01
O0795,D,9903.7,27795.9,27819.4,27833.9,27872.3,27904.3,18000.6,17892.2,AMR3,25,100.8,100.8,AMR3,0,0,0.0,0,0,0,0,0.0,0,0.0,54,56.9,48.0,3.5,T-0945,D-01-03,T-0887,D-03-03
O0796,I,9910.5,27830.0,27853.5,27866.1,27903.4,27927.7,18017.2,17919.5,AMR1,25,94.6,94.6,AMR1,0,0,0.0,0,0,0,0,0.0,0,0.0,54,56.4,41.3,0.0,T-0946,I-02-03,T-0882,I-03-01
O0797,I,9916.3,27844.0,27877.5,27892.0,27931.7,27958.1,18041.8,17927.7,AMR2,25,100.6,100.6,AMR2,0,0,0.0,0,0,0,0,0.0,1,5.0,54,56.8,47.3,10.0,T-0947,I-05-03,T-0884,I-03-03
O0798,D,9920.0,27904.4,27927.9,27942.5,27970.1,27999.1,18079.1,17984.4,AMR3,25,93.3,93.3,AMR3,0,0,0.0,0,0,0,0,0.0,0,0.0,52,54.2,40.5,0.0,T-0948,D-02-03,T-0894,D-01-01
O0799,H,9923.1,27927.8,27952.3,27964.1,27997.2,28025.6,18102.5,18004.7,AMR1,25,95.4,95.4,AMR1,0,0,0.0,0,0,0,0,0.0,0,0.0,52,54.2,42.6,1.0,T-0949,H-01-02,T-0863,H-02-01
O0800,I,9929.2,27958.2,27981.7,27993.7,28027.1,28058.0,18128.8,18029.0,AMR2,25,94.7,94.7,AMR2,0,0,0.0,0,0,0,0,0.0,0,0.0,56,58.4,41.4,0.0,T-0950,I-03-01,T-0885,I-04-01
O0801,J,9949.3,27999.2,28022.7,28037.7,28078.6,28113.0,18163.7,18049.9,AMR3,25,110.2,110.2,AMR3,0,0,0.0,0,0,0,0,0.0,0,0.0,68,67.5,46.3,0.0,T-0951,J-03-02,T-0747,J-04-02
O0802,I,9967.0,28025.7,28049.2,28061.6,28099.1,28125.4,18158.4,18058.7,AMR1,25,94.0,94.0,AMR1,0,0,0.0,0,0,0,1,1.0,0,0.0,56,58.0,40.7,1.0,T-0952,I-04-01,T-0888,I-05-01
O0803,A,9987.4,28058.1,28082.6,28095.0,28128.7,28173.8,18186.4,18070.7,AMR2,25,107.3,107.3,AMR2,0,0,0.0,0,0,0,1,9.0,1,4.0,66,65.0,40.7,10.0,T-0953,A-02-02,T-0748,A-06-02
O0804,G,10007.9,28113.1,28136.6,28149.1,28188.9,28220.3,18212.4,18105.2,AMR3,25,102.6,102.6,AMR3,0,0,0.0,0,0,0,0,0.0,0,0.0,60,61.1,46.1,0.0,T-0954,G-06-02,T-0724,G-01-03
O0805,D,10030.2,28125.5,28161.0,28173.0,28205.4,28234.5,18204.3,18095.3,AMR1,25,91.9,91.9,AMR1,0,0,0.0,0,0,0,1,2.0,1,7.0,54,55.9,39.1,14.0,T-0955,D-01-01,T-0896,D-03-01
O0806,A,10054.0,28173.9,28197.4,28209.9,28247.4,28284.7,18230.7,18119.9,AMR2,25,107.1,107.1,AMR2,0,0,0.0,0,0,0,0,0.0,0,0.0,72,70.3,40.5,0.0,T-0956,A-04-02,T-0750,A-01-03
O0807,B,10071.6,28220.4,28243.9,28254.9,28287.6,28318.1,18246.5,18148.8,AMR3,25,96.2,96.2,AMR3,0,0,0.0,0,0,0,0,0.0,0,0.0,56,57.5,40.2,0.0,T-0957,B-04-01,T-0718,B-05-01
O0808,B,10095.3,28234.6,28268.1,28282.4,28321.3,28348.8,18253.5,18139.3,AMR1,25,98.8,98.8,AMR1,0,0,0.0,0,0,0,0,0.0,1,5.0,62,61.4,42.8,10.0,T-0958,B-06-01,T-0729,B-01-02
O0809,J,10112.4,28284.8,28308.3,28324.1,28363.3,28394.7,18282.3,18172.4,AMR2,25,106.3,106.3,AMR2,0,0,0.0,0,0,0,0,0.0,0,0.0,68,67.5,42.4,0.0,T-0959,J-04-02,T-0768,J-05-02
O0810,J,10130.9,28318.2,28341.7,28353.7,28393.2,28423.8,18292.9,18187.3,AMR3,25,105.7,105.7,AMR3,0,0,0.0,0,0,0,0,0.0,0,0.0,64,63.8,41.8,0.0,T-0960,J-05-03,T-0785,J-01-03
O0811,J,10150.2,28348.9,28372.4,28384.0,28423.0,28455.7,18305.5,18198.7,AMR1,25,106.9,106.9,AMR1,0,0,0.0,0,0,0,0,0.0,0,0.0,64,63.8,43.0,0.0,T-0961,J-05-02,T-0806,J-02-03
O0812,D,10173.0,28394.8,28418.3,28429.6,28464.7,28497.9,18324.9,18221.8,AMR2,25,95.6,95.6,AMR2,0,0,0.0,0,0,0,0,0.0,0,0.0,60,60.3,42.8,0.0,T-0962,D-03-01,T-0897,D-04-01
O0813,I,10193.7,28423.9,28447.4,28459.0,28496.2,28525.6,18331.9,18230.2,AMR3,25,95.4,95.4,AMR3,0,0,0.0,0,0,0,0,0.0,0,0.0,58,59.6,42.1,0.0,T-0963,I-05-01,T-0890,I-06-01
O0814,C,10214.7,28455.8,28479.3,28495.1,28528.2,28556.1,18341.4,18241.1,AMR1,25,100.4,100.4,AMR1,0,0,0.0,0,0,0,0,0.0,0,0.0,50,52.2,48.1,0.0,T-0964,C-03-01,T-0804,C-06-01
O0815,E,10239.5,28498.0,28521.5,28532.6,28571.0,28607.3,18367.8,18258.5,AMR2,25,104.0,104.0,AMR2,0,0,0.0,0,0,0,0,0.0,0,0.0,70,68.7,40.6,0.0,T-0965,E-03-02,T-0723,E-06-01
O0816,I,10260.2,28525.7,28549.2,28559.8,28598.4,28623.6,18363.4,18265.5,AMR3,25,96.9,96.9,AMR3,0,0,0.0,0,0,0,0,0.0,0,0.0,52,54.3,43.6,0.0,T-0966,I-06-01,T-0898,I-01-02
O0817,C,10283.3,28556.2,28579.7,28590.6,28621.7,28647.5,18364.2,18272.9,AMR1,25,89.8,89.8,AMR1,0,0,0.0,0,0,0,0,0.0,0,0.0,52,53.8,37.5,0.0,T-0967,C-06-01,T-0805,C-01-02
O0818,E,10307.5,28607.4,28630.9,28641.8,28675.3,28707.6,18400.1,18299.9,AMR2,25,100.2,100.2,AMR2,0,0,0.0,0,0,0,0,0.0,0,0.0,64,63.4,36.8,0.0,T-0968,E-06-01,T-0728,E-01-01
O0819,C,10323.8,28623.7,28655.2,28669.4,28697.5,28724.2,18400.4,18299.9,AMR3,25,91.0,91.0,AMR3,0,0,0.0,0,0,0,0,0.0,1,3.0,52,53.8,38.7,8.0,T-0969,C-01-02,T-0820,C-02-02
O0820,F,10340.3,28647.6,28679.1,28690.7,28733.8,28765.7,18425.4,18307.3,AMR1,25,106.5,106.5,AMR1,0,0,0.0,0,0,0,0,0.0,1,3.0,72,70.7,39.4,8.0,T-0970,F-06-02,T-0758,F-01-02
O0821,G,10362.9,28707.7,28731.2,28745.6,28782.7,28814.8,18451.9,18344.8,AMR2,25,102.5,102.5,AMR2,0,0,0.0,0,0,0,0,0.0,0,0.0,60,61.1,46.0,0.0,T-0971,G-01-03,T-0731,G-02-03
O0822,E,10379.3,28724.3,28754.8,28767.8,28806.2,28841.7,18462.4,18345.0,AMR3,25,108.3,108.3,AMR3,0,0,0.0,0,0,0,0,0.0,1,2.0,66,65.5,44.9,7.0,T-0972,E-01-01,T-0730,E-03-03
O0823,H,10398.4,28765.8,28789.3,28802.2,28836.7,28863.7,18465.3,18367.4,AMR1,25,94.4,94.4,AMR1,0,0,0.0,0,0,0,0,0.0,0,0.0,54,56.3,41.6,0.0,T-0973,H-02-01,T-0864,H-03-03
O0824,B,10419.8,28814.9,28838.4,28849.9,28887.8,28919.5,18499.7,18395.1,AMR2,25,99.9,99.9,AMR2,0,0,0.0,0,0,0,0,0.0,0,0.0,60,60.7,43.9,0.0,T-0974,B-05-01,T-0749,B-02-02
O0825,E,10439.9,28841.8,28865.3,28877.1,28915.8,28952.0,18512.1,18401.9,AMR3,25,108.1,108.1,AMR3,0,0,0.0,0,0,0,0,0.0,0,0.0,66,65.5,44.7,0.0,T-0975,E-03-03,T-0733,E-03-01
O0826,F,10464.3,28863.8,28889.3,28900.0,28939.5,28970.7,18506.4,18399.5,AMR1,25,101.3,101.3,AMR1,0,0,0.0,0,0,0,0,0.0,0,0.0,72,70.7,34.2,2.0,T-0976,F-01-02,T-0759,F-01-03
O0827,F,10488.8,28919.6,28943.1,28957.5,28997.2,29029.1,18540.3,18430.8,AMR2,25,109.1,109.1,AMR2,0,0,0.0,0,0,0,0,0.0,0,0.0,68,67.5,42.0,0.0,T-0977,F-01-03,T-0763,F-04-01
O0828,B,10503.8,28952.1,28975.6,28989.0,29019.0,29049.6,18545.8,18448.3,AMR3,25,94.4,94.4,AMR3,0,0,0.0,0,0,0,0,0.0,0,0.0,58,59.1,38.4,0.0,T-0978,B-01-02,T-0766,B-03-02
O0829,F,10528.5,28970.8,28999.3,29015.5,29055.8,29091.7,18563.2,18442.3,AMR1,25,113.9,113.9,AMR1,0,0,0.0,0,0,0,0,0.0,0,0.0,70,69.1,46.8,5.0,T-0979,F-04-01,T-0765,F-03-03
O0830,G,10551.5,29029.2,29052.7,29063.6,29101.5,29131.7,18580.2,18477.7,AMR2,25,99.5,99.5,AMR2,0,0,0.0,0,0,0,0,0.0,0,0.0,58,59.5,43.0,0.0,T-0980,G-02-03,T-0739,G-03-03
O0831,D,10576.2,29049.7,29076.2,29092.0,29128.0,29155.9,18579.7,18473.5,AMR3,25,96.9,96.9,AMR3,0,0,0.0,0,0,0,0,0.0,0,0.0,58,59.1,44.1,3.0,T-0981,D-04-01,T-0901,D-06-01
O0832,E,10593.9,29091.8,29115.3,29141.6,29177.6,29212.5,18618.6,18497.9,AMR1,25,117.0,117.0,AMR1,0,0,0.0,0,0,0,0,0.0,0,0.0,68,67.1,53.6,0.0,T-0982,E-03-01,T-0761,E-04-01
O0833,C,10614.3,29131.8,29155.3,29170.1,29206.3,29233.4,18619.1,18517.5,AMR2,25,99.6,99.6,AMR2,0,0,0.0,0,0,0,0,0.0,0,0.0,52,54.3,47.3,0.0,T-0983,C-02-02,T-0821,C-05-03
O0834,F,10637.9,29156.0,29179.5,29193.3,29239.9,29274.6,18636.7,18518.1,AMR3,25,115.0,115.0,AMR3,0,0,0.0,0,0,0,0,0.0,0,0.0,72,70.7,47.9,0.0,T-0984,F-02-03,T-0775,F-02-01
O0835,A,10660.5,29212.6,29236.1,29252.5,29287.3,29323.3,18662.8,18552.1,AMR1,25,107.0,107.0,AMR1,0,0,0.0,0,0,0,0,0.0,0,0.0,72,70.3,40.4,0.0,T-0985,A-06-02,T-0767,A-02-03
O0836,H,10681.8,29233.5,29260.0,29275.9,29309.1,29340.7,18658.9,18551.7,AMR2,25,98.3,98.3,AMR2,0,0,0.0,0,0,0,1,4.0,0,0.0,52,54.7,45.5,7.0,T-0986,H-02-03,T-0872,H-04-01
O0837,C,10698.0,29274.7,29298.2,29312.5,29343.7,29377.2,18679.2,18576.7,AMR3,25,95.8,95.8,AMR3,0,0,0.0,0,0,0,1,4.0,0,0.0,54,55.0,43.5,4.0,T-0987,C-04-03,T-0829,C-03-02
O0838,G,10717.6,29323.4,29346.9,29360.7,29398.7,29423.7,18706.1,18605.8,AMR1,25,98.9,98.9,AMR1,0,0,0.0,0,0,0,0,0.0,0,0.0,56,57.9,42.4,0.0,T-0988,G-03-03,T-0751,G-05-01
O0839,C,10742.5,29340.8,29371.3,29384.8,29419.2,29449.9,18707.4,18598.3,AMR2,25,100.1,100.1,AMR2,0,0,0.0,0,0,0,0,0.0,1,2.0,52,54.3,47.8,7.0,T-0989,C-03-02,T-0846,C-04-02
O0840,E,10760.5,29377.3,29400.8,29415.8,29449.1,29479.9,18719.4,18616.8,AMR3,25,102.6,102.6,AMR3,0,0,0.0,0,0,0,0,0.0,0,0.0,64,63.4,39.2,0.0,T-0990,E-04-01,T-0762,E-01-02
O0841,E,10782.1,29423.8,29447.3,29462.7,29503.2,29536.9,18754.8,18641.7,AMR1,25,109.4,109.4,AMR1,0,0,0.0,0,0,0,0,0.0,0,0.0,68,67.1,46.0,0.0,T-0991,E-01-02,T-0769,E-04-03
O0842,C,10800.8,29450.0,29473.5,29484.8,29520.9,29556.2,18755.4,18649.2,AMR2,25,98.7,98.7,AMR2,0,0,0.0,0,0,0,1,6.0,1,1.0,52,53.8,46.4,6.0,T-0992,C-04-02,T-0854,C-02-01
O0843,E,10819.8,29480.0,29503.5,29519.0,29559.5,29594.0,18774.2,18660.2,AMR3,25,108.3,108.3,AMR3,0,0,0.0,0,0,0,1,2.0,0,0.0,68,67.1,44.9,2.0,T-0993,E-04-03,T-0776,E-05-01
O0844,D,10841.8,29537.0,29560.5,29572.5,29607.4,29635.3,18793.5,18695.2,AMR1,25,93.6,93.6,AMR1,0,0,0.0,0,0,0,0,0.0,0,0.0,56,57.5,40.8,0.0,T-0994,D-06-01,T-0905,D-04-03
O0845,B,10863.3,29556.3,29584.8,29601.1,29630.9,29660.6,18797.3,18693.0,AMR2,25,97.8,97.8,AMR2,0,0,0.0,0,0,0,0,0.0,0,0.0,56,57.5,41.8,5.0,T-0995,B-02-02,T-0771,B-04-02
O0846,B,10880.5,29594.1,29617.6,29628.3,29665.6,29698.4,18817.9,18713.6,AMR3,25,98.9,98.9,AMR3,0,0,0.0,0,0,0,0,0.0,0,0.0,62,61.4,42.9,0.0,T-0996,B-03-02,T-0773,B-01-03
O0847,I,10901.4,29635.4,29658.9,29674.8,29712.6,29737.4,18836.0,18734.0,AMR1,25,97.4,97.4,AMR1,0,0,0.0,0,0,0,0,0.0,0,0.0,56,57.9,44.1,0.0,T-0997,I-01-02,T-0904,I-04-03
O0848,A,10920.8,29660.7,29684.2,29695.6,29735.8,29769.2,18848.4,18739.9,AMR2,25,106.4,106.4,AMR2,0,0,0.0,0,0,0,0,0.0,0,0.0,70,68.7,39.8,0.0,T-0998,A-01-03,T-0779,A-03-03
O0849,G,10944.0,29698.5,29722.0,29732.6,29767.7,29795.9,18851.9,18754.5,AMR3,25,98.1,98.1,AMR3,0,0,0.0,0,0,0,0,0.0,0,0.0,54,55.8,41.6,0.0,T-0999,G-05-01,T-0757,G-06-01
O0850,B,10960.3,29737.5,29761.0,29773.0,29810.9,29841.3,18881.0,18777.2,AMR1,25,98.7,98.7,AMR1,0,0,0.0,0,0,0,0,0.0,0,0.0,60,61.1,42.7,0.0,T-1000,B-04-02,T-0774,B-02-03
O0851,B,10979.2,29769.3,29792.8,29807.6,29839.8,29871.9,18892.7,18790.1,AMR2,25,101.1,101.1,AMR2,0,0,0.0,0,0,0,0,0.0,0,0.0,56,57.5,45.1,0.0,T-1001,B-01-03,T-0798,B-05-02
O0852,E,10997.3,29796.0,29819.5,29835.4,29875.2,29906.7,18909.4,18798.7,AMR3,25,110.7,110.7,AMR3,0,0,0.0,0,0,0,0,0.0,0,0.0,64,63.4,47.3,0.0,T-1002,E-05-01,T-0784,E-02-02
O0853,C,11016.1,29841.4,29864.9,29875.5,29907.2,29937.0,18920.9,18825.3,AMR1,25,93.6,93.6,AMR1,0,0,0.0,0,0,0,0,0.0,0,0.0,52,54.3,41.3,0.0,T-1003,C-02-01,T-0868,C-05-02
O0854,C,11041.0,29872.0,29896.5,29907.6,29937.9,29964.7,18923.7,18831.0,AMR2,25,91.8,91.8,AMR2,0,0,0.0,0,0,0,0,0.0,0,0.0,50,52.2,39.5,1.0,T-1004,C-05-02,T-0870,C-06-02
O0855,A,11061.4,29906.8,29930.3,29945.3,29984.4,30020.5,18959.1,18845.4,AMR3,25,110.0,110.0,AMR3,0,0,0.0,0,0,0,0,0.0,0,0.0,72,70.3,43.4,0.0,T-1005,A-02-03,T-0791,A-02-01
O0856,D,11080.8,29937.1,29960.6,29973.7,30007.8,30037.8,18957.0,18856.3,AMR1,25,94.0,94.0,AMR1,0,0,0.0,0,0,0,1,2.0,0,0.0,56,57.5,41.2,2.0,T-1006,D-03-03,T-0918,D-05-01
O0857,G,11103.2,29964.8,29988.3,30000.8,30036.2,30066.9,18963.7,18861.6,AMR2,25,97.5,97.5,AMR2,0,0,0.0,0,0,0,0,0.0,0,0.0,60,61.1,41.0,0.0,T-1007,G-06-01,T-0782,G-01-01
O0858,D,11125.1,30020.6,30044.1,30057.3,30091.0,30120.7,18995.6,18895.5,AMR3,25,95.4,95.4,AMR3,0,0,0.0,0,0,0,0,0.0,0,0.0,56,57.5,42.6,0.0,T-1008,D-05-01,T-0919,D-05-03
O0859,C,11149.1,30037.9,30068.4,30081.7,30113.1,30141.9,18992.8,18888.8,AMR1,25,95.1,95.1,AMR1,0,0,0.0,0,0,0,0,0.0,1,2.0,52,54.2,42.8,7.0,T-1009,C-06-02,T-0878,C-01-03
O0860,G,11170.0,30067.0,30092.5,30107.2,30146.2,30174.7,19004.7,18897.0,AMR2,25,104.3,104.3,AMR2,0,0,0.0,0,0,0,0,0.0,0,0.0,56,57.9,47.8,2.0,T-1010,G-01-01,T-0783,G-04-03
O0861,F,11194.6,30120.8,30144.3,30157.6,30196.9,30229.9,19035.3,18926.2,AMR3,25,107.1,107.1,AMR3,0,0,0.0,0,0,0,0,0.0,0,0.0,70,69.1,40.0,0.0,T-1011,F-02-01,T-0803,F-03-01
O0862,B,11212.1,30142.0,30168.5,30180.4,30212.1,30247.7,19035.6,18929.9,AMR1,25,95.3,95.3,AMR1,0,0,0.0,0,0,0,1,8.0,1,3.0,54,55.4,39.3,11.0,T-1012,B-05-02,T-0801,B-06-02
O0863,J,11232.6,30174.8,30198.3,30209.5,30249.9,30285.6,19053.0,18942.2,AMR2,25,104.8,104.8,AMR2,0,0,0.0,0,0,0,1,4.0,0,0.0,66,65.9,40.9,4.0,T-1013,J-01-03,T-0807,J-03-03
O0864,A,11253.7,30230.0,30253.5,30264.9,30303.0,30336.6,19082.9,18976.3,AMR3,25,106.1,106.1,AMR3,0,0,0.0,0,0,0,0,0.0,0,0.0,68,67.1,39.5,0.0,T-1014,A-02-01,T-0792,A-05-03
O0865,J,11270.7,30247.8,30277.3,30290.8,30333.8,30365.9,19095.2,18977.1,AMR1,25,112.2,112.2,AMR1,0,0,0.0,0,0,0,0,0.0,1,1.0,64,63.8,48.3,6.0,T-1015,J-02-03,T-0839,J-01-01
O0866,G,11287.6,30285.7,30309.2,30321.5,30358.8,30388.3,19100.7,18998.1,AMR2,25,99.6,99.6,AMR2,0,0,0.0,0,0,0,0,0.0,0,0.0,58,59.5,43.1,0.0,T-1016,G-04-03,T-0796,G-03-01
O0867,D,11309.1,30336.7,30360.2,30372.2,30404.4,30429.5,19120.4,19027.6,AMR3,25,91.4,91.4,AMR3,0,0,0.0,0,0,0,0,0.0,0,0.0,52,54.2,38.6,0.0,T-1017,D-04-03,T-0921,D-01-02
O0868,D,11327.9,30366.0,30389.5,30402.7,30436.5,30464.3,19136.4,19038.1,AMR1,25,96.8,96.8,AMR1,0,0,0.0,0,0,0,0,0.0,0,0.0,52,54.3,44.0,0.0,T-1018,D-05-03,T-0922,D-02-02
O0869,B,11349.3,30388.4,30413.9,30427.3,30462.5,30491.2,19141.9,19039.1,AMR2,25,97.7,97.7,AMR2,0,0,0.0,0,0,0,0,0.0,0,0.0,58,59.1,41.7,2.0,T-1019,B-06-02,T-0847,B-03-01
O0870,A,11373.2,30429.6,30453.1,30467.1,30503.7,30540.5,19167.3,19056.4,AMR3,25,108.8,108.8,AMR3,0,0,0.0,0,0,0,0,0.0,0,0.0,70,68.7,42.2,0.0,T-1020,A-03-03,T-0799,A-03-01
O0871,C,11397.5,30464.4,30487.9,30500.7,30533.2,30563.6,19166.1,19066.9,AMR1,25,97.7,97.7,AMR1,0,0,0.0,0,0,0,0,0.0,0,0.0,52,53.8,45.4,0.0,T-1021,C-01-03,T-0889,C-01-01
O0872,J,11421.2,30491.3,30514.8,30526.5,30565.9,30596.2,19175.0,19070.1,AMR2,25,105.0,105.0,AMR2,0,0,0.0,0,0,0,0,0.0,0,0.0,64,63.8,41.1,0.0,T-1022,J-01-01,T-0855,J-02-01
O0873,C,11439.8,30540.6,30564.1,30578.0,30614.3,30644.4,19204.6,19100.8,AMR3,25,101.8,101.8,AMR3,0,0,0.0,0,0,0,0,0.0,0,0.0,52,54.3,49.5,0.0,T-1023,C-01-01,T-0891,C-04-01
O0874,B,11464.4,30563.7,30588.2,30601.9,30638.6,30672.1,19207.7,19099.3,AMR1,25,104.3,104.3,AMR1,0,0,0.0,0,0,0,0,0.0,0,0.0,58,59.1,48.3,1.0,T-1024,B-03-01,T-0853,B-03-03
O0875,A,11485.2,30596.3,30619.8,30630.4,30671.4,30706.7,19221.5,19111.1,AMR2,25,109.9,109.9,AMR2,0,0,0.0,0,0,0,0,0.0,0,0.0,68,67.1,43.3,0.0,T-1025,A-03-01,T-0809,A-05-01
O0876,A,11502.4,30644.5,30668.0,30683.6,30728.5,30762.2,19259.8,19142.1,AMR3,25,114.0,114.0,AMR3,0,0,0.0,0,0,0,0,0.0,0,0.0,72,70.3,47.4,0.0,T-1026,A-05-01,T-0819,A-01-02
O0877,I,11522.5,30672.2,30695.7,30710.4,30745.3,30777.3,19254.8,19149.7,AMR1,25,95.1,95.1,AMR1,0,0,0.0,0,0,0,1,9.0,1,4.0,52,54.3,41.8,9.0,T-1027,I-03-03,T-0906,I-02-02
O0878,G,11541.7,30706.8,30730.3,30746.4,30783.8,30811.9,19270.2,19165.1,AMR2,25,100.7,100.7,AMR2,0,0,0.0,0,0,0,1,3.0,0,0.0,56,57.9,44.2,3.0,T-1028,G-03-01,T-0813,G-04-01
O0879,I,11563.1,30762.3,30785.8,30800.1,30835.9,30865.1,19302.0,19199.2,AMR3,25,99.8,99.8,AMR3,0,0,0.0,0,0,0,0,0.0,0,0.0,54,56.3,46.5,0.0,T-1029,I-02-02,T-0911,I-03-02
O0880,B,11579.6,30777.4,30809.9,30822.7,30856.3,30884.9,19305.3,19197.8,AMR1,25,97.0,97.0,AMR1,0,0,0.0,0,0,0,0,0.0,1,4.0,56,57.5,41.0,9.0,T-1030,B-02-03,T-0892,B-04-03
O0881,D,11595.4,30812.0,30835.5,30847.0,30880.6,30909.0,19313.6,19216.6,AMR2,25,96.0,96.0,AMR2,0,0,0.0,0,0,0,0,0.0,0,0.0,52,53.8,43.2,0.0,T-1031,D-01-02,T-0931,D-02-01
O0882,G,11615.8,30865.2,30888.7,30901.7,30941.8,30972.0,19356.2,19249.4,AMR3,25,102.2,102.2,AMR3,0,0,0.0,0,0,0,0,0.0,0,0.0,60,61.1,45.7,0.0,T-1032,G-04-01,T-0830,G-01-02
O0883,B,11637.1,30885.0,30912.5,30927.4,30960.4,30990.9,19353.8,19247.9,AMR1,25,100.4,100.4,AMR1,0,0,0.0,0,0,0,0,0.0,0,0.0,56,57.5,44.4,4.0,T-1033,B-03-03,T-0893,B-05-03
O0884,D,11659.1,30909.1,30936.6,30952.2,30989.4,31021.0,19361.9,19250.0,AMR2,25,104.8,104.8,AMR2,0,0,0.0,0,0,0,0,0.0,0,0.0,54,55.9,52.0,4.0,T-1034,D-02-01,T-0938,D-03-02
O0885,G,11676.5,30972.1,30995.6,31007.9,31044.3,31072.2,19395.7,19295.6,AMR3,25,95.5,95.5,AMR3,0,0,0.0,0,0,0,0,0.0,0,0.0,60,61.1,39.0,0.0,T-1035,G-01-02,T-0834,G-02-02
O0886,J,11696.1,30991.0,31019.5,31033.0,31076.8,31110.0,19413.9,19294.9,AMR1,25,110.4,110.4,AMR1,0,0,0.0,0,0,0,0,0.0,0,0.0,68,67.5,46.5,5.0,T-1036,J-02-01,T-0861,J-04-01
O0887,C,11714.2,31021.1,31044.6,31059.1,31089.7,31128.4,19414.2,19306.9,AMR2,25,96.3,96.3,AMR2,0,0,0.0,0,0,0,1,9.0,1,4.0,52,54.3,44.0,9.0,T-1037,C-04-01,T-0914,C-05-01
O0888,C,11729.3,31072.3,31095.8,31109.9,31137.6,31167.4,19438.1,19343.0,AMR3,25,93.6,93.6,AMR3,0,0,0.0,0,0,0,0,0.0,0,0.0,52,53.8,41.3,0.0,T-1038,C-05-01,T-0917,C-02-03
O0889,H,11744.4,31110.1,31133.6,31149.1,31183.9,31207.4,19463.0,19365.7,AMR1,25,95.4,95.4,AMR1,0,0,0.0,0,0,0,0,0.0,0,0.0,52,54.7,42.6,0.0,T-1039,H-04-01,T-0873,H-05-01
O0890,E,11764.6,31128.5,31158.0,31169.4,31210.2,31247.0,19482.4,19363.9,AMR2,25,108.8,108.8,AMR2,0,0,0.0,0,0,0,0,0.0,1,1.0,68,67.1,45.4,6.0,T-1040,E-02-02,T-0794,E-04-02
O0891,E,11783.4,31167.5,31191.0,31204.2,31238.5,31271.6,19488.2,19384.1,AMR3,25,100.4,100.4,AMR3,0,0,0.0,0,0,0,0,0.0,0,0.0,68,67.1,37.0,0.0,T-1041,E-05-03,T-0826,E-05-02
O0892,A,11807.2,31207.5,31231.0,31242.8,31281.6,31318.0,19510.8,19400.3,AMR1,25,110.0,110.0,AMR1,0,0,0.0,0,0,0,0,0.0,0,0.0,68,67.1,43.4,0.0,T-1042,A-01-02,T-0822,A-04-01
O0893,E,11830.3,31247.1,31270.6,31283.8,31322.1,31358.2,19527.9,19416.8,AMR2,25,107.5,107.5,AMR2,0,0,0.0,0,0,0,0,0.0,0,0.0,66,65.5,44.1,1.5,T-1043,E-04-02,T-0836,E-01-03
O0894,J,11845.9,31271.7,31295.2,31310.2,31351.2,31383.9,19538.0,19425.8,AMR3,25,108.5,108.5,AMR3,0,0,0.0,0,0,0,0,0.0,0,0.0,68,67.6,44.6,0.0,T-1044,J-04-01,T-0866,J-04-03
O0895,H,11861.7,31318.1,31341.6,31354.6,31385.5,31410.0,19548.3,19456.4,AMR1,25,90.5,90.5,AMR1,0,0,0.0,0,0,0,0,0.0,0,0.0,52,54.2,37.7,0.0,T-1045,H-05-01,T-0877,H-02-02
O0896,H,11880.3,31358.3,31381.8,31398.1,31430.3,31457.4,19577.1,19478.0,AMR2,25,97.2,97.2,AMR2,0,0,0.0,0,0,0,0,0.0,0,0.0,52,54.7,44.4,0.0,T-1046,H-02-02,T-0880,H-04-03
O0897,C,11897.0,31384.0,31407.5,31419.3,31451.9,31480.1,19583.1,19487.0,AMR3,25,93.4,93.4,AMR3,0,0,0.0,0,0,0,0,0.0,0,0.0,54,55.0,41.1,0.0,T-1047,C-02-03,T-0944,C-03-03
O0898,J,11919.7,31410.1,31433.6,31448.5,31491.0,31521.4,19601.7,19490.4,AMR1,25,106.1,106.1,AMR1,0,0,0.0,0,0,0,0,0.0,0,0.0,70,69.1,42.2,0.0,T-1048,J-03-03,T-0900,J-06-01
O0899,D,11941.9,31457.5,31481.0,31493.0,31530.4,31559.1,19617.2,19515.6,AMR2,25,96.5,96.5,AMR2,0,0,0.0,0,0,0,0,0.0,0,0.0,56,57.9,43.7,0.0,T-1049,D-02-02,T-0939,D-04-02
O0900,A,11962.0,31480.2,31504.7,31519.3,31557.4,31592.8,19630.8,19518.2,AMR3,25,109.5,109.5,AMR3,0,0,0.0,0,0,0,0,0.0,0,0.0,70,68.7,42.9,1.0,T-1050,A-04-01,T-0824,A-03-02
O0901,H,11979.5,31521.5,31545.0,31557.4,31595.5,31620.6,19641.1,19542.0,AMR1,25,97.2,97.2,AMR1,0,0,0.0,0,0,0,0,0.0,0,0.0,52,54.7,44.4,0.0,T-1051,H-03-03,T-0886,H-04-02
O0902,C,11998.3,31559.2,31582.7,31595.5,31627.1,31657.5,19659.2,19560.9,AMR2,25,95.6,95.6,AMR2,0,0,0.0,0,0,0,0,0.0,0,0.0,54,55.0,43.3,0.0,T-1052,C-03-03,T-0964,C-03-01
O0903,A,12022.6,31592.9,31616.4,31629.7,31668.4,31702.1,19679.5,19570.3,AMR3,25,108.7,108.7,AMR3,0,0,0.0,0,0,0,0,0.0,0,0.0,68,67.1,42.1,0.0,T-1053,A-03-02,T-0837,A-05-02
O0904,D,12039.9,31620.7,31644.2,31659.8,31699.4,31726.9,19687.0,19580.8,AMR1,25,99.2,99.2,AMR1,0,0,0.0,0,0,0,0,0.0,0,0.0,60,59.8,46.4,0.0,T-1054,D-03-02,T-0941,D-05-02
O0905,F,12064.0,31657.6,31681.1,31695.9,31739.5,31774.8,19710.8,19593.6,AMR2,25,113.6,113.6,AMR2,0,0,0.0,0,0,0,0,0.0,0,0.0,72,70.7,46.5,0.0,T-1055,F-03-01,T-0811,F-01-01
O0906,J,12087.3,31702.2,31725.7,31739.9,31782.2,31815.0,19727.7,19614.9,AMR3,25,110.8,110.8,AMR3,0,0,0.0,0,0,0,0,0.0,0,0.0,66,65.9,46.9,0.0,T-1056,J-06-01,T-0907,J-03-01
O0907,A,12103.5,31727.0,31750.5,31765.4,31805.9,31839.0,19735.5,19623.5,AMR1,25,111.5,111.5,AMR1,0,0,0.0,0,0,0,0,0.0,0,0.0,68,67.1,44.9,0.0,T-1057,A-05-02,T-0838,A-04-03
O0908,I,12120.7,31774.9,31798.4,31809.8,31847.4,31879.2,19758.5,19654.2,AMR2,25,97.7,97.7,AMR2,0,0,0.0,0,0,0,1,2.0,0,0.0,56,57.9,44.4,2.0,T-1058,I-03-02,T-0916,I-04-02
O0909,B,12145.3,31815.1,31838.6,31849.1,31887.2,31917.3,19772.0,19669.8,AMR3,25,97.5,97.5,AMR3,0,0,0.0,0,0,0,0,0.0,0,0.0,60,60.7,41.5,0.0,T-1059,B-04-03,T-0909,B-01-01
O0910,E,12168.9,31839.1,31862.6,31873.3,31912.5,31949.6,19780.7,19670.2,AMR1,25,105.2,105.2,AMR1,0,0,0.0,0,0,0,0,0.0,0,0.0,70,68.7,41.8,0.0,T-1060,E-05-02,T-0902,E-06-02
O0911,H,12184.8,31879.3,31902.8,31916.5,31952.7,31977.3,19792.5,19694.5,AMR2,25,94.5,94.5,AMR2,0,0,0.0,0,0,0,0,0.0,0,0.0,54,56.3,41.7,0.0,T-1061,H-04-02,T-0895,H-03-01
O0912,E,12203.5,31917.4,31940.9,31955.6,31992.1,32024.6,19821.1,19713.9,AMR3,25,107.2,107.2,AMR3,0,0,0.0,0,0,0,0,0.0,0,0.0,64,63.4,43.8,0.0,T-1062,E-06-02,T-0913,E-02-03
O0913,J,12226.3,31949.7,31973.2,31985.2,32025.6,32053.5,19827.2,19723.4,AMR1,25,103.8,103.8,AMR1,0,0,0.0,0,0,0,0,0.0,0,0.0,64,63.9,39.9,0.0,T-1063,J-03-01,T-0912,J-01-02
O0914,J,12246.0,31977.4,32000.9,32015.7,32059.9,32094.8,19848.8,19731.4,AMR2,25,113.8,113.8,AMR2,0,0,0.0,0,0,0,0,0.0,0,0.0,68,67.5,49.9,0.0,T-1064,J-04-03,T-0926,J-05-01
O0915,D,12270.9,32024.7,32048.2,32059.0,32091.8,32124.4,19853.5,19753.8,AMR3,25,91.9,91.9,AMR3,0,0,0.0,0,0,0,0,0.0,0,0.0,58,59.1,39.1,1.5,T-1065,D-04-02,T-0943,D-06-02
O0916,D,12294.9,32053.6,32077.1,32090.4,32120.7,32148.8,19853.9,19758.7,AMR1,25,94.2,94.2,AMR1,0,0,0.0,0,0,0,0,0.0,0,0.0,52,53.8,41.4,0.0,T-1066,D-05-02,T-0945,D-01-03
O0917,G,12310.0,32094.9,32118.4,32129.6,32166.1,32192.1,19882.1,19784.9,AMR2,25,94.2,94.2,AMR2,0,0,0.0,0,0,0,0,0.0,0,0.0,58,59.5,37.7,0.0,T-1067,G-02-02,T-0858,G-03-02
O0918,F,12327.3,32124.5,32148.0,32161.9,32203.5,32233.8,19906.5,19797.2,AMR3,25,108.9,108.9,AMR3,0,0,0.0,0,0,0,0,0.0,0,0.0,68,67.5,41.8,0.0,T-1068,F-01-01,T-0816,F-05-01
O0919,A,12350.7,32148.9,32172.4,32185.9,32219.2,32258.5,19907.8,19798.2,AMR1,25,105.2,105.2,AMR1,0,0,0.0,0,0,0,1,6.0,1,1.0,66,65.0,38.6,6.0,T-1069,A-04-03,T-0862,A-06-01
O0920,G,12365.7,32192.2,32215.7,32231.3,32267.7,32292.7,19927.0,19826.5,AMR2,25,99.1,99.1,AMR2,0,0,0.0,0,0,0,0,0.0,0,0.0,56,57.9,42.6,0.0,T-1070,G-03-02,T-0860,G-04-02
O0921,B,12388.0,32233.9,32257.4,32272.9,32310.5,32339.1,19951.1,19845.9,AMR3,25,100.5,100.5,AMR3,0,0,0.0,0,0,0,0,0.0,0,0.0,60,60.7,44.5,0.0,T-1071,B-01-01,T-0930,B-02-01
O0922,D,12408.3,32258.6,32282.1,32292.9,32328.1,32358.7,19950.4,19850.3,AMR1,25,96.1,96.1,AMR1,0,0,0.0,0,0,0,1,3.0,0,0.0,52,53.8,43.3,3.0,T-1072,D-06-02,T-0948,D-02-03
O0923,A,12428.2,32292.8,32316.3,32332.0,32372.7,32409.6,19981.4,19864.6,AMR2,25,113.1,113.1,AMR2,0,0,0.0,0,0,0,0,0.0,0,0.0,72,70.3,46.5,0.0,T-1073,A-06-01,T-0932,A-01-01
O0924,B,12450.3,32339.2,32362.7,32373.4,32406.2,32437.7,19987.4,19888.9,AMR3,25,97.0,97.0,AMR3,0,0,0.0,0,0,0,0,0.0,0,0.0,56,57.5,41.0,0.0,T-1074,B-02-01,T-0957,B-04-01
O0925,I,12474.5,32358.8,32386.3,32398.3,32434.8,32464.0,19989.5,19884.3,AMR1,25,96.6,96.6,AMR1,0,0,0.0,0,0,0,0,0.0,0,0.0,56,57.9,43.3,4.0,T-1075,I-04-02,T-0923,I-05-02
O0926,F,12496.6,32409.7,32433.2,32447.3,32486.8,32518.1,20021.5,19913.1,AMR2,25,110.1,110.1,AMR2,0,0,0.0,0,0,0,0,0.0,0,0.0,66,65.4,43.0,0.0,T-1076,F-05-01,T-0833,F-06-01
O0927,B,12521.3,32437.8,32461.3,32471.9,32505.1,32537.0,20015.7,19916.5,AMR3,25,97.8,97.8,AMR3,0,0,0.0,0,0,0,1,2.0,0,0.0,54,55.4,41.8,2.0,T-1077,B-04-01,T-0958,B-06-01
O0928,C,12537.3,32464.1,32487.6,32503.6,32535.6,32561.8,20024.5,19926.8,AMR1,25,97.8,97.8,AMR1,0,0,0.0,0,0,0,0,0.0,0,0.0,50,52.2,45.5,0.0,T-1078,C-03-01,T-0967,C-06-01
O0929,B,12560.5,32518.2,32541.7,32555.4,32586.5,32617.2,20056.7,19957.7,AMR2,25,93.6,93.6,AMR2,0,0,0.0,0,0,0,0,0.0,0,0.0,62,61.4,37.6,0.0,T-1079,B-06-01,T-0974,B-05-01
O0930,G,12581.1,32537.1,32565.6,32581.6,32619.8,32650.4,20069.3,19956.0,AMR3,25,103.6,103.6,AMR3,0,0,0.0,0,0,0,0,0.0,0,0.0,60,61.2,47.1,5.0,T-1080,G-04-02,T-0879,G-02-01
O0931,D,12605.8,32561.9,32589.4,32600.0,32635.5,32666.2,20060.4,19956.1,AMR1,25,96.3,96.3,AMR1,0,0,0.0,0,0,0,1,3.0,0,0.0,52,53.8,43.5,7.0,T-1081,D-01-03,T-0955,D-01-01
O0932,F,12623.4,32617.3,32640.8,32651.3,32697.5,32734.1,20110.7,19993.9,AMR2,25,113.2,113.2,AMR2,0,0,0.0,0,0,0,0,0.0,0,0.0,72,70.7,46.1,0.0,T-1082,F-06-01,T-0842,F-02-02
O0933,F,12645.4,32650.5,32674.0,32686.4,32728.7,32763.7,20118.3,20005.1,AMR3,25,112.8,112.8,AMR3,0,0,0.0,0,0,0,0,0.0,0,0.0,68,67.5,45.7,0.0,T-1083,F-03-03,T-0843,F-05-03
O0934,D,12664.9,32666.3,32697.8,32713.3,32747.3,32781.5,20116.6,20001.4,AMR1,25,101.1,101.1,AMR1,0,0,0.0,0,0,0,1,3.0,1,3.0,54,55.9,48.3,11.0,T-1084,D-01-01,T-0962,D-03-01
O0935,C,12689.4,32734.2,32757.7,32772.0,32804.7,32833.8,20144.4,20044.8,AMR2,25,98.1,98.1,AMR2,0,0,0.0,0,0,0,0,0.0,0,0.0,52,53.8,45.8,0.0,T-1085,C-06-01,T-0969,C-01-02
O0936,B,12705.5,32763.8,32787.3,32801.1,32837.2,32866.3,20160.8,20058.3,AMR3,25,97.8,97.8,AMR3,0,0,0.0,0,0,0,0,0.0,0,0.0,60,60.7,41.8,0.0,T-1086,B-05-01,T-0978,B-01-02
O0937,F,12725.0,32781.6,32811.1,32826.2,32864.5,32894.7,20169.7,20056.6,AMR1,25,106.7,106.7,AMR1,0,0,0.0,0,0,0,0,0.0,1,1.0,68,67.5,39.6,6.0,T-1087,F-02-02,T-0844,F-04-03
O0938,F,12741.2,32833.9,32857.4,32869.1,32911.5,32945.1,20203.9,20092.7,AMR2,25,109.2,109.2,AMR2,0,0,0.0,0,0,0,0,0.0,0,0.0,70,69.1,42.1,0.0,T-1088,F-04-03,T-0908,F-03-02
O0939,H,12760.7,32866.4,32889.9,32901.9,32938.2,32967.3,20206.6,20105.7,AMR3,25,97.4,97.4,AMR3,0,0,0.0,0,0,0,0,0.0,0,0.0,54,56.3,44.6,0.0,T-1089,H-03-01,T-0899,H-03-02
O0940,B,12784.2,32894.8,32918.3,32928.7,32962.9,32991.8,20207.6,20110.6,AMR1,25,92.3,92.3,AMR1,0,0,0.0,0,0,0,0,0.0,0,0.0,60,60.7,36.3,0.0,T-1090,B-01-02,T-0995,B-02-02
O0941,E,12807.3,32945.2,32968.7,32984.2,33022.2,33054.5,20247.2,20137.9,AMR2,25,108.3,108.3,AMR2,0,0,0.0,0,0,0,0,0.0,0,0.0,64,64.4,44.9,0.0,T-1091,E-01-03,T-0915,E-02-01
O0942,A,12829.2,32967.4,32992.9,33006.0,33044.0,33080.2,20251.0,20138.2,AMR3,25,106.7,106.7,AMR3,0,0,0.0,0,0,0,0,0.0,0,0.0,72,70.7,40.1,2.0,T-1092,A-01-01,T-0953,A-02-02
O0943,F,12852.6,32991.9,33017.4,33032.7,33073.9,33105.9,20253.3,20139.3,AMR1,25,111.6,111.6,AMR1,0,0,0.0,0,0,0,0,0.0,0,0.0,68,67.5,44.5,2.0,T-1093,F-03-02,T-0910,F-05-02
O0944,D,12868.5,33054.6,33078.1,33093.9,33132.3,33162.7,20294.2,20186.1,AMR2,25,103.4,103.4,AMR2,0,0,0.0,0,0,0,0,0.0,0,0.0,56,57.5,50.6,0.0,T-1094,D-03-01,T-0981,D-04-01
O0945,A,12887.5,33080.3,33103.8,33119.0,33157.0,33188.6,20301.1,20192.8,AMR3,25,107.8,107.8,AMR3,0,0,0.0,0,0,0,0,0.0,0,0.0,68,67.1,41.2,0.0,T-1095,A-02-02,T-0956,A-04-02
O0946,C,12905.1,33106.0,33129.5,33140.6,33169.7,33205.8,20300.7,20200.9,AMR1,25,87.3,87.3,AMR1,0,0,0.0,0,0,0,1,11.0,1,6.0,52,53.8,35.0,11.0,T-1096,C-01-02,T-0983,C-02-02
O0947,H,12929.6,33162.8,33186.3,33201.5,33238.9,33265.0,20335.4,20233.2,AMR2,25,100.3,100.3,AMR2,0,0,0.0,0,0,0,0,0.0,0,0.0,52,54.7,47.5,0.0,T-1097,H-03-02,T-0920,H-05-02
O0948,D,12952.1,33188.7,33212.2,33223.3,33257.9,33289.5,20337.4,20236.6,AMR3,25,94.5,94.5,AMR3,0,0,0.0,0,0,0,0,0.0,0,0.0,58,59.1,41.7,0.0,T-1098,D-04-01,T-0994,D-06-01
O0949,C,12971.7,33205.9,33236.4,33251.8,33282.9,33311.5,20339.8,20234.2,AMR1,25,96.6,96.6,AMR1,0,0,0.0,0,0,0,0,0.0,1,2.0,52,54.3,44.3,7.0,T-1099,C-02-02,T-0987,C-04-03
O0950,D,12986.8,33265.1,33288.6,33303.1,33332.6,33359.3,20372.5,20278.3,AMR2,25,91.1,91.1,AMR2,0,0,0.0,0,0,0,0,0.0,0,0.0,54,55.9,38.3,0.0,T-1100,D-06-01,T-1006,D-03-03
O0951,G,13003.8,33289.6,33313.1,33323.6,33359.4,33385.7,20381.9,20285.8,AMR3,25,94.7,94.7,AMR3,0,0,0.0,0,0,0,0,0.0,0,0.0,56,57.9,38.2,0.0,T-1101,G-02-01,T-0903,G-05-02
O0952,B,13025.7,33311.6,33337.1,33349.6,33381.4,33412.2,20386.5,20285.9,AMR1,25,95.5,95.5,AMR1,0,0,0.0,0,0,0,0,0.0,0,0.0,58,59.1,39.5,2.0,T-1102,B-02-02,T-0996,B-03-02
O0953,B,13046.5,33359.4,33382.9,33397.5,33430.5,33459.2,20412.7,20312.9,AMR2,25,98.3,98.3,AMR2,0,0,0.0,0,0,0,0,0.0,0,0.0,56,57.5,42.3,0.0,T-1103,B-03-02,T-1000,B-04-02
O0954,D,13071.5,33385.8,33409.3,33421.2,33456.2,33484.7,20413.2,20314.3,AMR3,25,94.2,94.2,AMR3,0,0,0.0,0,0,0,0,0.0,0,0.0,56,57.5,41.4,0.0,T-1104,D-02-03,T-1008,D-05-01
O0955,C,13090.9,33412.3,33435.8,33448.6,33478.5,33506.9,20416.0,20321.4,AMR1,25,91.9,91.9,AMR1,0,0,0.0,0,0,0,0,0.0,0,0.0,54,55.0,39.6,0.0,T-1105,C-04-03,T-0989,C-03-02
O0956,F,13115.0,33459.3,33482.8,33494.2,33534.1,33567.2,20452.2,20344.3,AMR2,25,107.5,107.5,AMR2,0,0,0.0,0,0,0,0,0.0,0,0.0,68,67.5,40.4,0.0,T-1106,F-05-02,T-0929,F-04-02
O0957,H,13130.4,33484.8,33508.3,33520.3,33554.6,33579.4,20449.0,20354.4,AMR3,25,92.2,92.2,AMR3,0,0,0.0,0,0,0,1,1.0,0,0.0,52,54.2,39.4,1.0,T-1107,H-05-02,T-0924,H-01-01
O0958,J,13147.1,33507.0,33532.5,33543.4,33584.5,33623.4,20476.3,20359.9,AMR1,25,107.5,107.5,AMR1,0,0,0.0,0,0,0,1,7.0,1,2.0,64,63.8,43.6,9.0,T-1108,J-05-01,T-0937,J-02-02
O0959,G,13170.3,33567.3,33590.8,33605.0,33642.5,33669.2,20498.9,20397.0,AMR2,25,102.6,102.6,AMR2,0,0,0.0,0,0,0,0,0.0,0,0.0,54,55.8,46.1,0.0,T-1109,G-05-02,T-0954,G-06-02
O0960,G,13185.6,33579.5,33615.0,33628.8,33667.0,33694.7,20509.1,20393.9,AMR3,25,98.6,98.6,AMR3,0,0,0.0,0,0,0,0,0.0,1,7.0,60,61.1,42.1,12.0,T-1110,G-05-03,T-0971,G-01-03
O0961,C,13204.1,33623.5,33647.0,33661.4,33694.0,33725.0,20520.9,20419.4,AMR1,25,99.5,99.5,AMR1,0,0,0.0,0,0,0,0,0.0,0,0.0,52,54.3,47.2,0.0,T-1111,C-03-02,T-0992,C-04-02
O0962,C,13221.9,33669.3,33692.8,33703.7,33733.2,33760.7,20538.8,20447.4,AMR2,25,89.9,89.9,AMR2,0,0,0.0,0,0,0,0,0.0,0,0.0,52,53.8,37.6,0.0,T-1112,C-04-02,T-1003,C-02-01
O0963,J,13243.1,33694.8,33718.3,33732.3,33777.6,33811.9,20568.8,20451.7,AMR3,25,111.9,111.9,AMR3,0,0,0.0,0,0,0,0,0.0,0,0.0,70,69.1,48.0,0.0,T-1113,J-01-02,T-0942,J-06-02
O0964,H,13264.5,33725.1,33748.6,33760.0,33789.7,33826.2,20561.7,20460.6,AMR1,25,88.2,88.2,AMR1,0,0,0.0,0,0,0,1,11.0,1,6.0,52,54.7,35.4,11.0,T-1114,H-01-01,T-0925,H-05-03
O0965,H,13288.4,33760.8,33784.3,33800.5,33835.3,33859.1,20570.7,20472.4,AMR2,25,97.5,97.5,AMR2,0,0,0.0,0,0,0,1,1.0,0,0.0,50,52.6,44.7,1.0,T-1115,H-04-03,T-0927,H-06-02
O0966,G,13304.3,33812.0,33835.5,33850.5,33887.0,33914.0,20609.7,20507.7,AMR3,25,97.4,97.4,AMR3,0,0,0.0,0,0,0,0,0.0,0,0.0,60,61.1,40.9,0.0,T-1116,G-06-02,T-0980,G-02-03
O0967,I,13323.5,33826.3,33859.8,33874.2,33915.8,33946.7,20623.2,20502.8,AMR1,25,103.1,103.1,AMR1,0,0,0.0,0,0,0,0,0.0,1,5.0,60,60.6,49.8,10.0,T-1117,I-05-02,T-0928,I-06-02
O0968,I,13344.8,33859.2,33883.7,33898.3,33930.5,33963.1,20618.3,20514.4,AMR2,25,96.4,96.4,AMR2,0,0,0.0,0,0,0,2,5.6,0,0.0,52,54.2,43.1,6.6,T-1118,I-04-03,T-0934,I-01-01
O0969,F,13369.7,33914.1,33937.6,33948.9,33990.5,34022.8,20653.1,20544.4,AMR3,25,110.4,110.4,AMR3,0,0,0.0,0,0,0,0,0.0,0,0.0,66,65.4,43.3,0.0,T-1119,F-04-02,T-0970,F-06-02
O0970,H,13390.1,33946.8,33970.3,33985.7,34024.2,34051.2,20661.1,20556.7,AMR1,25,104.6,104.6,AMR1,0,0,0.0,0,0,0,0,0.0,0,0.0,50,52.6,51.8,0.0,T-1120,H-06-02,T-0933,H-06-01
O0971,I,13414.2,33963.2,33994.7,34009.7,34049.0,34075.8,20661.6,20549.0,AMR2,25,103.7,103.7,AMR2,0,0,0.0,0,0,0,0,0.0,1,3.0,52,54.2,50.4,8.0,T-1121,I-01-01,T-0935,I-02-01
O0972,C,13433.1,34022.9,34046.4,34058.2,34088.1,34117.5,20684.4,20589.8,AMR3,25,92.6,92.6,AMR3,0,0,0.0,0,0,0,0,0.0,0,0.0,52,54.3,40.3,0.0,T-1122,C-02-01,T-1004,C-05-02
O0973,D,13451.3,34051.3,34074.8,34089.2,34125.7,34156.8,20705.5,20600.0,AMR1,25,100.4,100.4,AMR1,0,0,0.0,0,0,0,0,0.0,0,0.0,56,57.9,47.6,0.0,T-1123,D-05-01,T-1017,D-04-03
O0974,E,13475.3,34075.9,34099.4,34111.9,34148.5,34179.6,20704.3,20600.6,AMR2,25,101.6,101.6,AMR2,0,0,0.0,0,0,0,0,0.0,0,0.0,66,65.5,38.2,0.0,T-1124,E-02-01,T-0965,E-03-02
O0975,H,13498.3,34117.6,34141.1,34155.5,34189.6,34215.2,20716.9,20619.3,AMR3,25,96.2,96.2,AMR3,0,0,0.0,0,0,0,0,0.0,0,0.0,52,54.2,43.4,0.0,T-1125,H-06-01,T-0936,H-01-03
O0976,J,13516.9,34156.9,34180.4,34195.7,34232.5,34262.4,20745.5,20640.0,AMR1,25,102.5,102.5,AMR1,0,0,0.0,0,0,0,0,0.0,0,0.0,66,66.9,38.6,0.0,T-1126,J-02-02,T-0951,J-03-02
O0977,B,13541.7,34179.7,34204.2,34215.0,34249.2,34282.5,20740.8,20638.0,AMR2,25,93.1,93.1,AMR2,0,0,0.0,0,0,0,1,4.0,0,0.0,60,60.7,37.1,5.0,T-1127,B-04-02,T-1001,B-01-03
O0978,E,13563.2,34215.3,34238.8,34251.8,34291.4,34326.6,20763.4,20652.1,AMR3,25,106.0,106.0,AMR3,0,0,0.0,0,0,0,0,0.0,0,0.0,70,68.7,42.6,0.0,T-1128,E-03-02,T-0968,E-06-01
O0979,A,13586.4,34262.5,34286.0,34301.2,34341.9,34374.6,20788.2,20676.1,AMR1,25,113.7,113.7,AMR1,0,0,0.0,0,0,0,0,0.0,0,0.0,66,65.0,47.1,0.0,T-1129,A-04-02,T-0985,A-06-02
O0980,G,13607.1,34282.6,34310.1,34325.9,34365.5,34393.0,20785.9,20675.5,AMR2,25,103.4,103.4,AMR2,0,0,0.0,0,0,0,0,0.0,0,0.0,58,59.5,46.9,4.0,T-1130,G-01-03,T-0988,G-03-03
O0981,C,13631.5,34326.7,34350.2,34362.7,34395.0,34428.5,20797.0,20695.2,AMR3,25,97.9,97.9,AMR3,0,0,0.0,0,0,0,1,4.0,0,0.0,50,52.2,45.6,4.0,T-1131,C-05-02,T-1009,C-06-02
O0982,F,13648.9,34374.7,34398.2,34411.2,34453.4,34489.7,20840.8,20725.8,AMR1,25,111.4,111.4,AMR1,0,0,0.0,0,0,0,0,0.0,0,0.0,72,70.7,44.3,0.0,T-1132,F-06-02,T-0976,F-01-02
O0983,J,13670.8,34393.1,34422.6,34433.7,34477.3,34509.2,20838.4,20722.3,AMR2,25,106.5,106.5,AMR2,0,0,0.0,0,0,0,0,0.0,1,1.0,68,67.5,42.6,6.0,T-1133,J-03-02,T-0959,J-04-02
O0984,F,13692.9,34428.6,34452.1,34465.6,34509.9,34547.3,20854.4,20735.7,AMR3,25,111.1,111.1,AMR3,0,0,0.0,0,0,0,1,4.0,0,0.0,72,70.7,44.0,4.0,T-1134,F-01-02,T-0977,F-01-03
O0985,J,13713.5,34489.8,34513.3,34529.6,34571.7,34602.3,20888.8,20776.3,AMR1,25,107.9,107.9,AMR1,0,0,0.0,0,0,0,0,0.0,0,0.0,68,68.5,44.0,0.0,T-1135,J-04-02,T-0960,J-05-03
O0986,H,13736.9,34509.3,34536.8,34547.9,34586.7,34621.9,20885.0,20772.4,AMR2,25,100.2,100.2,AMR2,0,0,0.0,0,0,0,1,7.0,1,2.0,52,54.2,47.4,11.0,T-1136,H-01-03,T-0949,H-01-02
O0987,H,13755.0,34547.4,34570.9,34586.6,34629.2,34654.9,20899.9,20792.4,AMR3,25,98.1,98.1,AMR3,0,0,0.0,0,0,0,1,8.0,1,3.0,52,54.2,45.3,8.0,T-1137,H-05-03,T-0973,H-02-01
O0988,D,13770.9,34602.4,34625.9,34639.5,34674.9,34706.0,20935.1,20831.5,AMR1,25,97.4,97.4,AMR1,0,0,0.0,0,0,0,1,1.5,0,0.0,56,57.5,44.6,1.5,T-1138,D-03-03,T-1018,D-05-03
O0989,I,13788.1,34622.0,34649.5,34665.2,34698.4,34721.8,20933.7,20833.9,AMR2,25,94.9,94.9,AMR2,0,0,0.0,0,0,0,0,0.0,0,0.0,52,54.2,41.6,4.0,T-1139,I-02-01,T-0940,I-01-03
O0990,J,13803.1,34655.0,34678.5,34689.9,34731.8,34764.7,20961.6,20851.9,AMR3,25,106.1,106.1,AMR3,0,0,0.0,0,0,0,0,0.0,0,0.0,68,67.5,42.2,0.0,T-1140,J-06-02,T-0961,J-05-02
O0991,F,13826.1,34706.1,34729.6,34742.4,34784.8,34816.6,20990.5,20880.0,AMR1,25,110.1,110.1,AMR1,0,0,0.0,0,0,0,0,0.0,0,0.0,68,67.5,43.0,0.0,T-1141,F-01-03,T-0979,F-04-01
O0992,F,13842.9,34721.9,34753.4,34768.2,34810.1,34846.9,21004.0,20879.0,AMR2,25,113.4,113.4,AMR2,0,0,0.0,0,0,0,0,0.0,1,3.0,72,70.7,46.3,8.0,T-1142,F-05-03,T-0984,F-02-03
O0993,J,13858.1,34764.8,34788.3,34803.2,34842.7,34871.3,21013.2,20906.7,AMR3,25,106.6,106.6,AMR3,0,0,0.0,0,0,0,0,0.0,0,0.0,64,63.8,42.7,0.0,T-1143,J-05-02,T-1013,J-01-03
O0994,B,13882.3,34816.7,34840.2,34854.5,34887.5,34919.8,21037.5,20934.4,AMR1,25,101.2,101.2,AMR1,0,0,0.0,0,0,0,0,0.0,0,0.0,56,57.9,45.2,0.0,T-1144,B-01-03,T-1012,B-05-02
O0995,B,13905.9,34847.0,34870.5,34882.5,34914.0,34940.5,21034.6,20941.1,AMR2,25,94.1,94.1,AMR2,0,0,0.0,0,0,0,0,0.0,0,0.0,54,55.4,38.1,0.0,T-1145,B-05-03,T-1019,B-06-02
O0996,G,13928.0,34871.4,34894.9,34909.8,34942.8,34969.6,21041.6,20943.4,AMR3,25,95.7,95.7,AMR3,0,0,0.0,0,0,0,1,1.0,0,0.0,56,58.0,39.2,1.0,T-1146,G-02-03,T-0999,G-05-01
O0997,E,13944.0,34919.9,34943.4,34956.9,34994.5,35025.2,21081.2,20975.9,AMR1,25,105.3,105.3,AMR1,0,0,0.0,0,0,0,0,0.0,0,0.0,64,63.4,41.9,0.0,T-1147,E-06-01,T-0972,E-01-01
O0998,C,13960.3,34940.6,34967.1,34978.9,35009.1,35045.0,21084.7,20980.3,AMR2,25,91.7,91.7,AMR2,0,0,0.0,0,0,0,1,7.0,1,2.0,54,55.0,39.4,10.0,T-1148,C-06-02,T-1021,C-01-03
O0999,H,13984.8,34969.7,34993.2,35007.7,35043.9,35067.9,21083.1,20984.9,AMR3,25,96.7,96.7,AMR3,0,0,0.0,0,0,0,0,0.0,0,0.0,52,54.3,43.9,0.0,T-1149,H-02-01,T-0986,H-02-03
O1000,I,14003.0,35025.3,35048.8,35061.3,35092.3,35115.4,21112.4,21022.3,AMR1,25,89.2,89.2,AMR1,0,0,0.0,0,0,0,0,0.0,0,0.0,52,54.2,35.9,0.0,T-1150,I-06-02,T-0946,I-02-03
