주문ID,저장구역,발생시각(s),작업시작(배정)시각(s),입고장 도착(s),RFID 통과(s),저장구역 적치완료(s),출고 작업 배정(s),피킹 완료(s),출고완료(s),총처리시간(s),주문 대응시간(s),입고 배정 AMR,출고 배정 AMR,출고 연속 수행,배정 당시 AMR-입고장 거리(m),배정 당시 AMR-피킹위치 거리(m),입고 배차비용(s),입고 최소 가능비용(s),입고 최소비용 AMR,출고 배차비용(s),출고 최소 가능비용(s),출고 최소비용 AMR,배차 비효율,추가 이동거리(m),추가 예상시간(s),수동 배차 확인 개입,경로충돌,정면충돌,병목 횟수,병목 대기(s),장시간정체 개입,장시간정체 개입시간(s),이동거리(m),이동시간(s),작업시간(s),대기시간(s),입고 토트,적치 슬롯,출고 토트,피킹 슬롯
O0001,B,0.0,0.0,9.8,21.1,46.3,46.4,58.3,91.9,91.9,0.0,AMR2,AMR2,1,14,1,43.8,43.8,AMR2,44.6,44.6,AMR2,0,0,0.0,0,0,0,0,0.0,0,0.0,49,47.5,44.3,0.0,T-0151,B-01-01,T-0016,B-01-05
O0002,D,22.4,22.4,32.9,43.4,65.2,65.3,76.8,109.1,86.7,0.0,AMR1,AMR1,1,15,1,41.9,41.9,AMR1,41.5,41.5,AMR1,0,0,0.0,0,0,0,0,0.0,0,0.0,46,44.8,41.8,0.0,T-0152,D-01-01,T-0046,D-04-03
O0003,B,38.8,61.2,86.9,99.9,123.4,123.5,138.9,170.1,131.3,22.4,AMR3,AMR3,1,31,1,59.7,50.3,AMR1,45.8,45.8,AMR3,1,19,9.4,0,0,0,0,0.0,0,0.0,66,63.3,45.5,0.0,T-0153,B-02-01,T-0017,B-05-03
O0004,I,61.2,109.2,132.7,146.2,171.0,222.7,236.6,265.3,204.1,48.0,AMR1,AMR1,1,25,1,59.9,59.9,AMR1,40.3,40.3,AMR1,0,0,0.0,0,0,0,0,0.0,0,0.0,56,58.3,46.1,0.0,T-0155,I-01-01,T-0121,I-04-03
O0005,A,82.1,97.0,115.5,128.2,155.7,155.8,164.1,204.4,122.3,14.9,AMR2,AMR2,1,20,1,55.7,55.7,AMR2,47.7,47.7,AMR2,0,0,0.0,0,0,0,0,0.0,0,0.0,68,66.8,40.5,0.0,T-0154,A-02-01,T-0001,A-02-03
O0006,D,98.1,170.2,200.1,215.8,245.3,245.4,255.6,285.4,187.3,72.1,AMR3,AMR3,1,25,0,59.6,52.2,AMR1,39.2,39.2,AMR3,1,11,7.4,0,1,1,0,0.0,1,1.4,56,59.8,45.9,9.4,T-0157,D-03-01,T-0047,D-01-02
O0007,I,119.1,171.1,185.7,200.2,222.6,265.4,291.0,320.0,200.9,52.0,AMR1,AMR1,1,14,14,50.2,50.2,AMR1,52.8,52.8,AMR1,0,0,0.0,0,0,0,0,0.0,0,0.0,56,61.2,44.9,0.0,T-0156,I-02-01,T-0122,I-03-02
O0008,I,141.2,320.1,343.6,357.2,389.2,389.3,399.9,428.4,287.2,178.9,AMR1,AMR1,1,25,1,61.2,61.2,AMR1,38.2,38.2,AMR1,0,0,0.0,0,1,1,0,0.0,0,0.0,56,58.5,45.3,4.4,T-0160,I-04-01,T-0123,I-03-01
O0009,J,158.4,285.5,309.0,322.9,351.7,351.8,362.2,403.1,244.7,127.1,AMR3,AMR3,1,25,1,64.3,64.3,AMR3,42.6,42.6,AMR3,0,0,0.0,0,1,1,0,0.0,0,0.0,70,72.3,42.2,3.0,T-0159,J-01-01,T-0136,J-04-02
O0010,A,181.5,204.5,233.1,244.2,273.6,273.7,288.0,337.1,155.6,23.0,AMR2,AMR2,1,25,0,61.3,61.3,AMR2,51.3,51.3,AMR2,0,0,0.0,0,1,1,1,11.3,2,6.4,70,70.2,45.9,16.4,T-0158,A-03-01,T-0002,A-05-03
O0011,F,203.5,573.2,596.7,612.9,645.5,645.6,654.7,688.0,484.5,369.7,AMR3,AMR3,1,25,0,69.6,69.6,AMR3,40.1,40.1,AMR3,0,0,0.0,0,0,0,0,0.0,0,0.0,72,72.2,42.5,0.0,T-0167,F-03-01,T-0077,F-01-01
O0012,F,220.1,468.3,482.9,494.2,528.8,528.9,539.9,573.1,353.0,248.2,AMR3,AMR3,1,14,1,57.0,57.0,AMR3,43.4,43.4,AMR3,0,0,0.0,0,0,0,0,0.0,0,0.0,61,63.3,41.4,0.0,T-0165,F-02-01,T-0076,F-05-05
O0013,B,236.0,337.2,360.7,371.1,397.3,397.4,411.2,440.5,204.5,101.2,AMR2,AMR2,1,25,1,58.2,58.2,AMR2,42.4,42.4,AMR2,0,0,0.0,0,0,0,1,1.4,0,0.0,56,58.0,43.8,1.4,T-0161,B-04-01,T-0018,B-05-04
O0014,J,259.5,510.2,530.2,546.0,579.5,686.7,699.0,733.4,473.9,250.7,AMR2,AMR2,1,20,2,66.4,66.4,AMR2,44.9,44.9,AMR2,0,0,0.0,0,0,0,0,0.0,0,0.0,64,67.2,48.8,0.0,T-0166,J-04-01,T-0138,J-03-03
O0015,H,282.6,403.2,426.7,441.3,468.2,533.9,560.2,586.9,304.3,120.6,AMR3,AMR1,1,25,14,63.1,63.1,AMR3,51.3,51.3,AMR1,0,0,0.0,0,0,0,1,1.9,0,0.0,65,67.6,48.5,1.9,T-0162,H-04-01,T-0106,H-02-04
O0016,G,298.8,428.5,452.0,463.6,493.4,493.5,505.5,533.8,235.0,129.7,AMR1,AMR1,1,25,0,62.2,62.2,AMR1,39.5,39.5,AMR1,0,0,0.0,0,0,0,0,0.0,0,0.0,58,60.1,45.1,0.0,T-0163,G-03-01,T-0091,G-05-02
O0017,J,319.3,440.6,464.1,478.0,510.1,579.6,590.2,625.4,306.1,121.3,AMR2,AMR2,1,25,1,67.6,67.6,AMR2,42.0,42.0,AMR2,0,0,0.0,0,0,0,1,1.4,0,0.0,68,69.0,44.9,1.4,T-0164,J-02-01,T-0137,J-06-03
O0018,B,340.1,587.0,612.9,628.3,653.3,653.4,667.1,703.5,363.4,246.9,AMR1,AMR1,1,25,1,62.0,62.0,AMR1,45.6,45.6,AMR1,0,0,0.0,0,0,0,1,5.2,1,0.2,56,58.0,50.8,7.6,T-0168,B-05-01,T-0019,B-04-02
O0019,E,361.7,625.5,649.0,660.5,686.6,743.8,758.0,794.8,433.1,263.8,AMR2,AMR3,1,25,5,58.4,58.4,AMR2,52.2,52.2,AMR3,0,0,0.0,0,0,0,0,0.0,0,0.0,69,69.7,42.4,0.0,T-0169,E-03-01,T-0061,E-01-04
O0020,B,385.3,733.5,762.0,772.8,795.4,795.5,809.1,839.1,453.8,348.2,AMR2,AMR2,1,25,1,53.4,53.4,AMR2,42.8,42.8,AMR2,0,0,0.0,0,0,1,0,0.0,0,0.0,60,63.1,39.4,3.0,T-0172,B-01-02,T-0020,B-04-05
O0021,F,403.0,839.2,862.7,878.3,913.8,913.9,925.3,967.9,564.9,436.2,AMR2,AMR2,1,25,1,71.1,71.1,AMR2,44.6,44.6,AMR2,0,0,0.0,0,0,0,1,8.5,1,3.5,72,72.3,47.8,8.5,T-0175,F-01-01,T-0078,F-01-04
O0022,D,421.7,688.1,711.6,722.9,743.7,794.9,824.3,852.2,430.5,266.4,AMR3,AMR3,1,25,16,52.1,52.1,AMR3,54.0,50.5,AMR2,1,3,3.5,0,0,0,0,0.0,0,0.0,73,75.3,37.6,0.0,T-0170,D-04-01,T-0048,D-05-05
O0023,B,439.4,852.3,878.2,891.2,913.7,913.8,925.7,954.8,515.4,412.9,AMR3,AMR3,1,25,1,55.5,55.5,AMR3,40.1,40.1,AMR3,0,0,0.0,0,0,0,0,0.0,0,0.0,60,61.2,38.8,2.4,T-0174,B-02-02,T-0021,B-03-04
O0024,I,460.8,703.6,727.1,741.0,773.4,773.5,783.3,808.7,347.9,242.8,AMR1,AMR1,1,25,0,61.5,61.5,AMR1,32.9,32.9,AMR1,0,0,0.0,0,0,1,0,0.0,1,0.6,56,58.4,41.0,5.6,T-0171,I-03-01,T-0124,I-05-03
O0025,H,478.2,808.8,832.3,844.3,870.0,870.1,879.1,907.1,428.9,330.6,AMR1,AMR1,1,25,1,59.3,59.3,AMR1,36.2,36.2,AMR1,0,0,0.0,0,0,0,0,0.0,0,0.0,54,56.3,41.9,0.0,T-0173,H-05-01,T-0107,H-03-04
O0026,I,495.9,907.2,930.7,945.5,971.8,971.9,986.0,1010.3,514.4,411.3,AMR1,AMR1,1,25,1,61.1,60.2,AMR3,37.6,37.6,AMR1,1,9,0.9,0,0,0,0,0.0,0,0.0,56,58.4,44.6,0.0,T-0176,I-05-01,T-0125,I-01-05
O0027,A,517.8,954.9,978.4,991.7,1020.0,1020.1,1035.2,1071.0,553.2,437.1,AMR3,AMR3,1,25,1,63.2,63.2,AMR3,51.6,51.6,AMR3,0,0,0.0,0,0,0,0,0.0,0,0.0,68,68.6,47.4,0.0,T-0177,A-05-01,T-0003,A-06-03
O0028,F,541.0,1145.4,1162.9,1177.0,1209.5,1209.6,1222.0,1258.0,717.0,604.4,AMR2,AMR2,1,12,1,57.3,57.3,AMR2,46.1,46.1,AMR2,0,0,0.0,0,0,0,0,0.0,1,0.5,59,60.6,46.4,5.5,T-0184,F-05-01,T-0079,F-01-05
O0029,D,558.6,1010.4,1033.9,1048.1,1074.6,1074.7,1087.9,1114.3,555.7,451.8,AMR1,AMR1,1,25,2,59.9,59.9,AMR1,38.6,38.6,AMR1,0,0,0.0,0,0,0,0,0.0,0,0.0,58,59.6,44.2,0.0,T-0179,D-06-01,T-0049,D-05-01
O0030,F,582.4,1236.2,1259.7,1274.3,1307.1,1307.2,1322.6,1356.5,774.1,653.8,AMR3,AMR3,1,25,2,69.8,69.8,AMR3,47.0,47.0,AMR3,0,0,0.0,0,0,0,0,0.0,0,0.0,72,72.0,48.2,0.0,T-0186,F-06-01,T-0080,F-02-04
O0031,G,604.0,968.0,991.5,1006.3,1034.4,1034.5,1046.3,1085.4,481.4,364.0,AMR2,AMR2,1,25,1,62.9,59.9,AMR1,38.1,38.1,AMR2,1,9,3.0,0,0,0,1,12.0,1,7.0,60,61.6,43.7,12.0,T-0178,G-01-02,T-0092,G-04-01
O0032,E,623.5,1114.4,1137.9,1150.4,1178.7,1178.8,1190.7,1222.0,598.5,490.9,AMR1,AMR1,1,25,1,60.8,60.8,AMR1,42.4,42.4,AMR1,0,0,0.0,0,0,0,0,0.0,0,0.0,68,68.5,39.0,0.0,T-0182,E-04-01,T-0062,E-02-05
O0033,I,641.0,1132.0,1150.3,1162.9,1191.8,1191.9,1207.1,1236.1,595.1,491.0,AMR3,AMR3,1,16,2,53.8,53.8,AMR3,39.7,39.7,AMR3,0,0,0.0,0,0,0,1,3.7,0,0.0,49,53.0,45.6,5.4,T-0183,I-06-01,T-0126,I-02-04
O0034,J,658.6,1370.4,1393.9,1405.7,1437.5,1437.6,1450.1,1485.3,826.7,711.8,AMR2,AMR2,1,25,2,62.8,62.8,AMR2,46.8,46.8,AMR2,0,0,0.0,0,0,0,0,0.0,0,0.0,70,70.6,44.2,0.0,T-0189,J-06-01,T-0139,J-03-01
O0035,G,682.6,1071.1,1094.6,1108.2,1131.9,1575.7,1600.1,1631.3,948.7,388.5,AMR3,AMR3,1,25,16,58.9,54.3,AMR1,53.8,53.8,AMR3,1,10,4.6,0,0,0,0,0.0,0,0.0,73,74.7,41.7,0.0,T-0180,G-04-01,T-0093,G-03-05
O0036,C,699.8,1085.5,1109.0,1120.5,1145.3,1319.2,1347.9,1386.1,686.3,385.7,AMR2,AMR1,1,25,16,57.9,57.9,AMR2,56.4,56.4,AMR1,0,0,0.0,0,0,0,1,8.8,1,3.8,69,71.6,46.3,8.8,T-0181,C-01-01,T-0032,C-05-03
O0037,A,719.8,1460.9,1484.4,1497.8,1530.5,1530.6,1542.0,1575.6,855.8,741.1,AMR3,AMR3,1,25,1,66.1,66.1,AMR3,44.2,44.2,AMR3,0,0,0.0,0,0,0,0,0.0,0,0.0,72,71.7,42.9,0.0,T-0191,A-01-02,T-0004,A-05-04
O0038,C,736.3,1222.1,1245.6,1259.1,1279.1,1279.2,1292.1,1319.1,582.8,485.8,AMR1,AMR1,1,25,1,55.1,55.1,AMR1,40.6,40.6,AMR1,0,0,0.0,0,0,0,0,0.0,0,0.0,52,54.3,42.6,0.0,T-0185,C-05-01,T-0031,C-04-01
O0039,B,755.5,1258.1,1281.6,1292.9,1318.7,1318.8,1329.8,1370.3,614.8,502.6,AMR2,AMR2,1,25,0,57.9,57.9,AMR2,39.8,39.8,AMR2,0,0,0.0,0,0,0,1,9.4,1,4.4,60,61.1,41.6,9.4,T-0187,B-03-02,T-0022,B-01-03
O0040,H,774.3,1386.2,1409.7,1422.9,1448.6,1448.7,1458.6,1500.9,726.6,611.9,AMR1,AMR1,1,25,1,60.5,60.5,AMR1,36.3,36.3,AMR1,0,0,0.0,0,0,0,1,13.5,1,8.5,54,55.3,43.2,16.1,T-0190,H-02-02,T-0108,H-04-02
O0041,I,791.8,1485.4,1508.9,1521.0,1546.8,1546.9,1557.4,1591.3,799.5,693.6,AMR2,AMR2,1,25,1,59.5,59.5,AMR2,37.5,37.5,AMR2,0,0,0.0,0,0,0,1,4.6,0,0.0,56,58.3,42.9,4.6,T-0192,I-01-02,T-0127,I-05-02
O0042,B,813.6,1356.6,1380.1,1393.4,1419.9,1420.0,1431.5,1460.8,647.2,543.0,AMR3,AMR3,1,25,1,61.4,61.4,AMR3,38.5,38.5,AMR3,0,0,0.0,0,0,0,0,0.0,0,0.0,60,61.0,43.1,0.0,T-0188,B-04-02,T-0023,B-01-04
O0043,E,837.5,1700.5,1724.0,1739.7,1770.3,1770.4,1779.4,1816.2,978.7,863.0,AMR2,AMR2,1,25,1,66.3,66.3,AMR2,44.9,44.9,AMR2,0,0,0.0,0,0,0,0,0.0,0,0.0,68,68.6,47.0,0.0,T-0198,E-04-02,T-0064,E-05-01
O0044,E,855.9,1591.4,1614.9,1627.8,1652.2,1652.3,1666.1,1700.4,844.5,735.5,AMR2,AMR2,1,25,1,58.9,58.9,AMR2,44.3,44.3,AMR2,0,0,0.0,0,0,0,0,0.0,0,0.0,70,69.9,39.0,0.0,T-0194,E-01-02,T-0063,E-06-03
O0045,A,872.5,1631.4,1654.9,1669.0,1696.9,1697.0,1711.2,1743.5,871.0,758.9,AMR3,AMR3,1,25,0,62.8,62.8,AMR3,45.7,45.7,AMR3,0,0,0.0,0,0,0,0,0.0,0,0.0,70,70.2,41.8,0.0,T-0196,A-03-02,T-0005,A-04-01
O0046,C,897.2,1501.0,1524.5,1535.3,1559.7,1559.8,1572.4,1607.6,710.4,603.8,AMR1,AMR1,1,25,1,56.8,56.8,AMR1,42.5,42.5,AMR1,0,0,0.0,0,0,0,1,4.5,0,0.0,54,55.8,46.2,4.5,T-0193,C-04-01,T-0033,C-03-01
O0047,E,921.3,1870.1,1882.7,1894.8,1924.0,1924.1,1939.1,1976.4,1055.1,948.8,AMR2,AMR2,1,12,1,51.0,51.0,AMR2,48.5,48.5,AMR2,0,0,0.0,0,1,0,0,0.0,0,0.0,55,57.6,45.6,3.0,T-0203,E-05-01,T-0065,E-02-02
O0048,D,941.4,1665.5,1677.8,1690.7,1715.3,1945.2,1960.6,1992.3,1050.9,724.1,AMR1,AMR1,1,13,2,47.3,47.3,AMR1,44.0,44.0,AMR1,0,0,0.0,0,0,0,0,0.0,0,0.0,45,48.4,47.2,1.3,T-0197,D-05-01,T-0050,D-03-02
O0049,C,960.1,1607.7,1631.2,1642.8,1665.4,1808.5,1825.2,1852.7,892.6,647.6,AMR1,AMR3,1,25,3,55.0,55.0,AMR1,44.0,44.0,AMR3,0,0,0.0,0,0,0,0,0.0,0,0.0,57,58.4,43.5,0.0,T-0195,C-03-01,T-0034,C-01-04
O0050,I,984.7,1715.4,1739.7,1751.0,1779.4,1779.5,1793.0,1832.3,847.6,730.7,AMR1,AMR1,1,14,1,46.0,46.0,AMR1,40.2,40.2,AMR1,0,0,0.0,0,0,1,1,6.5,2,6.2,49,54.3,41.0,21.5,T-0199,I-02-02,T-0128,I-06-03
O0051,H,1005.7,1743.6,1772.7,1785.9,1808.4,1852.8,1879.2,1903.7,898.0,737.9,AMR3,AMR3,1,25,14,57.3,57.3,AMR3,49.2,49.2,AMR3,0,0,0.0,0,0,1,0,0.0,1,0.6,67,69.5,40.6,5.6,T-0200,H-04-02,T-0109,H-05-05
O0052,F,1021.8,1992.4,2015.9,2029.4,2060.6,2060.7,2074.9,2105.8,1084.0,970.6,AMR1,AMR1,1,25,1,64.7,64.7,AMR1,44.2,44.2,AMR1,0,0,0.0,0,0,0,0,0.0,0,0.0,72,72.3,41.0,0.0,T-0208,F-02-02,T-0081,F-03-04
O0053,D,1039.2,1816.3,1839.8,1850.7,1870.0,2041.1,2056.2,2084.6,1045.4,777.1,AMR2,AMR2,1,25,3,51.8,51.8,AMR2,40.1,40.1,AMR2,0,0,0.0,0,0,0,0,0.0,0,0.0,58,61.3,35.9,0.0,T-0201,D-01-02,T-0051,D-06-04
O0054,B,1063.6,1832.4,1855.9,1870.4,1894.0,2012.8,2027.7,2056.5,992.9,768.8,AMR1,AMR3,1,25,1,58.1,58.1,AMR1,43.0,43.0,AMR3,0,0,0.0,0,0,0,0,0.0,0,0.0,60,61.0,44.3,0.0,T-0202,B-01-03,T-0024,B-06-04
O0055,B,1083.5,1960.6,1971.9,1988.2,2012.7,2144.7,2159.6,2187.8,1104.3,877.1,AMR3,AMR2,1,11,0,49.2,49.2,AMR3,42.3,42.3,AMR2,0,0,0.0,0,0,0,0,0.0,0,0.0,45,48.2,47.0,0.0,T-0206,B-02-03,T-0025,B-05-02
O0056,C,1106.2,1903.8,1927.3,1937.8,1960.5,2118.9,2131.4,2158.5,1052.3,797.6,AMR3,AMR3,1,25,3,55.6,55.6,AMR3,40.3,40.3,AMR3,0,0,0.0,0,1,0,0,0.0,0,0.0,53,55.9,40.4,0.0,T-0205,C-06-01,T-0035,C-06-05
O0057,I,1125.9,1976.5,2000.0,2011.9,2041.0,2228.9,2238.6,2266.6,1140.7,850.6,AMR2,AMR3,1,25,2,61.0,61.0,AMR2,36.7,36.7,AMR3,0,0,0.0,0,1,0,0,0.0,0,0.0,57,59.3,42.9,0.0,T-0207,I-05-02,T-0129,I-06-05
O0058,J,1143.6,2105.9,2129.4,2143.7,2172.9,2173.0,2183.2,2216.0,1072.4,962.3,AMR1,AMR1,1,25,0,64.3,64.3,AMR1,40.7,40.7,AMR1,0,0,0.0,0,0,0,0,0.0,0,0.0,68,69.0,41.0,0.0,T-0211,J-03-01,T-0140,J-05-02
O0059,I,1168.2,1894.1,1910.1,1921.8,1945.1,2254.6,2268.6,2297.1,1128.9,725.9,AMR1,AMR2,1,16,2,48.3,48.3,AMR1,38.2,38.2,AMR2,0,0,0.0,0,0,0,0,0.0,0,0.0,49,54.3,39.2,0.0,T-0204,I-03-02,T-0130,I-04-05
O0060,E,1190.1,2281.3,2304.8,2317.3,2347.1,2347.2,2361.9,2397.6,1207.5,1091.2,AMR1,AMR1,1,25,1,63.9,63.9,AMR1,48.1,48.1,AMR1,0,0,0.0,0,1,0,0,0.0,0,0.0,68,68.4,47.8,0.0,T-0215,E-02-02,T-0066,E-04-03
O0061,F,1215.0,2482.3,2496.9,2511.3,2544.6,2544.7,2556.6,2589.6,1374.6,1267.3,AMR2,AMR2,1,14,0,59.6,59.6,AMR2,44.2,44.2,AMR2,0,0,0.0,0,0,0,0,0.0,0,0.0,59,61.7,45.5,0.0,T-0220,F-03-02,T-0082,F-06-03
O0062,H,1239.0,2056.6,2080.1,2092.2,2118.8,2216.1,2241.7,2281.2,1042.2,817.6,AMR3,AMR1,1,25,14,60.3,60.3,AMR3,50.7,50.7,AMR1,0,0,0.0,0,1,0,1,9.6,1,4.6,67,68.7,45.1,13.5,T-0209,H-05-02,T-0110,H-03-01
O0063,B,1256.5,2084.7,2108.2,2121.5,2144.6,2369.1,2389.1,2419.4,1162.9,828.2,AMR2,AMR2,1,25,5,57.2,57.2,AMR2,49.6,49.6,AMR2,0,0,0.0,0,0,0,0,0.0,0,0.0,63,64.2,46.0,0.0,T-0210,B-03-03,T-0026,B-06-02
O0064,I,1271.7,2158.6,2182.1,2198.1,2228.8,2373.5,2400.7,2431.8,1160.1,886.9,AMR3,AMR3,1,25,14,59.5,59.5,AMR3,50.0,50.0,AMR3,0,0,0.0,0,1,1,1,5.0,0,0.0,74,77.4,43.1,8.0,T-0212,I-06-02,T-0131,I-04-02
O0065,A,1292.6,2397.7,2421.2,2435.3,2462.8,2948.6,2961.7,2999.4,1706.8,1105.1,AMR1,AMR3,1,25,2,63.2,63.2,AMR1,48.5,48.5,AMR3,0,0,0.0,0,0,0,0,0.0,0,0.0,73,72.3,43.6,0.0,T-0217,A-05-02,T-0008,A-02-02
O0066,A,1314.7,2297.2,2327.6,2339.6,2369.0,2462.9,2475.8,2513.2,1198.5,982.5,AMR2,AMR1,1,25,1,63.0,63.0,AMR2,46.7,46.7,AMR1,0,0,0.0,0,2,1,0,0.0,0,0.0,68,69.9,42.3,9.9,T-0216,A-04-01,T-0006,A-06-01
O0067,A,1330.4,2654.8,2667.4,2683.7,2713.7,2713.8,2724.2,2765.4,1435.0,1324.4,AMR2,AMR2,1,12,2,58.4,58.4,AMR2,47.0,47.0,AMR2,0,0,0.0,0,0,0,0,0.0,0,0.0,59,60.6,47.6,2.3,T-0225,A-06-01,T-0007,A-01-03
O0068,D,1346.1,2187.9,2216.9,2230.0,2254.5,2333.0,2344.8,2373.4,1027.3,841.8,AMR2,AMR3,1,25,1,58.4,58.4,AMR2,39.6,39.6,AMR3,0,0,0.0,0,1,1,0,0.0,1,0.5,55,57.1,44.4,5.5,T-0213,D-03-02,T-0052,D-02-02
O0069,D,1367.8,2266.7,2290.2,2302.2,2332.9,2576.6,2587.1,2615.2,1247.4,898.9,AMR3,AMR1,1,25,1,53.8,53.8,AMR3,39.8,39.8,AMR1,0,0,0.0,0,1,1,1,2.0,0,0.0,58,61.8,40.0,3.0,T-0214,D-04-02,T-0053,D-02-01
O0070,J,1384.1,2909.6,2933.1,2945.8,2975.7,2975.8,2988.6,3023.5,1639.4,1525.5,AMR1,AMR1,1,25,1,64.2,64.2,AMR1,42.9,42.9,AMR1,0,0,0.0,0,0,0,1,4.0,0,0.0,66,67.4,42.4,4.0,T-0232,J-01-02,T-0141,J-03-02
O0071,H,1403.8,2431.9,2456.8,2473.1,2497.9,2498.0,2508.6,2533.7,1129.9,1028.1,AMR3,AMR3,1,25,0,61.9,61.9,AMR3,35.8,35.8,AMR3,0,0,0.0,0,0,0,0,0.0,0,0.0,54,55.5,44.8,1.4,T-0219,H-03-01,T-0111,H-03-02
O0072,B,1420.7,2419.5,2443.0,2456.9,2482.2,2682.8,2695.7,2725.7,1305.0,998.8,AMR2,AMR1,1,25,3,60.8,60.8,AMR2,42.0,42.0,AMR1,0,0,0.0,0,0,0,0,0.0,0,0.0,60,62.0,43.6,0.0,T-0218,B-05-02,T-0027,B-03-01
O0073,G,1440.0,2533.8,2561.3,2574.1,2602.1,2602.2,2613.5,2644.4,1204.4,1093.8,AMR3,AMR3,1,25,0,61.6,61.6,AMR3,39.9,39.9,AMR3,0,0,0.0,0,1,1,0,0.0,0,0.0,60,62.6,44.9,3.0,T-0222,G-03-02,T-0094,G-02-02
O0074,A,1459.7,2879.3,2902.8,2918.0,2948.5,3087.4,3103.5,3140.9,1681.2,1419.6,AMR3,AMR1,1,25,1,68.1,68.1,AMR3,49.5,49.5,AMR1,0,0,0.0,0,1,0,0,0.0,0,0.0,69,69.3,50.2,3.2,T-0230,A-06-02,T-0009,A-04-02
O0075,F,1475.3,2765.5,2789.0,2799.5,2832.6,2832.7,2847.7,2896.1,1420.8,1290.2,AMR2,AMR2,1,25,1,65.2,65.2,AMR2,50.3,50.3,AMR2,0,0,0.0,0,0,0,1,13.8,1,8.8,68,69.1,47.6,13.8,T-0227,F-05-02,T-0083,F-06-04
O0076,D,1492.8,2589.7,2613.2,2628.6,2654.7,2721.8,2735.9,2779.1,1286.3,1096.9,AMR2,AMR3,1,25,3,58.9,58.9,AMR2,42.7,42.7,AMR3,0,0,0.0,0,1,1,1,12.3,1,7.3,56,58.8,45.6,17.9,T-0223,D-02-01,T-0054,D-05-04
O0077,G,1512.3,2615.3,2643.2,2655.1,2682.7,2725.8,2753.3,2792.9,1280.6,1103.0,AMR1,AMR1,1,25,16,59.5,59.5,AMR1,53.2,53.2,AMR1,0,0,0.0,0,1,1,2,10.6,1,4.5,77,79.2,41.7,13.6,T-0224,G-02-02,T-0095,G-02-04
O0078,D,1530.1,2513.3,2536.8,2549.1,2576.5,2852.6,2861.0,2909.5,1379.4,983.2,AMR1,AMR1,1,25,1,56.0,56.0,AMR1,36.6,36.6,AMR1,0,0,0.0,0,1,1,2,21.5,3,11.8,52,54.3,39.0,26.8,T-0221,D-02-02,T-0055,D-02-03
O0079,I,1549.5,2644.5,2683.6,2696.0,2721.7,2838.7,2848.2,2879.2,1329.7,1095.0,AMR3,AMR3,1,25,1,58.1,58.1,AMR2,38.2,38.2,AMR3,0,0,0.0,0,0,0,0,0.0,1,7.9,58,59.9,42.2,15.6,T-0226,I-04-02,T-0132,I-04-04
O0080,I,1565.0,2779.2,2802.7,2816.6,2838.6,3011.3,3035.9,3065.8,1500.8,1214.2,AMR3,AMR2,1,25,14,57.5,57.5,AMR3,53.3,53.3,AMR2,0,0,0.0,0,0,0,1,1.4,0,0.0,65,68.1,44.4,1.4,T-0228,I-02-03,T-0133,I-02-05
O0081,D,1589.7,2793.0,2816.5,2831.9,2852.5,2958.3,2971.1,3011.2,1421.5,1203.3,AMR1,AMR2,1,25,2,57.6,57.6,AMR1,36.0,36.0,AMR2,0,0,0.0,0,0,0,1,11.1,1,6.1,57,60.5,39.3,12.6,T-0229,D-01-03,T-0056,D-04-04
O0082,H,1608.8,3099.3,3122.8,3135.8,3158.9,3159.0,3174.9,3198.5,1589.7,1490.5,AMR3,AMR3,1,25,2,58.5,58.5,AMR3,39.7,39.7,AMR3,0,0,0.0,0,0,0,0,0.0,0,0.0,54,55.2,43.9,0.0,T-0236,H-06-02,T-0113,H-01-01
O0083,A,1632.4,3141.0,3170.0,3183.1,3213.4,3213.5,3224.8,3264.8,1632.4,1508.6,AMR1,AMR1,1,25,1,65.0,65.0,AMR1,49.0,49.0,AMR1,0,0,0.0,0,1,1,0,0.0,1,0.5,72,71.6,46.6,5.5,T-0238,A-04-02,T-0010,A-01-01
O0084,G,1651.2,3374.1,3397.6,3413.0,3440.4,3440.5,3453.6,3480.8,1829.6,1722.9,AMR1,AMR1,1,25,1,64.4,64.4,AMR1,41.0,41.0,AMR1,0,0,0.0,0,0,0,0,0.0,0,0.0,56,58.5,48.1,0.0,T-0244,G-04-02,T-0096,G-05-04
O0085,H,1675.5,2999.5,3023.0,3036.0,3060.5,3060.6,3075.0,3099.2,1423.7,1324.0,AMR3,AMR3,1,25,0,58.3,58.3,AMR3,37.8,37.8,AMR3,0,0,0.0,0,0,0,0,0.0,0,0.0,54,56.4,43.2,0.0,T-0233,H-03-02,T-0112,H-02-05
O0086,I,1694.7,2896.2,2919.7,2930.6,2958.2,3185.3,3199.3,3222.2,1527.5,1201.5,AMR2,AMR2,1,25,1,59.3,59.3,AMR2,36.1,36.1,AMR2,0,0,0.0,0,0,0,0,0.0,0,0.0,55,57.6,41.3,0.0,T-0231,I-03-03,T-0134,I-01-03
O0087,C,1716.9,3065.9,3089.4,3102.4,3126.4,3336.0,3349.4,3389.8,1672.9,1349.0,AMR2,AMR2,1,25,1,58.6,58.6,AMR2,42.9,42.9,AMR2,0,0,0.0,0,1,0,1,11.0,1,6.0,54,54.9,48.4,11.0,T-0235,C-01-02,T-0036,C-03-02
O0088,A,1734.8,3023.6,3047.1,3058.0,3087.3,3486.3,3498.7,3533.5,1798.7,1288.8,AMR1,AMR3,1,25,1,60.2,60.2,AMR1,46.3,46.3,AMR3,0,0,0.0,0,0,0,0,0.0,0,0.0,72,71.8,39.1,0.0,T-0234,A-02-02,T-0012,A-02-05
O0089,A,1757.3,3301.6,3329.5,3341.9,3371.0,3371.1,3383.6,3417.6,1660.3,1544.3,AMR3,AMR3,1,25,1,61.5,61.5,AMR3,45.6,45.6,AMR3,0,0,0.0,0,1,1,0,0.0,0,0.0,72,73.2,39.7,3.0,T-0243,A-01-01,T-0011,A-03-05
O0090,I,1778.2,3264.9,3288.4,3303.5,3334.8,3389.9,3413.6,3441.9,1663.7,1486.7,AMR1,AMR2,1,25,14,63.5,63.5,AMR1,52.2,52.2,AMR2,0,0,0.0,0,1,1,0,0.0,0,0.0,65,68.1,49.3,4.5,T-0241,I-01-03,T-0155,I-01-01
O0091,I,1794.7,3126.5,3138.5,3152.7,3185.2,3334.9,3344.3,3374.0,1579.3,1331.8,AMR2,AMR1,1,12,1,49.4,49.4,AMR2,38.3,38.3,AMR1,0,0,0.0,0,1,1,0,0.0,0,0.0,45,50.3,44.5,3.0,T-0237,I-04-03,T-0135,I-03-05
O0092,B,1818.3,3198.6,3222.1,3234.8,3259.7,3259.8,3273.8,3301.5,1483.2,1380.3,AMR3,AMR3,1,25,0,58.4,58.4,AMR3,41.0,41.0,AMR3,0,0,0.0,0,0,0,0,0.0,0,0.0,58,59.5,43.3,0.0,T-0239,B-03-01,T-0028,B-06-05
O0093,D,1833.9,3222.3,3245.8,3258.5,3279.7,3499.9,3513.1,3550.6,1716.7,1388.4,AMR2,AMR2,1,25,1,55.5,55.5,AMR2,45.1,45.1,AMR2,0,0,0.0,0,0,0,1,4.7,0,0.0,54,56.4,47.0,4.7,T-0240,D-02-03,T-0057,D-05-02
O0094,J,1850.1,3677.2,3700.7,3714.3,3743.7,3743.8,3755.8,3790.3,1940.2,1827.1,AMR1,AMR1,1,25,1,64.6,64.6,AMR1,44.2,44.2,AMR1,0,0,0.0,0,1,0,0,0.0,0,0.0,68,68.9,44.1,0.0,T-0252,J-02-02,T-0142,J-05-01
O0095,A,1870.9,3417.7,3441.2,3455.7,3486.2,3603.0,3615.0,3665.5,1794.6,1546.8,AMR3,AMR3,1,25,3,65.0,65.0,AMR3,47.4,47.4,AMR3,0,0,0.0,0,1,0,1,7.7,1,2.7,74,75.5,42.6,12.9,T-0245,A-01-03,T-0013,A-03-04
O0096,J,1890.1,3820.7,3835.3,3848.8,3879.3,3879.4,3889.3,3930.1,2040.0,1930.6,AMR2,AMR2,1,14,1,55.1,55.1,AMR2,41.9,41.9,AMR2,0,0,0.0,0,1,0,0,0.0,0,0.0,61,65.1,41.2,3.0,T-0256,J-05-01,T-0143,J-06-04
O0097,E,1910.3,3904.2,3927.7,3941.8,3970.5,3970.6,3980.7,4013.5,2103.2,1993.9,AMR1,AMR1,1,25,1,62.8,62.8,AMR1,42.0,42.0,AMR1,0,0,0.0,0,0,0,0,0.0,0,0.0,68,68.6,40.6,0.0,T-0258,E-05-02,T-0067,E-03-03
O0098,F,1932.0,3533.6,3557.1,3568.1,3602.9,3718.1,3729.6,3763.6,1831.6,1601.6,AMR3,AMR2,1,25,0,65.8,65.8,AMR3,44.7,44.7,AMR2,0,0,0.0,0,0,0,0,0.0,0,0.0,71,71.5,43.3,0.0,T-0248,F-02-03,T-0084,F-04-02
O0099,C,1949.7,3279.8,3303.4,3316.5,3335.9,3665.6,3691.2,3717.0,1767.3,1330.1,AMR2,AMR3,1,12,16,43.8,43.8,AMR2,49.7,49.7,AMR3,0,0,0.0,0,0,0,0,0.0,1,6.0,56,60.7,35.8,11.0,T-0242,C-02-02,T-0037,C-05-02
O0100,H,1971.2,3480.9,3504.4,3520.6,3546.5,3546.6,3555.9,3581.9,1610.7,1509.7,AMR1,AMR1,1,25,1,63.7,63.7,AMR1,36.5,36.5,AMR1,0,0,0.0,0,0,0,0,0.0,0,0.0,52,54.3,46.6,0.0,T-0247,H-01-01,T-0114,H-02-03
O0101,B,1995.4,3550.7,3574.2,3587.1,3611.9,3612.0,3622.5,3650.7,1655.3,1555.3,AMR2,AMR2,1,25,2,60.1,60.1,AMR2,37.9,37.9,AMR2,0,0,0.0,0,1,0,0,0.0,0,0.0,58,59.4,40.5,0.0,T-0249,B-06-02,T-0029,B-03-05
O0102,J,2015.0,4577.3,4600.8,4614.8,4648.0,4648.1,4657.9,4690.4,2675.4,2562.3,AMR2,AMR2,1,25,0,68.0,68.0,AMR2,40.0,40.0,AMR2,0,0,0.0,0,0,0,0,0.0,0,0.0,68,69.0,44.0,0.0,T-0278,J-03-02,T-0144,J-04-04
O0103,D,2030.8,3442.0,3465.5,3478.9,3499.8,4226.7,4240.1,4274.1,2243.3,1411.2,AMR2,AMR3,1,25,1,54.3,54.3,AMR2,45.0,45.0,AMR3,0,0,0.0,0,0,0,0,0.0,0,0.0,58,59.5,45.7,0.0,T-0246,D-04-03,T-0058,D-06-02
O0104,F,2048.4,3790.4,3816.0,3828.7,3862.3,4006.8,4017.9,4054.0,2005.6,1742.0,AMR1,AMR3,1,25,2,66.7,66.7,AMR1,47.9,47.9,AMR3,0,0,0.0,0,0,0,1,2.1,0,0.0,69,69.8,46.0,3.3,T-0255,F-04-02,T-0086,F-04-05
O0105,F,2072.2,3650.8,3674.3,3685.4,3718.0,3862.4,3872.4,3904.1,1831.9,1578.6,AMR2,AMR1,1,25,1,64.5,64.5,AMR2,42.4,42.4,AMR1,0,0,0.0,0,0,0,0,0.0,0,0.0,69,69.9,39.0,0.0,T-0251,F-03-03,T-0085,F-06-02
O0106,I,2088.8,3717.1,3740.6,3753.4,3783.6,3783.7,3796.6,3826.2,1737.4,1628.3,AMR3,AMR3,1,25,1,61.2,61.2,AMR3,40.2,40.2,AMR3,0,0,0.0,0,1,0,0,0.0,0,0.0,56,58.3,47.3,3.4,T-0253,I-02-01,T-0160,I-04-01
O0107,I,2106.8,3826.3,3849.8,3864.6,3892.8,3892.9,3904.8,3942.6,1835.8,1719.5,AMR3,AMR3,1,25,1,63.0,63.0,AMR3,35.5,35.5,AMR3,0,0,0.0,0,1,0,1,10.2,1,5.2,56,58.5,44.4,13.3,T-0257,I-04-01,T-0171,I-03-01
O0108,I,2128.5,3582.0,3605.5,3616.6,3643.0,3643.1,3651.3,3677.1,1548.6,1453.5,AMR1,AMR1,1,25,1,59.1,59.1,AMR1,32.5,32.5,AMR1,0,0,0.0,0,0,0,1,2.7,0,0.0,52,54.8,37.5,2.7,T-0250,I-01-01,T-0156,I-02-01
O0109,B,2152.8,4013.6,4037.1,4052.2,4075.2,4075.3,4089.0,4118.9,1966.1,1860.8,AMR1,AMR1,1,25,1,59.7,59.7,AMR1,44.3,44.3,AMR1,0,0,0.0,0,0,0,0,0.0,0,0.0,56,58.0,47.2,0.0,T-0261,B-05-03,T-0030,B-06-01
O0110,B,2170.4,3763.7,3787.2,3798.0,3820.6,4295.3,4310.0,4340.2,2169.8,1593.3,AMR2,AMR2,1,25,2,55.0,55.0,AMR2,42.6,42.6,AMR2,0,0,0.0,0,0,0,0,0.0,0,0.0,61,61.7,40.1,0.0,T-0254,B-04-03,T-0151,B-01-01
O0111,E,2191.0,4482.6,4506.1,4522.2,4550.2,4550.3,4567.1,4602.3,2411.3,2291.6,AMR3,AMR3,1,25,2,63.3,63.3,AMR3,51.2,51.2,AMR3,0,0,0.0,0,0,0,0,0.0,0,0.0,70,70.0,49.6,0.0,T-0275,E-06-02,T-0070,E-02-04
O0112,F,2212.0,3942.7,3966.2,3977.3,4006.7,4523.4,4538.9,4577.2,2365.2,1730.7,AMR3,AMR2,1,25,2,62.9,62.9,AMR3,49.5,49.5,AMR2,0,0,0.0,0,0,0,0,0.0,0,0.0,72,74.0,43.8,0.0,T-0260,F-06-02,T-0087,F-01-02
O0113,E,2233.9,4274.2,4297.7,4311.6,4338.6,4338.7,4348.8,4384.3,2150.4,2040.3,AMR3,AMR3,1,25,1,62.5,62.5,AMR3,41.8,41.8,AMR3,0,0,0.0,0,0,0,0,0.0,0,0.0,70,69.9,40.1,0.0,T-0269,E-02-03,T-0069,E-06-02
O0114,A,2253.8,4340.3,4363.8,4378.5,4407.5,5318.8,5336.4,5376.5,3122.7,2086.5,AMR2,AMR1,1,25,3,63.7,63.7,AMR2,55.4,55.4,AMR1,0,0,0.0,0,0,0,0,0.0,0,0.0,76,75.6,49.3,0.0,T-0271,A-02-03,T-0014,A-01-04
O0115,E,2275.1,4119.0,4145.7,4157.4,4183.5,4183.6,4195.8,4247.6,1972.5,1843.9,AMR1,AMR1,1,25,1,59.4,59.4,AMR1,45.5,45.5,AMR1,0,0,0.0,0,1,1,3,15.8,1,5.6,68,69.2,40.7,18.6,T-0264,E-01-03,T-0068,E-04-04
O0116,C,2290.2,3930.2,3953.7,3964.2,3985.0,3985.1,3997.3,4027.9,1737.7,1640.0,AMR2,AMR2,1,25,0,52.1,52.1,AMR2,38.6,38.6,AMR2,0,0,0.0,0,0,0,1,3.4,0,0.0,54,55.9,38.3,3.4,T-0259,C-03-02,T-0038,C-02-05
O0117,C,2315.0,4134.8,4158.3,4171.0,4194.0,4194.1,4204.5,4233.5,1918.5,1819.8,AMR2,AMR2,1,25,1,57.3,57.3,AMR2,38.6,38.6,AMR2,0,0,0.0,0,0,0,0,0.0,0,0.0,54,55.8,42.8,0.0,T-0265,C-05-02,T-0039,C-03-04
O0118,G,2334.4,4028.0,4051.5,4062.0,4089.7,4089.8,4102.6,4134.7,1800.3,1693.6,AMR2,AMR2,1,25,1,59.8,59.8,AMR2,42.6,42.6,AMR2,0,0,0.0,0,0,0,0,0.0,0,0.0,60,61.5,45.1,0.0,T-0262,G-05-02,T-0097,G-02-01
O0119,B,2349.5,4233.6,4257.1,4269.3,4295.2,4407.6,4424.0,4455.2,2105.7,1884.1,AMR2,AMR2,1,25,7,60.5,60.5,AMR2,46.6,46.6,AMR2,0,0,0.0,0,0,0,0,0.0,0,0.0,63,64.3,44.9,0.0,T-0267,B-06-01,T-0153,B-02-01
O0120,I,2373.5,4054.1,4077.6,4092.6,4117.1,4117.2,4126.3,4155.0,1781.5,1680.6,AMR3,AMR3,1,25,0,60.3,60.3,AMR3,35.5,35.5,AMR3,0,0,0.0,0,1,0,0,0.0,0,0.0,56,58.4,42.4,0.0,T-0263,I-03-01,T-0176,I-05-01
O0121,J,2396.9,4848.6,4864.6,4875.9,4906.2,4906.3,4915.2,4957.8,2560.9,2451.7,AMR2,AMR2,1,16,1,54.1,54.1,AMR2,44.7,44.7,AMR2,0,0,0.0,0,1,1,1,2.0,0,0.0,61,64.5,41.6,3.0,T-0285,J-04-02,T-0145,J-05-04
O0122,C,2413.3,4247.7,4271.2,4285.7,4306.8,4356.1,4364.8,4395.9,1982.6,1834.4,AMR1,AMR1,1,25,0,57.2,57.2,AMR1,33.2,33.2,AMR1,0,0,0.0,0,0,0,1,6.8,1,1.8,53,54.1,38.0,6.8,T-0268,C-02-03,T-0040,C-04-02
O0123,A,2431.4,4455.3,4478.8,4492.4,4523.3,5891.9,5910.8,5950.4,3519.0,2023.9,AMR2,AMR2,1,25,5,65.3,63.1,AMR1,56.2,56.2,AMR2,1,9,2.2,0,0,0,0,0.0,0,0.0,77,76.4,50.1,0.0,T-0274,A-03-03,T-0015,A-01-05
O0124,D,2448.5,4155.1,4178.6,4194.7,4226.6,4664.2,4677.6,4719.2,2270.7,1706.6,AMR3,AMR3,1,25,1,62.5,62.5,AMR3,42.2,42.2,AMR3,0,0,0.0,0,0,1,2,11.9,2,4.4,56,58.0,51.1,17.4,T-0266,D-05-02,T-0060,D-03-03
O0125,I,2464.6,4396.0,4419.5,4433.1,4459.9,4460.0,4474.4,4502.0,2037.4,1931.4,AMR1,AMR1,1,25,1,60.4,60.4,AMR1,39.6,39.6,AMR1,0,0,0.0,0,0,0,0,0.0,0,0.0,58,60.0,45.9,0.0,T-0273,I-05-01,T-0183,I-06-01
O0126,C,2489.3,4306.9,4318.9,4332.4,4356.0,4751.8,4766.5,4790.3,2301.0,1817.6,AMR1,AMR2,1,12,3,47.0,47.0,AMR1,38.4,38.4,AMR2,0,0,0.0,0,0,0,0,0.0,0,0.0,44,46.8,40.8,0.0,T-0270,C-03-03,T-0042,C-06-02
O0127,C,2512.9,4502.1,4525.6,4538.6,4558.5,4606.4,4617.2,4642.1,2129.2,1989.2,AMR1,AMR1,1,25,3,54.5,54.5,AMR1,36.9,36.9,AMR1,0,0,0.0,0,0,0,0,0.0,0,0.0,54,56.2,35.9,0.0,T-0276,C-04-02,T-0041,C-02-01
O0128,F,2528.2,4983.9,5009.5,5024.7,5059.5,5059.6,5067.7,5105.0,2576.8,2455.7,AMR3,AMR3,1,25,1,70.0,70.0,AMR3,43.0,43.0,AMR3,0,0,0.0,0,0,0,1,1.5,0,0.0,72,72.3,45.1,3.6,T-0290,F-01-02,T-0088,F-01-03
O0129,D,2551.2,4384.4,4407.9,4419.4,4444.1,4444.2,4454.0,4482.5,1931.3,1833.2,AMR3,AMR3,1,25,2,55.4,55.4,AMR3,37.3,37.3,AMR3,0,0,0.0,0,0,0,0,0.0,0,0.0,58,59.6,38.4,0.0,T-0272,D-06-02,T-0059,D-06-05
O0130,B,2567.8,4870.5,4884.8,4898.5,4924.6,4924.7,4935.8,4970.3,2402.5,2302.7,AMR1,AMR1,1,12,1,51.1,51.1,AMR1,40.0,40.0,AMR1,0,0,0.0,0,0,0,1,6.3,1,1.3,43,47.1,44.6,8.0,T-0286,B-04-01,T-0168,B-05-01
O0131,H,2591.5,4558.6,4571.2,4583.9,4606.3,4642.2,4668.4,4703.6,2112.1,1967.1,AMR1,AMR1,1,12,14,45.8,45.8,AMR1,50.6,50.6,AMR1,0,0,0.0,0,0,0,1,9.6,1,4.6,52,56.7,41.4,11.0,T-0277,H-01-03,T-0115,H-01-05
O0132,H,2608.5,4690.5,4714.0,4726.1,4751.7,4823.8,4849.9,4877.2,2268.7,2082.0,AMR2,AMR3,1,25,14,59.3,59.3,AMR2,53.7,53.7,AMR3,0,0,0.0,0,0,0,0,0.0,0,0.0,65,67.5,47.1,0.0,T-0280,H-02-03,T-0116,H-06-01
O0133,D,2626.6,4602.4,4625.9,4641.2,4664.1,4782.7,4796.8,4823.7,2197.1,1975.8,AMR3,AMR3,1,25,4,58.2,53.3,AMR1,39.8,39.8,AMR3,1,11,4.9,0,0,0,0,0.0,0,0.0,59,61.4,41.3,0.0,T-0279,D-05-03,T-0152,D-01-01
O0134,D,2641.8,4806.3,4829.8,4846.1,4870.4,5128.0,5139.3,5168.4,2526.6,2164.5,AMR1,AMR2,1,25,0,62.2,62.2,AMR1,39.6,39.6,AMR2,0,0,0.0,0,0,0,0,0.0,0,0.0,53,55.6,48.9,0.0,T-0284,D-01-01,T-0157,D-03-01
O0135,B,2660.1,4703.7,4727.2,4739.6,4766.9,4767.0,4778.2,4806.2,2146.1,2043.6,AMR1,AMR1,1,25,1,59.7,59.7,AMR1,38.4,38.4,AMR1,0,0,0.0,0,0,0,0,0.0,0,0.0,60,61.1,41.3,0.0,T-0281,B-01-01,T-0161,B-04-01
O0136,I,2678.6,4719.3,4742.8,4756.4,4782.6,5036.1,5048.1,5090.3,2411.7,2040.7,AMR3,AMR1,1,25,1,59.0,59.0,AMR3,42.0,42.0,AMR1,0,0,0.0,0,0,0,1,13.4,1,8.4,55,57.2,46.9,13.4,T-0282,I-06-01,T-0199,I-02-02
O0137,I,2700.4,4877.3,4900.8,4912.0,4943.8,4943.9,4959.2,4983.8,2283.4,2176.9,AMR3,AMR3,1,25,1,58.0,58.0,AMR3,39.1,39.1,AMR3,0,0,0.0,0,1,1,0,0.0,0,0.0,56,58.4,43.0,5.0,T-0287,I-05-03,T-0192,I-01-02
O0138,B,2724.8,4790.4,4813.9,4824.8,4848.5,5201.6,5215.9,5248.3,2523.5,2065.6,AMR2,AMR1,1,25,1,54.6,54.6,AMR2,44.4,44.4,AMR1,0,0,0.0,0,0,0,0,0.0,0,0.0,62,62.6,42.2,0.0,T-0283,B-02-01,T-0172,B-01-02
O0139,E,2741.6,4957.9,4981.4,4997.1,5024.6,5024.7,5037.2,5073.0,2331.4,2216.3,AMR2,AMR2,1,25,0,64.0,64.0,AMR2,47.5,47.5,AMR2,0,0,0.0,0,0,0,0,0.0,0,0.0,66,67.0,48.0,0.0,T-0288,E-03-03,T-0071,E-02-01
O0140,G,2757.7,5105.1,5130.1,5145.5,5172.0,5172.1,5184.6,5211.8,2454.1,2347.4,AMR3,AMR3,1,25,1,61.9,61.9,AMR3,38.8,38.8,AMR3,0,0,0.0,0,0,0,0,0.0,0,0.0,60,61.7,43.4,1.5,T-0292,G-02-01,T-0098,G-02-03
O0141,F,2779.9,5168.5,5192.0,5205.5,5237.0,5237.1,5247.9,5278.4,2498.5,2388.6,AMR2,AMR2,1,25,1,65.0,63.1,AMR3,40.5,40.5,AMR2,1,7,1.9,0,0,0,0,0.0,0,0.0,72,72.2,37.6,0.0,T-0294,F-01-03,T-0089,F-04-01
O0142,I,2801.0,4970.4,4997.1,5009.6,5036.0,5090.4,5116.4,5143.4,2342.4,2169.4,AMR1,AMR1,1,25,14,60.5,60.5,AMR1,51.2,51.2,AMR1,0,0,0.0,0,0,0,0,0.0,0,0.0,67,70.1,45.3,3.2,T-0289,I-01-02,T-0204,I-03-02
O0143,J,2819.9,6026.6,6046.6,6062.1,6094.0,6094.1,6105.3,6136.5,3316.6,3206.7,AMR3,AMR3,1,12,1,56.5,56.5,AMR3,41.5,41.5,AMR3,0,0,0.0,0,0,0,0,0.0,1,3.0,55,57.6,44.2,8.0,T-0319,J-05-02,T-0146,J-03-05
O0144,G,2837.4,5318.7,5342.2,5354.5,5379.7,5379.8,5389.1,5416.3,2578.9,2481.3,AMR3,AMR3,1,25,2,59.9,58.5,AMR1,39.2,39.2,AMR3,1,3,1.4,0,0,0,0,0.0,0,0.0,54,56.4,41.1,0.0,T-0298,G-06-02,T-0099,G-06-04
O0145,I,2857.6,5547.4,5570.9,5586.6,5614.2,5614.3,5629.2,5658.2,2800.6,2689.8,AMR2,AMR2,1,25,0,64.1,64.1,AMR2,40.1,40.1,AMR2,0,0,0.0,0,0,0,0,0.0,0,0.0,58,59.9,50.8,0.0,T-0305,I-03-02,T-0212,I-06-02
O0146,D,2879.8,5073.1,5096.6,5107.3,5127.9,5503.3,5515.9,5547.3,2667.5,2193.3,AMR2,AMR2,1,25,0,52.1,52.1,AMR2,41.7,41.7,AMR2,0,0,0.0,0,0,0,0,0.0,0,0.0,56,57.9,40.9,0.0,T-0291,D-03-03,T-0170,D-04-01
O0147,F,2899.1,5416.4,5439.9,5454.7,5485.6,5808.0,5817.4,5854.3,2955.2,2517.3,AMR3,AMR3,1,25,1,67.3,67.3,AMR3,44.0,44.0,AMR3,0,0,0.0,0,0,0,0,0.0,0,0.0,72,72.1,43.4,0.0,T-0301,F-04-03,T-0165,F-02-01
O0148,B,2917.3,5143.5,5167.0,5179.9,5201.5,5770.7,5783.4,5813.7,2896.4,2226.2,AMR1,AMR1,1,25,1,56.1,56.1,AMR1,42.1,42.1,AMR1,0,0,0.0,0,0,0,0,0.0,0,0.0,58,59.6,41.4,0.0,T-0293,B-05-01,T-0174,B-02-02
O0149,I,2941.3,5211.9,5235.4,5248.1,5277.0,5277.1,5290.5,5318.6,2377.3,2270.6,AMR3,AMR3,1,25,1,59.8,59.8,AMR3,38.2,38.2,AMR3,0,0,0.0,0,1,1,0,0.0,0,0.0,56,59.7,43.9,3.0,T-0295,I-02-02,T-0207,I-05-02
O0150,F,2962.9,5248.4,5276.6,5287.5,5318.7,5485.7,5497.5,5529.3,2566.4,2285.5,AMR1,AMR3,1,25,1,63.7,63.7,AMR1,42.8,42.8,AMR3,0,0,0.0,0,1,1,0,0.0,0,0.0,70,70.6,38.6,4.7,T-0296,F-04-01,T-0090,F-03-05
O0151,I,2984.9,6017.7,6034.3,6056.7,6081.6,6081.7,6093.3,6122.0,3137.1,3032.8,AMR2,AMR2,1,16,2,59.6,59.6,AMR2,36.1,36.1,AMR2,0,0,0.0,0,1,0,1,3.4,0,0.0,49,53.0,47.8,3.4,T-0318,I-06-02,T-0228,I-02-03
O0152,G,3001.8,5487.3,5510.8,5524.2,5553.7,5553.8,5565.8,5596.9,2595.1,2485.5,AMR1,AMR1,1,25,1,62.9,62.9,AMR1,42.2,42.2,AMR1,0,0,0.0,0,0,0,0,0.0,0,0.0,60,61.7,47.8,0.0,T-0303,G-01-03,T-0100,G-02-05
O0153,C,3024.3,5278.5,5302.0,5315.4,5339.0,5339.1,5351.5,5392.9,2368.6,2254.2,AMR2,AMR2,1,25,1,58.6,58.6,AMR2,43.2,43.2,AMR2,0,0,0.0,0,0,0,1,11.8,1,6.8,52,53.8,48.7,11.8,T-0297,C-02-01,T-0043,C-01-03
O0154,G,3045.0,5597.0,5620.5,5635.5,5664.3,5664.4,5678.3,5704.3,2659.3,2552.0,AMR1,AMR1,1,25,1,63.8,63.8,AMR1,39.1,39.1,AMR1,0,0,0.0,0,0,0,0,0.0,0,0.0,60,61.6,45.6,0.0,T-0306,G-02-03,T-0101,G-04-03
O0155,E,3068.3,5376.6,5400.1,5410.5,5434.9,5435.0,5444.0,5487.2,2418.9,2308.3,AMR1,AMR1,1,25,1,56.4,52.0,AMR3,46.4,46.4,AMR1,1,10,4.4,0,1,1,0,0.0,0,0.0,66,66.9,38.6,5.0,T-0299,E-02-01,T-0072,E-03-02
O0156,J,3085.4,6337.2,6362.6,6375.8,6406.4,6406.5,6420.2,6451.4,3366.0,3251.8,AMR1,AMR1,1,25,1,65.4,65.4,AMR1,42.6,42.6,AMR1,0,0,0.0,0,0,0,1,1.9,0,0.0,68,68.9,43.3,1.9,T-0327,J-02-03,T-0147,J-04-05
O0157,H,3107.0,5393.0,5416.5,5427.4,5450.0,5766.2,5794.1,5829.7,2722.7,2286.0,AMR2,AMR2,1,25,14,55.9,55.9,AMR2,53.8,53.8,AMR1,0,0,0.0,0,0,0,1,8.0,1,3.0,66,68.7,43.8,8.0,T-0300,H-06-01,T-0117,H-05-03
O0158,D,3126.4,5450.1,5469.2,5481.8,5503.2,5694.1,5704.7,5735.0,2608.6,2323.7,AMR2,AMR3,1,13,1,45.2,45.2,AMR2,38.5,38.5,AMR3,0,0,0.0,0,1,1,0,0.0,0,0.0,47,51.3,39.7,3.0,T-0302,D-03-01,T-0179,D-06-01
O0159,C,3146.1,5529.4,5552.9,5564.5,5587.0,5587.1,5596.9,5627.8,2481.7,2383.3,AMR3,AMR3,1,25,2,56.5,56.5,AMR3,41.4,41.4,AMR3,0,0,0.0,0,0,0,0,0.0,0,0.0,52,54.2,44.1,0.0,T-0304,C-06-02,T-0044,C-05-04
O0160,I,3162.0,5658.3,5686.8,5701.7,5728.8,5728.9,5737.1,5766.1,2604.1,2496.3,AMR2,AMR2,1,25,1,60.3,60.3,AMR2,36.3,36.3,AMR2,0,0,0.0,0,2,1,1,1.7,0,0.0,56,60.5,42.5,4.7,T-0308,I-05-02,T-0226,I-04-02
O0161,F,3183.3,5735.1,5758.6,5774.9,5807.9,6444.1,6454.9,6486.3,3303.0,2551.8,AMR3,AMR2,1,25,1,70.9,70.9,AMR3,41.3,41.3,AMR2,0,0,0.0,0,0,0,0,0.0,0,0.0,70,70.7,44.3,0.0,T-0310,F-05-03,T-0167,F-03-01
O0162,D,3206.5,5813.8,5837.3,5851.9,5876.4,5876.5,5888.0,5918.0,2711.5,2607.3,AMR1,AMR1,1,25,2,58.3,58.3,AMR1,40.5,40.5,AMR1,0,0,0.0,0,0,0,0,0.0,0,0.0,58,59.6,44.5,0.0,T-0311,D-06-01,T-0197,D-05-01
O0163,D,3224.6,5627.9,5651.4,5664.6,5694.0,6136.6,6165.2,6199.0,2974.4,2403.3,AMR3,AMR3,1,25,16,57.4,57.4,AMR3,57.4,57.4,AMR3,0,0,0.0,0,2,1,2,8.4,1,0.2,71,73.8,46.3,8.4,T-0307,D-04-01,T-0213,D-03-02
O0164,D,3239.8,5918.1,5941.6,5956.5,5988.4,6039.9,6055.2,6082.9,2843.1,2678.3,AMR1,AMR1,1,25,2,61.2,55.0,AMR3,42.2,42.2,AMR1,1,8,6.2,0,0,1,1,5.6,1,0.6,57,58.6,49.1,5.6,T-0314,D-05-01,T-0201,D-01-02
O0165,B,3260.9,5704.4,5731.5,5744.9,5770.6,6525.9,6541.2,6572.0,3311.1,2443.5,AMR1,AMR1,1,25,3,59.1,59.1,AMR1,44.3,44.3,AMR1,0,0,0.0,0,1,0,1,3.6,0,0.0,62,64.5,44.2,3.6,T-0309,B-01-02,T-0187,B-03-02
O0166,J,3280.1,6653.3,6676.8,6689.1,6721.3,6721.4,6733.1,6766.8,3486.7,3373.2,AMR3,AMR3,1,25,0,65.3,65.3,AMR3,44.6,44.6,AMR3,0,0,0.0,0,0,0,0,0.0,0,0.0,66,67.5,45.9,0.0,T-0336,J-03-03,T-0148,J-01-03
O0167,G,3302.3,5854.4,5877.9,5888.9,5918.0,5918.1,5932.8,5962.1,2659.8,2552.1,AMR3,AMR3,1,25,0,60.9,60.9,AMR3,38.4,38.4,AMR3,0,0,0.0,0,0,0,1,4.8,0,0.0,58,60.1,42.7,4.8,T-0313,G-03-03,T-0102,G-05-05
O0168,C,3321.3,5962.2,5993.1,6005.6,6026.5,6257.2,6269.6,6300.1,2978.8,2640.9,AMR3,AMR3,1,25,5,55.0,55.0,AMR3,43.2,43.2,AMR3,0,0,0.0,0,0,0,0,0.0,1,2.4,56,58.7,41.1,7.4,T-0316,C-01-03,T-0045,C-04-03
O0169,B,3343.2,5829.8,5853.3,5864.8,5891.8,6638.0,6650.0,6680.6,3337.4,2486.6,AMR2,AMR1,1,25,3,58.5,58.5,AMR2,43.3,43.3,AMR1,0,0,0.0,0,0,0,0,0.0,0,0.0,60,62.0,42.6,0.0,T-0312,B-02-02,T-0188,B-04-02
O0170,I,3360.3,5950.5,5979.0,5993.2,6017.6,6181.6,6192.0,6218.6,2858.3,2590.2,AMR2,AMR2,1,25,1,58.6,58.6,AMR2,36.2,36.2,AMR2,0,0,0.0,0,1,1,0,0.0,0,0.0,56,60.4,40.7,3.0,T-0315,I-04-02,T-0231,I-03-03
O0171,D,3375.8,5988.5,6005.6,6017.5,6039.8,6803.6,6823.1,6852.4,3476.6,2612.7,AMR1,AMR1,1,14,8,44.5,44.5,AMR1,47.8,47.8,AMR1,0,0,0.0,0,0,0,0,0.0,0,0.0,53,56.1,41.5,2.5,T-0317,D-06-03,T-0214,D-04-02
O0172,H,3395.4,6083.0,6106.5,6122.9,6146.0,6146.1,6155.8,6183.7,2788.3,2687.6,AMR1,AMR1,1,25,0,60.3,60.3,AMR1,36.8,36.8,AMR1,0,0,0.0,0,1,0,0,0.0,0,0.0,54,56.4,44.2,0.0,T-0320,H-03-03,T-0118,H-01-02
O0173,I,3415.7,6122.1,6145.6,6158.4,6181.5,6680.7,6707.5,6738.5,3322.8,2706.4,AMR2,AMR1,1,25,14,57.5,57.5,AMR2,55.6,55.6,AMR1,0,0,0.0,0,1,0,1,2.4,0,0.0,65,68.1,46.7,2.4,T-0321,I-02-03,T-0253,I-02-01
O0174,H,3433.9,6246.8,6260.8,6273.5,6299.8,6322.9,6348.4,6374.1,2940.2,2812.9,AMR1,AMR2,1,14,14,51.7,51.7,AMR1,50.3,50.3,AMR2,0,0,0.0,0,0,0,0,0.0,0,0.0,56,59.2,45.0,0.0,T-0325,H-04-03,T-0120,H-03-05
O0175,I,3457.0,6218.7,6242.2,6256.6,6281.1,6281.2,6294.2,6322.8,2865.8,2761.7,AMR2,AMR2,1,25,0,59.7,59.7,AMR2,39.3,39.3,AMR2,0,0,0.0,0,0,0,0,0.0,0,0.0,56,58.4,45.6,0.0,T-0324,I-03-03,T-0237,I-04-03
O0176,I,3480.3,6300.2,6323.7,6334.5,6361.9,6362.0,6373.9,6401.3,2921.0,2819.9,AMR3,AMR3,1,25,1,58.2,58.2,AMR3,38.5,38.5,AMR3,0,0,0.0,0,0,0,0,0.0,0,0.0,56,58.4,42.6,0.0,T-0326,I-04-03,T-0241,I-01-03
O0177,H,3504.3,6183.8,6210.6,6223.2,6246.7,6299.9,6311.5,6337.1,2832.8,2679.5,AMR1,AMR1,1,25,1,57.7,57.7,AMR1,37.4,37.4,AMR1,0,0,0.0,0,1,0,1,3.3,0,0.0,54,55.3,41.5,3.3,T-0322,H-01-02,T-0119,H-02-01
O0178,D,3521.9,6199.1,6222.6,6235.6,6257.1,7051.8,7065.2,7098.1,3576.2,2677.2,AMR3,AMR2,1,25,0,55.0,55.0,AMR3,40.8,40.8,AMR2,0,0,0.0,0,0,0,1,4.7,0,0.0,53,55.6,42.9,5.8,T-0323,D-01-02,T-0221,D-02-02
O0179,I,3539.7,6486.4,6509.9,6524.7,6547.6,6547.7,6559.3,6587.5,3047.8,2946.7,AMR2,AMR2,1,25,1,59.3,59.3,AMR2,39.9,39.9,AMR2,0,0,0.0,0,0,0,1,1.1,0,0.0,52,54.8,45.1,1.1,T-0332,I-01-03,T-0250,I-01-01
O0180,E,3560.9,6546.1,6569.6,6580.3,6606.3,6606.4,6617.6,6653.2,3092.3,2985.2,AMR3,AMR3,1,25,0,57.5,50.8,AMR2,43.0,43.0,AMR3,1,11,6.7,0,0,0,0,0.0,0,0.0,70,70.0,37.0,0.0,T-0333,E-03-02,T-0073,E-06-01
O0181,E,3576.7,6738.6,6762.1,6776.0,6803.5,7382.6,7397.4,7436.0,3859.3,3161.9,AMR1,AMR2,1,25,1,60.6,60.6,AMR1,47.9,47.9,AMR2,0,0,0.0,0,0,0,1,4.7,0,0.0,69,69.3,44.3,4.7,T-0338,E-06-01,T-0074,E-01-01
O0182,F,3594.4,6374.2,6397.7,6410.8,6444.0,7360.4,7369.8,7421.2,3826.8,2779.8,AMR2,AMR1,1,25,0,66.3,66.3,AMR2,43.7,43.7,AMR1,0,0,0.0,0,0,0,1,12.8,1,7.8,73,73.0,42.8,14.8,T-0328,F-02-01,T-0175,F-01-01
O0183,C,3610.2,6401.4,6424.9,6437.8,6457.6,6508.4,6519.4,6546.0,2935.8,2791.2,AMR3,AMR3,1,25,1,54.3,54.3,AMR3,37.8,37.8,AMR3,0,0,0.0,0,0,0,0,0.0,0,0.0,54,54.8,39.0,0.0,T-0329,C-04-03,T-0181,C-01-01
O0184,C,3629.1,6457.7,6470.3,6485.6,6508.3,6916.0,6930.8,6959.0,3329.9,2828.6,AMR3,AMR1,1,12,3,48.7,48.7,AMR3,43.7,43.7,AMR1,0,0,0.0,0,0,0,0,0.0,0,0.0,41,45.8,47.8,0.0,T-0330,C-05-03,T-0185,C-05-01
O0185,G,3646.2,6451.5,6485.6,6501.3,6525.8,6757.0,6765.9,6796.6,3150.4,2805.3,AMR1,AMR2,1,25,2,61.8,57.1,AMR3,40.3,40.3,AMR2,1,13,4.7,0,0,0,0,0.0,1,5.6,57,59.2,44.1,10.6,T-0331,G-04-03,T-0103,G-05-01
O0186,H,3664.5,6587.6,6611.1,6624.2,6648.6,6648.7,6661.1,6696.0,3031.5,2923.1,AMR2,AMR2,1,25,1,59.1,59.1,AMR2,38.7,38.7,AMR2,0,0,0.0,0,0,0,1,8.8,1,3.8,54,55.3,44.2,8.8,T-0335,H-02-01,T-0162,H-04-01
O0187,G,3680.1,6572.1,6595.6,6611.3,6637.9,7044.1,7058.9,7083.1,3403.0,2892.0,AMR1,AMR3,1,25,1,63.9,63.9,AMR1,39.7,39.7,AMR3,0,0,0.0,0,0,0,0,0.0,0,0.0,56,58.5,46.3,0.0,T-0334,G-05-03,T-0104,G-06-01
O0188,J,3704.2,7064.9,7088.4,7102.2,7133.5,7133.6,7145.6,7179.9,3475.7,3360.7,AMR1,AMR1,1,25,2,64.3,64.3,AMR1,45.5,45.5,AMR1,0,0,0.0,0,0,0,0,0.0,0,0.0,70,70.5,44.4,0.0,T-0347,J-06-02,T-0150,J-01-04
O0189,J,3719.4,6863.9,6889.5,6900.9,6927.6,6927.7,6938.3,6981.1,3261.7,3144.5,AMR3,AMR3,1,25,1,59.7,59.7,AMR3,43.2,43.2,AMR3,0,0,0.0,0,1,0,1,2.1,0,0.0,72,73.8,38.2,5.1,T-0342,J-01-03,T-0149,J-06-02
O0190,F,3739.2,7290.4,7313.9,7328.7,7360.3,7659.5,7674.3,7711.1,3971.9,3551.2,AMR1,AMR2,1,25,3,67.2,67.2,AMR1,48.4,48.4,AMR2,0,0,0.0,0,0,0,0,0.0,0,0.0,73,74.7,45.3,1.5,T-0353,F-03-01,T-0184,F-05-01
O0191,G,3761.7,6696.1,6719.6,6730.7,6756.9,7083.2,7109.7,7138.2,3376.5,2934.4,AMR2,AMR3,1,25,16,59.7,59.7,AMR2,51.7,51.7,AMR3,0,0,0.0,0,0,0,0,0.0,0,0.0,74,75.4,40.4,0.0,T-0337,G-06-03,T-0105,G-01-01
O0192,I,3784.2,6796.7,6820.2,6833.3,6859.3,6859.4,6870.2,6897.7,3113.5,3012.5,AMR2,AMR2,1,25,1,60.7,60.7,AMR2,36.0,36.0,AMR2,0,0,0.0,0,0,0,0,0.0,0,0.0,56,58.3,42.6,0.0,T-0340,I-01-01,T-0257,I-04-01
O0193,H,3808.2,6766.9,6790.4,6803.3,6826.7,6826.8,6837.4,6863.8,3055.6,2958.7,AMR3,AMR3,1,25,1,57.9,57.9,AMR3,34.3,34.3,AMR3,0,0,0.0,0,0,0,1,3.4,0,0.0,52,54.8,38.6,3.4,T-0339,H-04-01,T-0173,H-05-01
O0194,H,3825.9,6852.5,6876.0,6890.5,6915.9,7157.0,7170.3,7197.8,3371.9,3026.6,AMR1,AMR2,1,25,1,61.5,60.1,AMR2,41.0,41.0,AMR2,1,11,1.4,0,0,0,0,0.0,0,0.0,54,55.3,48.9,0.0,T-0341,H-05-01,T-0190,H-02-02
O0195,G,3844.8,6981.2,7004.7,7019.2,7044.0,7471.4,7485.1,7514.6,3669.8,3136.4,AMR3,AMR3,1,25,1,60.9,60.9,AMR3,42.3,42.3,AMR3,0,0,0.0,0,0,0,0,0.0,0,0.0,58,60.1,45.9,0.0,T-0345,G-05-01,T-0163,G-03-01
O0196,H,3861.4,7196.0,7215.4,7230.0,7256.4,7256.5,7271.6,7304.5,3443.1,3334.6,AMR3,AMR3,1,12,1,51.7,51.7,AMR3,40.2,40.2,AMR3,0,0,0.0,0,0,0,1,8.0,2,5.4,41,43.8,49.2,15.4,T-0351,H-02-02,T-0200,H-04-02
O0197,I,3886.2,6897.8,6921.3,6934.5,6961.2,6961.3,6970.5,6996.5,3110.3,3011.6,AMR2,AMR2,1,25,1,61.5,61.5,AMR2,34.4,34.4,AMR2,0,0,0.0,0,1,0,0,0.0,0,0.0,54,56.8,41.8,0.0,T-0343,I-02-01,T-0263,I-03-01
O0198,J,3910.3,7711.2,7734.7,7748.7,7780.2,7780.3,7793.9,7825.1,3914.8,3800.9,AMR2,AMR2,1,25,1,65.5,65.5,AMR2,44.0,44.0,AMR2,0,0,0.0,0,0,0,0,0.0,0,0.0,68,69.0,44.8,0.0,T-0364,J-04-03,T-0159,J-01-01
O0199,B,3931.9,6959.1,6982.6,6995.8,7019.2,7019.3,7033.6,7064.8,3132.9,3027.2,AMR1,AMR1,1,25,0,57.4,51.3,AMR2,43.2,43.2,AMR1,1,11,6.1,0,0,0,0,0.0,0,0.0,60,61.1,44.5,0.0,T-0344,B-03-02,T-0202,B-01-03
O0200,H,3951.2,7098.2,7121.7,7133.3,7156.9,7540.3,7565.8,7593.7,3642.5,3147.0,AMR2,AMR2,1,25,14,56.8,56.8,AMR2,52.5,52.5,AMR2,0,0,0.0,0,0,0,0,0.0,0,0.0,67,68.7,43.4,0.0,T-0348,H-05-03,T-0219,H-03-01
O0201,D,3954.4,6996.6,7020.1,7030.7,7051.7,7480.1,7491.5,7528.3,3573.9,3042.2,AMR2,AMR1,1,25,1,52.4,52.4,AMR2,39.9,39.9,AMR1,0,0,0.0,0,0,0,1,9.5,1,4.5,53,55.1,38.7,9.5,T-0346,D-03-02,T-0223,D-02-01
O0202,F,3958.7,7825.2,7848.7,7864.7,7896.0,7896.1,7909.6,7943.5,3984.8,3866.5,AMR2,AMR2,1,25,1,67.3,67.3,AMR2,46.7,46.7,AMR2,0,0,0.0,0,0,0,0,0.0,0,0.0,72,72.1,46.1,0.0,T-0367,F-01-01,T-0186,F-06-01
O0203,E,3964.7,7613.5,7637.0,7651.6,7677.9,7793.9,7803.6,7840.0,3875.3,3648.8,AMR3,AMR3,1,25,1,62.5,62.5,AMR3,45.2,45.2,AMR3,0,0,0.0,0,0,0,0,0.0,0,0.0,66,67.0,43.5,0.0,T-0362,E-01-01,T-0075,E-05-05
O0204,A,3969.6,7180.0,7203.5,7215.5,7243.8,7243.9,7254.7,7290.3,3320.7,3210.4,AMR1,AMR1,1,25,1,61.9,61.9,AMR1,44.1,44.1,AMR1,0,0,0.0,0,0,0,0,0.0,0,0.0,72,71.6,38.6,0.0,T-0350,A-04-03,T-0154,A-02-01
O0205,C,3973.5,7138.3,7161.8,7173.4,7195.9,7573.2,7585.8,7613.4,3639.9,3164.8,AMR3,AMR3,1,25,0,55.7,55.7,AMR3,40.5,40.5,AMR3,0,0,0.0,0,0,0,0,0.0,0,0.0,53,54.0,43.8,0.0,T-0349,C-01-01,T-0205,C-06-01
O0206,C,3980.3,7436.1,7459.6,7475.1,7499.9,7500.0,7513.6,7540.2,3559.9,3455.8,AMR2,AMR2,1,25,1,61.9,61.9,AMR2,39.4,39.4,AMR2,0,0,0.0,0,0,0,0,0.0,0,0.0,54,55.8,48.2,0.0,T-0358,C-04-01,T-0195,C-03-01
O0207,C,3983.9,7197.9,7230.0,7244.4,7267.1,7267.2,7277.5,7318.5,3334.6,3214.0,AMR2,AMR2,1,25,1,58.7,58.7,AMR2,38.6,38.6,AMR2,0,0,0.0,0,0,0,2,13.4,2,8.6,52,54.3,44.2,22.0,T-0352,C-05-01,T-0193,C-04-01
O0208,H,3990.7,7304.6,7328.1,7340.9,7366.5,7366.6,7377.8,7405.6,3414.9,3313.9,AMR3,AMR3,1,25,1,60.0,60.0,AMR3,39.7,39.7,AMR3,0,0,0.0,0,0,0,0,0.0,0,0.0,52,54.8,46.1,0.0,T-0354,H-04-02,T-0209,H-05-02
O0209,J,3994.4,7854.4,7877.9,7893.5,7921.1,7921.2,7930.0,7974.2,3979.8,3860.0,AMR1,AMR1,1,25,1,64.8,64.8,AMR1,40.7,40.7,AMR1,0,0,0.0,0,0,0,1,13.5,1,8.5,64,65.4,40.8,13.5,T-0369,J-01-01,T-0164,J-02-01
O0210,E,3997.8,7318.6,7342.1,7354.6,7382.5,8848.8,8865.5,8899.8,4902.0,3320.8,AMR2,AMR1,1,25,4,60.4,60.4,AMR2,50.2,50.2,AMR1,0,0,0.0,0,0,0,0,0.0,0,0.0,71,71.8,43.1,0.0,T-0355,E-04-03,T-0169,E-03-01
O0211,G,4003.1,7405.7,7429.2,7440.8,7471.3,7974.3,8001.7,8031.7,4028.6,3402.6,AMR3,AMR1,1,25,16,62.1,62.1,AMR3,54.1,54.1,AMR1,0,0,0.0,0,0,0,0,0.0,0,0.0,77,77.8,45.2,0.0,T-0356,G-01-01,T-0178,G-01-02
O0212,D,4009.8,7421.3,7444.8,7455.9,7480.0,7678.0,7693.4,7727.4,3717.6,3411.5,AMR1,AMR3,1,25,5,56.8,56.8,AMR1,44.8,44.8,AMR3,0,0,0.0,0,0,0,1,4.4,0,0.0,58,59.7,44.0,4.4,T-0357,D-02-02,T-0229,D-01-03
O0213,B,4015.2,7528.4,7551.9,7563.0,7587.6,7587.7,7602.8,7634.4,3619.2,3513.2,AMR1,AMR1,1,25,1,57.3,57.3,AMR1,44.4,44.4,AMR1,0,0,0.0,0,0,0,0,0.0,0,0.0,60,61.0,44.9,0.0,T-0360,B-04-02,T-0206,B-02-03
O0214,C,4020.9,7514.7,7538.2,7549.1,7573.1,8020.4,8032.8,8064.0,4043.1,3493.8,AMR3,AMR3,1,25,2,55.7,55.7,AMR3,42.4,42.4,AMR3,0,0,0.0,0,0,0,1,1.4,0,0.0,56,56.3,44.3,1.4,T-0359,C-03-01,T-0235,C-01-02
O0215,I,4027.1,8283.9,8307.4,8323.7,8356.9,8357.0,8370.3,8397.4,4370.3,4256.8,AMR3,AMR3,1,25,1,64.2,64.2,AMR3,39.5,39.5,AMR3,0,0,0.0,0,1,1,0,0.0,1,0.3,56,58.5,49.6,5.3,T-0380,I-05-01,T-0287,I-05-03
O0216,H,4031.6,7634.5,7658.0,7669.9,7698.0,7698.1,7708.7,7740.1,3708.5,3602.9,AMR1,AMR1,1,25,0,60.8,60.8,AMR1,34.8,34.8,AMR1,0,0,0.0,0,0,0,1,7.3,1,2.3,54,55.5,42.7,7.3,T-0363,H-03-01,T-0233,H-03-02
O0217,A,4037.9,7593.8,7617.3,7631.5,7659.4,9851.8,9867.0,9911.3,5873.4,3555.9,AMR2,AMR3,1,25,1,62.1,62.1,AMR2,52.9,52.9,AMR3,0,0,0.0,0,1,1,0,0.0,0,0.0,74,74.5,47.6,3.0,T-0361,A-02-01,T-0191,A-01-02
O0218,F,4044.8,9250.6,9274.1,9286.5,9318.6,9318.7,9329.7,9366.0,5321.2,5205.8,AMR1,AMR1,1,25,2,66.9,66.9,AMR1,46.5,46.5,AMR1,0,0,0.0,0,0,0,0,0.0,0,0.0,70,70.5,44.8,0.0,T-0407,F-06-01,T-0220,F-03-02
O0219,H,4048.4,7740.2,7763.7,7777.4,7806.0,7806.1,7818.9,7854.3,3805.9,3691.8,AMR1,AMR1,1,25,0,63.1,63.1,AMR1,37.2,37.2,AMR1,0,0,0.0,0,0,0,1,11.3,1,6.3,54,55.3,47.4,11.3,T-0366,H-03-02,T-0236,H-06-02
O0220,I,4054.6,8031.8,8055.3,8071.4,8104.6,8104.7,8116.5,8156.5,4101.9,3977.2,AMR1,AMR1,1,25,1,62.9,62.9,AMR1,41.2,41.2,AMR1,0,0,0.0,0,0,1,1,8.2,1,3.2,60,63.4,50.0,11.2,T-0372,I-04-01,T-0282,I-06-01
O0221,E,4059.4,7727.5,7751.0,7764.1,7793.8,10989.8,11003.9,11042.5,6983.1,3668.1,AMR3,AMR2,1,25,1,62.8,62.8,AMR3,50.4,50.4,AMR2,0,0,0.0,0,0,0,0,0.0,0,0.0,70,70.0,49.0,0.0,T-0365,E-05-03,T-0198,E-04-02
O0222,A,4065.8,8174.4,8197.9,8210.4,8239.2,8239.3,8248.2,8283.8,4218.0,4108.6,AMR3,AMR3,1,25,1,62.9,62.9,AMR3,43.7,43.7,AMR3,0,0,0.0,0,0,0,0,0.0,0,0.0,70,70.1,39.2,0.0,T-0377,A-05-03,T-0158,A-03-01
O0223,I,4072.3,7840.1,7863.6,7876.5,7904.3,7904.4,7917.3,7960.8,3888.5,3767.8,AMR3,AMR3,1,25,0,61.5,61.5,AMR3,41.6,41.6,AMR3,0,0,0.0,0,0,0,1,12.5,1,7.5,56,58.4,49.7,12.5,T-0368,I-03-01,T-0273,I-05-01
O0224,C,4077.8,7960.9,7984.4,7996.4,8020.3,8510.0,8523.6,8554.3,4476.5,3883.1,AMR3,AMR3,1,25,1,58.3,58.3,AMR3,41.1,41.1,AMR3,0,0,0.0,0,0,0,1,4.4,0,0.0,51,53.0,46.3,4.4,T-0371,C-06-01,T-0242,C-02-02
O0225,D,4084.2,7943.6,7967.1,7982.5,8005.9,8006.0,8019.2,8047.0,3962.8,3859.4,AMR2,AMR2,1,25,1,60.4,60.4,AMR2,42.2,42.2,AMR2,0,0,0.0,0,0,0,0,0.0,0,0.0,52,54.3,49.0,0.0,T-0370,D-02-01,T-0240,D-02-03
O0226,H,4090.4,8047.1,8070.6,8085.2,8107.2,8107.3,8116.6,8139.1,4048.7,3956.7,AMR2,AMR2,1,25,1,58.2,58.2,AMR2,32.0,32.0,AMR2,0,0,0.0,0,0,0,0,0.0,0,0.0,54,55.3,36.6,0.0,T-0373,H-05-02,T-0247,H-01-01
O0227,A,4093.4,8541.3,8564.8,8580.3,8610.3,9561.0,9575.2,9612.8,5519.4,4447.9,AMR2,AMR1,1,25,2,66.3,66.3,AMR2,50.0,50.0,AMR1,0,0,0.0,0,0,0,0,0.0,0,0.0,72,72.6,48.2,0.0,T-0388,A-03-01,T-0177,A-05-01
O0228,D,4099.3,8064.1,8093.1,8109.3,8131.6,8131.7,8141.9,8174.3,4075.0,3964.8,AMR3,AMR3,1,25,1,58.5,58.5,AMR3,41.7,41.7,AMR3,0,0,0.0,0,0,1,0,0.0,1,0.5,56,58.0,46.6,5.5,T-0374,D-04-02,T-0246,D-04-03
O0229,F,4104.2,9165.5,9193.4,9203.9,9237.0,9237.1,9250.4,9286.7,5182.5,5061.3,AMR3,AMR3,1,25,1,65.2,65.2,AMR3,47.3,47.3,AMR3,0,0,0.0,0,1,1,0,0.0,0,0.0,72,73.5,44.6,3.0,T-0405,F-05-01,T-0208,F-02-02
O0230,D,4107.5,8217.0,8229.6,8245.5,8273.5,8669.9,8700.6,8729.9,4622.4,4109.5,AMR1,AMR2,1,12,16,48.8,48.8,AMR1,56.7,56.7,AMR2,0,0,0.0,0,1,1,0,0.0,0,0.0,60,66.2,47.3,3.0,T-0378,D-02-03,T-0279,D-05-03
O0231,H,4113.2,8234.0,8262.7,8274.2,8300.2,8300.3,8311.2,8334.3,4221.1,4120.8,AMR2,AMR2,1,25,2,59.9,59.9,AMR2,34.2,34.2,AMR2,0,0,0.0,0,1,1,0,0.0,1,0.2,54,55.2,39.8,5.2,T-0379,H-06-02,T-0280,H-02-03
O0232,H,4120.2,8139.2,8162.7,8173.2,8195.0,8195.1,8207.2,8233.9,4113.7,4019.0,AMR2,AMR2,1,25,1,53.9,53.9,AMR2,40.0,40.0,AMR2,0,0,0.0,0,0,0,0,0.0,0,0.0,52,54.3,40.3,0.0,T-0375,H-01-01,T-0277,H-01-03
O0233,D,4125.0,8156.6,8180.1,8193.4,8216.9,8273.6,8284.2,8312.9,4187.9,4031.6,AMR1,AMR1,1,25,1,58.4,58.4,AMR1,37.0,37.0,AMR1,0,0,0.0,0,0,0,0,0.0,0,0.0,56,57.8,41.8,0.0,T-0376,D-01-03,T-0266,D-05-02
O0234,D,4130.9,8334.4,8357.9,8373.3,8398.1,8398.2,8408.2,8440.6,4309.7,4203.5,AMR2,AMR2,1,25,1,60.2,60.2,AMR2,38.2,38.2,AMR2,0,0,0.0,0,0,0,1,1.8,0,0.0,58,59.5,44.8,1.8,T-0382,D-05-02,T-0272,D-06-02
O0235,H,4134.8,8478.8,8494.8,8511.1,8535.9,8536.0,8545.7,8570.0,4435.2,4344.0,AMR1,AMR1,1,16,1,55.2,55.2,AMR1,34.1,34.1,AMR1,0,0,0.0,0,1,0,0,0.0,0,0.0,45,47.9,43.2,0.0,T-0387,H-02-03,T-0320,H-03-03
O0236,H,4141.1,8313.0,8341.5,8352.9,8378.3,8378.4,8391.2,8413.9,4272.8,4171.9,AMR1,AMR1,1,25,1,58.4,58.4,AMR1,35.8,35.8,AMR1,0,0,0.0,0,1,1,0,0.0,0,0.0,54,57.2,40.6,3.0,T-0381,H-01-03,T-0300,H-06-01
O0237,B,4145.3,8414.0,8437.5,8453.0,8478.7,8610.4,8626.7,8669.8,4524.5,4268.7,AMR1,AMR2,1,25,6,61.2,61.2,AMR1,47.4,47.4,AMR2,0,0,0.0,0,0,0,1,11.1,1,6.1,65,65.9,47.1,11.1,T-0384,B-01-03,T-0210,B-03-03
O0238,H,4148.5,8397.5,8421.0,8432.7,8456.1,8825.4,8853.3,8878.7,4730.2,4249.0,AMR3,AMR2,1,25,14,57.5,49.3,AMR2,51.6,51.6,AMR2,1,11,8.2,0,0,0,0,0.0,0,0.0,66,68.7,43.2,0.0,T-0383,H-06-01,T-0325,H-04-03
O0239,F,4155.3,9366.1,9389.6,9403.4,9437.0,9437.1,9449.3,9493.0,5337.7,5210.8,AMR1,AMR1,1,25,1,67.4,67.4,AMR1,43.7,43.7,AMR1,0,0,0.0,0,1,0,1,8.5,1,3.5,72,72.2,43.2,11.4,T-0410,F-02-02,T-0227,F-05-02
O0240,I,4161.7,8440.7,8464.2,8475.4,8505.0,8505.1,8517.6,8541.2,4379.5,4279.0,AMR2,AMR2,1,25,2,60.0,60.0,AMR2,35.3,35.3,AMR2,0,0,0.0,0,0,0,0,0.0,0,0.0,58,59.9,40.5,0.0,T-0385,I-06-01,T-0289,I-01-02
O0241,C,4166.5,8456.2,8475.3,8487.2,8509.9,9070.0,9098.3,9128.3,4961.8,4289.7,AMR3,AMR1,1,13,16,44.5,44.5,AMR3,56.6,56.6,AMR1,0,0,0.0,0,1,0,0,0.0,1,0.8,57,61.4,42.7,7.9,T-0386,C-01-02,T-0276,C-04-02
O0242,C,4173.3,8554.4,8580.2,8593.3,8613.2,8613.3,8623.9,8653.4,4480.1,4381.1,AMR3,AMR3,1,25,1,54.6,54.6,AMR3,40.2,40.2,AMR3,0,0,0.0,0,0,0,0,0.0,0,0.0,54,54.9,41.7,2.3,T-0389,C-02-02,T-0259,C-03-02
O0243,C,4178.2,8653.5,8677.0,8690.9,8714.1,8714.2,8723.8,8753.6,4575.4,4475.3,AMR3,AMR3,1,25,0,57.9,57.9,AMR3,39.6,39.6,AMR3,0,0,0.0,0,0,0,0,0.0,0,0.0,54,54.9,45.1,0.0,T-0391,C-03-02,T-0265,C-05-02
O0244,H,4181.8,8570.1,8593.6,8605.0,8631.6,8631.7,8643.1,8683.4,4501.6,4388.3,AMR1,AMR1,1,25,0,58.8,58.8,AMR1,34.8,34.8,AMR1,0,0,0.0,0,0,0,2,16.1,1,7.1,54,56.4,40.7,16.1,T-0390,H-03-03,T-0322,H-01-02
O0245,I,4188.8,8949.4,8972.9,8989.0,9018.5,9018.6,9030.3,9057.0,4868.2,4760.6,AMR3,AMR3,1,25,1,60.8,60.8,AMR3,37.6,37.6,AMR3,0,0,0.0,0,1,1,0,0.0,0,0.0,56,60.2,44.3,3.0,T-0399,I-02-02,T-0305,I-03-02
O0246,G,4194.2,8753.7,8777.2,8792.4,8817.0,8817.1,8830.2,8854.5,4660.3,4559.5,AMR3,AMR3,1,25,0,60.6,60.6,AMR3,36.6,36.6,AMR3,0,0,0.0,0,0,0,0,0.0,0,0.0,58,60.1,40.6,0.0,T-0394,G-03-01,T-0180,G-04-01
O0247,I,4199.0,8683.5,8707.0,8718.4,8741.3,8741.4,8755.2,8782.7,4583.7,4484.5,AMR1,AMR1,1,25,1,55.9,55.9,AMR1,42.5,42.5,AMR1,0,0,0.0,0,0,0,0,0.0,0,0.0,52,54.8,44.3,0.0,T-0392,I-01-02,T-0295,I-02-02
O0248,C,4204.3,8730.0,8753.5,8766.2,8786.4,8786.5,8798.8,8825.3,4621.0,4525.7,AMR2,AMR2,1,25,1,54.5,54.5,AMR2,39.0,39.0,AMR2,0,0,0.0,0,0,0,0,0.0,0,0.0,54,54.8,40.4,0.0,T-0393,C-05-02,T-0268,C-02-03
O0249,C,4209.8,8854.6,8878.1,8889.1,8910.3,8910.4,8922.1,8949.3,4739.5,4644.8,AMR3,AMR3,1,25,1,53.8,53.8,AMR3,39.0,39.0,AMR3,0,0,0.0,0,0,0,0,0.0,0,0.0,54,54.9,39.7,0.0,T-0396,C-02-03,T-0270,C-03-03
O0250,D,4213.7,8782.8,8806.3,8822.1,8848.7,9165.0,9178.9,9219.1,5005.4,4569.1,AMR1,AMR2,1,25,1,61.6,54.4,AMR2,43.0,43.0,AMR2,1,13,7.2,0,1,1,2,4.0,0,0.0,59,63.0,51.0,6.0,T-0395,D-06-02,T-0291,D-03-03
O0251,F,4218.4,10390.7,10419.4,10433.2,10466.3,10466.4,10480.5,10514.5,6296.1,6172.3,AMR3,AMR3,1,25,0,67.7,67.7,AMR3,47.3,47.3,AMR3,0,0,0.0,0,1,1,0,0.0,1,0.2,70,70.7,47.8,5.2,T-0440,F-03-03,T-0255,F-04-02
O0252,H,4221.5,8878.8,8902.3,8914.3,8940.0,8940.1,8951.4,8977.4,4755.9,4657.3,AMR2,AMR2,1,25,1,59.3,59.3,AMR2,38.5,38.5,AMR2,0,0,0.0,0,0,0,0,0.0,0,0.0,52,54.3,44.2,0.0,T-0397,H-01-02,T-0335,H-02-01
O0253,D,4227.9,8899.9,8923.4,8935.2,8961.6,9205.6,9219.7,9250.5,5022.6,4672.0,AMR1,AMR1,1,25,2,58.2,57.3,AMR3,43.1,43.1,AMR1,1,13,0.9,0,0,0,0,0.0,0,0.0,57,59.6,47.0,0.0,T-0398,D-04-03,T-0302,D-03-01
O0254,J,4234.1,8977.5,9006.3,9017.2,9047.3,9047.4,9060.4,9095.9,4861.8,4743.4,AMR2,AMR2,1,25,1,62.6,62.6,AMR2,44.0,44.0,AMR2,0,0,0.0,0,1,1,1,2.2,1,0.3,68,68.9,41.9,7.5,T-0401,J-02-01,T-0166,J-04-01
O0255,D,4238.8,8961.7,8989.0,9002.4,9026.5,9026.6,9037.3,9069.9,4831.1,4722.9,AMR1,AMR1,1,14,1,48.6,48.6,AMR1,36.0,36.0,AMR1,0,0,0.0,0,0,0,2,7.7,2,8.0,45,49.0,39.9,19.2,T-0400,D-05-03,T-0284,D-01-01
O0256,D,4245.1,9096.0,9119.5,9133.7,9164.9,10511.6,10524.6,10560.4,6315.3,4850.9,AMR2,AMR2,1,25,1,58.1,58.1,AMR2,43.9,43.9,AMR2,0,0,0.0,0,2,1,2,4.5,0,0.0,60,63.8,48.4,5.5,T-0403,D-01-01,T-0311,D-06-01
O0257,E,4250.5,9057.1,9080.6,9093.0,9119.4,9119.5,9128.4,9165.4,4914.9,4806.6,AMR3,AMR3,1,25,0,59.6,59.6,AMR3,43.6,43.6,AMR3,0,0,0.0,0,0,0,0,0.0,0,0.0,68,68.5,39.7,0.0,T-0402,E-03-01,T-0182,E-04-01
O0258,J,4254.0,9479.3,9502.8,9516.6,9550.5,9550.6,9559.7,9594.2,5340.2,5225.3,AMR3,AMR3,1,25,1,67.7,67.7,AMR3,41.2,41.2,AMR3,0,0,0.0,0,0,0,0,0.0,0,0.0,70,70.6,44.2,0.0,T-0413,J-04-01,T-0189,J-06-01
O0259,I,4260.7,9323.5,9347.0,9359.9,9387.9,9388.0,9397.3,9424.9,5164.2,5062.8,AMR2,AMR2,1,25,1,60.9,60.9,AMR2,34.5,34.5,AMR2,0,0,0.0,0,0,0,1,1.5,0,0.0,56,58.5,41.3,1.5,T-0409,I-05-03,T-0308,I-05-02
O0260,I,4264.1,9128.4,9157.0,9169.8,9205.5,9587.1,9598.0,9629.7,5365.6,4864.3,AMR1,AMR2,1,25,1,59.4,59.4,AMR1,40.2,40.2,AMR2,0,0,0.0,0,3,3,0,0.0,2,0.3,57,59.2,45.5,15.0,T-0404,I-03-02,T-0318,I-06-02
O0261,C,4268.4,9219.2,9242.7,9254.7,9279.9,9280.0,9294.2,9323.4,5055.0,4950.8,AMR2,AMR2,1,25,1,58.8,58.8,AMR2,43.6,43.6,AMR2,0,0,0.0,0,0,0,0,0.0,0,0.0,54,54.8,49.3,0.0,T-0406,C-04-02,T-0297,C-02-01
O0262,G,4275.2,9969.4,9982.7,9998.3,10026.7,10109.0,10121.3,10153.1,5877.9,5694.2,AMR3,AMR2,1,13,1,56.8,56.8,AMR3,43.2,43.2,AMR2,0,0,0.0,0,0,0,0,0.0,0,0.0,45,49.1,52.3,0.0,T-0428,G-06-01,T-0224,G-02-02
O0263,J,4282.0,14905.4,14928.9,14952.0,14982.3,14982.4,14998.6,15031.3,10749.3,10623.4,AMR1,AMR1,1,25,1,73.4,73.4,AMR1,46.4,46.4,AMR1,0,0,0.0,0,0,0,1,1.7,0,0.0,68,69.0,55.1,1.7,T-0565,J-04-03,T-0369,J-01-01
O0264,B,4287.3,9286.8,9310.3,9322.5,9345.8,9345.9,9356.6,9387.4,5100.1,4999.5,AMR3,AMR3,1,25,1,55.5,55.5,AMR3,40.7,40.7,AMR3,0,0,0.0,0,0,0,0,0.0,0,0.0,60,61.1,39.4,0.0,T-0408,B-02-03,T-0218,B-05-02
O0265,H,4292.4,10153.2,10176.7,10191.1,10218.3,10218.4,10227.7,10252.5,5960.1,5860.8,AMR2,AMR2,1,25,1,63.2,61.8,AMR1,34.3,34.3,AMR2,1,3,1.4,0,0,0,0,0.0,0,0.0,54,55.3,43.9,0.0,T-0433,H-04-03,T-0351,H-02-02
O0266,I,4299.4,9425.0,9448.5,9461.9,9488.5,9488.6,9497.1,9525.6,5226.2,5125.6,AMR2,AMR2,1,25,1,60.0,60.0,AMR2,36.1,36.1,AMR2,0,0,0.0,0,0,0,0,0.0,0,0.0,56,58.5,42.0,0.0,T-0412,I-05-02,T-0315,I-04-02
O0267,H,4304.3,9387.5,9411.0,9423.9,9446.1,9446.2,9456.6,9479.2,5174.9,5083.2,AMR3,AMR3,1,25,1,56.7,50.3,AMR2,33.2,33.2,AMR3,1,9,6.4,0,1,0,0,0.0,0,0.0,54,55.3,36.3,0.0,T-0411,H-02-01,T-0339,H-04-01
O0268,I,4307.7,9525.7,9549.2,9561.7,9587.0,10350.6,10361.9,10390.6,6082.9,5218.0,AMR2,AMR3,1,25,1,57.8,57.8,AMR2,41.2,41.2,AMR3,0,0,0.0,0,0,0,0,0.0,0,0.0,54,56.4,44.9,0.0,T-0415,I-04-02,T-0343,I-02-01
O0269,F,4312.6,9493.1,9516.6,9531.0,9560.9,12161.0,12180.1,12215.6,7903.0,5180.5,AMR1,AMR2,1,25,5,65.1,65.1,AMR1,52.3,52.3,AMR2,0,0,0.0,0,0,0,0,0.0,0,0.0,77,76.9,45.5,0.0,T-0414,F-03-02,T-0294,F-01-03
O0270,H,4315.8,9594.3,9617.8,9630.4,9653.8,9653.9,9666.1,9689.5,5373.7,5278.5,AMR3,AMR3,1,25,1,57.6,57.6,AMR3,36.3,36.3,AMR3,0,0,0.0,0,0,0,0,0.0,0,0.0,52,54.8,40.3,0.0,T-0416,H-04-01,T-0341,H-05-01
O0271,G,4319.3,9629.8,9653.3,9665.4,9691.5,9691.6,9702.5,9729.7,5410.4,5310.5,AMR2,AMR2,1,25,1,59.8,59.8,AMR2,36.1,36.1,AMR2,0,0,0.0,0,0,0,1,1.2,0,0.0,58,60.0,38.6,1.2,T-0418,G-04-01,T-0222,G-03-02
O0272,I,4324.9,9612.9,9636.4,9647.4,9677.5,9677.6,9692.0,9718.2,5393.3,5288.0,AMR1,AMR1,1,25,2,60.3,60.3,AMR1,39.8,39.8,AMR1,0,0,0.0,0,0,0,0,0.0,0,0.0,58,59.9,45.3,0.0,T-0417,I-06-02,T-0321,I-02-03
O0273,I,4328.6,9779.8,9794.4,9809.9,9835.0,9835.1,9848.3,9875.8,5547.2,5451.2,AMR1,AMR1,1,14,2,51.5,51.5,AMR1,39.8,39.8,AMR1,0,0,0.0,0,0,0,0,0.0,0,0.0,47,51.1,44.8,0.0,T-0422,I-06-03,T-0324,I-03-03
O0274,H,4333.4,9689.6,9713.1,9728.6,9751.6,9751.7,9764.7,9790.6,5457.2,5356.2,AMR3,AMR3,1,25,1,60.1,55.2,AMR2,39.6,39.6,AMR3,1,9,4.9,0,0,0,0,0.0,0,0.0,52,54.8,46.1,0.0,T-0419,H-05-01,T-0348,H-05-03
O0275,I,4336.9,9718.3,9741.8,9753.7,9779.7,9875.9,9904.3,9931.2,5594.3,5381.4,AMR1,AMR1,1,25,14,59.5,59.5,AMR1,52.0,52.0,AMR1,0,0,0.0,0,0,0,0,0.0,0,0.0,69,71.6,45.1,0.0,T-0420,I-02-03,T-0326,I-04-03
O0276,B,4340.1,9729.8,9753.3,9765.9,9788.7,9788.8,9798.3,9827.4,5487.3,5389.7,AMR2,AMR2,1,25,1,57.0,57.0,AMR2,37.8,37.8,AMR2,0,0,0.0,0,0,0,0,0.0,0,0.0,58,59.5,38.0,0.0,T-0421,B-05-02,T-0239,B-03-01
O0277,I,4343.7,9942.9,9967.9,9978.6,10004.1,10004.2,10015.1,10043.9,5700.2,5599.2,AMR2,AMR2,1,25,0,57.0,57.0,AMR2,35.9,35.9,AMR2,0,0,0.0,0,0,0,1,3.0,0,0.0,54,56.9,39.5,4.5,T-0427,I-03-03,T-0332,I-01-03
O0278,A,4347.6,9790.7,9814.2,9825.7,9851.7,11232.3,11247.6,11282.1,6934.5,5443.1,AMR3,AMR3,1,25,1,59.1,59.1,AMR3,48.9,48.9,AMR3,0,0,0.0,0,0,0,0,0.0,0,0.0,70,70.2,40.6,0.0,T-0423,A-05-01,T-0196,A-03-02
O0279,B,4354.4,9827.5,9851.0,9864.3,9894.4,9894.5,9907.4,9942.8,5588.4,5473.1,AMR2,AMR2,1,25,0,59.5,59.5,AMR2,37.9,37.9,AMR2,0,0,0.0,0,1,1,1,9.7,1,4.7,58,59.5,41.3,14.4,T-0424,B-03-01,T-0249,B-06-02
O0280,H,4361.1,10252.6,10276.1,10291.9,10316.1,10316.2,10328.7,10354.3,5993.2,5891.5,AMR2,AMR2,1,25,1,61.6,61.6,AMR2,38.3,38.3,AMR2,0,0,0.0,0,0,0,0,0.0,0,0.0,54,55.3,46.3,0.0,T-0436,H-02-02,T-0354,H-04-02
O0281,B,4367.4,9911.4,9934.9,9947.7,9969.3,10026.8,10039.8,10069.8,5702.4,5544.0,AMR3,AMR3,1,25,4,56.8,56.8,AMR3,42.7,42.7,AMR3,0,0,0.0,0,0,0,0,0.0,0,0.0,58,61.3,39.6,0.0,T-0425,B-06-02,T-0254,B-04-03
O0282,D,4372.6,9931.3,9954.8,9968.0,9991.2,9991.3,10000.6,10029.3,5656.7,5558.7,AMR1,AMR1,1,25,0,57.2,57.2,AMR1,35.7,35.7,AMR1,0,0,0.0,0,0,0,0,0.0,0,0.0,56,57.9,40.0,0.0,T-0426,D-03-01,T-0307,D-04-01
O0283,F,4376.8,10088.9,10108.5,10122.4,10153.2,10153.3,10168.6,10201.8,5825.0,5712.1,AMR1,AMR1,1,12,1,55.4,55.4,AMR1,46.2,46.2,AMR1,0,0,0.0,0,0,0,0,0.0,1,2.6,59,60.6,44.6,7.6,T-0432,F-05-02,T-0248,F-02-03
O0284,C,4383.5,10029.4,10052.9,10065.0,10088.8,10317.4,10342.1,10370.2,5986.7,5645.9,AMR1,AMR1,1,25,16,57.5,57.5,AMR1,53.1,53.1,AMR1,0,0,0.0,0,0,0,0,0.0,0,0.0,67,69.6,42.6,0.0,T-0429,C-02-01,T-0304,C-06-02
O0285,G,4389.4,10044.0,10067.5,10079.4,10108.9,11282.2,11310.5,11340.7,6951.3,5654.6,AMR2,AMR3,1,25,16,61.4,61.4,AMR2,58.2,58.2,AMR3,0,0,0.0,0,0,0,0,0.0,0,0.0,73,74.8,48.6,0.0,T-0430,G-01-02,T-0262,G-05-02
O0286,I,4394.4,10069.9,10093.4,10108.5,10134.7,10134.8,10144.7,10172.8,5778.4,5675.5,AMR3,AMR3,1,25,1,62.9,62.9,AMR3,39.2,39.2,AMR3,0,0,0.0,0,0,0,0,0.0,0,0.0,52,54.8,48.0,0.0,T-0431,I-01-03,T-0340,I-01-01
O0287,F,4398.7,10201.9,10225.4,10241.3,10271.4,10271.5,10284.7,10317.3,5918.6,5803.2,AMR1,AMR1,1,25,1,66.0,66.0,AMR1,44.9,44.9,AMR1,0,0,0.0,0,0,0,0,0.0,0,0.0,72,72.3,43.0,0.0,T-0435,F-02-03,T-0251,F-03-03
O0288,J,4405.4,10172.9,10196.4,10209.2,10242.6,10242.7,10257.7,10289.6,5884.2,5767.5,AMR3,AMR3,1,25,2,65.4,65.4,AMR3,44.0,44.0,AMR3,0,0,0.0,0,0,0,1,2.0,0,0.0,70,70.6,44.0,2.0,T-0434,J-06-01,T-0211,J-03-01
O0289,I,4410.7,10560.5,10584.0,10599.2,10624.9,10625.0,10637.8,10664.3,6253.6,6149.8,AMR2,AMR2,1,25,0,61.7,61.7,AMR2,37.0,37.0,AMR2,0,0,0.0,0,0,0,0,0.0,0,0.0,56,58.4,45.3,0.0,T-0444,I-03-01,T-0372,I-04-01
O0290,I,4415.0,10289.7,10313.2,10324.3,10350.5,10433.6,10443.0,10471.3,6056.3,5874.7,AMR3,AMR1,1,25,1,57.3,57.3,AMR3,36.9,36.9,AMR1,0,0,0.0,0,0,0,1,1.6,0,0.0,54,56.8,40.1,1.6,T-0437,I-01-01,T-0368,I-03-01
O0291,J,4421.9,10805.4,10820.7,10836.6,10866.7,10866.8,10880.9,10910.7,6488.8,6383.5,AMR1,AMR1,1,15,0,58.6,58.6,AMR1,43.1,43.1,AMR1,0,0,0.0,0,0,0,0,0.0,0,0.0,56,59.3,45.9,0.0,T-0451,J-03-01,T-0232,J-01-02
O0292,H,4426.9,10354.4,10379.2,10391.9,10415.4,10415.5,10430.0,10454.6,6027.7,5927.5,AMR2,AMR2,1,25,1,57.8,57.8,AMR2,38.3,38.3,AMR2,0,0,0.0,0,0,0,1,1.3,0,0.0,54,56.3,42.5,1.3,T-0438,H-04-02,T-0363,H-03-01
O0293,I,4433.4,10370.3,10393.8,10405.2,10433.5,10772.8,10799.7,10828.6,6395.2,5936.9,AMR1,AMR2,1,25,14,55.8,55.8,AMR1,52.5,52.5,AMR2,0,0,0.0,0,2,1,0,0.0,0,0.0,71,74.1,41.9,3.0,T-0439,I-02-01,T-0380,I-05-01
O0294,D,4439.3,10454.7,10478.2,10490.0,10511.5,10536.6,10551.8,10578.2,6138.9,6015.4,AMR2,AMR1,1,25,7,53.3,53.3,AMR2,40.6,40.6,AMR1,0,0,0.0,0,0,0,0,0.0,0,0.0,62,63.5,34.9,0.0,T-0441,D-04-01,T-0314,D-05-01
O0295,E,4444.2,10578.3,10601.8,10615.8,10645.4,10645.5,10659.6,10690.5,6246.3,6134.1,AMR1,AMR1,1,25,2,62.8,62.8,AMR1,44.2,44.2,AMR1,0,0,0.0,0,0,0,0,0.0,0,0.0,70,70.0,42.1,0.0,T-0445,E-06-03,T-0194,E-01-02
O0296,E,4449.9,10471.4,10494.9,10508.5,10536.5,12986.6,13002.4,13046.8,8596.9,6021.5,AMR1,AMR1,1,25,1,61.6,61.6,AMR1,49.4,49.4,AMR1,0,0,0.0,0,0,0,1,10.0,1,5.0,68,68.5,46.8,10.0,T-0442,E-04-01,T-0264,E-01-03
O0297,H,4456.4,10514.6,10538.1,10550.2,10577.3,10577.4,10590.3,10618.0,6161.6,6058.2,AMR3,AMR3,1,25,0,60.0,60.0,AMR3,40.7,40.7,AMR3,0,0,0.0,0,1,0,0,0.0,0,0.0,54,55.5,47.8,0.0,T-0443,H-03-01,T-0366,H-03-02
O0298,G,4462.3,10618.1,10641.6,10656.0,10685.4,10685.5,10700.6,10726.3,6264.0,6155.8,AMR3,AMR3,1,25,1,63.8,63.1,AMR2,40.0,40.0,AMR3,1,10,0.7,0,0,0,0,0.0,0,0.0,60,61.6,46.5,0.0,T-0446,G-02-02,T-0244,G-04-02
O0299,H,4467.7,10726.4,10749.9,10766.2,10790.9,10791.0,10802.9,10844.7,6377.0,6258.7,AMR3,AMR3,1,25,0,61.8,56.5,AMR2,38.9,38.9,AMR3,1,11,5.3,0,1,0,1,11.3,1,6.3,54,55.4,47.8,15.0,T-0449,H-03-02,T-0373,H-05-02
O0300,C,4473.7,10690.6,10718.5,10733.2,10754.6,11212.0,11221.9,11251.2,6777.5,6216.9,AMR1,AMR2,1,25,0,58.5,58.5,AMR1,38.4,38.4,AMR2,0,0,0.0,0,1,1,0,0.0,0,0.0,52,55.7,44.5,3.0,T-0448,C-06-02,T-0316,C-01-03
O0301,D,4479.5,10664.4,10687.9,10703.1,10729.9,10730.0,10743.5,10772.7,6293.2,6184.9,AMR2,AMR2,1,25,1,57.0,57.0,AMR2,40.3,40.3,AMR2,0,0,0.0,0,1,1,0,0.0,0,0.0,58,59.5,43.7,5.0,T-0447,D-05-01,T-0317,D-06-03
O0302,H,4483.7,10844.8,10868.3,10881.2,10905.3,10905.4,10915.2,10942.8,6459.1,6361.1,AMR3,AMR3,1,25,1,58.6,58.6,AMR3,37.6,37.6,AMR3,0,0,0.0,0,0,0,0,0.0,0,0.0,54,55.3,42.6,0.0,T-0453,H-05-02,T-0375,H-01-01
O0303,D,4487.9,10910.8,10934.3,10950.3,10981.1,11103.9,11119.4,11149.8,6661.9,6422.9,AMR1,AMR2,1,25,3,62.0,62.0,AMR1,44.7,44.7,AMR2,0,0,0.0,0,0,1,0,0.0,0,0.0,58,62.5,50.7,3.0,T-0454,D-01-02,T-0357,D-02-02
O0304,D,4493.0,10754.7,10766.0,10778.6,10805.3,10981.2,10990.6,11017.8,6524.8,6261.7,AMR1,AMR1,1,11,1,46.9,46.9,AMR1,35.8,35.8,AMR1,0,0,0.0,0,0,0,0,0.0,0,0.0,43,46.5,40.7,0.0,T-0450,D-06-01,T-0346,D-03-02
O0305,F,4496.7,11017.9,11041.4,11052.3,11082.4,11082.5,11093.1,11124.4,6627.7,6521.2,AMR1,AMR1,1,25,1,62.6,62.6,AMR1,42.6,42.6,AMR1,0,0,0.0,0,0,0,0,0.0,0,0.0,68,69.1,37.3,0.0,T-0457,F-04-02,T-0260,F-06-02
O0306,D,4502.4,10828.7,10852.2,10866.9,10887.7,10887.8,10898.0,10923.4,6421.0,6326.3,AMR2,AMR2,1,25,0,56.3,56.3,AMR2,34.8,34.8,AMR2,0,0,0.0,0,0,0,0,0.0,0,0.0,54,56.4,38.2,0.0,T-0452,D-03-03,T-0323,D-01-02
O0307,H,4507.3,11059.8,11083.3,11098.2,11124.5,11124.6,11135.6,11166.1,6658.8,6552.5,AMR3,AMR3,1,25,2,63.6,63.6,AMR3,38.2,38.2,AMR3,0,0,0.0,0,0,0,1,3.5,0,0.0,54,55.2,47.5,3.5,T-0459,H-06-02,T-0381,H-01-03
O0308,E,4510.3,10923.5,10950.2,10964.2,10989.7,12045.6,12059.8,12094.9,7584.6,6413.2,AMR2,AMR2,1,25,1,61.1,61.1,AMR2,47.0,47.0,AMR2,0,0,0.0,0,1,0,0,0.0,0,0.0,68,68.4,43.9,3.2,T-0455,E-01-02,T-0258,E-05-02
O0309,H,4515.5,10942.9,10974.5,10987.0,11013.5,11013.6,11029.0,11059.7,6544.2,6427.4,AMR3,AMR3,1,25,1,60.6,60.6,AMR3,42.8,42.8,AMR3,0,0,0.0,0,1,1,1,3.6,1,0.6,54,55.2,49.8,11.7,T-0456,H-01-01,T-0379,H-06-02
O0310,J,4519.7,12663.7,12675.0,12688.9,12721.5,12721.6,12733.1,12773.1,8253.4,8144.0,AMR3,AMR3,1,11,0,55.7,55.7,AMR3,42.8,42.8,AMR3,0,0,0.0,0,0,0,0,0.0,0,0.0,56,60.2,46.1,3.0,T-0503,J-03-02,T-0285,J-04-02
O0311,I,4524.5,11042.6,11066.1,11079.0,11103.8,11124.5,11149.9,11179.9,6655.4,6518.1,AMR2,AMR1,1,25,14,57.7,57.7,AMR2,48.8,39.9,AMR3,1,10,8.9,1,0,0,1,1.8,0,0.0,73,74.7,40.1,1.8,T-0458,I-04-01,T-0385,I-06-01
O0312,H,4528.0,11180.0,11203.5,11219.4,11246.6,11251.3,11275.9,11312.5,6784.5,6652.0,AMR1,AMR2,1,25,14,64.7,64.7,AMR1,49.4,49.4,AMR2,0,0,0.0,0,0,0,1,12.1,1,7.1,65,67.5,48.2,12.1,T-0462,H-01-03,T-0383,H-06-01
O0313,A,4532.1,11166.2,11189.7,11204.4,11232.2,11456.5,11466.4,11503.9,6971.8,6634.1,AMR3,AMR3,1,25,0,62.5,62.5,AMR3,46.6,46.6,AMR3,0,0,0.0,0,0,0,0,0.0,0,0.0,71,71.0,42.4,0.0,T-0461,A-01-02,T-0216,A-04-01
O0314,C,4536.3,11149.9,11173.4,11189.8,11211.9,11246.7,11261.4,11298.3,6762.0,6613.6,AMR2,AMR1,1,25,3,59.3,59.3,AMR2,43.8,43.8,AMR1,0,0,0.0,0,0,0,1,7.1,1,2.1,57,58.9,47.6,7.1,T-0460,C-03-03,T-0329,C-04-03
O0315,E,4542.2,11715.3,11738.8,11754.8,11786.1,11786.2,11797.5,11834.1,7291.9,7173.1,AMR3,AMR3,1,25,1,67.3,67.3,AMR3,42.8,42.8,AMR3,0,0,0.0,0,0,0,0,0.0,0,0.0,68,69.8,45.9,3.0,T-0476,E-05-01,T-0215,E-02-02
O0316,D,4547.7,11298.4,11321.9,11335.6,11357.2,11411.3,11424.3,11450.9,6903.2,6750.7,AMR1,AMR1,1,25,0,56.9,56.9,AMR1,38.8,38.8,AMR1,0,0,0.0,0,0,0,0,0.0,0,0.0,53,55.6,42.8,0.0,T-0463,D-02-02,T-0370,D-02-01
O0317,J,4551.7,11312.6,11336.1,11347.6,11379.5,11379.6,11387.8,11422.5,6870.8,6760.9,AMR2,AMR2,1,25,1,65.0,65.0,AMR2,44.1,44.1,AMR2,0,0,0.0,0,0,0,0,0.0,0,0.0,64,65.4,44.4,0.0,T-0464,J-01-02,T-0252,J-02-02
O0318,J,4558.0,11523.4,11546.9,11560.8,11591.2,11591.3,11601.9,11637.9,7079.9,6965.4,AMR2,AMR2,1,25,1,65.9,65.9,AMR2,44.3,44.3,AMR2,0,0,0.0,0,0,0,0,0.0,0,0.0,68,68.9,45.5,0.0,T-0471,J-02-02,T-0256,J-05-01
O0319,A,4561.2,11399.2,11412.5,11427.9,11456.4,12589.7,12601.7,12636.5,8075.3,6838.0,AMR3,AMR2,1,13,1,55.1,55.1,AMR3,47.5,47.5,AMR2,0,0,0.0,0,0,0,0,0.0,0,0.0,57,59.2,44.8,0.0,T-0467,A-03-02,T-0217,A-05-02
O0320,H,4567.1,11340.8,11364.3,11377.5,11399.1,11485.6,11499.0,11523.3,6956.2,6773.7,AMR3,AMR2,1,25,1,57.2,57.2,AMR3,37.9,37.9,AMR2,0,0,0.0,0,0,0,0,0.0,0,0.0,53,54.5,41.5,0.0,T-0465,H-06-01,T-0387,H-02-03
O0321,D,4573.1,11357.3,11377.5,11389.7,11411.2,11929.0,11939.3,11968.2,7395.1,6784.2,AMR1,AMR1,1,12,1,44.2,44.2,AMR1,40.4,40.4,AMR1,0,0,0.0,0,1,0,0,0.0,1,2.6,40,44.2,41.3,7.6,T-0466,D-03-02,T-0378,D-02-03
O0322,H,4579.6,11422.6,11446.1,11459.1,11485.5,12215.7,12243.4,12280.3,7700.7,6843.0,AMR2,AMR2,1,25,14,61.0,61.0,AMR2,52.5,52.5,AMR2,0,0,0.0,0,0,0,1,9.1,1,4.1,67,69.5,47.6,10.4,T-0468,H-05-03,T-0419,H-05-01
O0323,F,4583.6,11504.0,11527.5,11540.0,11571.0,11571.1,11583.0,11616.3,7032.7,6920.4,AMR3,AMR3,1,25,2,65.9,59.8,AMR1,42.9,42.9,AMR3,1,13,6.1,0,0,0,0,0.0,0,0.0,72,72.0,40.2,0.0,T-0470,F-06-02,T-0290,F-01-02
O0324,C,4589.6,11451.0,11474.5,11488.0,11508.7,11508.8,11523.6,11551.5,6961.9,6861.4,AMR1,AMR1,1,25,1,55.8,55.8,AMR1,42.9,42.9,AMR1,0,0,0.0,0,0,0,0,0.0,0,0.0,54,54.8,45.6,0.0,T-0469,C-01-03,T-0330,C-05-03
O0325,D,4596.5,11551.6,11575.1,11586.7,11609.7,11609.8,11622.5,11651.6,7055.1,6955.1,AMR1,AMR1,1,25,1,56.2,56.2,AMR1,39.5,39.5,AMR1,0,0,0.0,0,0,0,0,0.0,0,0.0,56,57.8,42.1,0.0,T-0472,D-02-01,T-0374,D-04-02
O0326,G,4602.4,11651.7,11675.2,11686.9,11715.1,11715.2,11728.3,11764.3,7161.9,7049.3,AMR1,AMR1,1,25,0,60.7,60.7,AMR1,39.4,39.4,AMR1,0,0,0.0,0,0,0,1,7.4,1,2.4,60,61.6,43.5,7.4,T-0475,G-03-02,T-0292,G-02-01
O0327,H,4605.7,11616.4,11639.9,11654.6,11680.2,11680.3,11690.6,11715.2,7109.5,7010.7,AMR3,AMR3,1,25,1,61.9,61.9,AMR3,35.0,35.0,AMR3,0,0,0.0,0,0,0,0,0.0,0,0.0,54,55.4,43.3,0.0,T-0473,H-02-03,T-0390,H-03-03
O0328,H,4609.2,11764.4,11787.9,11802.6,11830.1,11830.2,11843.0,11866.2,7257.0,7155.2,AMR1,AMR1,1,25,0,63.0,63.0,AMR1,35.2,35.2,AMR1,0,0,0.0,0,0,0,0,0.0,0,0.0,54,56.4,45.3,0.0,T-0478,H-03-03,T-0397,H-01-02
O0329,E,4613.7,11638.0,11661.5,11675.9,11705.5,11705.6,11713.8,11750.9,7137.2,7024.3,AMR2,AMR2,1,25,1,64.0,64.0,AMR2,44.4,44.4,AMR2,0,0,0.0,0,0,0,0,0.0,0,0.0,68,68.6,44.2,0.0,T-0474,E-04-02,T-0203,E-05-01
O0330,H,4619.4,11945.0,11968.5,11984.9,12012.4,12012.5,12021.3,12044.6,7425.2,7325.6,AMR3,AMR3,1,25,1,65.5,65.5,AMR3,33.3,33.3,AMR3,0,0,0.0,0,0,0,0,0.0,0,0.0,52,54.3,45.2,0.0,T-0482,H-01-02,T-0411,H-02-01
O0331,I,4623.3,11834.2,11857.7,11871.0,11904.9,11905.0,11917.7,11944.9,7321.6,7210.9,AMR3,AMR3,1,25,1,61.3,61.3,AMR3,39.1,39.1,AMR3,0,0,0.0,0,1,1,1,2.0,0,0.0,58,61.3,46.3,3.0,T-0479,I-05-01,T-0392,I-01-02
O0332,D,4627.5,11751.0,11774.5,11788.1,11814.6,11814.7,11826.5,11851.2,7223.7,7123.5,AMR2,AMR2,1,25,1,60.1,60.1,AMR2,35.7,35.7,AMR2,0,0,0.0,0,0,0,0,0.0,0,0.0,56,57.9,42.2,0.0,T-0477,D-04-02,T-0376,D-01-03
O0333,I,4634.3,11968.3,11991.8,12004.7,12033.3,12033.4,12045.4,12070.5,7436.2,7334.0,AMR1,AMR1,1,25,2,60.7,60.7,AMR1,36.3,36.3,AMR1,0,0,0.0,0,0,0,0,0.0,0,0.0,58,59.9,42.2,0.0,T-0483,I-06-01,T-0399,I-02-02
O0334,B,4637.7,12478.8,12492.1,12507.0,12531.8,12871.0,12884.7,12919.2,8281.5,7841.1,AMR1,AMR1,1,13,3,51.7,51.7,AMR1,45.9,45.9,AMR1,0,0,0.0,0,0,0,0,0.0,0,0.0,50,53.2,48.0,0.0,T-0497,B-05-03,T-0283,B-02-01
O0335,J,4642.5,11851.3,11874.8,11890.6,11920.9,11921.0,11936.5,11982.7,7340.2,7208.8,AMR2,AMR2,1,25,1,66.1,66.1,AMR2,46.9,46.9,AMR2,0,0,0.0,0,1,0,1,11.3,1,6.3,68,69.1,48.3,13.9,T-0480,J-05-01,T-0278,J-03-02
O0336,D,4649.3,11866.3,11894.3,11907.5,11928.9,12445.7,12475.7,12505.6,7856.3,7217.0,AMR1,AMR3,1,25,16,56.2,56.2,AMR1,55.1,55.1,AMR3,0,0,0.0,0,1,1,0,0.0,0,0.0,73,75.2,42.8,4.5,T-0481,D-01-03,T-0395,D-06-02
O0337,G,4654.9,12095.0,12118.5,12133.7,12160.9,12265.5,12289.6,12318.6,7663.7,7440.1,AMR2,AMR1,1,25,16,62.4,62.4,AMR2,54.8,54.8,AMR1,0,0,0.0,0,0,0,0,0.0,0,0.0,71,72.8,46.2,0.0,T-0487,G-02-01,T-0298,G-06-02
O0338,H,4661.7,12044.7,12068.2,12081.4,12105.1,12105.2,12119.1,12142.9,7481.2,7383.0,AMR3,AMR3,1,25,1,58.5,54.5,AMR2,37.9,37.9,AMR3,1,7,4.0,0,0,0,0,0.0,0,0.0,54,55.3,42.8,0.0,T-0485,H-02-01,T-0416,H-04-01
O0339,E,4666.5,11982.8,12006.3,12019.0,12045.5,13247.8,13259.1,13300.5,8634.0,7316.3,AMR2,AMR2,1,25,1,60.8,60.8,AMR2,48.7,48.7,AMR2,0,0,0.0,0,0,0,1,5.2,1,0.2,64,64.9,45.3,5.2,T-0484,E-02-02,T-0269,E-02-03
O0340,H,4673.4,12346.3,12369.8,12384.1,12409.2,12409.3,12419.5,12445.6,7772.2,7672.9,AMR3,AMR3,1,25,1,61.0,61.0,AMR3,37.0,37.0,AMR3,0,0,0.0,0,0,0,0,0.0,0,0.0,52,54.8,44.4,0.0,T-0493,H-04-01,T-0433,H-04-03
O0341,C,4678.0,12070.6,12094.1,12107.9,12130.9,12131.0,12140.6,12168.1,7490.1,7392.6,AMR1,AMR1,1,25,1,58.4,58.4,AMR1,37.3,37.3,AMR1,0,0,0.0,0,0,0,0,0.0,0,0.0,54,54.8,42.6,0.0,T-0486,C-04-03,T-0349,C-01-01
O0342,C,4681.3,12143.0,12166.5,12178.7,12201.9,12202.0,12213.7,12240.6,7559.3,7461.7,AMR3,AMR3,1,25,1,57.0,57.0,AMR3,38.8,38.8,AMR3,0,0,0.0,0,0,0,0,0.0,0,0.0,54,54.8,42.7,0.0,T-0488,C-01-01,T-0352,C-05-01
O0343,D,4687.5,12168.2,12191.7,12203.2,12224.6,12224.7,12236.6,12265.4,7577.9,7480.7,AMR1,AMR1,1,25,1,54.5,54.5,AMR1,38.4,38.4,AMR1,0,0,0.0,0,0,0,0,0.0,0,0.0,56,57.8,39.3,0.0,T-0489,D-02-03,T-0382,D-05-02
O0344,G,4691.3,12574.2,12597.7,12611.6,12640.2,12640.3,12654.3,12686.9,7995.6,7882.9,AMR1,AMR1,1,25,1,64.1,64.1,AMR1,44.3,44.3,AMR1,0,0,0.0,0,0,0,0,0.0,0,0.0,60,61.5,51.1,0.0,T-0500,G-04-02,T-0303,G-01-03
O0345,B,4696.6,12240.7,12264.2,12274.7,12302.2,12302.3,12316.8,12346.2,7649.6,7544.1,AMR3,AMR3,1,25,0,58.8,58.8,AMR3,43.1,43.1,AMR3,0,0,0.0,0,0,0,0,0.0,0,0.0,58,59.6,45.8,0.0,T-0490,B-03-03,T-0261,B-05-03
O0346,G,4702.8,12786.4,12827.4,12842.1,12870.9,12875.7,12900.8,12936.3,8233.5,8083.6,AMR1,AMR3,1,25,16,65.1,61.6,AMR2,54.2,54.2,AMR3,1,14,3.5,0,0,0,1,3.1,1,8.5,75,76.2,48.3,20.6,T-0508,G-05-02,T-0306,G-02-03
O0347,B,4706.9,12420.1,12443.6,12456.2,12478.7,12531.9,12542.9,12574.1,7867.2,7713.2,AMR1,AMR1,1,25,1,57.5,57.5,AMR1,39.9,39.9,AMR1,0,0,0.0,0,0,0,0,0.0,0,0.0,59,60.2,40.6,0.0,T-0495,B-06-01,T-0281,B-01-01
O0348,C,4710.9,12280.4,12303.9,12319.2,12341.6,12341.7,12350.9,12378.9,7668.0,7569.5,AMR2,AMR2,1,25,1,59.3,59.3,AMR2,37.9,37.9,AMR2,0,0,0.0,0,0,0,0,0.0,0,0.0,52,54.3,44.1,0.0,T-0491,C-05-01,T-0358,C-04-01
O0349,B,4713.9,12318.7,12342.2,12354.6,12378.0,12378.1,12393.6,12420.0,7706.1,7604.8,AMR1,AMR1,1,25,1,57.4,57.4,AMR1,42.6,42.6,AMR1,0,0,0.0,0,0,0,0,0.0,0,0.0,56,58.0,43.2,0.0,T-0492,B-04-03,T-0267,B-06-01
O0350,C,4718.2,12379.0,12402.5,12418.8,12439.3,12852.0,12863.2,12890.5,8172.3,7660.8,AMR2,AMR2,1,25,1,58.4,58.4,AMR2,39.7,39.7,AMR2,0,0,0.0,0,0,0,0,0.0,0,0.0,52,53.8,45.0,0.0,T-0494,C-04-01,T-0386,C-01-02
O0351,C,4724.2,12505.7,12529.2,12544.6,12567.4,12567.5,12577.2,12605.3,7881.1,7781.5,AMR3,AMR3,1,25,0,59.0,59.0,AMR3,38.1,38.1,AMR3,0,0,0.0,0,0,0,0,0.0,0,0.0,54,54.8,44.7,0.0,T-0498,C-03-01,T-0371,C-06-01
O0352,C,4729.0,12439.4,12456.1,12467.3,12486.9,12487.0,12497.5,12526.5,7797.5,7710.4,AMR2,AMR2,1,12,1,41.5,41.5,AMR2,38.7,38.7,AMR2,0,0,0.0,0,0,0,0,0.0,0,0.0,41,44.9,38.0,4.1,T-0496,C-05-03,T-0359,C-03-01
O0353,A,4734.0,13144.6,13168.1,13182.9,13212.9,13213.0,13224.7,13258.6,8524.6,8410.6,AMR1,AMR1,1,25,1,66.4,60.2,AMR2,46.3,46.3,AMR1,1,11,6.2,0,0,0,0,0.0,0,0.0,68,68.6,45.3,0.0,T-0517,A-05-02,T-0225,A-06-01
O0354,A,4738.8,12526.6,12550.1,12560.7,12589.6,14743.0,14758.4,14793.3,10054.5,7787.8,AMR2,AMR1,1,25,2,61.1,57.5,AMR1,48.0,48.0,AMR1,1,11,3.6,0,0,0,0,0.0,0,0.0,73,72.3,41.0,0.0,T-0499,A-04-01,T-0234,A-02-02
O0355,C,4745.2,12605.4,12628.9,12639.5,12663.6,12949.7,12963.6,12990.2,8245.0,7860.2,AMR3,AMR2,1,25,1,57.1,57.1,AMR3,41.7,41.7,AMR2,0,0,0.0,0,0,0,0,0.0,0,0.0,51,53.0,45.7,0.0,T-0501,C-06-01,T-0389,C-02-02
O0356,C,4751.1,12794.5,12811.5,12827.4,12851.9,13454.9,13469.9,13499.6,8748.5,8043.4,AMR2,AMR3,1,11,2,50.4,50.4,AMR2,42.9,42.9,AMR3,0,0,0.0,0,0,0,0,0.0,1,0.7,41,45.3,51.1,5.7,T-0507,C-01-04,T-0406,C-04-02
O0357,H,4756.5,12636.6,12660.1,12674.0,12699.5,12699.6,12709.6,12736.6,7980.1,7880.1,AMR2,AMR2,1,25,1,61.0,57.8,AMR1,37.2,37.2,AMR2,1,9,3.2,0,0,0,0,0.0,0,0.0,54,55.3,44.6,0.0,T-0502,H-05-01,T-0436,H-02-02
O0358,H,4762.0,12773.2,12796.7,12811.5,12836.9,12837.0,12849.8,12875.6,8113.6,8011.2,AMR3,AMR3,1,25,1,61.8,61.8,AMR3,38.8,38.8,AMR3,0,0,0.0,0,0,0,0,0.0,0,0.0,54,55.3,47.0,0.0,T-0506,H-02-02,T-0438,H-04-02
O0359,I,4769.0,12687.0,12710.5,12723.1,12746.1,12746.2,12755.2,12786.3,8017.3,7918.0,AMR1,AMR1,1,25,1,57.2,57.2,AMR1,34.2,34.2,AMR1,0,0,0.0,0,0,0,1,5.1,1,0.1,54,56.8,37.3,5.1,T-0504,I-01-02,T-0404,I-03-02
O0360,C,4774.4,12736.7,12762.6,12773.6,12794.4,14355.3,14385.6,14415.5,9641.1,7962.3,AMR2,AMR3,1,25,16,54.2,54.2,AMR2,59.2,59.2,AMR3,0,0,0.0,0,0,0,1,1.3,0,0.0,66,68.8,45.4,3.7,T-0505,C-06-03,T-0448,C-06-02
O0361,J,4780.0,13707.0,13721.6,13732.5,13764.9,13765.0,13778.0,13810.7,9030.7,8927.0,AMR1,AMR1,1,14,1,54.4,54.4,AMR1,44.8,44.8,AMR1,0,0,0.0,0,0,0,0,0.0,0,0.0,57,60.2,43.4,0.0,T-0532,J-04-02,T-0319,J-05-02
O0362,F,4784.8,14508.2,14531.7,14548.0,14583.2,14583.3,14594.1,14629.8,9845.0,9723.4,AMR1,AMR1,1,25,1,71.5,71.5,AMR1,45.7,45.7,AMR1,0,0,0.0,0,0,0,0,0.0,0,0.0,72,72.2,49.3,0.0,T-0554,F-01-03,T-0310,F-05-03
O0363,C,4791.1,12890.6,12914.1,12930.1,12949.6,13089.5,13106.5,13131.7,8340.6,8099.5,AMR2,AMR3,1,25,2,57.1,57.1,AMR2,40.4,40.4,AMR3,0,0,0.0,0,0,0,0,0.0,0,0.0,55,57.5,43.7,0.0,T-0509,C-01-02,T-0393,C-05-02
O0364,E,4795.8,12919.3,12942.8,12956.3,12986.5,13559.9,13575.3,13613.0,8817.2,8123.5,AMR1,AMR3,1,25,1,63.7,63.7,AMR1,49.3,49.3,AMR3,0,0,0.0,0,0,0,0,0.0,0,0.0,72,71.5,48.8,0.0,T-0510,E-05-02,T-0275,E-06-02
O0365,C,4801.5,12990.3,13013.8,13027.3,13048.5,13048.6,13059.4,13086.5,8285.0,8188.8,AMR2,AMR2,1,25,1,56.3,50.8,AMR3,38.0,38.0,AMR2,1,11,5.5,0,0,0,0,0.0,0,0.0,54,54.9,41.2,0.0,T-0512,C-02-02,T-0391,C-03-02
O0366,H,4804.9,12936.4,12959.9,12970.8,12993.6,12993.7,13004.8,13031.4,8226.5,8131.5,AMR3,AMR3,1,25,1,55.3,55.3,AMR3,36.9,36.9,AMR3,0,0,0.0,0,0,0,0,0.0,0,0.0,54,56.3,38.6,0.0,T-0511,H-04-02,T-0443,H-03-01
O0367,H,4810.1,13031.5,13055.0,13065.9,13089.4,13231.9,13260.2,13283.7,8473.6,8221.4,AMR3,AMR3,1,25,14,55.2,55.2,AMR3,50.1,50.1,AMR3,0,0,0.0,0,0,0,0,0.0,0,0.0,68,70.3,39.4,0.0,T-0513,H-03-01,T-0453,H-05-02
O0368,I,4813.6,13046.9,13070.4,13083.0,13107.0,13107.1,13119.3,13144.5,8330.9,8233.3,AMR1,AMR1,1,25,1,58.2,49.0,AMR2,35.1,35.1,AMR1,1,13,9.2,0,0,0,0,0.0,0,0.0,56,58.3,39.2,0.0,T-0514,I-02-02,T-0409,I-05-03
O0369,H,4816.8,13131.8,13155.3,13166.8,13193.1,13193.2,13205.1,13231.8,8415.0,8315.0,AMR3,AMR3,1,25,1,59.4,59.4,AMR3,37.8,37.8,AMR3,0,0,0.0,0,0,0,0,0.0,0,0.0,54,56.3,43.6,0.0,T-0516,H-04-03,T-0449,H-03-02
O0370,D,4820.2,13086.6,13110.1,13123.9,13147.2,13147.3,13159.4,13187.4,8367.2,8266.4,AMR2,AMR2,1,25,1,57.1,51.8,AMR3,39.2,39.2,AMR2,1,10,5.3,0,0,0,0,0.0,0,0.0,56,58.0,42.7,0.0,T-0515,D-05-02,T-0398,D-04-03
O0371,E,4825.1,13187.5,13211.0,13222.7,13247.7,15682.0,15699.8,15738.4,10913.3,8362.4,AMR2,AMR2,1,25,2,58.3,55.1,AMR3,49.8,49.8,AMR2,1,11,3.2,0,0,0,1,2.3,0,0.0,69,71.1,43.2,2.3,T-0518,E-01-03,T-0355,E-04-03
O0372,G,4829.6,13258.7,13282.2,13296.4,13323.7,13323.8,13337.2,13368.1,8538.5,8429.1,AMR1,AMR1,1,25,2,63.9,63.9,AMR1,43.5,43.5,AMR1,0,0,0.0,0,0,0,0,0.0,0,0.0,58,59.9,49.4,0.0,T-0519,G-06-02,T-0313,G-03-03
O0373,G,4835.9,14808.0,14831.5,14846.8,14877.5,14877.6,14892.0,14919.8,10083.9,9972.1,AMR3,AMR3,1,25,1,66.0,66.0,AMR3,41.4,41.4,AMR3,0,0,0.0,0,0,0,0,0.0,0,0.0,60,61.6,50.1,0.0,T-0562,G-01-03,T-0331,G-04-03
O0374,H,4841.6,13388.5,13416.0,13430.6,13454.8,13481.6,13511.8,13537.9,8696.3,8546.9,AMR3,AMR1,1,25,14,59.6,59.6,AMR3,52.1,52.1,AMR1,0,0,0.0,0,2,2,0,0.0,0,0.0,66,69.4,45.8,7.4,T-0523,H-03-02,T-0456,H-01-01
O0375,E,4845.3,13499.7,13523.2,13534.9,13559.8,14478.4,14491.8,14528.8,9683.5,8654.4,AMR3,AMR3,1,25,2,58.2,58.2,AMR3,49.5,49.5,AMR3,0,0,0.0,0,0,0,0,0.0,0,0.0,67,67.7,42.8,0.0,T-0525,E-02-03,T-0288,E-03-03
O0376,D,4849.7,13283.8,13307.3,13320.2,13347.4,13347.5,13361.7,13388.4,8538.7,8434.1,AMR3,AMR3,1,25,2,59.3,59.3,AMR3,39.9,39.9,AMR3,0,0,0.0,0,0,0,0,0.0,0,0.0,58,59.6,44.9,0.0,T-0520,D-06-02,T-0400,D-05-03
O0377,C,4855.3,13300.6,13324.1,13339.5,13359.7,13359.8,13373.4,13400.8,8545.5,8445.3,AMR2,AMR2,1,25,0,56.4,56.4,AMR2,37.9,37.9,AMR2,0,0,0.0,0,0,0,1,2.3,0,0.0,54,55.9,41.9,2.3,T-0521,C-03-02,T-0396,C-02-03
O0378,I,4861.3,13368.2,13391.7,13403.9,13441.8,13441.9,13452.9,13481.5,8620.2,8506.9,AMR1,AMR1,1,25,0,60.8,60.8,AMR1,37.3,37.3,AMR1,0,0,0.0,0,2,2,0,0.0,1,0.2,56,58.4,44.7,10.1,T-0522,I-03-02,T-0412,I-05-02
O0379,H,4865.7,13538.0,13565.9,13579.8,13606.2,13606.3,13616.7,13641.5,8775.8,8672.3,AMR1,AMR1,1,25,1,61.9,61.9,AMR1,35.5,35.5,AMR1,0,0,0.0,0,0,1,0,0.0,0,0.0,54,56.6,43.8,3.0,T-0527,H-01-01,T-0459,H-06-02
O0380,B,4871.0,13400.9,13430.6,13441.5,13467.3,13467.4,13478.1,13514.2,8643.2,8529.9,AMR2,AMR2,1,25,1,56.7,56.7,AMR2,40.1,40.1,AMR2,0,0,0.0,0,2,2,0,0.0,0,0.0,62,66.0,40.0,7.2,T-0524,B-01-01,T-0286,B-04-01
O0381,C,4877.1,13626.6,13650.1,13665.7,13688.4,13810.8,13844.5,13873.0,8995.9,8749.5,AMR2,AMR1,1,25,16,59.9,59.9,AMR2,57.1,57.1,AMR1,0,0,0.0,0,1,1,0,0.0,1,0.3,67,69.7,49.0,5.3,T-0529,C-04-02,T-0429,C-02-01
O0382,I,4881.8,13514.3,13537.8,13550.0,13582.4,13582.5,13593.0,13626.5,8744.7,8632.5,AMR2,AMR2,1,25,1,59.1,59.1,AMR2,36.7,36.7,AMR2,0,0,0.0,0,0,1,1,6.4,2,1.9,56,58.5,41.7,11.9,T-0526,I-05-02,T-0415,I-04-02
O0383,A,4885.9,13738.8,13757.0,13768.9,13799.0,13799.1,13807.3,13846.1,8960.2,8852.9,AMR2,AMR2,1,12,2,53.5,53.5,AMR2,43.3,43.3,AMR2,0,0,0.0,0,1,1,0,0.0,1,0.6,55,59.0,39.6,8.6,T-0534,A-06-01,T-0230,A-06-02
O0384,I,4890.6,13613.1,13636.6,13647.4,13677.8,13677.9,13689.9,13717.8,8827.2,8722.5,AMR3,AMR3,1,25,1,55.3,55.3,AMR3,37.5,37.5,AMR3,0,0,0.0,0,0,1,1,2.0,0,0.0,60,62.9,38.7,3.0,T-0528,I-04-02,T-0417,I-06-02
O0385,I,4896.3,13959.5,13983.0,13998.3,14023.1,14023.2,14038.2,14065.8,9169.5,9063.2,AMR2,AMR2,1,25,1,61.7,61.7,AMR2,38.8,38.8,AMR2,0,0,0.0,0,0,0,0,0.0,0,0.0,58,59.8,46.4,0.0,T-0539,I-02-03,T-0422,I-06-03
O0386,D,4899.5,13641.6,13670.7,13682.2,13706.9,15113.3,15131.3,15171.7,10272.2,8742.1,AMR1,AMR2,1,25,3,56.2,56.2,AMR1,48.1,48.1,AMR2,0,0,0.0,0,0,1,1,6.5,2,2.1,62,63.3,48.3,12.1,T-0530,D-04-03,T-0450,D-06-01
O0387,C,4905.6,13688.5,13701.1,13717.3,13738.7,14459.0,14476.1,14508.1,9602.5,8782.9,AMR2,AMR1,1,12,3,48.3,48.3,AMR2,45.4,45.4,AMR1,0,0,0.0,0,0,0,1,2.8,0,0.0,43,47.4,49.1,2.8,T-0531,C-05-02,T-0460,C-03-03
O0388,D,4910.6,13717.9,13742.8,13757.0,13778.9,13779.0,13791.0,13825.7,8915.1,8807.3,AMR3,AMR3,1,25,1,56.1,56.1,AMR3,39.5,39.5,AMR3,0,0,0.0,0,0,0,1,6.4,1,1.4,56,57.9,42.0,7.8,T-0533,D-05-03,T-0403,D-01-01
O0389,H,4915.7,13825.8,13849.3,13865.2,13889.6,13889.7,13902.1,13928.6,9012.9,8910.1,AMR3,AMR3,1,25,1,61.9,61.9,AMR3,39.1,39.1,AMR3,0,0,0.0,0,0,0,0,0.0,0,0.0,54,55.3,47.4,0.0,T-0535,H-05-02,T-0462,H-01-03
O0390,F,4920.3,13846.2,13869.7,13883.4,13915.1,13915.2,13926.3,13959.4,9039.1,8925.9,AMR2,AMR2,1,25,1,65.4,65.4,AMR2,43.4,43.4,AMR2,0,0,0.0,0,0,0,0,0.0,0,0.0,72,72.2,40.9,0.0,T-0536,F-01-02,T-0296,F-04-01
O0391,H,4925.1,13928.7,13952.2,13966.5,13991.3,13991.4,14000.8,14025.1,9100.0,9003.6,AMR3,AMR3,1,25,2,61.5,61.5,AMR3,36.4,36.4,AMR3,0,0,0.0,0,0,0,0,0.0,0,0.0,50,52.7,43.6,0.0,T-0538,H-06-02,T-0465,H-06-01
O0392,I,4929.9,13873.1,13896.6,13910.5,13936.1,13936.2,13947.8,13976.1,9046.2,8943.2,AMR1,AMR1,1,25,2,58.7,58.7,AMR1,39.1,39.1,AMR1,0,0,0.0,0,0,0,0,0.0,0,0.0,58,59.9,43.0,0.0,T-0537,I-06-02,T-0420,I-02-03
O0393,H,4933.3,14080.5,14104.0,14117.4,14144.3,14144.4,14154.7,14180.0,9246.7,9147.2,AMR1,AMR1,1,25,2,62.7,62.7,AMR1,36.3,36.3,AMR1,0,0,0.0,0,0,0,0,0.0,0,0.0,52,54.7,44.7,0.0,T-0543,H-06-01,T-0468,H-05-03
O0394,J,4939.5,14025.2,14048.7,14060.4,14092.7,14092.8,14104.6,14133.6,9194.1,9085.7,AMR3,AMR3,1,25,1,64.0,64.0,AMR3,40.0,40.0,AMR3,0,0,0.0,0,0,0,0,0.0,0,0.0,68,69.0,39.3,0.0,T-0541,J-05-02,T-0327,J-02-03
O0395,B,4942.9,13976.2,13999.7,14015.0,14039.3,14039.4,14049.9,14080.4,9137.5,9033.3,AMR1,AMR1,1,25,1,59.6,59.6,AMR1,39.1,39.1,AMR1,0,0,0.0,0,0,0,1,1.1,0,0.0,60,61.1,41.9,1.1,T-0540,B-02-01,T-0293,B-05-01
O0396,I,4948.2,14133.7,14157.2,14171.8,14205.9,14206.0,14219.6,14243.3,9295.1,9185.5,AMR3,AMR3,1,25,1,62.3,62.3,AMR3,36.4,36.4,AMR3,0,0,0.0,0,2,1,0,0.0,0,0.0,58,61.9,44.6,3.0,T-0544,I-04-03,T-0427,I-03-03
O0397,D,4954.2,14065.9,14089.4,14100.2,14122.8,14122.9,14135.2,14163.4,9209.2,9111.7,AMR2,AMR2,1,25,1,55.0,55.0,AMR2,39.7,39.7,AMR2,0,0,0.0,0,0,0,0,0.0,0,0.0,54,56.3,41.1,0.0,T-0542,D-01-01,T-0426,D-03-01
O0398,D,4959.3,14243.4,14266.9,14282.0,14310.8,14310.9,14323.8,14355.2,9395.9,9284.1,AMR3,AMR3,1,25,1,59.0,59.0,AMR3,43.4,43.4,AMR3,0,0,0.0,0,1,1,0,0.0,0,0.0,56,58.0,48.8,4.9,T-0547,D-04-01,T-0447,D-05-01
O0399,J,4963.7,14492.5,14516.0,14531.0,14561.5,14561.6,14576.9,14605.8,9642.1,9528.8,AMR2,AMR2,1,25,0,66.3,66.3,AMR2,43.4,43.4,AMR2,0,0,0.0,0,0,0,0,0.0,0,0.0,66,67.5,45.7,0.0,T-0553,J-03-03,T-0342,J-01-03
O0400,D,4967.6,14163.5,14192.1,14205.3,14229.6,14229.7,14242.3,14272.3,9304.7,9195.9,AMR2,AMR2,1,25,0,58.3,58.3,AMR2,40.3,40.3,AMR2,0,0,0.0,0,1,1,0,0.0,1,0.1,56,57.9,45.7,5.1,T-0545,D-03-01,T-0441,D-04-01
O0401,B,4988.6,14180.1,14206.3,14220.1,14241.5,14241.6,14256.8,14286.8,9298.2,9191.5,AMR1,AMR1,1,25,1,56.8,56.8,AMR1,42.9,42.9,AMR1,0,0,0.0,0,1,0,1,2.7,0,0.0,60,61.0,42.9,2.7,T-0546,B-04-01,T-0309,B-01-02
O0402,H,5013.1,14272.4,14300.9,14313.4,14339.9,14340.0,14351.4,14377.8,9364.7,9259.3,AMR2,AMR2,1,25,1,60.6,60.6,AMR2,39.0,39.0,AMR2,0,0,0.0,0,1,1,0,0.0,0,0.0,52,56.3,46.0,3.0,T-0548,H-01-03,T-0473,H-02-03
O0403,J,5035.7,14286.9,14313.4,14324.4,14354.5,14354.6,14368.9,14399.3,9363.6,9251.2,AMR1,AMR1,1,25,1,62.7,62.7,AMR1,43.9,43.9,AMR1,0,0,0.0,0,0,0,0,0.0,0,0.0,66,67.4,41.9,3.0,T-0549,J-02-03,T-0336,J-03-03
O0404,J,5057.5,15017.3,15040.8,15054.7,15085.7,15085.8,15098.9,15139.9,10082.4,9959.8,AMR3,AMR3,1,25,1,66.5,66.5,AMR3,48.9,48.9,AMR3,0,0,0.0,0,0,0,0,0.0,0,0.0,66,68.8,50.7,3.0,T-0567,J-01-01,T-0401,J-02-01
O0405,J,5078.9,15286.7,15310.2,15326.4,15361.5,15361.6,15374.6,15411.7,10332.8,10207.8,AMR2,AMR2,1,25,1,70.0,70.0,AMR2,47.7,47.7,AMR2,0,0,0.0,0,0,0,0,0.0,0,0.0,70,70.6,53.0,1.3,T-0574,J-04-01,T-0434,J-06-01
O0406,F,5102.5,14377.9,14401.4,14416.0,14447.4,14447.5,14458.9,14492.4,9389.9,9275.4,AMR2,AMR2,1,25,1,67.6,67.6,AMR2,45.6,45.6,AMR2,0,0,0.0,0,0,0,0,0.0,0,0.0,68,69.1,45.3,0.0,T-0550,F-04-01,T-0301,F-04-03
O0407,H,5121.9,14399.4,14422.9,14436.7,14458.9,14750.7,14775.1,14807.9,9686.0,9277.5,AMR1,AMR3,1,25,14,57.6,57.6,AMR1,50.3,50.3,AMR3,0,0,0.0,0,0,0,1,7.1,1,2.1,65,67.6,42.0,7.1,T-0551,H-02-03,T-0482,H-01-02
O0408,E,5143.2,14415.6,14439.1,14451.6,14478.3,15003.9,15013.6,15051.4,9908.2,9272.4,AMR3,AMR2,1,25,1,58.4,58.4,AMR3,46.7,46.7,AMR2,0,0,0.0,0,0,0,0,0.0,0,0.0,69,69.3,40.9,0.0,T-0552,E-06-02,T-0333,E-03-02
O0409,I,5158.8,14643.2,14666.7,14682.6,14711.2,14711.3,14725.9,14750.6,9591.8,9484.4,AMR3,AMR3,1,25,0,65.3,65.3,AMR3,38.5,38.5,AMR3,0,0,0.0,0,0,0,0,0.0,0,0.0,54,56.9,50.4,0.0,T-0558,I-03-03,T-0431,I-01-03
O0410,H,5176.9,14605.9,14629.4,14641.6,14665.4,14665.5,14675.5,14702.8,9525.9,9429.0,AMR2,AMR2,1,25,1,57.6,57.6,AMR2,36.5,36.5,AMR2,0,0,0.0,0,0,0,0,0.0,0,0.0,54,56.3,40.5,0.0,T-0556,H-05-03,T-0478,H-03-03
O0411,E,5192.4,14528.9,14552.4,14565.6,14594.1,14594.2,14606.4,14643.1,9450.7,9336.5,AMR3,AMR3,1,25,0,62.5,62.5,AMR3,43.8,43.8,AMR3,0,0,0.0,0,0,0,1,4.3,0,0.0,66,67.0,42.8,4.3,T-0555,E-03-03,T-0299,E-02-01
O0412,B,5213.9,14629.9,14653.4,14667.5,14690.6,16120.8,16133.9,16166.7,10952.8,9416.0,AMR1,AMR2,1,25,3,58.8,58.8,AMR1,46.6,46.6,AMR2,0,0,0.0,0,0,0,0,0.0,0,0.0,58,60.4,46.2,0.0,T-0557,B-05-01,T-0360,B-04-02
O0413,G,5234.8,15879.9,15908.8,15932.3,15960.0,15960.1,15973.8,16002.8,10768.0,10645.1,AMR1,AMR1,1,25,1,72.8,72.8,AMR1,43.4,43.4,AMR1,0,0,0.0,0,0,0,0,0.0,1,0.4,56,58.5,58.9,5.4,T-0591,G-04-03,T-0345,G-05-01
O0414,A,5255.6,14690.7,14705.3,14717.3,14742.9,15240.4,15251.5,15286.6,10031.0,9435.1,AMR1,AMR2,1,14,1,51.1,51.1,AMR1,45.4,45.4,AMR2,0,0,0.0,0,0,0,0,0.0,0,0.0,58,60.4,38.0,0.0,T-0559,A-06-02,T-0238,A-04-02
O0415,J,5279.7,14702.9,14726.4,14739.1,14766.3,14766.4,14777.1,14819.9,9540.2,9423.2,AMR2,AMR2,1,25,1,61.5,61.5,AMR2,39.1,39.1,AMR2,0,0,0.0,0,0,0,1,10.6,1,5.6,70,70.4,35.9,10.6,T-0560,J-01-03,T-0347,J-06-02
O0416,J,5296.6,14793.4,14816.9,14828.3,14861.3,14861.4,14874.1,14905.3,9608.7,9496.8,AMR1,AMR1,1,25,2,63.6,63.6,AMR1,42.9,42.9,AMR1,0,0,0.0,0,0,0,0,0.0,0,0.0,70,70.7,41.1,0.0,T-0561,J-06-02,T-0364,J-04-03
O0417,A,5316.6,15171.8,15195.3,15209.2,15240.3,16505.4,16517.8,16556.7,11240.1,9855.2,AMR2,AMR1,1,25,1,65.0,65.0,AMR2,50.4,50.4,AMR1,0,0,0.0,0,0,0,0,0.0,0,0.0,72,71.8,48.0,0.0,T-0571,A-02-02,T-0245,A-01-03
O0418,F,5332.6,17618.3,17641.8,17663.8,17694.6,17694.7,17704.4,17738.1,12405.5,12285.7,AMR1,AMR1,1,25,0,73.6,73.6,AMR1,42.6,42.6,AMR1,0,0,0.0,0,0,0,0,0.0,0,0.0,70,70.7,49.0,0.0,T-0638,F-03-02,T-0432,F-05-02
O0419,C,5348.5,14820.0,14846.8,14861.9,14884.4,14884.5,14893.2,14936.9,9588.4,9471.5,AMR2,AMR2,1,25,1,59.2,59.2,AMR2,40.1,40.1,AMR2,0,0,0.0,0,0,0,2,12.0,1,5.8,52,53.8,46.2,16.8,T-0563,C-02-01,T-0469,C-01-03
O0420,H,5366.0,14919.9,14943.4,14958.5,14980.9,14981.0,14992.3,15017.2,9651.2,9553.9,AMR3,AMR3,1,25,1,59.1,59.1,AMR3,37.4,37.4,AMR3,0,0,0.0,0,0,0,0,0.0,0,0.0,52,54.3,42.9,0.0,T-0564,H-01-02,T-0485,H-02-01
O0421,J,5386.2,15608.8,15634.6,15650.2,15681.9,15820.7,15833.1,15865.9,10479.7,10222.6,AMR2,AMR3,1,25,1,68.1,68.1,AMR2,44.4,44.4,AMR3,0,0,0.0,0,1,0,0,0.0,0,0.0,67,68.2,47.8,2.3,T-0583,J-03-01,T-0464,J-01-02
O0422,E,5404.9,14937.0,14962.3,14977.6,15003.8,15208.9,15222.2,15258.2,9853.3,9532.1,AMR2,AMR3,1,25,0,63.1,63.1,AMR2,45.5,45.5,AMR3,0,0,0.0,0,0,0,0,0.0,0,0.0,69,69.2,45.1,1.8,T-0566,E-02-01,T-0338,E-06-01
O0423,F,5423.9,15031.4,15054.9,15065.8,15098.4,15098.5,15109.2,15154.4,9730.5,9607.5,AMR1,AMR1,1,25,1,65.1,65.1,AMR1,43.9,43.9,AMR1,0,0,0.0,0,0,0,1,9.7,1,4.7,72,72.1,41.1,9.7,T-0568,F-04-03,T-0328,F-02-01
O0424,F,5444.9,15362.8,15386.3,15401.7,15432.6,15432.7,15445.0,15478.9,10034.0,9917.9,AMR3,AMR3,1,25,1,66.3,66.3,AMR3,45.3,45.3,AMR3,0,0,0.0,0,0,0,0,0.0,0,0.0,72,72.3,43.7,0.0,T-0576,F-02-01,T-0353,F-03-01
O0425,I,5463.2,15051.5,15075.0,15090.6,15113.2,15154.5,15178.6,15204.9,9741.7,9588.3,AMR2,AMR1,1,25,14,59.8,59.8,AMR2,50.6,50.6,AMR1,0,0,0.0,0,0,0,0,0.0,0,0.0,65,68.1,44.0,0.0,T-0569,I-01-03,T-0437,I-01-01
O0426,E,5482.1,15140.0,15163.5,15179.7,15208.8,16009.5,16023.1,16057.6,10575.5,9657.9,AMR3,AMR2,1,25,2,66.1,66.1,AMR3,47.3,47.3,AMR2,0,0,0.0,0,0,0,0,0.0,0,0.0,68,68.4,48.5,0.0,T-0570,E-03-02,T-0362,E-01-01
O0427,J,5505.6,15423.4,15449.6,15465.0,15497.6,15497.7,15512.2,15543.4,10037.8,9917.8,AMR1,AMR1,1,25,2,67.2,67.2,AMR1,44.8,44.8,AMR1,0,0,0.0,0,0,0,0,0.0,0,0.0,70,70.6,46.6,2.7,T-0578,J-06-01,T-0451,J-03-01
O0428,J,5523.9,15205.0,15228.5,15239.4,15266.0,15266.1,15277.9,15309.6,9785.7,9681.1,AMR1,AMR1,1,25,1,59.1,58.8,AMR3,41.2,41.2,AMR1,1,6,0.3,0,0,0,0,0.0,0,0.0,68,68.9,35.6,0.0,T-0572,J-02-01,T-0413,J-04-01
O0429,F,5540.3,15479.0,15504.5,15518.1,15550.7,15550.8,15561.7,15595.1,10054.8,9938.7,AMR3,AMR3,1,25,0,67.0,67.0,AMR3,42.0,42.0,AMR3,0,0,0.0,0,0,0,1,2.0,0,0.0,72,72.2,41.8,2.0,T-0579,F-03-01,T-0367,F-01-01
O0430,G,5565.0,15258.3,15281.8,15293.0,15319.6,15319.7,15334.3,15362.7,9797.7,9693.3,AMR3,AMR3,1,25,1,57.8,57.8,AMR3,42.2,42.2,AMR3,0,0,0.0,0,0,0,0,0.0,0,0.0,60,61.6,42.7,0.0,T-0573,G-02-03,T-0334,G-05-03
O0431,B,5586.0,15309.7,15333.2,15348.4,15372.5,15372.6,15381.7,15423.3,9837.3,9723.7,AMR1,AMR1,1,25,1,59.3,59.3,AMR1,37.1,37.1,AMR1,0,0,0.0,0,0,0,1,12.7,1,7.7,60,61.2,39.6,12.7,T-0575,B-01-02,T-0312,B-02-02
O0432,F,5606.6,16166.8,16190.3,16206.2,16239.4,16239.5,16255.0,16288.3,10681.7,10560.2,AMR2,AMR2,1,25,1,69.1,69.1,AMR2,48.0,48.0,AMR2,0,0,0.0,0,0,0,0,0.0,0,0.0,72,72.2,49.2,0.0,T-0598,F-01-01,T-0405,F-05-01
O0433,I,5628.3,15411.8,15435.3,15449.6,15474.0,15474.1,15487.3,15511.3,9883.0,9783.5,AMR2,AMR2,1,25,1,60.3,60.3,AMR2,38.4,38.4,AMR2,0,0,0.0,0,0,0,0,0.0,0,0.0,52,54.8,44.6,0.0,T-0577,I-01-01,T-0439,I-02-01
O0434,G,5649.7,15738.5,15762.0,15776.6,15803.9,15804.0,15816.8,15845.4,10195.7,10088.8,AMR2,AMR2,1,25,0,62.7,62.7,AMR2,40.7,40.7,AMR2,0,0,0.0,0,0,0,0,0.0,0,0.0,58,60.0,46.8,0.0,T-0586,G-03-03,T-0337,G-06-03
O0435,F,5668.3,17114.7,17141.3,17157.0,17190.3,17190.4,17204.9,17238.9,11570.6,11446.4,AMR3,AMR3,1,25,2,71.4,71.4,AMR3,46.2,46.2,AMR3,0,0,0.0,0,0,0,0,0.0,0,0.0,72,72.0,49.0,3.1,T-0624,F-06-01,T-0410,F-02-02
O0436,D,5685.1,15543.5,15567.0,15583.0,15608.4,15608.5,15621.3,15649.4,9964.3,9858.4,AMR1,AMR1,1,25,1,61.4,61.4,AMR1,37.5,37.5,AMR1,0,0,0.0,0,1,0,1,2.5,0,0.0,56,58.0,45.3,2.5,T-0581,D-05-01,T-0452,D-03-03
O0437,H,5709.6,15511.4,15534.9,15546.7,15573.2,15573.3,15584.1,15608.7,9899.1,9801.8,AMR2,AMR2,1,25,1,59.9,59.9,AMR2,35.6,35.6,AMR2,0,0,0.0,0,0,0,0,0.0,0,0.0,54,55.3,41.9,0.0,T-0580,H-02-01,T-0493,H-04-01
O0438,C,5726.9,15595.2,15618.7,15634.6,15658.1,16410.4,16439.7,16470.3,10743.4,9868.3,AMR3,AMR3,1,25,16,61.8,61.8,AMR3,58.2,58.2,AMR3,0,0,0.0,0,0,0,0,0.0,0,0.0,68,70.8,52.0,0.0,T-0582,C-06-02,T-0491,C-05-01
O0439,B,5742.6,15658.2,15669.5,15682.7,15710.4,15710.5,15721.5,15751.7,10009.1,9915.6,AMR3,AMR3,1,11,1,49.3,49.3,AMR3,39.1,39.1,AMR3,0,0,0.0,0,0,0,1,1.2,0,0.0,46,49.0,43.2,1.2,T-0584,B-02-02,T-0344,B-03-02
O0440,I,5765.4,15649.5,15682.7,15698.7,15721.8,15721.9,15735.1,15766.5,10001.1,9884.1,AMR1,AMR1,1,25,1,60.7,57.8,AMR3,40.0,40.0,AMR1,1,14,2.9,0,0,0,1,3.8,1,4.7,54,56.8,46.6,13.5,T-0585,I-02-01,T-0444,I-03-01
O0441,J,5787.0,15751.8,15776.5,15788.0,15820.6,16064.8,16074.4,16106.4,10319.4,9964.8,AMR3,AMR1,1,25,1,64.1,64.1,AMR3,42.8,42.8,AMR1,0,0,0.0,0,0,0,0,0.0,0,0.0,66,67.0,42.2,1.2,T-0587,J-05-03,T-0471,J-02-02
O0442,C,5807.9,15866.0,15893.3,15908.8,15930.4,15930.5,15940.6,15967.1,10159.2,10058.1,AMR3,AMR3,1,25,1,58.7,58.7,AMR3,36.8,36.8,AMR3,0,0,0.0,0,1,1,0,0.0,0,0.0,54,54.8,42.4,3.8,T-0590,C-01-03,T-0486,C-04-03
O0443,J,5824.8,16106.5,16135.1,16146.4,16176.0,16688.2,16698.9,16734.8,10910.0,10281.7,AMR1,AMR2,1,25,0,62.5,62.5,AMR1,44.3,44.3,AMR2,0,0,0.0,0,1,1,0,0.0,1,0.1,67,68.2,42.8,5.1,T-0597,J-02-02,T-0532,J-04-02
O0444,A,5847.0,15766.6,15790.1,15804.3,15833.4,15833.5,15843.4,15879.8,10032.8,9919.6,AMR1,AMR1,1,25,1,64.9,64.9,AMR1,44.0,44.0,AMR1,0,0,0.0,0,0,0,0,0.0,0,0.0,72,71.6,41.5,0.0,T-0588,A-04-02,T-0243,A-01-01
O0445,D,5865.6,15845.5,15869.0,15880.0,15906.5,15906.6,15917.9,15946.7,10081.1,9979.9,AMR2,AMR2,1,25,2,52.1,52.1,AMR2,40.3,40.3,AMR2,0,0,0.0,0,1,1,0,0.0,0,0.0,60,60.0,38.1,3.0,T-0589,D-06-01,T-0454,D-01-02
O0446,H,5886.7,15967.2,15992.8,16003.5,16026.8,16026.9,16039.0,16071.7,10185.0,10080.5,AMR3,AMR3,1,25,1,55.6,55.6,AMR3,38.5,38.5,AMR3,0,0,0.0,0,1,0,1,7.0,1,2.0,52,54.8,40.5,9.1,T-0593,H-04-01,T-0502,H-05-01
O0447,E,5907.1,15946.8,15970.3,15982.5,16009.4,16248.5,16263.3,16300.5,10393.4,10039.7,AMR2,AMR3,1,25,1,58.3,58.3,AMR2,46.3,46.3,AMR3,0,0,0.0,0,1,0,1,3.4,0,0.0,71,70.8,40.4,3.4,T-0592,E-06-01,T-0365,E-05-03
O0448,D,5931.1,16071.8,16097.4,16111.8,16140.4,16140.5,16153.9,16184.5,10253.4,10140.7,AMR3,AMR3,1,25,1,55.7,55.7,AMR3,45.2,45.2,AMR3,0,0,0.0,0,1,1,2,4.1,0,0.0,56,60.2,47.3,5.1,T-0596,D-01-02,T-0463,D-02-02
O0449,J,5952.9,16002.9,16026.4,16036.9,16064.7,16176.1,16187.8,16224.3,10271.4,10050.0,AMR1,AMR1,1,25,1,59.9,59.9,AMR1,43.6,43.6,AMR1,0,0,0.0,0,0,0,1,2.3,0,0.0,68,68.9,38.8,2.3,T-0594,J-01-02,T-0480,J-05-01
O0450,E,5972.5,16184.6,16208.1,16224.3,16248.4,16797.4,16808.5,16845.3,10872.8,10212.1,AMR3,AMR2,1,25,0,61.9,61.9,AMR3,45.6,45.6,AMR2,0,0,0.0,0,0,0,0,0.0,0,0.0,67,67.7,44.0,0.0,T-0599,E-01-01,T-0442,E-04-01
O0451,G,5992.5,16057.7,16081.2,16092.1,16120.7,16460.1,16478.7,16508.3,10515.8,10065.2,AMR2,AMR2,1,25,5,61.1,61.1,AMR2,47.2,47.2,AMR2,0,0,0.0,0,0,0,0,0.0,0,0.0,62,64.2,47.0,0.0,T-0595,G-05-01,T-0356,G-01-01
O0452,J,6015.7,16316.2,16344.7,16359.3,16391.7,16391.8,16401.6,16435.5,10419.8,10300.5,AMR1,AMR1,1,25,1,67.0,67.0,AMR1,41.7,41.7,AMR1,0,0,0.0,0,1,1,1,1.1,0,0.0,68,71.1,44.0,4.1,T-0603,J-05-01,T-0503,J-03-02
O0453,A,6039.4,16930.7,16954.2,16969.1,17001.5,17001.6,17016.5,17050.3,11010.9,10891.3,AMR1,AMR1,1,25,1,67.3,67.3,AMR1,47.8,47.8,AMR1,0,0,0.0,0,0,0,0,0.0,0,0.0,72,71.8,47.7,0.0,T-0619,A-02-03,T-0274,A-03-03
O0454,I,6063.2,16288.4,16311.9,16324.0,16352.9,16353.0,16367.6,16395.4,10332.2,10225.2,AMR2,AMR2,1,25,0,56.6,56.6,AMR2,40.1,40.1,AMR2,0,0,0.0,0,1,1,0,0.0,1,0.2,56,58.4,43.3,5.2,T-0601,I-03-01,T-0458,I-04-01
O0455,I,6085.3,16470.4,16493.9,16507.0,16531.9,16532.0,16544.7,16574.3,10489.0,10385.1,AMR3,AMR3,1,25,1,58.0,58.0,AMR3,41.4,41.4,AMR3,0,0,0.0,0,1,0,0,0.0,0,0.0,56,58.5,45.3,0.0,T-0606,I-04-01,T-0479,I-05-01
O0456,C,6103.1,16224.4,16247.9,16259.3,16282.2,16282.3,16291.3,16316.1,10213.0,10121.3,AMR1,AMR1,1,25,1,55.9,55.9,AMR1,35.0,35.0,AMR1,0,0,0.0,0,0,0,0,0.0,0,0.0,52,53.8,37.8,0.0,T-0600,C-02-03,T-0488,C-01-01
O0457,I,6122.6,16759.4,16782.9,16797.2,16825.4,16845.4,16878.3,16909.5,10786.9,10636.8,AMR1,AMR2,1,25,14,62.5,62.5,AMR1,53.7,53.7,AMR2,0,0,0.0,0,0,1,0,0.0,1,0.6,73,74.7,49.8,5.6,T-0614,I-05-01,T-0483,I-06-01
O0458,B,6145.9,16300.6,16324.1,16335.7,16359.8,16359.9,16370.1,16410.3,10264.4,10154.7,AMR3,AMR3,1,25,0,56.5,56.5,AMR3,40.2,40.2,AMR3,0,0,0.0,0,0,0,1,7.9,1,2.9,60,61.1,40.6,7.9,T-0602,B-03-02,T-0384,B-01-03
O0459,F,6169.1,16395.5,16419.0,16431.6,16460.0,16717.0,16728.5,16759.3,10590.2,10226.4,AMR2,AMR1,1,25,1,62.6,62.6,AMR2,43.0,43.0,AMR1,0,0,0.0,0,0,0,0,0.0,0,0.0,68,69.1,37.7,0.0,T-0604,F-05-01,T-0407,F-06-01
O0460,G,6188.3,16574.4,16597.9,16608.8,16634.2,16634.3,16644.0,16671.8,10483.5,10386.1,AMR3,AMR3,1,25,1,56.3,54.5,AMR2,36.6,36.6,AMR3,1,5,1.8,0,0,0,0,0.0,0,0.0,60,61.7,35.6,0.0,T-0609,G-01-01,T-0394,G-03-01
O0461,G,6207.0,17209.5,17233.0,17249.2,17274.8,17274.9,17285.6,17312.1,11105.1,11002.5,AMR1,AMR1,1,25,0,62.6,62.6,AMR1,36.4,36.4,AMR1,0,0,0.0,0,0,0,0,0.0,0,0.0,58,60.1,42.4,0.0,T-0626,G-03-01,T-0418,G-04-01
O0462,A,6225.8,16435.6,16459.1,16472.7,16505.3,16885.0,16893.9,16930.6,10704.8,10209.8,AMR1,AMR1,1,25,1,66.2,66.2,AMR1,44.7,44.7,AMR1,0,0,0.0,0,0,0,0,0.0,0,0.0,72,71.8,43.5,0.0,T-0605,A-01-01,T-0271,A-02-03
O0463,F,6250.1,16652.1,16675.6,16686.9,16716.9,17306.9,17319.9,17353.1,11103.0,10402.0,AMR1,AMR3,1,25,1,62.9,62.9,AMR1,45.3,45.3,AMR3,0,0,0.0,0,0,0,0,0.0,0,0.0,70,70.7,40.3,0.0,T-0611,F-05-03,T-0414,F-03-02
O0464,E,6266.4,16508.4,16535.1,16547.2,16576.0,16576.1,16586.7,16621.2,10354.8,10242.0,AMR2,AMR2,1,25,1,60.9,60.9,AMR2,44.2,44.2,AMR2,0,0,0.0,0,1,0,1,3.2,0,0.0,68,68.6,40.9,3.2,T-0607,E-04-03,T-0402,E-03-01
O0465,C,6288.4,16556.8,16580.3,16592.1,16613.5,16613.6,16624.4,16652.0,10363.6,10268.4,AMR1,AMR1,1,25,1,54.8,54.8,AMR1,38.6,38.6,AMR1,0,0,0.0,0,0,0,0,0.0,0,0.0,54,54.8,40.3,0.0,T-0608,C-01-01,T-0494,C-04-01
O0466,J,6308.1,16621.3,16644.8,16655.3,16688.1,16841.0,16852.5,16891.6,10583.5,10313.2,AMR2,AMR3,1,25,1,64.1,64.1,AMR2,43.3,43.3,AMR3,0,0,0.0,0,0,1,0,0.0,0,0.0,69,71.7,42.7,3.0,T-0610,J-03-02,T-0541,J-05-02
O0467,A,6332.1,16825.5,16842.1,16855.8,16884.9,17424.3,17437.0,17484.2,11152.1,10493.4,AMR1,AMR3,1,16,0,55.9,55.9,AMR1,46.8,46.8,AMR3,0,0,0.0,0,0,0,1,12.3,1,7.3,62,64.1,42.9,12.3,T-0616,A-01-03,T-0350,A-04-03
O0468,C,6349.3,16671.9,16695.4,16710.6,16733.1,16733.2,16741.6,16770.8,10421.5,10322.6,AMR3,AMR3,1,25,1,59.3,59.3,AMR3,34.3,34.3,AMR3,0,0,0.0,0,0,0,1,4.0,0,0.0,52,54.3,40.5,4.0,T-0612,C-04-01,T-0496,C-05-03
O0469,J,6373.7,16992.6,17016.1,17029.7,17060.0,17060.1,17073.8,17114.6,10740.9,10618.9,AMR3,AMR3,1,25,1,63.9,63.9,AMR3,46.0,46.0,AMR3,0,0,0.0,0,1,0,0,0.0,0,0.0,70,72.4,45.2,4.3,T-0620,J-05-02,T-0549,J-02-03
O0470,E,6392.9,16734.9,16758.4,16770.1,16797.3,17201.9,17214.6,17250.8,10857.9,10342.0,AMR2,AMR2,1,25,3,59.7,59.7,AMR2,43.6,43.6,AMR2,0,0,0.0,0,0,0,1,1.5,0,0.0,73,73.1,36.7,1.5,T-0613,E-03-01,T-0445,E-06-03
O0471,A,6410.9,17353.2,17378.1,17392.9,17424.2,18367.5,18381.5,18417.8,12006.9,10942.3,AMR3,AMR1,1,25,1,66.9,66.9,AMR3,49.5,49.5,AMR1,0,0,0.0,0,0,0,1,1.4,0,0.0,71,70.9,49.0,1.4,T-0630,A-03-03,T-0377,A-05-03
O0472,J,6430.1,16770.9,16797.1,16810.1,16840.9,18413.2,18429.3,18462.6,12032.5,10340.8,AMR3,AMR2,1,25,2,63.8,63.8,AMR3,48.5,48.5,AMR2,0,0,0.0,0,0,0,0,0.0,0,0.0,69,69.8,46.9,2.7,T-0615,J-04-02,T-0553,J-03-03
O0473,H,6445.8,16891.7,16915.2,16929.3,16956.5,16956.6,16966.3,16992.5,10546.7,10445.9,AMR3,AMR3,1,25,1,62.9,62.9,AMR3,36.1,36.1,AMR3,0,0,0.0,0,0,0,0,0.0,0,0.0,54,55.3,45.4,0.0,T-0617,H-05-01,T-0506,H-02-02
O0474,I,6466.1,17011.5,17035.0,17047.3,17075.1,17075.2,17088.0,17128.0,10661.9,10545.4,AMR2,AMR2,1,25,2,59.3,59.3,AMR2,36.5,36.5,AMR2,0,0,0.0,0,1,0,1,12.2,1,7.2,58,59.9,41.0,15.5,T-0621,I-06-01,T-0504,I-01-02
O0475,C,6483.6,16909.6,16933.1,16944.2,16967.5,16967.6,16979.7,17011.4,10527.8,10426.0,AMR2,AMR2,1,25,1,56.0,56.0,AMR2,43.0,43.0,AMR2,0,0,0.0,0,0,0,0,0.0,0,0.0,54,55.8,45.9,0.0,T-0618,C-05-01,T-0498,C-03-01
O0476,J,6502.8,17128.1,17157.0,17170.8,17201.8,18625.0,18640.1,18677.2,12174.4,10625.3,AMR2,AMR3,1,25,0,66.4,66.4,AMR2,47.2,47.2,AMR3,0,0,0.0,0,0,0,1,4.2,1,0.4,65,66.7,49.6,9.6,T-0625,J-02-03,T-0560,J-01-03
O0477,G,6520.3,17367.8,17406.4,17421.6,17449.0,17449.1,17462.7,17498.6,10978.3,10847.5,AMR2,AMR2,1,25,1,64.2,62.2,AMR1,40.6,40.6,AMR2,1,11,2.0,0,0,0,1,9.6,2,10.8,56,58.5,47.5,24.7,T-0632,G-04-01,T-0428,G-06-01
O0478,B,6541.9,17111.8,17126.4,17141.4,17166.8,17166.9,17177.7,17209.4,10667.5,10569.9,AMR1,AMR1,1,14,1,51.5,51.5,AMR1,41.6,41.6,AMR1,0,0,0.0,0,0,0,0,0.0,0,0.0,49,52.3,45.2,0.0,T-0623,B-01-03,T-0408,B-02-03
O0479,B,6566.6,17050.4,17075.4,17089.8,17111.7,17311.5,17325.6,17367.7,10801.1,10483.8,AMR1,AMR2,1,25,1,57.9,57.9,AMR1,42.7,42.7,AMR2,0,0,0.0,0,0,0,3,12.3,1,4.6,58,59.5,43.8,14.2,T-0622,B-04-02,T-0421,B-05-02
O0480,I,6587.1,17312.2,17335.7,17350.1,17374.0,17430.7,17441.8,17470.0,10882.9,10725.1,AMR1,AMR1,1,25,1,59.9,59.9,AMR1,38.5,38.5,AMR1,0,0,0.0,0,0,0,0,0.0,0,0.0,54,56.8,44.3,0.0,T-0629,I-01-02,T-0514,I-02-02
O0481,H,6602.3,17595.0,17618.5,17632.8,17659.8,17659.9,17671.5,17695.8,11093.5,10992.7,AMR2,AMR2,1,25,1,62.9,62.9,AMR2,35.1,35.1,AMR2,0,0,0.0,0,0,0,0,0.0,0,0.0,54,56.3,44.4,0.0,T-0637,H-04-02,T-0513,H-03-01
O0482,F,6623.6,17738.2,17761.7,17776.9,17806.7,18033.0,18046.6,18097.3,11473.7,11114.6,AMR1,AMR3,1,25,1,66.6,66.6,AMR1,47.9,47.9,AMR3,0,0,0.0,0,0,0,1,9.1,1,4.1,72,74.1,46.6,12.1,T-0641,F-05-02,T-0440,F-03-03
O0483,F,6646.1,17239.0,17262.5,17273.7,17306.8,17806.8,17818.3,17854.4,11208.3,10592.9,AMR3,AMR1,1,25,1,64.3,64.3,AMR3,45.3,45.3,AMR1,0,0,0.0,0,0,0,0,0.0,0,0.0,74,73.7,41.7,0.0,T-0627,F-02-02,T-0435,F-02-03
O0484,B,6664.6,17250.9,17274.4,17285.9,17311.4,17604.2,17623.2,17652.5,10987.9,10586.3,AMR2,AMR3,1,25,5,57.0,57.0,AMR2,47.4,47.4,AMR3,0,0,0.0,0,0,0,0,0.0,0,0.0,64,65.2,43.6,0.0,T-0628,B-02-03,T-0424,B-03-01
O0485,F,6686.9,18661.4,18684.9,18700.7,18734.8,18734.9,18746.3,18784.6,12097.7,11974.5,AMR1,AMR1,1,25,1,69.9,69.9,AMR1,44.4,44.4,AMR1,0,0,0.0,0,0,0,0,0.0,0,0.0,74,73.7,46.4,3.0,T-0665,F-01-02,T-0550,F-04-01
O0486,I,6702.4,17374.1,17392.9,17406.5,17430.6,17484.3,17507.6,17541.0,10838.6,10671.7,AMR1,AMR3,1,14,14,49.4,49.4,AMR1,51.8,51.8,AMR3,0,0,0.0,0,1,0,1,3.1,0,0.0,58,62.8,43.1,7.3,T-0631,I-05-03,T-0522,I-03-02
O0487,C,6725.5,17470.1,17493.6,17508.7,17529.1,17924.4,17935.1,17963.9,11238.4,10744.6,AMR1,AMR3,1,25,2,56.3,56.3,AMR1,42.2,42.2,AMR3,0,0,0.0,0,0,0,0,0.0,0,0.0,52,53.8,44.7,0.0,T-0633,C-03-01,T-0505,C-06-03
O0488,H,6745.1,17695.9,17719.4,17734.7,17761.0,17761.1,17773.0,17799.9,11054.8,10950.8,AMR2,AMR2,1,25,0,62.4,62.4,AMR2,39.0,39.0,AMR2,0,0,0.0,0,0,0,0,0.0,0,0.0,54,55.4,48.5,0.0,T-0640,H-03-01,T-0516,H-04-03
O0489,C,6762.0,17529.2,17541.5,17557.1,17579.3,17579.4,17594.2,17618.2,10856.2,10767.2,AMR1,AMR1,1,13,0,48.4,48.4,AMR1,39.1,39.1,AMR1,0,0,0.0,0,0,0,0,0.0,0,0.0,42,43.6,45.3,0.0,T-0635,C-03-03,T-0501,C-06-01
O0490,H,6784.1,17498.7,17522.2,17535.4,17558.4,17558.5,17571.1,17594.9,10810.8,10714.6,AMR2,AMR2,1,25,1,57.8,57.8,AMR2,36.6,36.6,AMR2,0,0,0.0,0,1,0,0,0.0,0,0.0,54,55.3,40.8,0.0,T-0634,H-02-02,T-0511,H-04-02
O0491,A,6802.1,17541.1,17564.6,17576.4,17604.1,17919.0,17930.4,17979.3,11177.2,10739.0,AMR3,AMR1,1,25,2,61.1,61.1,AMR3,47.6,47.6,AMR1,0,0,0.0,0,0,0,1,10.4,1,5.4,73,72.3,40.6,10.4,T-0636,A-04-03,T-0361,A-02-01
O0492,F,6825.9,18182.7,18206.2,18219.7,18251.7,18507.4,18523.3,18560.7,11734.8,11356.8,AMR1,AMR3,1,25,2,67.1,67.1,AMR1,51.0,51.0,AMR3,0,0,0.0,0,0,0,0,0.0,0,0.0,73,72.8,49.5,0.0,T-0653,F-04-02,T-0536,F-01-02
O0493,I,6846.1,17754.8,17778.3,17792.4,17815.6,17815.7,17826.6,17866.4,11020.3,10908.7,AMR3,AMR3,1,25,1,58.9,57.0,AMR2,34.3,34.3,AMR3,1,10,1.9,0,0,0,1,11.6,1,6.6,56,58.3,39.1,14.1,T-0642,I-02-02,T-0526,I-05-02
O0494,D,6863.6,17652.6,17676.1,17692.4,17716.3,17716.4,17727.3,17754.7,10891.1,10789.0,AMR3,AMR3,1,25,1,61.8,60.2,AMR2,37.5,37.5,AMR3,1,11,1.6,0,0,0,0,0.0,0,0.0,54,56.3,45.7,0.0,T-0639,D-02-02,T-0466,D-03-02
O0495,A,6882.2,17854.5,17878.0,17889.3,17918.9,18741.5,18752.8,18801.0,11918.8,10972.3,AMR1,AMR3,1,25,1,63.3,63.3,AMR1,49.3,49.3,AMR3,0,0,0.0,0,0,0,1,9.4,1,4.4,69,69.3,45.2,9.4,T-0644,A-06-03,T-0388,A-03-01
O0496,F,6899.9,18097.4,18120.9,18132.9,18166.9,18167.0,18177.2,18211.5,11311.6,11197.5,AMR3,AMR3,1,25,0,66.8,66.8,AMR3,43.7,43.7,AMR3,0,0,0.0,0,0,0,0,0.0,0,0.0,70,70.7,43.3,0.0,T-0651,F-03-03,T-0457,F-04-02
O0497,H,6923.8,17800.0,17823.5,17839.4,17862.6,17862.7,17871.8,17896.8,10973.0,10876.2,AMR2,AMR2,1,25,0,59.9,59.9,AMR2,34.2,34.2,AMR2,0,0,0.0,0,0,0,0,0.0,0,0.0,54,55.5,41.2,0.0,T-0643,H-03-03,T-0523,H-03-02
O0498,C,6942.2,17866.5,17890.0,17904.3,17924.3,18524.3,18540.7,18578.1,11635.9,10924.3,AMR3,AMR2,1,25,2,56.7,56.7,AMR3,44.7,44.7,AMR2,0,0,0.0,0,0,0,1,7.3,1,2.3,54,56.7,47.6,7.3,T-0645,C-06-01,T-0512,C-02-02
O0499,F,6964.1,17964.0,17987.5,17998.2,18032.9,18251.8,18267.3,18300.7,11336.6,10999.9,AMR3,AMR1,1,25,1,65.4,65.4,AMR3,49.6,49.6,AMR1,0,0,0.0,0,1,0,0,0.0,0,0.0,70,70.7,47.1,0.0,T-0647,F-02-03,T-0470,F-06-02
O0500,B,6981.8,17896.9,17920.4,17933.1,17957.1,17957.2,17972.3,17998.6,11016.8,10915.1,AMR2,AMR2,1,25,0,57.5,57.5,AMR2,40.7,40.7,AMR2,0,0,0.0,0,0,0,0,0.0,0,0.0,58,59.5,42.1,0.0,T-0646,B-03-01,T-0425,B-06-02
O0501,G,7001.0,17998.7,18022.2,18033.9,18060.9,18061.0,18071.7,18113.7,11112.7,10997.7,AMR2,AMR2,1,25,2,61.1,61.1,AMR2,40.0,40.0,AMR2,0,0,0.0,0,0,0,1,10.4,1,5.4,60,61.4,43.1,10.4,T-0649,G-06-01,T-0430,G-01-02
O0502,C,7026.0,18113.8,18137.3,18153.0,18172.7,18172.8,18185.2,18223.2,11197.2,11087.8,AMR2,AMR2,1,25,1,57.0,57.0,AMR2,37.0,37.0,AMR2,0,0,0.0,0,0,0,1,12.3,1,7.3,54,54.8,40.9,13.6,T-0652,C-04-03,T-0507,C-01-04
O0503,B,7043.9,17979.4,18002.9,18016.4,18042.5,18042.6,18051.5,18081.5,11037.6,10935.5,AMR1,AMR1,1,25,1,61.2,61.2,AMR1,38.1,38.1,AMR1,0,0,0.0,0,0,0,0,0.0,0,0.0,58,59.5,42.5,0.0,T-0648,B-05-02,T-0490,B-03-03
O0504,E,7062.2,18324.3,18347.8,18363.8,18390.9,18391.0,18404.5,18438.7,11376.5,11262.1,AMR3,AMR3,1,25,1,64.7,64.7,AMR3,45.4,45.4,AMR3,0,0,0.0,0,0,0,0,0.0,0,0.0,68,68.4,45.9,0.0,T-0657,E-01-02,T-0474,E-04-02
O0505,G,7081.6,18081.6,18105.1,18116.6,18144.3,18144.4,18154.9,18182.6,11101.0,11000.0,AMR1,AMR1,1,25,1,59.2,59.2,AMR1,37.3,37.3,AMR1,0,0,0.0,0,0,0,0,0.0,0,0.0,60,61.7,39.2,0.0,T-0650,G-01-02,T-0446,G-02-02
O0506,F,7103.5,18438.8,18462.3,18476.7,18507.3,19149.2,19163.3,19201.4,12097.9,11335.3,AMR3,AMR1,1,25,1,67.4,67.4,AMR3,49.9,49.9,AMR1,0,0,0.0,0,0,0,0,0.0,0,0.0,71,71.3,49.4,0.0,T-0660,F-06-02,T-0576,F-02-01
O0507,F,7119.0,18901.3,18924.8,18940.4,18974.7,18974.8,18989.0,19023.8,11904.8,11782.3,AMR1,AMR1,1,25,1,69.9,69.9,AMR1,48.2,48.2,AMR1,0,0,0.0,0,0,0,0,0.0,0,0.0,72,72.2,50.2,0.0,T-0671,F-01-03,T-0568,F-04-03
O0508,E,7144.0,18211.6,18235.1,18247.9,18277.2,18277.3,18288.0,18324.2,11180.2,11067.6,AMR3,AMR3,1,25,1,62.1,62.1,AMR3,46.1,46.1,AMR3,0,0,0.0,0,0,0,0,0.0,0,0.0,68,68.5,44.0,0.0,T-0654,E-04-01,T-0455,E-01-02
O0509,A,7168.8,18300.8,18324.3,18335.9,18367.4,20085.7,20101.2,20138.0,12969.2,11132.0,AMR1,AMR1,1,25,1,63.1,63.1,AMR1,51.4,51.4,AMR1,0,0,0.0,0,0,0,0,0.0,0,0.0,72,71.8,47.1,0.0,T-0656,A-02-01,T-0467,A-03-02
O0510,G,7190.5,18223.3,18247.9,18262.0,18290.0,18290.1,18305.0,18337.2,11146.7,11032.8,AMR2,AMR2,1,25,1,59.1,59.1,AMR2,40.5,40.5,AMR2,0,0,0.0,0,1,0,1,5.7,1,0.7,60,61.7,42.3,9.8,T-0655,G-02-02,T-0475,G-03-02
O0511,C,7210.6,18417.9,18441.4,18454.3,18477.8,18477.9,18487.9,18513.4,11302.8,11207.3,AMR1,AMR1,1,25,1,58.0,58.0,AMR1,35.7,35.7,AMR1,0,0,0.0,0,0,0,0,0.0,0,0.0,54,54.8,40.6,0.0,T-0659,C-05-03,T-0509,C-01-02
O0512,J,7227.0,18337.3,18363.8,18379.6,18413.1,18989.6,19005.0,19040.1,11813.1,11110.3,AMR2,AMR3,1,25,3,68.5,68.5,AMR2,47.1,47.1,AMR3,0,0,0.0,0,0,0,0,0.0,0,0.0,73,74.8,48.5,3.0,T-0658,J-06-03,T-0561,J-06-02
O0513,A,7249.8,18801.1,18824.6,18840.7,18869.5,18869.6,18879.5,18923.0,11673.2,11551.3,AMR3,AMR3,1,25,0,65.7,65.7,AMR3,46.3,46.3,AMR3,0,0,0.0,0,0,0,0,0.0,0,0.0,70,71.5,45.3,5.0,T-0669,A-03-01,T-0423,A-05-01
O0514,F,7265.5,19352.1,19375.6,19390.3,19424.6,19424.7,19436.7,19467.6,12202.1,12086.6,AMR3,AMR3,1,25,1,69.0,69.0,AMR3,42.0,42.0,AMR3,0,0,0.0,0,0,0,0,0.0,0,0.0,72,72.3,43.1,0.0,T-0685,F-02-01,T-0579,F-03-01
O0515,J,7284.3,18560.8,18584.3,18595.7,18624.9,19050.1,19062.0,19098.1,11813.8,11276.5,AMR3,AMR2,1,25,3,61.4,61.4,AMR3,47.1,47.1,AMR2,0,0,0.0,0,0,0,0,0.0,0,0.0,69,70.7,41.4,0.0,T-0663,J-03-03,T-0565,J-04-03
O0516,H,7305.4,18462.7,18486.2,18498.7,18524.2,18610.2,18634.7,18661.3,11355.9,11157.3,AMR2,AMR1,1,25,14,58.8,58.8,AMR2,51.3,51.3,AMR1,0,0,0.0,0,0,0,0,0.0,0,0.0,66,68.4,44.2,0.0,T-0661,H-03-02,T-0527,H-01-01
O0517,B,7324.1,18513.5,18537.0,18549.4,18571.2,18571.3,18580.6,18610.1,11286.0,11189.4,AMR1,AMR1,1,25,2,56.6,56.6,AMR1,39.5,39.5,AMR1,0,0,0.0,0,0,0,0,0.0,0,0.0,56,57.9,38.6,0.0,T-0662,B-06-02,T-0492,B-04-03
O0518,F,7340.5,18784.7,18808.2,18823.7,18854.7,18854.8,18864.7,18901.2,11560.7,11444.2,AMR1,AMR1,1,25,1,68.1,68.1,AMR1,44.1,44.1,AMR1,0,0,0.0,0,0,0,0,0.0,0,0.0,72,72.1,44.3,0.0,T-0668,F-04-01,T-0554,F-01-03
O0519,E,7358.6,18578.2,18601.7,18617.0,18646.4,18646.5,18656.6,18693.1,11334.5,11219.6,AMR2,AMR2,1,25,1,64.7,64.7,AMR2,45.7,45.7,AMR2,0,0,0.0,0,0,0,0,0.0,0,0.0,68,68.6,46.2,0.0,T-0664,E-04-02,T-0476,E-05-01
O0520,A,7383.2,18677.3,18700.8,18714.4,18741.4,19963.7,19976.7,20017.0,12633.8,11294.1,AMR3,AMR1,1,25,1,62.2,62.2,AMR3,49.1,49.1,AMR1,0,0,0.0,0,0,0,0,0.0,0,0.0,72,71.6,43.9,1.9,T-0666,A-05-03,T-0461,A-01-02
O0521,G,7403.2,18693.2,18716.7,18727.2,18753.2,18753.3,18768.9,18818.3,11415.1,11290.0,AMR2,AMR2,1,25,0,57.3,57.3,AMR2,42.9,42.9,AMR2,0,0,0.0,0,0,0,2,16.9,1,7.2,60,61.6,43.6,19.8,T-0667,G-03-02,T-0487,G-02-01
O0522,E,7419.4,18923.1,18946.6,18959.6,18989.5,19841.1,19855.0,19891.3,12471.9,11503.7,AMR3,AMR1,1,25,1,62.9,62.9,AMR3,49.4,49.4,AMR1,0,0,0.0,0,0,0,0,0.0,0,0.0,68,68.5,48.1,0.0,T-0672,E-05-01,T-0518,E-01-03
O0523,J,7438.9,19265.3,19288.8,19304.6,19339.1,19339.2,19350.2,19384.0,11945.1,11826.4,AMR2,AMR2,1,25,2,69.5,69.5,AMR2,44.0,44.0,AMR2,0,0,0.0,0,0,0,0,0.0,0,0.0,70,70.5,48.1,0.0,T-0683,J-06-02,T-0567,J-01-01
O0524,H,7460.8,19040.2,19063.7,19079.5,19106.6,19106.7,19120.7,19147.1,11686.3,11579.4,AMR3,AMR3,1,25,1,64.5,64.5,AMR3,40.6,40.6,AMR3,0,0,0.0,0,1,0,0,0.0,0,0.0,54,55.3,51.5,0.0,T-0676,H-01-01,T-0535,H-05-02
O0525,B,7477.0,18818.4,18841.9,18853.8,18878.7,18878.8,18893.4,18938.7,11461.7,11341.4,AMR2,AMR2,1,25,0,57.6,57.6,AMR2,43.6,43.6,AMR2,0,0,0.0,0,0,0,2,13.5,1,7.3,58,59.5,45.1,15.6,T-0670,B-03-03,T-0495,B-06-01
O0526,H,7493.8,19147.2,19170.7,19185.9,19213.7,19213.8,19226.8,19249.5,11755.7,11653.4,AMR3,AMR3,1,25,1,64.6,64.6,AMR3,36.4,36.4,AMR3,0,0,0.0,0,0,0,0,0.0,0,0.0,52,54.8,47.4,0.0,T-0679,H-05-02,T-0538,H-06-02
O0527,F,7516.9,19088.5,19103.4,19115.9,19149.1,19996.9,20008.9,20047.3,12530.4,11571.6,AMR1,AMR2,1,12,0,56.4,56.4,AMR1,48.1,48.1,AMR2,0,0,0.0,0,1,0,0,0.0,0,0.0,58,59.9,48.2,2.9,T-0677,F-04-03,T-0598,F-01-01
O0528,B,7535.3,18938.8,18962.3,18974.4,18995.5,20893.9,20909.6,20941.7,13406.4,11403.5,AMR2,AMR2,1,25,1,55.6,55.6,AMR2,47.0,47.0,AMR2,0,0,0.0,0,0,0,0,0.0,0,0.0,57,58.7,45.8,0.0,T-0673,B-06-01,T-0546,B-04-01
O0529,E,7555.8,18995.6,19008.9,19023.7,19050.0,20446.5,20461.3,20498.5,12942.7,11439.8,AMR2,AMR2,1,13,1,51.5,51.5,AMR2,48.2,48.2,AMR2,0,0,0.0,0,0,0,0,0.0,0,0.0,60,61.3,45.1,0.0,T-0674,E-05-03,T-0552,E-06-02
O0530,C,7577.9,19023.9,19047.4,19063.6,19088.4,19561.0,19592.0,19620.3,12042.4,11446.0,AMR1,AMR1,1,25,16,62.6,62.6,AMR1,57.6,57.6,AMR1,0,0,0.0,0,0,0,0,0.0,0,0.0,69,71.6,52.2,0.0,T-0675,C-01-02,T-0529,C-04-02
O0531,B,7598.0,19201.5,19225.0,19239.8,19264.1,19264.2,19273.9,19302.7,11704.7,11603.5,AMR1,AMR1,1,25,1,60.7,60.7,AMR1,39.2,39.2,AMR1,0,0,0.0,0,0,0,0,0.0,0,0.0,56,58.0,43.1,0.0,T-0681,B-04-03,T-0497,B-05-03
O0532,D,7620.9,19098.2,19121.7,19137.4,19160.2,19531.7,19557.5,19585.7,11964.8,11477.3,AMR2,AMR2,1,25,16,59.3,58.9,AMR3,54.2,54.2,AMR2,1,11,0.4,0,0,0,0,0.0,0,0.0,68,71.0,45.0,0.0,T-0678,D-03-02,T-0472,D-02-01
O0533,I,7636.1,19160.3,19185.9,19197.6,19223.2,19223.3,19235.4,19265.2,11629.1,11524.2,AMR2,AMR2,1,13,0,48.5,48.5,AMR2,39.6,39.6,AMR2,0,0,0.0,0,0,0,1,1.1,1,5.6,44,48.8,44.3,11.7,T-0680,I-03-02,T-0528,I-04-02
O0534,I,7654.8,19249.6,19273.1,19285.0,19313.4,19313.5,19323.1,19352.0,11697.2,11594.8,AMR3,AMR3,1,25,1,60.3,60.3,AMR3,36.1,36.1,AMR3,0,0,0.0,0,0,0,0,0.0,0,0.0,58,60.0,42.3,0.0,T-0682,I-04-02,T-0537,I-06-02
O0535,B,7676.0,19302.8,19326.3,19340.3,19364.9,19365.0,19377.3,19411.5,11735.5,11626.8,AMR1,AMR1,1,25,1,60.2,60.2,AMR1,44.2,44.2,AMR1,0,0,0.0,0,0,0,0,0.0,0,0.0,60,61.0,47.6,0.0,T-0684,B-05-03,T-0524,B-01-01
O0536,H,7694.1,19384.1,19407.6,19423.6,19444.8,19495.8,19510.0,19531.6,11837.5,11690.0,AMR2,AMR2,1,25,1,59.6,59.6,AMR2,36.5,36.5,AMR2,0,0,0.0,0,0,0,0,0.0,0,0.0,51,54.0,42.5,0.0,T-0686,H-06-02,T-0543,H-06-01
O0537,G,7713.1,19467.7,19499.2,19514.7,19543.9,19544.0,19559.1,19598.7,11885.6,11754.6,AMR3,AMR3,1,25,1,64.7,60.7,AMR1,40.1,40.1,AMR3,1,13,4.0,0,0,0,1,11.1,2,9.1,60,61.6,47.5,21.8,T-0690,G-02-01,T-0500,G-04-02
O0538,F,7728.9,20047.4,20070.9,20086.4,20118.2,20118.3,20132.6,20168.3,12439.4,12318.5,AMR2,AMR2,1,25,1,67.3,67.3,AMR2,49.2,49.2,AMR2,0,0,0.0,0,0,0,0,0.0,0,0.0,72,72.2,48.6,0.0,T-0703,F-01-01,T-0604,F-05-01
O0539,H,7744.6,19444.9,19458.2,19469.1,19495.7,19724.0,19749.8,19778.2,12033.6,11700.3,AMR2,AMR1,1,13,14,49.5,49.5,AMR2,54.4,54.4,AMR1,0,0,0.0,0,0,0,0,0.0,0,0.0,53,57.4,47.6,0.0,T-0688,H-04-03,T-0548,H-01-03
O0540,C,7764.8,19411.6,19435.1,19450.2,19474.5,19598.8,19626.2,19652.9,11888.1,11646.8,AMR1,AMR3,1,25,16,61.0,61.0,AMR1,52.4,52.4,AMR3,0,0,0.0,0,0,0,0,0.0,0,0.0,69,71.6,45.4,0.0,T-0687,C-02-02,T-0531,C-05-02
O0541,C,7786.2,19474.6,19486.6,19499.3,19522.4,19522.5,19533.4,19560.9,11774.7,11688.4,AMR1,AMR1,1,12,2,47.3,47.3,AMR1,37.6,37.6,AMR1,0,0,0.0,0,0,0,0,0.0,0,0.0,41,44.2,42.0,0.0,T-0689,C-06-03,T-0521,C-03-02
O0542,A,7805.5,19891.4,19917.9,19934.0,19963.6,22870.4,22882.6,22922.8,15117.3,12085.9,AMR1,AMR1,1,25,1,67.3,67.3,AMR1,51.5,51.5,AMR1,0,0,0.0,0,3,0,0,0.0,0,0.0,70,70.2,51.4,3.0,T-0699,A-05-01,T-0619,A-02-03
O0543,E,7825.7,19585.8,19609.3,19625.6,19657.5,19657.6,19668.6,19704.6,11878.9,11760.1,AMR2,AMR2,1,25,2,67.4,67.4,AMR2,44.5,44.5,AMR2,0,0,0.0,0,0,0,0,0.0,0,0.0,70,70.0,47.0,1.7,T-0691,E-06-03,T-0484,E-02-02
O0544,D,7842.3,19653.0,19681.1,19697.0,19720.8,20127.5,20142.3,20184.6,12342.3,11810.7,AMR3,AMR3,1,25,2,61.3,61.3,AMR3,42.6,42.6,AMR3,0,0,0.0,0,1,1,1,10.2,1,5.2,57,60.5,49.6,14.8,T-0693,D-02-01,T-0477,D-04-02
O0545,I,7866.8,19620.4,19643.9,19655.3,19685.5,19685.6,19697.9,19723.9,11857.1,11753.6,AMR1,AMR1,1,25,1,58.7,58.7,AMR1,37.5,37.5,AMR1,0,0,0.0,0,1,1,0,0.0,0,0.0,56,58.3,42.1,3.0,T-0692,I-05-02,T-0539,I-02-03
O0546,E,7890.3,19704.7,19728.2,19739.0,19765.4,19765.5,19776.6,19812.0,11921.7,11814.4,AMR2,AMR2,1,25,1,58.8,58.8,AMR2,44.2,44.2,AMR2,0,0,0.0,0,0,0,0,0.0,0,0.0,68,68.4,38.8,0.0,T-0694,E-02-02,T-0510,E-05-02
O0547,I,7911.6,19720.9,19738.9,19754.3,19780.7,19780.8,19796.2,19828.6,11917.0,11809.3,AMR3,AMR3,1,12,2,50.7,50.7,AMR3,43.8,43.8,AMR3,0,0,0.0,0,0,0,1,3.0,1,0.4,45,49.2,50.0,8.4,T-0695,I-06-02,T-0544,I-04-03
O0548,E,7927.9,19778.3,19801.8,19814.4,19841.0,20782.8,20795.7,20831.5,12903.6,11850.4,AMR1,AMR2,1,25,2,59.2,55.5,AMR3,47.8,47.8,AMR2,1,8,3.7,0,1,0,0,0.0,0,0.0,69,69.3,42.1,0.0,T-0696,E-05-02,T-0555,E-03-03
O0549,I,7948.2,19828.7,19852.2,19863.4,19887.3,19887.4,19900.1,19945.7,11997.5,11880.5,AMR3,AMR3,1,25,1,56.7,56.7,AMR3,41.3,41.3,AMR3,0,0,0.0,0,2,0,3,7.3,0,0.0,60,64.7,43.9,8.3,T-0698,I-02-03,T-0558,I-03-03
O0550,J,7964.9,19945.8,19969.3,19982.0,20012.6,20012.7,20027.7,20061.8,12096.9,11980.9,AMR3,AMR3,1,25,1,64.9,64.9,AMR3,46.8,46.8,AMR3,0,0,0.0,0,0,0,0,0.0,0,0.0,68,68.9,47.0,0.0,T-0701,J-02-01,T-0574,J-04-01
O0551,J,7981.6,19812.1,19835.6,19850.3,19878.3,19878.4,19890.5,19929.2,11947.6,11830.5,AMR2,AMR2,1,25,1,64.3,64.3,AMR2,45.6,45.6,AMR2,0,0,0.0,0,1,0,0,0.0,0,0.0,66,68.8,45.2,3.0,T-0697,J-01-01,T-0572,J-02-01
O0552,F,8005.6,19929.3,19952.8,19964.5,19996.8,20563.8,20577.5,20610.9,12605.3,11923.7,AMR2,AMR2,1,25,1,64.8,64.8,AMR2,47.8,47.8,AMR2,0,0,0.0,0,0,0,0,0.0,0,0.0,69,69.9,44.7,0.0,T-0700,F-03-01,T-0624,F-06-01
O0553,A,8021.0,20235.5,20259.0,20274.8,20304.8,22344.6,22356.8,22395.7,14374.7,12214.5,AMR3,AMR2,1,25,1,66.6,62.0,AMR2,50.2,50.2,AMR2,1,7,4.6,0,0,0,0,0.0,0,0.0,71,71.0,49.4,0.0,T-0707,A-03-02,T-0616,A-01-03
O0554,J,8036.5,20804.9,20831.3,20844.8,20877.6,20877.7,20887.7,20924.5,12888.0,12768.4,AMR3,AMR3,1,25,0,67.1,67.1,AMR3,44.5,44.5,AMR3,0,0,0.0,0,0,0,0,0.0,0,0.0,68,69.0,47.6,2.9,T-0723,J-03-01,T-0587,J-05-03
O0555,J,8058.0,20250.9,20274.4,20286.8,20319.9,20320.0,20332.4,20365.2,12307.2,12192.9,AMR1,AMR1,1,25,1,65.5,65.5,AMR1,42.8,42.8,AMR1,0,0,0.0,0,0,0,0,0.0,0,0.0,70,70.6,43.6,0.0,T-0708,J-04-01,T-0578,J-06-01
O0556,A,8079.2,20017.1,20040.6,20054.3,20085.6,20304.9,20315.6,20352.9,12273.7,11937.9,AMR1,AMR3,1,25,0,65.0,65.0,AMR1,47.2,47.2,AMR3,0,0,0.0,0,0,0,0,0.0,0,0.0,71,71.0,45.5,0.0,T-0702,A-01-02,T-0499,A-04-01
O0557,I,8103.1,20061.9,20085.4,20099.1,20127.4,20184.7,20211.5,20235.4,12132.3,11958.8,AMR3,AMR3,1,25,14,62.8,62.8,AMR3,50.9,50.9,AMR3,0,0,0.0,0,0,0,0,0.0,0,0.0,66,68.9,47.3,0.0,T-0704,I-03-03,T-0569,I-01-03
O0558,E,8124.5,20168.4,20191.9,20206.6,20235.7,20235.8,20244.3,20275.4,12150.9,12043.9,AMR2,AMR2,1,25,1,65.4,65.4,AMR2,40.8,40.8,AMR2,0,0,0.0,0,0,0,0,0.0,0,0.0,64,64.9,42.0,0.0,T-0706,E-01-03,T-0525,E-02-03
O0559,G,8141.9,20138.1,20161.6,20176.1,20203.6,20203.7,20217.2,20250.8,12108.9,11996.2,AMR1,AMR1,1,25,1,63.6,63.6,AMR1,43.2,43.2,AMR1,0,0,0.0,0,0,0,1,4.6,0,0.0,56,58.5,49.5,4.6,T-0705,G-04-02,T-0508,G-05-02
O0560,A,8161.5,20571.4,20594.9,20611.1,20640.3,20640.4,20650.2,20694.8,12533.3,12409.9,AMR3,AMR3,1,25,1,67.0,67.0,AMR3,44.4,44.4,AMR3,0,0,0.0,0,0,0,1,8.0,1,3.0,68,68.6,44.0,10.7,T-0716,A-04-01,T-0517,A-05-02
O0561,H,8180.9,20275.5,20299.0,20310.8,20336.2,20336.3,20351.3,20378.2,12197.3,12094.6,AMR2,AMR2,1,25,2,59.6,59.6,AMR2,38.9,38.9,AMR2,0,0,0.0,0,0,0,1,3.2,0,0.0,54,55.2,44.2,3.2,T-0709,H-06-01,T-0551,H-02-03
O0562,J,8197.9,20353.0,20376.5,20391.7,20422.9,20423.0,20435.2,20467.8,12269.9,12155.1,AMR3,AMR3,1,25,2,65.6,65.6,AMR3,43.9,43.9,AMR3,0,0,0.0,0,0,0,0,0.0,0,0.0,70,70.6,44.1,0.0,T-0710,J-06-01,T-0583,J-03-01
O0563,F,8216.0,20365.3,20391.7,20405.0,20433.9,20434.0,20445.5,20481.0,12265.0,12149.3,AMR1,AMR1,1,25,1,63.8,63.8,AMR1,44.8,44.8,AMR1,0,0,0.0,0,0,0,1,2.9,0,0.0,68,69.1,40.7,5.8,T-0711,F-05-01,T-0611,F-05-03
O0564,F,8240.9,21125.4,21148.9,21162.4,21195.4,22228.9,22242.8,22277.8,14036.9,12884.5,AMR1,AMR2,1,25,1,67.3,67.3,AMR1,49.6,49.6,AMR2,0,0,0.0,0,0,0,0,0.0,0,0.0,69,69.9,49.0,0.0,T-0731,F-03-02,T-0660,F-06-02
O0565,F,8257.2,20498.6,20522.1,20534.4,20563.7,20970.9,20985.5,21022.6,12765.4,12241.4,AMR2,AMR1,1,25,2,63.2,63.2,AMR2,49.4,49.4,AMR1,0,0,0.0,0,0,0,0,0.0,0,0.0,73,72.8,44.0,0.0,T-0715,F-05-03,T-0627,F-02-02
O0566,F,8277.8,20906.2,20929.7,20940.1,20970.8,21195.5,21210.2,21247.5,12969.7,12628.4,AMR1,AMR1,1,25,0,63.5,63.5,AMR1,48.7,48.7,AMR1,0,0,0.0,0,0,0,0,0.0,0,0.0,68,69.1,45.0,2.5,T-0725,F-06-01,T-0641,F-05-02
O0567,E,8297.5,20378.3,20404.9,20418.0,20446.4,22194.8,22208.5,22245.3,13947.8,12080.8,AMR2,AMR1,1,25,0,63.1,63.1,AMR2,49.7,49.7,AMR1,0,0,0.0,0,0,0,0,0.0,0,0.0,65,66.2,49.3,3.1,T-0712,E-02-03,T-0613,E-03-01
O0568,B,8315.0,20467.9,20491.4,20505.0,20531.3,20531.4,20540.2,20571.3,12256.3,12152.9,AMR3,AMR3,1,25,1,59.9,59.9,AMR3,39.0,39.0,AMR3,0,0,0.0,0,0,0,0,0.0,0,0.0,60,61.2,42.1,0.0,T-0713,B-01-01,T-0540,B-02-01
O0569,G,8332.9,20481.1,20504.6,20519.5,20543.7,20543.8,20553.9,20586.2,12253.3,12148.2,AMR1,AMR1,1,25,1,60.7,60.7,AMR1,37.6,37.6,AMR1,0,0,0.0,0,0,0,1,5.5,1,0.5,56,58.5,41.0,5.5,T-0714,G-05-02,T-0519,G-06-02
O0570,C,8352.1,20586.3,20611.1,20623.7,20647.3,20647.4,20657.8,20682.5,12330.4,12234.2,AMR1,AMR1,1,25,0,57.0,57.0,AMR1,34.3,34.3,AMR1,0,0,0.0,0,0,0,0,0.0,0,0.0,54,55.9,38.9,1.3,T-0717,C-03-02,T-0563,C-02-01
O0571,F,8376.4,21035.2,21058.7,21073.7,21105.0,21105.1,21115.8,21150.5,12774.1,12658.8,AMR3,AMR3,1,25,1,66.3,66.3,AMR3,44.5,44.5,AMR3,0,0,0.0,0,0,0,0,0.0,0,0.0,72,72.3,42.9,0.0,T-0729,F-02-02,T-0638,F-03-02
O0572,H,8399.0,20611.0,20634.5,20646.7,20674.4,20674.5,20688.5,20713.2,12314.2,12212.0,AMR2,AMR2,1,25,1,61.5,61.5,AMR2,38.9,38.9,AMR2,0,0,0.0,0,0,0,0,0.0,0,0.0,54,55.3,46.8,0.0,T-0718,H-01-03,T-0556,H-05-03
O0573,E,8418.7,20713.3,20736.8,20751.0,20782.7,20989.7,21004.1,21035.1,12616.4,12294.6,AMR2,AMR3,1,25,0,65.1,65.1,AMR2,44.6,44.6,AMR3,0,0,0.0,0,0,0,0,0.0,0,0.0,68,68.6,46.2,0.0,T-0721,E-06-02,T-0566,E-02-01
O0574,G,8433.9,20682.6,20706.1,20720.2,20746.7,20746.8,20759.8,20790.4,12356.5,12248.7,AMR1,AMR1,1,25,2,63.0,63.0,AMR1,41.3,41.3,AMR1,0,0,0.0,0,0,0,0,0.0,0,0.0,60,61.4,46.3,0.0,T-0719,G-06-02,T-0562,G-01-03
O0575,D,8453.5,20694.9,20720.1,20732.0,20753.8,20753.9,20766.7,20804.8,12351.3,12241.4,AMR3,AMR3,1,25,1,53.7,53.7,AMR3,39.7,39.7,AMR3,0,0,0.0,0,0,0,1,10.4,1,5.4,56,57.9,39.8,12.1,T-0720,D-04-02,T-0481,D-01-03
O0576,A,8474.3,20790.5,20816.6,20831.4,20860.3,20860.4,20870.5,20906.1,12431.8,12316.2,AMR1,AMR1,1,25,1,65.3,65.3,AMR1,46.4,46.4,AMR1,0,0,0.0,0,1,0,0,0.0,0,0.0,68,68.6,44.3,2.6,T-0722,A-05-02,T-0534,A-06-01
O0577,J,8492.1,20941.8,20965.3,20978.4,21009.1,22001.4,22011.1,22049.2,13557.1,12449.7,AMR2,AMR2,1,25,0,65.4,65.4,AMR2,44.1,44.1,AMR2,0,0,0.0,0,0,0,1,1.4,0,0.0,67,68.2,45.5,1.4,T-0727,J-01-03,T-0615,J-04-02
O0578,E,8513.9,20924.6,20948.1,20960.9,20989.6,21009.2,21021.4,21055.8,12541.9,12410.7,AMR3,AMR2,1,25,3,62.3,62.3,AMR3,44.8,44.8,AMR2,0,0,0.0,0,0,0,0,0.0,0,0.0,69,71.1,40.5,0.0,T-0726,E-03-03,T-0570,E-03-02
O0579,B,8529.0,20831.6,20855.1,20869.2,20893.8,21794.0,21810.7,21849.0,13320.0,12302.6,AMR2,AMR3,1,25,2,57.1,57.1,AMR2,45.3,45.3,AMR3,0,0,0.0,0,0,0,2,7.0,1,0.4,63,65.3,44.9,7.0,T-0724,B-02-01,T-0575,B-01-02
O0580,E,8545.3,21489.7,21515.6,21531.3,21562.3,21562.4,21576.7,21611.4,13066.1,12944.4,AMR2,AMR2,1,25,2,65.9,65.9,AMR2,48.2,48.2,AMR2,0,0,0.0,0,1,0,0,0.0,0,0.0,70,70.0,49.2,2.4,T-0742,E-06-01,T-0599,E-01-01
O0581,G,8564.0,21022.7,21046.2,21059.2,21084.4,21084.5,21095.6,21125.3,12561.3,12458.7,AMR1,AMR1,1,25,1,58.2,58.2,AMR1,39.9,39.9,AMR1,0,0,0.0,0,0,0,0,0.0,0,0.0,60,61.7,40.8,0.0,T-0728,G-01-03,T-0573,G-02-03
O0582,A,8579.4,21055.9,21079.4,21094.3,21125.0,21125.1,21133.5,21166.0,12586.6,12476.5,AMR2,AMR2,1,25,2,68.0,68.0,AMR2,43.6,43.6,AMR2,0,0,0.0,0,0,0,0,0.0,0,0.0,66,66.5,43.5,0.0,T-0730,A-06-01,T-0559,A-06-02
O0583,E,8598.0,21265.7,21289.2,21302.3,21327.1,21327.2,21338.6,21374.7,12776.7,12667.7,AMR2,AMR2,1,25,1,59.5,59.5,AMR2,42.3,42.3,AMR2,0,0,0.0,0,0,0,1,1.4,0,0.0,70,69.9,37.6,1.4,T-0736,E-02-01,T-0592,E-06-01
O0584,H,8616.9,21166.1,21189.6,21205.8,21229.9,21230.0,21242.5,21265.6,12648.7,12549.2,AMR2,AMR2,1,25,1,61.9,61.9,AMR2,36.8,36.8,AMR2,0,0,0.0,0,1,0,0,0.0,0,0.0,52,54.3,45.1,0.0,T-0733,H-02-03,T-0564,H-01-02
O0585,J,8634.7,21718.1,21743.5,21756.6,21790.0,21790.1,21801.4,21833.5,13198.8,13083.4,AMR2,AMR2,1,25,1,66.5,66.5,AMR2,42.5,42.5,AMR2,0,0,0.0,0,0,0,0,0.0,0,0.0,68,69.1,44.3,1.9,T-0748,J-05-01,T-0610,J-03-02
O0586,C,8655.8,21150.6,21174.1,21190.2,21214.0,21870.8,21885.6,21917.6,13261.8,12494.8,AMR3,AMR1,1,25,1,61.5,61.5,AMR3,42.6,42.6,AMR1,0,0,0.0,0,0,0,1,4.4,0,0.0,54,54.8,51.0,4.4,T-0732,C-02-01,T-0590,C-01-03
O0587,F,8674.8,21247.6,21271.1,21282.0,21313.8,21313.9,21328.7,21362.4,12687.6,12572.8,AMR1,AMR1,1,25,1,64.3,64.3,AMR1,46.2,46.2,AMR1,0,0,0.0,0,0,0,0,0.0,0,0.0,72,72.1,42.6,0.0,T-0735,F-05-02,T-0647,F-02-03
O0588,C,8699.1,21214.1,21229.6,21240.2,21261.5,21261.6,21273.8,21301.5,12602.4,12515.0,AMR3,AMR3,1,12,1,42.6,42.6,AMR3,40.6,40.6,AMR3,0,0,0.0,0,1,0,0,0.0,0,0.0,39,42.8,41.0,3.5,T-0734,C-04-02,T-0582,C-06-02
O0589,G,8720.2,21301.6,21325.1,21336.0,21361.4,21361.5,21371.6,21398.9,12678.7,12581.4,AMR3,AMR3,1,25,1,56.3,56.3,AMR3,36.5,36.5,AMR3,0,0,0.0,0,0,0,0,0.0,0,0.0,60,61.7,35.5,0.0,T-0737,G-02-03,T-0586,G-03-03
O0590,A,8735.6,21362.5,21386.0,21401.4,21429.9,21430.0,21442.6,21478.5,12742.9,12626.9,AMR1,AMR1,1,25,2,66.3,66.3,AMR1,46.2,46.2,AMR1,0,0,0.0,0,0,0,0,0.0,0,0.0,72,71.5,44.4,0.0,T-0738,A-06-02,T-0571,A-02-02
O0591,H,8757.7,21399.0,21424.5,21438.8,21464.7,21464.8,21478.0,21506.5,12748.8,12641.3,AMR3,AMR3,1,25,1,61.8,61.8,AMR3,42.9,42.9,AMR3,0,0,0.0,0,1,0,0,0.0,0,0.0,52,54.3,51.1,2.0,T-0740,H-01-02,T-0580,H-02-01
O0592,J,8777.3,21374.8,21401.3,21414.2,21446.0,21446.1,21460.9,21489.6,12712.3,12597.5,AMR2,AMR2,1,25,1,64.7,64.7,AMR2,42.7,42.7,AMR2,0,0,0.0,0,1,0,0,0.0,0,0.0,68,69.0,42.7,3.0,T-0739,J-04-03,T-0594,J-01-02
O0593,J,8793.7,22257.2,22282.1,22296.7,22330.2,24946.8,24960.7,24995.0,16201.3,13463.5,AMR3,AMR2,1,25,2,68.1,68.1,AMR3,47.4,47.4,AMR2,0,0,0.0,0,0,0,0,0.0,0,0.0,69,69.7,50.1,1.4,T-0762,J-04-02,T-0697,J-01-01
O0594,J,8810.3,21478.6,21502.1,21515.7,21542.5,21542.6,21550.7,21587.5,12777.2,12668.3,AMR1,AMR1,1,25,1,62.0,62.0,AMR1,40.2,40.2,AMR1,0,0,0.0,0,1,1,1,2.0,0,0.0,66,68.3,37.5,3.0,T-0741,J-01-02,T-0597,J-02-02
O0595,J,8833.7,21625.0,21648.5,21660.8,21691.4,21691.5,21701.2,21732.3,12898.6,12791.3,AMR3,AMR3,1,25,1,64.5,64.5,AMR3,38.5,38.5,AMR3,0,0,0.0,0,0,0,0,0.0,0,0.0,68,68.9,38.3,0.0,T-0746,J-02-02,T-0603,J-05-01
O0596,I,8853.8,21506.6,21531.2,21544.3,21577.9,21578.0,21586.2,21624.9,12771.1,12652.8,AMR3,AMR3,1,25,1,62.2,62.2,AMR3,34.5,34.5,AMR3,0,0,0.0,0,2,1,1,11.7,2,7.8,52,54.8,42.6,20.8,T-0743,I-01-03,T-0577,I-01-01
O0597,J,8873.7,21932.5,21956.0,21969.6,22001.3,22330.3,22342.1,22377.0,13503.3,13058.8,AMR2,AMR3,1,25,1,66.1,66.1,AMR2,45.8,45.8,AMR3,0,0,0.0,0,0,0,0,0.0,0,0.0,67,68.3,47.2,0.0,T-0754,J-03-02,T-0620,J-05-02
O0598,A,8893.4,21587.6,21611.1,21624.5,21654.5,21654.6,21665.5,21705.3,12811.9,12694.2,AMR1,AMR1,1,25,1,63.4,63.4,AMR1,45.6,45.6,AMR1,0,0,0.0,0,0,0,0,0.0,0,0.0,72,73.0,41.6,3.0,T-0744,A-02-02,T-0588,A-04-02
O0599,B,8911.8,21611.5,21635.0,21647.5,21673.7,21673.8,21687.2,21718.0,12806.2,12699.7,AMR2,AMR2,1,25,1,60.3,60.3,AMR2,42.6,42.6,AMR2,0,0,0.0,0,0,0,1,2.3,0,0.0,56,58.0,46.1,2.3,T-0745,B-04-01,T-0557,B-05-01
O0600,A,8932.6,21705.4,21728.9,21743.6,21769.7,21769.8,21779.9,21816.0,12883.4,12772.8,AMR1,AMR1,1,25,1,62.4,62.4,AMR1,43.9,43.9,AMR1,0,0,0.0,0,0,0,0,0.0,0,0.0,72,71.6,38.9,0.0,T-0747,A-04-02,T-0605,A-01-01
O0601,G,8936.6,21732.4,21755.9,21768.6,21793.9,21849.1,21877.3,21902.7,12966.1,12795.8,AMR3,AMR3,1,25,16,58.8,58.8,AMR3,53.3,53.3,AMR3,0,0,0.0,0,0,0,0,0.0,0,0.0,72,74.0,41.1,0.0,T-0749,G-03-03,T-0591,G-04-03
O0602,I,8940.6,22032.0,22055.5,22070.4,22098.0,22098.1,22107.6,22147.0,13206.4,13091.4,AMR3,AMR3,1,25,1,64.1,64.1,AMR3,35.6,35.6,AMR3,0,0,0.0,0,0,0,2,12.5,1,6.1,54,56.8,45.6,12.5,T-0756,I-02-01,T-0601,I-03-01
O0603,F,8945.7,21902.8,21926.3,21940.4,21971.9,21972.0,21986.3,22031.9,13086.2,12957.1,AMR3,AMR3,1,25,1,65.6,65.6,AMR3,45.3,45.3,AMR3,0,0,0.0,0,0,0,2,13.7,1,7.3,72,72.3,43.0,13.7,T-0752,F-02-03,T-0651,F-03-03
O0604,C,8951.9,21816.1,21839.6,21850.2,21870.7,22716.1,22730.8,22758.1,13806.2,12864.2,AMR1,AMR1,1,25,2,52.7,52.7,AMR1,42.2,42.2,AMR1,0,0,0.0,0,0,0,0,0.0,0,0.0,55,55.5,41.1,0.0,T-0750,C-05-02,T-0600,C-02-03
O0605,D,8955.0,21833.6,21857.1,21868.9,21889.7,21889.8,21898.3,21932.4,12977.4,12878.6,AMR2,AMR2,1,25,1,54.2,54.2,AMR2,38.2,38.2,AMR2,0,0,0.0,0,0,0,1,5.6,1,0.6,52,54.3,38.8,5.6,T-0751,D-01-03,T-0489,D-02-03
O0606,I,8960.8,21917.7,21941.2,21952.1,21977.5,21977.6,21991.3,22019.4,13058.6,12956.9,AMR1,AMR1,1,25,1,57.9,57.9,AMR1,43.0,43.0,AMR1,0,0,0.0,0,0,0,0,0.0,0,0.0,52,54.8,46.8,0.0,T-0753,I-01-01,T-0585,I-02-01
O0607,G,8966.7,22687.7,22711.2,22727.0,22755.5,22755.6,22764.7,22789.8,13823.1,13721.0,AMR3,AMR3,1,25,1,65.9,65.9,AMR3,34.9,34.9,AMR3,0,0,0.0,0,0,0,0,0.0,0,0.0,56,58.5,43.5,0.0,T-0775,G-04-03,T-0595,G-05-01
O0608,F,8971.9,22158.7,22183.4,22196.9,22228.8,22695.5,22709.9,22743.3,13771.4,13186.8,AMR2,AMR2,1,25,1,67.0,67.0,AMR2,47.0,47.0,AMR2,0,0,0.0,0,0,0,0,0.0,0,0.0,70,70.6,46.1,1.2,T-0760,F-04-02,T-0668,F-04-01
O0609,F,8976.4,22019.5,22043.0,22056.0,22086.6,22086.7,22099.1,22133.0,13156.6,13043.1,AMR1,AMR1,1,25,0,64.4,64.4,AMR1,45.5,45.5,AMR1,0,0,0.0,0,0,0,0,0.0,0,0.0,70,70.7,42.7,0.0,T-0755,F-03-03,T-0653,F-04-02
O0610,H,8980.8,22245.4,22268.9,22282.2,22307.5,22307.6,22320.3,22347.2,13366.4,13264.6,AMR1,AMR1,1,25,1,60.2,60.2,AMR1,40.3,40.3,AMR1,0,0,0.0,0,0,0,0,0.0,0,0.0,52,54.8,46.9,0.0,T-0761,H-04-01,T-0617,H-05-01
O0611,E,8985.8,22133.1,22156.6,22168.9,22194.7,27578.5,27592.4,27630.3,18644.5,13147.3,AMR1,AMR2,1,25,1,58.9,58.9,AMR1,49.5,49.5,AMR2,0,0,0.0,0,0,0,0,0.0,0,0.0,69,69.2,44.2,0.0,T-0758,E-03-02,T-0696,E-05-02
O0612,E,8989.9,22049.3,22072.8,22083.5,22109.6,22109.7,22122.4,22158.6,13168.7,13059.4,AMR2,AMR2,1,25,1,58.4,58.4,AMR2,43.5,43.5,AMR2,0,0,0.0,0,0,0,1,3.1,0,0.0,68,68.4,37.7,3.1,T-0757,E-01-01,T-0607,E-04-03
O0613,F,8995.8,22513.4,22536.9,22552.0,22581.8,22581.9,22593.0,22628.6,13632.8,13517.6,AMR2,AMR2,1,25,2,67.3,67.3,AMR2,44.4,44.4,AMR2,0,0,0.0,0,0,0,0,0.0,0,0.0,72,72.0,43.1,0.0,T-0770,F-06-02,T-0665,F-01-02
O0614,H,9000.7,22147.1,22170.6,22183.4,22208.9,22209.0,22224.2,22257.1,13256.4,13146.4,AMR3,AMR3,1,25,1,59.9,59.9,AMR3,37.9,37.9,AMR3,0,0,0.0,0,0,0,1,10.4,1,5.4,54,55.3,44.2,10.4,T-0759,H-02-01,T-0593,H-04-01
O0615,F,9004.2,25790.5,25814.0,25829.0,25862.9,25863.0,25875.9,25917.8,16913.6,16786.3,AMR3,AMR3,1,25,1,70.5,70.5,AMR3,44.8,44.8,AMR3,0,0,0.0,0,0,0,2,10.7,1,4.5,68,69.1,47.4,10.7,T-0859,F-05-01,T-0715,F-05-03
O0616,B,9010.4,22347.3,22370.8,22382.2,22404.9,23057.4,23074.2,23103.5,14093.1,13336.9,AMR1,AMR3,1,25,3,55.7,55.7,AMR1,44.4,44.4,AMR3,0,0,0.0,0,0,0,0,0.0,0,0.0,60,62.8,40.9,0.0,T-0764,B-05-01,T-0622,B-04-02
O0617,A,9013.6,22277.9,22301.4,22316.1,22344.5,24955.3,24966.8,25012.2,15998.6,13264.3,AMR2,AMR1,1,25,1,63.1,63.1,AMR2,49.2,49.2,AMR1,0,0,0.0,0,0,0,1,6.8,1,1.8,72,71.8,44.9,6.8,T-0763,A-01-01,T-0707,A-03-02
O0618,J,9020.3,22377.1,22400.6,22411.4,22440.1,22440.2,22453.3,22484.7,13464.4,13356.8,AMR3,AMR3,1,25,1,59.5,59.5,AMR3,43.7,43.7,AMR3,0,0,0.0,0,1,0,0,0.0,0,0.0,68,69.0,38.5,0.0,T-0765,J-05-02,T-0625,J-02-03
O0619,E,9024.2,22558.6,22574.6,22588.0,22613.6,22613.7,22622.5,22659.0,13634.8,13534.4,AMR1,AMR1,1,16,0,52.3,52.3,AMR1,43.0,43.0,AMR1,0,0,0.0,0,0,0,0,0.0,0,0.0,59,61.0,39.3,0.0,T-0771,E-03-01,T-0654,E-04-01
O0620,D,9030.0,22395.8,22431.8,22445.1,22467.0,22467.1,22478.9,22513.3,13483.3,13365.8,AMR2,AMR2,1,25,1,56.8,56.8,AMR2,41.2,41.2,AMR2,0,0,0.0,0,1,0,1,2.7,1,5.0,56,57.8,44.4,15.2,T-0767,D-02-03,T-0515,D-05-02
O0621,B,9033.1,22405.0,22419.6,22431.9,22457.3,22457.4,22466.7,22497.4,13464.3,13371.9,AMR1,AMR1,1,14,1,48.8,48.8,AMR1,39.1,39.1,AMR1,0,0,0.0,0,0,0,0,0.0,0,0.0,49,52.3,40.0,0.0,T-0766,B-01-02,T-0584,B-02-02
O0622,H,9037.1,22484.8,22508.3,22520.5,22546.4,22546.5,22560.0,22584.8,13547.7,13447.7,AMR3,AMR3,1,25,1,59.7,59.7,AMR3,38.5,38.5,AMR3,0,0,0.0,0,0,0,0,0.0,0,0.0,54,55.3,44.6,0.0,T-0768,H-05-01,T-0634,H-02-02
O0623,B,9042.0,22497.5,22521.0,22533.5,22558.5,24105.9,24118.9,24152.5,15110.5,13455.5,AMR1,AMR3,1,25,3,57.5,57.5,AMR1,44.8,44.8,AMR3,0,0,0.0,0,0,0,0,0.0,0,0.0,62,64.5,43.1,0.0,T-0769,B-02-02,T-0646,B-03-01
O0624,B,9048.8,22584.9,22608.4,22621.5,22646.5,22646.6,22656.3,22687.6,13638.8,13536.1,AMR3,AMR3,1,25,2,60.5,60.5,AMR3,40.2,40.2,AMR3,0,0,0.0,0,0,0,0,0.0,0,0.0,58,59.4,43.2,0.0,T-0772,B-06-03,T-0602,B-03-02
O0625,F,9054.4,22628.7,22652.2,22663.7,22695.4,23962.1,23977.3,24012.9,14958.5,13574.3,AMR2,AMR1,1,25,1,63.2,63.2,AMR2,50.0,50.0,AMR1,0,0,0.0,0,0,0,0,0.0,0,0.0,72,72.2,45.3,0.0,T-0773,F-01-02,T-0677,F-04-03
O0626,E,9060.0,22743.4,22766.9,22779.1,22809.5,22809.6,22821.4,22854.3,13794.3,13683.4,AMR2,AMR2,1,25,1,62.6,62.6,AMR2,43.9,43.9,AMR2,0,0,0.0,0,0,0,0,0.0,0,0.0,68,68.5,42.3,0.0,T-0776,E-04-01,T-0657,E-01-02
O0627,C,9064.2,22659.1,22682.6,22693.7,22716.0,24619.3,24634.4,24661.8,15597.6,13594.9,AMR1,AMR1,1,25,1,55.8,55.8,AMR1,42.7,42.7,AMR1,0,0,0.0,0,0,0,0,0.0,0,0.0,53,54.0,45.4,0.0,T-0774,C-06-02,T-0675,C-01-02
O0628,C,9069.5,22758.2,22781.7,22793.2,22815.4,22850.4,22862.2,22888.9,13819.4,13688.7,AMR1,AMR3,1,25,3,55.3,55.3,AMR1,39.7,39.7,AMR3,0,0,0.0,0,0,0,0,0.0,0,0.0,54,56.2,39.5,0.0,T-0777,C-01-03,T-0608,C-01-01
O0629,A,9074.1,22815.5,22827.5,22842.9,22870.3,23382.4,23393.5,23430.7,14356.6,13741.4,AMR1,AMR3,1,12,1,51.9,51.9,AMR1,47.4,47.4,AMR3,0,0,0.0,0,0,0,0,0.0,0,0.0,59,60.3,42.8,0.0,T-0779,A-01-03,T-0630,A-03-03
O0630,H,9080.3,22789.9,22813.4,22827.5,22850.3,22922.9,22949.3,22976.6,13896.3,13709.6,AMR3,AMR1,1,25,14,58.5,58.5,AMR3,49.9,49.9,AMR1,0,0,0.0,0,0,0,1,2.1,0,0.0,67,69.5,42.5,2.1,T-0778,H-02-02,T-0637,H-04-02
O0631,C,9083.3,22889.0,22912.5,22927.7,22949.7,22949.8,22964.5,22991.4,13908.1,13805.7,AMR3,AMR3,1,25,1,58.8,58.8,AMR3,41.8,41.8,AMR3,0,0,0.0,0,0,0,0,0.0,0,0.0,54,54.8,47.5,0.0,T-0781,C-01-01,T-0612,C-04-01
O0632,G,9087.5,22854.4,22877.9,22891.1,22918.3,22918.4,22932.8,22962.9,13875.4,13766.9,AMR2,AMR2,1,25,1,62.0,62.0,AMR2,42.2,42.2,AMR2,0,0,0.0,0,0,0,0,0.0,0,0.0,60,61.5,46.9,0.0,T-0780,G-05-01,T-0609,G-01-01
O0633,G,9092.5,22991.5,23015.0,23030.6,23057.3,23171.8,23196.6,23225.1,14132.6,13899.0,AMR3,AMR2,1,25,16,62.3,62.3,AMR3,51.5,51.5,AMR2,0,0,0.0,0,0,0,0,0.0,0,0.0,75,76.3,42.8,0.0,T-0784,G-01-01,T-0626,G-03-01
O0634,E,9096.5,22976.7,23000.2,23014.1,23038.3,23038.4,23052.6,23087.1,13990.6,13880.2,AMR1,AMR1,1,25,1,59.7,59.7,AMR1,46.4,46.4,AMR1,0,0,0.0,0,0,0,0,0.0,0,0.0,68,68.4,41.9,0.0,T-0783,E-01-02,T-0664,E-04-02
O0635,J,9102.5,22963.0,22986.5,22998.4,23025.8,23025.9,23039.7,23071.9,13969.4,13860.5,AMR2,AMR2,1,25,1,60.9,60.9,AMR2,42.2,42.2,AMR2,0,0,0.0,0,0,0,0,0.0,0,0.0,70,70.4,38.4,0.0,T-0782,J-02-03,T-0658,J-06-03
O0636,H,9105.5,23087.2,23110.7,23121.8,23146.4,23146.5,23158.4,23187.7,14082.2,13981.7,AMR1,AMR1,1,25,1,57.3,57.3,AMR1,40.4,40.4,AMR1,0,0,0.0,0,0,0,0,0.0,0,0.0,54,56.3,44.1,0.0,T-0786,H-04-02,T-0640,H-03-01
O0637,I,9111.2,23187.8,23211.3,23226.6,23257.1,23257.2,23267.3,23296.8,14185.6,14076.6,AMR1,AMR1,1,25,0,61.6,61.6,AMR1,37.3,37.3,AMR1,0,0,0.0,0,1,1,0,0.0,0,0.0,56,58.4,45.5,5.0,T-0788,I-03-01,T-0606,I-04-01
O0638,C,9116.3,23072.0,23095.5,23109.9,23131.7,23131.8,23144.4,23171.7,14055.4,13955.7,AMR2,AMR2,1,25,1,57.8,57.8,AMR2,40.6,40.6,AMR2,0,0,0.0,0,0,0,0,0.0,0,0.0,52,54.3,45.3,0.0,T-0785,C-04-01,T-0618,C-05-01
O0639,D,9123.2,23103.6,23127.1,23143.2,23165.1,23165.2,23175.7,23206.1,14082.9,13980.4,AMR3,AMR3,1,25,1,58.0,58.0,AMR3,38.5,38.5,AMR3,0,0,0.0,0,0,0,0,0.0,0,0.0,58,59.5,42.9,0.0,T-0787,D-05-02,T-0520,D-06-02
O0640,H,9127.3,23296.9,23320.4,23332.8,23358.6,23358.7,23368.0,23393.9,14266.6,14169.6,AMR1,AMR1,1,25,0,59.0,56.8,AMR2,35.3,35.3,AMR1,1,5,2.2,0,0,0,0,0.0,0,0.0,54,55.5,41.4,0.0,T-0791,H-03-03,T-0661,H-03-02
O0641,A,9131.5,23548.0,23571.5,23587.6,23618.9,23619.0,23629.5,23667.8,14536.3,14416.5,AMR1,AMR1,1,25,1,69.0,69.0,AMR1,45.2,45.2,AMR1,0,0,0.0,0,1,1,0,0.0,0,0.0,68,69.9,46.8,3.0,T-0799,A-04-03,T-0644,A-06-03
O0642,A,9137.1,23314.0,23337.5,23351.4,23382.3,23859.2,23874.4,23913.4,14776.3,14176.9,AMR3,AMR2,1,25,2,64.8,64.8,AMR3,48.8,48.8,AMR2,0,0,0.0,0,1,0,0,0.0,0,0.0,75,73.9,45.5,3.1,T-0792,A-02-03,T-0656,A-02-01
O0643,H,9141.9,23206.2,23229.7,23241.6,23267.3,23267.4,23279.6,23313.9,14172.0,14064.3,AMR3,AMR3,1,25,0,58.4,58.4,AMR3,40.9,40.9,AMR3,0,0,0.0,0,0,0,1,5.7,1,0.7,54,55.5,46.4,5.7,T-0789,H-03-01,T-0643,H-03-03
O0644,E,9145.4,23225.2,23253.1,23266.6,23298.1,23298.2,23307.0,23346.0,14200.6,14079.8,AMR2,AMR2,1,25,1,65.0,65.0,AMR2,46.9,46.9,AMR2,0,0,0.0,0,1,1,0,0.0,0,0.0,68,70.0,47.7,3.0,T-0790,E-04-02,T-0672,E-05-01
O0645,D,9150.9,23394.0,23417.5,23429.5,23454.4,23997.2,24010.7,24039.7,14888.8,14243.1,AMR1,AMR3,1,25,0,56.1,56.1,AMR1,40.2,40.2,AMR3,0,0,0.0,0,0,0,0,0.0,0,0.0,58,59.5,43.4,0.0,T-0794,D-06-02,T-0530,D-04-03
O0646,G,9154.5,23346.1,23369.6,23384.0,23413.4,23413.5,23423.6,23449.5,14295.0,14191.6,AMR2,AMR2,1,25,0,64.6,64.6,AMR2,35.2,35.2,AMR2,0,0,0.0,0,0,0,0,0.0,0,0.0,58,60.1,43.2,0.0,T-0793,G-03-01,T-0632,G-04-01
O0647,I,9159.1,23430.8,23454.3,23466.8,23494.9,23495.0,23503.7,23534.5,14375.4,14271.7,AMR3,AMR3,1,25,1,60.6,60.6,AMR3,38.6,38.6,AMR3,0,0,0.0,0,0,0,0,0.0,0,0.0,56,58.5,45.1,0.0,T-0795,I-04-01,T-0614,I-05-01
O0648,B,9165.4,23454.5,23469.8,23482.4,23505.8,23505.9,23515.8,23547.9,14382.5,14289.1,AMR1,AMR1,1,15,0,48.6,48.6,AMR1,38.3,38.3,AMR1,0,0,0.0,0,0,0,1,1.4,0,0.0,50,52.9,39.0,1.4,T-0796,B-03-02,T-0623,B-01-03
O0649,A,9171.4,23449.6,23482.3,23497.0,23525.6,23525.7,23540.6,23572.7,14401.3,14278.2,AMR2,AMR2,1,25,0,64.1,60.8,AMR1,46.2,46.2,AMR2,1,10,3.3,0,0,0,0,0.0,1,4.2,70,70.2,43.6,9.2,T-0797,A-03-03,T-0636,A-04-03
O0650,C,9176.5,23534.6,23558.1,23571.7,23592.5,23592.6,23601.7,23629.8,14453.3,14358.1,AMR3,AMR3,1,25,1,56.0,56.0,AMR3,36.4,36.4,AMR3,0,0,0.0,0,0,0,0,0.0,0,0.0,54,55.8,39.3,0.0,T-0798,C-05-01,T-0633,C-03-01
O0651,B,9182.8,23572.8,23596.3,23609.4,23632.0,23632.1,23650.8,23679.9,14497.1,14390.0,AMR2,AMR2,1,25,1,57.3,57.3,AMR2,39.7,39.7,AMR2,0,0,0.0,0,1,1,0,0.0,1,0.8,60,61.0,40.2,5.8,T-0800,B-04-02,T-0628,B-02-03
O0652,I,9188.0,23734.1,23757.6,23770.9,23798.2,23798.3,23807.3,23836.6,14648.6,14546.1,AMR3,AMR3,1,25,1,60.6,60.2,AMR1,35.9,35.9,AMR3,1,3,0.4,0,0,0,0,0.0,0,0.0,58,60.0,42.4,0.0,T-0804,I-05-01,T-0621,I-06-01
O0653,F,9193.7,23667.9,23691.4,23702.7,23735.1,23735.2,23749.3,23786.2,14592.5,14474.2,AMR1,AMR1,1,25,1,65.3,65.3,AMR1,48.7,48.7,AMR1,0,0,0.0,0,0,0,0,0.0,0,0.0,72,72.1,46.1,0.0,T-0802,F-04-01,T-0671,F-01-03
O0654,C,9200.3,23629.9,23653.4,23669.2,23695.1,23695.2,23706.3,23734.0,14533.7,14429.6,AMR3,AMR3,1,25,0,62.5,55.8,AMR2,38.9,38.9,AMR3,1,11,6.7,0,0,0,0,0.0,0,0.0,54,55.0,49.0,0.0,T-0801,C-03-01,T-0635,C-03-03
O0655,C,9203.8,23836.7,23860.2,23875.7,23897.4,23897.5,23907.8,23936.2,14732.4,14632.9,AMR3,AMR3,1,25,1,58.8,58.8,AMR3,39.0,39.0,AMR3,0,0,0.0,0,1,0,0,0.0,0,0.0,54,54.7,44.7,0.0,T-0807,C-02-03,T-0645,C-06-01
O0656,J,9208.6,23680.0,23703.5,23717.0,23749.2,23749.3,23763.9,23797.7,14589.1,14471.4,AMR2,AMR2,1,25,1,65.7,65.7,AMR2,43.0,43.0,AMR2,0,0,0.0,0,0,0,1,4.5,0,0.0,68,69.1,44.0,4.5,T-0803,J-05-03,T-0663,J-03-03
O0657,J,9213.2,24013.0,24036.5,24052.4,24082.7,24082.8,24097.7,24130.5,14917.3,14799.8,AMR1,AMR1,1,25,0,67.0,67.0,AMR1,43.9,43.9,AMR1,0,0,0.0,0,0,0,0,0.0,0,0.0,70,70.5,46.9,0.0,T-0811,J-03-03,T-0683,J-06-02
O0658,H,9218.5,23786.3,23809.8,23822.3,23848.9,23849.0,23864.4,23891.1,14672.6,14567.8,AMR1,AMR1,1,25,0,59.9,59.9,AMR1,41.3,41.3,AMR1,0,0,0.0,0,0,0,0,0.0,0,0.0,54,56.4,48.3,0.0,T-0805,H-03-02,T-0676,H-01-01
O0659,A,9221.8,23797.8,23821.3,23833.3,23859.1,24354.0,24368.0,24412.7,15190.9,14576.0,AMR2,AMR2,1,25,1,60.2,53.8,AMR3,47.7,47.7,AMR2,1,9,6.4,0,0,0,1,10.2,1,5.2,69,69.3,40.5,10.2,T-0806,A-06-03,T-0669,A-03-01
O0660,D,9224.9,23936.3,23959.8,23971.3,23997.1,24237.3,24264.9,24304.1,15079.2,14711.4,AMR3,AMR1,1,25,16,58.1,58.1,AMR3,55.9,55.9,AMR1,0,0,0.0,0,1,0,1,11.1,1,6.1,68,71.0,45.5,11.1,T-0810,D-03-03,T-0542,D-01-01
O0661,F,9231.8,23891.2,23914.7,23927.5,23962.0,24755.7,24769.8,24807.3,15575.5,14659.4,AMR1,AMR3,1,25,1,67.3,62.7,AMR3,49.3,49.3,AMR3,1,13,4.6,0,0,0,0,0.0,0,0.0,74,73.7,48.7,0.0,T-0808,F-01-03,T-0685,F-02-01
O0662,I,9238.8,23913.5,23937.0,23952.1,23978.9,23979.0,23994.5,24025.6,14786.8,14674.7,AMR2,AMR2,1,25,2,58.8,58.8,AMR2,38.6,38.6,AMR2,0,0,0.0,0,1,0,1,7.2,1,2.2,58,59.9,42.6,9.5,T-0809,I-06-01,T-0629,I-01-02
O0663,G,9242.1,24039.8,24064.5,24078.2,24105.8,24506.2,24534.1,24558.7,15316.6,14797.7,AMR3,AMR1,1,25,16,62.9,62.9,AMR3,54.2,54.2,AMR1,0,0,0.0,0,0,0,0,0.0,0,0.0,69,71.2,46.1,1.2,T-0813,G-04-01,T-0649,G-06-01
O0664,D,9247.7,24025.7,24052.3,24064.6,24085.7,24681.1,24694.3,24724.3,15476.6,14778.0,AMR2,AMR2,1,25,1,53.4,53.4,AMR2,42.3,42.3,AMR2,0,0,0.0,0,0,0,0,0.0,0,0.0,56,58.0,42.1,3.1,T-0812,D-04-03,T-0581,D-05-01
O0665,D,9252.3,24085.8,24100.4,24113.6,24137.6,24137.7,24149.0,24177.2,14924.9,14833.5,AMR2,AMR2,1,14,2,47.5,47.5,AMR2,38.5,38.5,AMR2,0,0,0.0,0,0,0,0,0.0,0,0.0,47,50.7,40.6,0.0,T-0814,D-06-03,T-0533,D-05-03
O0666,F,9258.3,24685.6,24711.0,24723.3,24755.6,26629.1,26647.1,26691.5,17433.2,15427.3,AMR3,AMR2,1,25,5,66.2,66.2,AMR3,53.8,53.8,AMR2,0,0,0.0,0,0,0,1,6.3,1,1.3,76,76.1,48.1,8.2,T-0830,F-04-03,T-0729,F-02-02
O0667,I,9264.2,24130.6,24154.1,24165.2,24195.0,24195.1,24208.3,24237.2,14973.0,14866.4,AMR1,AMR1,1,25,1,57.5,56.4,AMR2,39.8,39.8,AMR1,1,10,1.1,0,1,1,0,0.0,0,0.0,56,58.3,43.2,5.0,T-0815,I-01-02,T-0631,I-05-03
O0668,H,9268.2,24152.6,24180.5,24193.3,24217.7,24217.8,24232.6,24259.0,14990.8,14884.4,AMR3,AMR3,1,25,1,58.8,58.8,AMR3,41.4,41.4,AMR3,0,0,0.0,0,1,1,0,0.0,0,0.0,54,56.7,46.6,3.0,T-0816,H-01-01,T-0679,H-05-02
O0669,A,9275.0,24177.3,24200.8,24212.6,24243.3,24243.4,24254.2,24289.6,15014.6,14902.3,AMR2,AMR2,1,25,1,62.5,62.5,AMR2,45.4,45.4,AMR2,0,0,0.0,0,0,0,0,0.0,0,0.0,72,71.7,40.5,0.0,T-0817,A-02-01,T-0666,A-05-03
O0670,C,9281.2,24259.1,24282.6,24297.8,24316.7,24475.3,24490.8,24520.0,15238.8,14977.9,AMR3,AMR2,1,25,3,56.5,56.5,AMR3,43.8,43.8,AMR2,0,0,0.0,0,0,0,1,1.6,0,0.0,53,55.9,44.8,1.6,T-0818,C-06-01,T-0659,C-05-03
O0671,C,9285.0,24316.8,24338.2,24352.9,24375.0,24375.1,24384.2,24429.5,15144.5,15031.8,AMR3,AMR3,1,11,0,46.0,46.0,AMR3,38.9,38.9,AMR3,0,0,0.0,0,1,0,2,15.7,3,7.9,40,42.7,44.1,25.8,T-0821,C-03-03,T-0652,C-04-03
O0672,A,9290.4,24289.7,24313.2,24324.4,24353.9,25843.3,25858.5,25892.4,16602.0,14999.3,AMR2,AMR1,1,25,0,62.3,62.3,AMR2,48.3,48.3,AMR1,0,0,0.0,0,0,0,0,0.0,0,0.0,69,69.4,43.9,0.0,T-0819,A-05-03,T-0716,A-04-01
O0673,D,9296.4,24304.2,24327.7,24338.3,24357.9,24358.0,24370.2,24400.6,15104.2,15007.8,AMR1,AMR1,1,25,1,51.8,51.8,AMR1,41.8,41.8,AMR1,0,0,0.0,0,1,0,0,0.0,0,0.0,54,56.3,40.0,0.0,T-0820,D-01-01,T-0545,D-03-01
O0674,A,9300.2,24400.7,24424.2,24435.6,24462.7,24462.8,24472.4,24506.1,15205.9,15100.5,AMR1,AMR1,1,25,0,59.3,59.3,AMR1,42.5,42.5,AMR1,0,0,0.0,0,0,0,0,0.0,0,0.0,70,70.2,35.1,0.0,T-0822,A-03-01,T-0699,A-05-01
O0675,H,9305.3,24412.8,24436.3,24450.1,24475.2,24539.6,24564.6,24591.8,15286.5,15107.5,AMR2,AMR3,1,25,14,60.5,60.5,AMR2,52.5,52.5,AMR3,0,0,0.0,0,0,0,0,0.0,0,0.0,65,67.5,47.1,0.0,T-0823,H-05-02,T-0686,H-06-02
O0676,E,9310.6,24429.6,24453.1,24466.6,24495.5,24495.6,24504.3,24539.5,15228.9,15119.0,AMR3,AMR3,1,25,1,62.4,62.4,AMR3,43.0,43.0,AMR3,0,0,0.0,0,0,0,0,0.0,0,0.0,68,68.6,41.2,0.0,T-0824,E-05-01,T-0674,E-05-03
O0677,D,9314.9,24618.3,24641.8,24656.6,24681.0,25098.4,25126.7,25165.8,15850.9,15303.4,AMR2,AMR2,1,25,16,59.2,49.3,AMR1,57.6,57.6,AMR2,1,13,9.9,1,0,0,1,8.0,1,3.0,71,73.8,48.3,8.0,T-0828,D-04-01,T-0678,D-03-02
O0678,D,9319.0,24520.1,24543.6,24554.7,24576.3,24576.4,24587.2,24618.2,15299.2,15201.1,AMR2,AMR2,1,25,0,53.5,53.5,AMR2,39.5,39.5,AMR2,0,0,0.0,0,0,0,0,0.0,0,0.0,56,57.9,40.1,0.0,T-0825,D-03-01,T-0547,D-04-01
O0679,C,9324.8,24558.8,24582.3,24596.8,24619.2,24829.0,24853.9,24881.0,15556.2,15234.0,AMR1,AMR2,1,25,16,58.5,58.5,AMR1,52.2,52.2,AMR2,0,0,0.0,0,0,0,0,0.0,0,0.0,67,69.7,42.7,0.0,T-0826,C-04-03,T-0687,C-02-02
O0680,G,9331.5,24661.9,24685.4,24696.6,24724.0,24724.1,24737.9,24767.7,15436.2,15330.4,AMR1,AMR1,1,25,2,61.0,61.0,AMR1,41.3,41.3,AMR1,0,0,0.0,0,0,0,0,0.0,0,0.0,60,61.4,44.3,0.0,T-0829,G-06-01,T-0650,G-01-02
O0681,H,9337.3,24591.9,24615.4,24625.8,24647.8,24647.9,24661.1,24685.5,15348.2,15254.6,AMR3,AMR3,1,25,2,54.8,54.8,AMR3,38.3,38.3,AMR3,0,0,0.0,0,0,0,0,0.0,0,0.0,52,54.7,38.8,0.0,T-0827,H-06-02,T-0688,H-04-03
O0682,D,9341.0,24995.1,25018.6,25033.3,25061.9,25062.0,25071.1,25098.3,15757.3,15654.1,AMR2,AMR2,1,25,1,58.5,58.5,AMR2,37.5,37.5,AMR2,0,0,0.0,0,1,1,0,0.0,0,0.0,54,57.7,42.4,3.0,T-0837,D-01-02,T-0639,D-02-02
O0683,F,9345.3,25249.3,25272.8,25286.7,25317.6,25317.7,25326.7,25374.6,16029.3,15904.0,AMR3,AMR3,1,25,0,65.6,65.6,AMR3,41.2,41.2,AMR3,0,0,0.0,0,0,0,1,10.7,1,5.7,72,72.2,39.6,13.4,T-0844,F-03-01,T-0703,F-01-01
O0684,G,9350.5,26547.6,26575.5,26599.0,26629.0,26691.6,26719.4,26744.6,17394.1,17197.1,AMR2,AMR2,1,25,16,73.5,73.5,AMR2,52.7,52.7,AMR2,0,0,0.0,0,1,1,0,0.0,0,0.0,73,76.2,55.2,3.0,T-0881,G-02-01,T-0705,G-04-02
O0685,D,9354.0,24724.4,24747.9,24763.5,24786.4,24786.5,24800.5,24828.9,15474.9,15370.4,AMR2,AMR2,1,25,1,58.5,58.5,AMR2,40.0,40.0,AMR2,0,0,0.0,0,0,0,0,0.0,0,0.0,58,59.5,44.9,0.0,T-0831,D-05-01,T-0589,D-06-01
O0686,E,9359.6,24767.8,24791.3,24805.3,24836.9,24837.0,24851.4,24892.6,15533.0,15408.2,AMR1,AMR1,1,25,1,65.6,65.6,AMR1,45.9,45.9,AMR1,0,0,0.0,0,0,0,1,7.3,1,2.3,70,70.1,47.3,7.3,T-0832,E-04-03,T-0691,E-06-03
O0687,A,9364.8,24807.4,24830.9,24842.1,24870.9,24871.0,24882.7,24917.5,15552.7,15442.6,AMR3,AMR3,1,25,1,61.6,61.6,AMR3,44.2,44.2,AMR3,0,0,0.0,0,0,0,0,0.0,0,0.0,72,71.6,38.4,0.0,T-0833,A-05-01,T-0702,A-01-02
O0688,A,9369.3,24892.7,24916.2,24927.0,24955.2,28365.1,28375.6,28429.4,19060.1,15523.4,AMR1,AMR3,1,25,1,59.0,59.0,AMR1,49.3,49.3,AMR3,0,0,0.0,0,1,0,1,12.3,1,7.3,70,70.2,40.9,15.7,T-0835,A-01-02,T-0722,A-05-02
O0689,J,9373.0,24881.1,24904.6,24915.5,24946.7,27563.1,27575.3,27611.0,18238.0,15508.1,AMR2,AMR1,1,25,1,61.3,61.3,AMR2,45.6,45.6,AMR1,0,0,0.0,0,0,0,0,0.0,0,0.0,71,71.3,42.2,0.0,T-0834,J-06-02,T-0739,J-04-03
O0690,H,9378.3,25024.6,25053.5,25067.6,25096.0,25096.1,25110.8,25149.6,15771.3,15646.3,AMR3,AMR3,1,25,1,62.4,62.4,AMR3,40.3,40.3,AMR3,0,0,0.0,0,1,1,3,15.6,2,7.9,52,54.8,49.1,21.0,T-0839,H-04-03,T-0709,H-06-01
O0691,D,9385.1,24917.6,24941.1,24953.2,24975.7,24975.8,24989.6,25024.5,15639.4,15532.5,AMR3,AMR3,1,25,2,53.8,53.8,AMR3,38.6,38.6,AMR3,0,0,0.0,0,0,0,1,9.3,1,4.3,58,59.4,38.1,9.3,T-0836,D-06-01,T-0596,D-01-02
O0692,F,9388.6,25012.3,25035.8,25050.4,25084.5,25084.6,25098.5,25134.6,15746.0,15623.7,AMR1,AMR1,1,25,1,68.7,68.7,AMR1,49.1,49.1,AMR1,0,0,0.0,0,0,0,0,0.0,0,0.0,72,72.3,49.9,0.0,T-0838,F-02-01,T-0700,F-03-01
O0693,F,9394.4,25361.3,25384.8,25398.6,25433.6,25433.7,25444.5,25488.4,16094.0,15966.9,AMR2,AMR2,1,25,1,68.8,68.8,AMR2,43.5,43.5,AMR2,0,0,0.0,0,0,0,1,10.4,1,5.4,72,72.2,44.4,10.4,T-0848,F-01-01,T-0711,F-05-01
O0694,F,9399.6,26431.1,26454.6,26478.8,26507.9,26508.0,26518.0,26547.5,17147.9,17031.5,AMR2,AMR2,1,25,1,74.9,73.8,AMR1,40.2,40.2,AMR2,1,9,1.1,0,0,0,0,0.0,0,0.0,68,69.1,47.2,0.0,T-0877,F-05-03,T-0725,F-06-01
O0695,H,9404.7,25149.7,25173.2,25183.8,25208.8,25208.9,25222.9,25249.2,15844.5,15745.0,AMR3,AMR3,1,25,2,58.0,58.0,AMR3,40.5,40.5,AMR3,0,0,0.0,0,0,0,0,0.0,0,0.0,54,55.2,44.2,0.0,T-0841,H-06-01,T-0718,H-01-03
O0696,C,9409.7,25134.7,25158.2,25174.0,25193.7,25193.8,25205.2,25234.3,15824.6,15725.0,AMR1,AMR1,1,25,1,57.1,57.1,AMR1,40.8,40.8,AMR1,0,0,0.0,0,0,0,0,0.0,0,0.0,54,54.7,44.8,0.0,T-0840,C-01-02,T-0689,C-06-03
O0697,B,9414.6,25234.4,25257.9,25270.6,25296.8,25296.9,25312.0,25340.7,15926.1,15819.8,AMR1,AMR1,1,25,0,59.7,59.7,AMR1,43.0,43.0,AMR1,0,0,0.0,0,0,0,0,0.0,0,0.0,58,59.6,46.6,0.0,T-0843,B-03-01,T-0648,B-05-02
O0698,D,9418.9,25165.9,25189.4,25202.6,25225.1,25225.2,25235.4,25261.4,15842.5,15747.0,AMR2,AMR2,1,25,1,57.3,57.3,AMR2,37.4,37.4,AMR2,0,0,0.0,0,0,0,0,0.0,0,0.0,52,54.3,41.1,0.0,T-0842,D-02-02,T-0693,D-02-01
O0699,I,9422.5,25661.1,25684.6,25699.3,25733.4,25733.5,25745.6,25776.2,16353.7,16238.6,AMR1,AMR1,1,25,1,62.9,62.9,AMR1,41.8,41.8,AMR1,0,0,0.0,0,1,1,1,2.0,0,0.0,58,61.4,50.6,3.0,T-0855,I-04-02,T-0692,I-05-02
O0700,I,9426.1,25261.5,25286.7,25297.9,25322.6,25322.7,25335.9,25361.2,15935.1,15835.4,AMR2,AMR2,1,25,1,55.9,55.9,AMR2,37.7,37.7,AMR2,0,0,0.0,0,0,0,0,0.0,0,0.0,56,58.4,39.5,1.7,T-0845,I-04-03,T-0642,I-02-02
O0701,H,9432.4,25340.8,25364.3,25378.1,25402.7,25402.8,25416.6,25445.0,16012.6,15908.4,AMR1,AMR1,1,25,1,60.0,60.0,AMR1,43.4,43.4,AMR1,0,0,0.0,0,0,0,0,0.0,0,0.0,52,54.3,49.8,0.0,T-0846,H-01-03,T-0733,H-02-03
O0702,I,9438.5,25488.5,25512.0,25525.5,25552.6,25552.7,25565.0,25591.4,16152.9,16050.0,AMR2,AMR2,1,25,1,62.2,62.2,AMR2,37.9,37.9,AMR2,0,0,0.0,0,0,0,0,0.0,0,0.0,54,56.8,46.0,0.0,T-0851,I-02-02,T-0680,I-03-02
O0703,B,9442.1,25374.7,25398.2,25410.2,25431.3,25431.4,25442.5,25473.4,16031.3,15932.6,AMR3,AMR3,1,25,1,54.7,54.7,AMR3,42.7,42.7,AMR3,0,0,0.0,0,0,0,0,0.0,0,0.0,56,58.0,40.6,0.0,T-0847,B-05-02,T-0662,B-06-02
O0704,C,9448.0,25445.1,25468.6,25484.0,25507.0,25507.1,25519.0,25546.0,16098.0,15997.1,AMR1,AMR1,1,25,1,60.0,60.0,AMR1,39.0,39.0,AMR1,0,0,0.0,0,0,0,0,0.0,0,0.0,54,54.9,45.9,0.0,T-0849,C-02-02,T-0717,C-03-02
O0705,J,9451.1,25546.1,25569.6,25584.2,25611.3,25611.4,25623.5,25661.0,16209.9,16095.0,AMR1,AMR1,1,25,1,63.3,61.6,AMR2,44.4,44.4,AMR1,1,11,1.7,0,1,0,0,0.0,0,0.0,66,68.8,43.0,3.0,T-0852,J-01-01,T-0701,J-02-01
O0706,D,9457.2,25473.5,25497.0,25510.6,25534.9,25535.0,25546.3,25576.5,16119.3,16016.3,AMR3,AMR3,1,25,1,59.5,59.5,AMR3,39.2,39.2,AMR3,0,0,0.0,0,0,0,0,0.0,0,0.0,56,57.8,45.1,0.0,T-0850,D-02-01,T-0720,D-04-02
O0707,I,9463.0,25576.6,25600.1,25614.1,25641.8,25641.9,25653.7,25679.4,16216.4,16113.6,AMR3,AMR3,1,25,0,62.5,62.5,AMR3,35.2,35.2,AMR3,0,0,0.0,0,1,0,0,0.0,0,0.0,56,58.4,44.3,0.0,T-0853,I-03-02,T-0682,I-04-02
O0708,G,9466.3,25679.5,25703.0,25715.5,25745.2,25745.3,25759.1,25790.4,16324.1,16213.2,AMR3,AMR3,1,25,1,62.2,62.2,AMR3,40.7,40.7,AMR3,0,0,0.0,0,0,0,1,3.5,0,0.0,60,61.7,45.6,3.5,T-0856,G-02-02,T-0667,G-03-02
O0709,I,9471.9,25917.9,25946.5,25961.9,25989.2,25989.3,25998.3,26027.0,16555.1,16446.0,AMR3,AMR3,1,25,1,62.7,62.7,AMR3,32.6,32.6,AMR3,0,0,0.0,0,1,0,1,2.7,1,0.1,58,60.0,41.2,7.8,T-0863,I-05-02,T-0695,I-06-02
O0710,G,9475.0,25591.5,25615.0,25625.6,25652.8,25652.9,25663.3,25694.3,16219.3,16116.5,AMR2,AMR2,1,25,1,57.8,57.8,AMR2,40.5,40.5,AMR2,0,0,0.0,0,0,0,0,0.0,0,0.0,60,61.7,41.0,0.0,T-0854,G-01-02,T-0655,G-02-02
O0711,J,9478.0,26131.5,26160.4,26175.7,26206.9,26207.0,26216.2,26250.5,16772.5,16653.5,AMR3,AMR3,1,25,1,66.5,66.5,AMR3,41.1,41.1,AMR3,0,0,0.0,0,1,1,0,0.0,1,0.4,70,70.6,42.9,5.4,T-0869,J-04-01,T-0710,J-06-01
O0712,A,9484.3,25776.3,25799.8,25814.8,25843.2,31325.4,31337.3,31381.0,21896.7,16292.0,AMR1,AMR2,1,25,1,64.2,64.2,AMR1,50.4,50.4,AMR2,0,0,0.0,0,0,0,0,0.0,0,0.0,71,72.3,47.2,3.0,T-0858,A-03-02,T-0779,A-01-03
O0713,H,9489.4,25694.4,25722.5,25734.9,25757.2,25757.3,25769.7,25803.4,16314.0,16205.0,AMR2,AMR2,1,25,1,56.3,56.3,AMR2,37.6,37.6,AMR2,0,0,0.0,0,1,1,1,9.7,1,4.7,52,54.3,40.3,14.3,T-0857,H-02-03,T-0740,H-01-02
O0714,H,9493.4,25892.5,25916.0,25932.3,25955.2,25955.3,25967.2,25990.5,16497.1,16399.1,AMR1,AMR1,1,25,1,60.8,60.8,AMR1,36.4,36.4,AMR1,0,0,0.0,0,0,0,0,0.0,0,0.0,52,54.3,43.6,0.0,T-0861,H-01-02,T-0759,H-02-01
O0715,D,9498.3,25803.5,25829.0,25841.5,25863.2,25863.3,25876.7,25906.1,16407.8,16305.2,AMR2,AMR2,1,25,0,55.0,55.0,AMR2,39.6,39.6,AMR2,0,0,0.0,0,0,0,1,2.4,0,0.0,54,56.4,41.7,4.4,T-0860,D-03-02,T-0751,D-01-03
O0716,J,9504.0,25990.6,26014.1,26026.9,26057.2,26057.3,26067.6,26103.6,16599.6,16486.6,AMR1,AMR1,1,25,1,64.7,64.7,AMR1,44.0,44.0,AMR1,0,0,0.0,0,1,0,0,0.0,0,0.0,68,68.9,44.0,0.0,T-0864,J-02-01,T-0708,J-04-01
O0717,I,9510.0,26310.8,26334.3,26349.9,26381.7,26690.0,26702.3,26729.7,17219.7,16800.8,AMR1,AMR1,1,25,1,64.2,64.2,AMR1,40.9,40.9,AMR1,0,0,0.0,0,1,1,0,0.0,0,0.0,52,54.8,51.0,4.8,T-0873,I-02-03,T-0756,I-02-01
O0718,C,9515.3,25906.2,25932.2,25946.6,25968.8,25968.9,25982.0,26009.0,16493.7,16390.9,AMR2,AMR2,1,25,0,57.4,57.4,AMR2,39.3,39.3,AMR2,0,0,0.0,0,0,0,0,0.0,0,0.0,54,55.9,44.3,2.5,T-0862,C-03-02,T-0732,C-02-01
O0719,I,9518.9,26103.7,26127.2,26141.7,26173.1,26173.2,26184.3,26210.9,16692.0,16584.8,AMR1,AMR1,1,25,2,58.7,58.7,AMR1,36.9,36.9,AMR1,0,0,0.0,0,1,1,0,0.0,0,0.0,60,63.3,40.8,3.0,T-0867,I-06-02,T-0698,I-02-03
O0720,C,9525.1,26009.1,26032.6,26046.5,26070.6,26070.7,26081.0,26118.6,16593.5,16484.0,AMR2,AMR2,1,25,1,59.6,59.6,AMR2,38.3,38.3,AMR2,0,0,0.0,0,0,0,1,9.8,1,4.8,54,54.8,44.8,9.8,T-0865,C-02-01,T-0734,C-04-02
O0721,I,9531.8,28285.1,28308.6,28331.4,28353.8,28353.9,28365.2,28392.1,18860.3,18753.3,AMR1,AMR1,1,25,1,66.8,66.8,AMR1,35.9,35.9,AMR1,0,0,0.0,0,0,0,0,0.0,0,0.0,56,58.3,48.6,0.0,T-0928,I-02-03,T-0876,I-05-03
O0722,H,9534.9,26027.1,26050.6,26066.4,26088.2,26088.3,26101.7,26131.4,16596.5,16492.2,AMR3,AMR3,1,25,1,59.2,59.2,AMR3,37.1,37.1,AMR3,0,0,0.0,0,0,0,1,6.2,1,1.2,54,55.3,42.7,6.2,T-0866,H-02-01,T-0761,H-04-01
O0723,H,9540.2,26118.7,26142.2,26157.6,26182.2,26182.3,26194.7,26226.6,16686.4,16578.5,AMR2,AMR2,1,25,1,61.6,61.6,AMR2,40.4,40.4,AMR2,0,0,0.0,0,0,0,1,4.6,0,0.0,52,54.8,48.4,4.6,T-0868,H-04-01,T-0768,H-05-01
O0724,I,9547.0,26530.9,26543.5,26559.7,26591.1,26591.2,26604.3,26629.2,17082.2,16983.9,AMR1,AMR1,1,12,1,50.5,50.5,AMR1,39.2,39.2,AMR1,0,0,0.0,0,2,2,0,0.0,1,0.5,39,43.8,45.9,8.5,T-0880,I-01-03,T-0753,I-01-01
O0725,I,9551.2,26381.8,26396.4,26412.0,26436.8,26436.9,26449.5,26475.0,16923.8,16830.6,AMR1,AMR1,1,14,1,52.1,52.1,AMR1,37.2,37.2,AMR1,0,0,0.0,0,0,0,0,0.0,0,0.0,45,49.6,43.5,0.0,T-0876,I-05-03,T-0704,I-03-03
O0726,D,9557.8,26211.0,26234.5,26245.3,26270.8,26270.9,26285.0,26310.7,16752.9,16653.2,AMR1,AMR1,1,25,1,56.3,56.3,AMR1,39.0,39.0,AMR1,0,0,0.0,0,0,0,0,0.0,0,0.0,56,57.9,41.7,0.0,T-0870,D-04-02,T-0767,D-02-03
O0727,H,9563.7,26226.7,26250.2,26266.6,26289.4,26289.5,26301.0,26328.8,16765.1,16663.0,AMR2,AMR2,1,25,1,60.8,60.8,AMR2,39.5,39.5,AMR2,0,0,0.0,0,0,0,0,0.0,0,0.0,54,55.3,46.7,0.0,T-0871,H-05-01,T-0778,H-02-02
O0728,C,9567.1,26250.6,26274.1,26285.2,26306.6,26306.7,26314.9,26345.6,16778.5,16683.5,AMR3,AMR3,1,25,1,54.1,54.1,AMR3,39.6,39.6,AMR3,0,0,0.0,0,0,0,0,0.0,0,0.0,52,54.3,40.6,0.0,T-0872,C-04-02,T-0750,C-05-02
O0729,G,9572.5,26345.7,26373.6,26388.5,26416.9,26417.0,26430.2,26457.2,16884.7,16773.2,AMR3,AMR3,1,25,0,64.1,64.1,AMR3,37.9,37.9,AMR3,0,0,0.0,0,1,1,0,0.0,0,0.0,60,63.0,45.4,3.0,T-0875,G-03-02,T-0690,G-02-01
O0730,H,9579.4,26328.9,26352.4,26367.8,26394.6,26394.7,26404.5,26431.0,16851.6,16749.5,AMR2,AMR2,1,25,1,63.8,63.8,AMR2,36.5,36.5,AMR2,0,0,0.0,0,0,0,0,0.0,0,0.0,54,55.3,46.7,0.0,T-0874,H-02-02,T-0786,H-04-02
O0731,I,9584.4,26894.2,26917.7,26932.0,26967.0,26967.1,26978.8,27004.6,17420.2,17309.8,AMR1,AMR1,1,25,1,62.9,62.9,AMR1,36.6,36.6,AMR1,0,0,0.0,0,0,1,0,0.0,0,0.0,58,61.9,45.4,3.0,T-0890,I-04-01,T-0804,I-05-01
O0732,I,9588.1,26457.3,26480.8,26493.6,26516.4,26516.5,26530.1,26562.8,16974.7,16869.2,AMR3,AMR3,1,25,0,56.4,56.4,AMR3,39.3,39.3,AMR3,0,0,0.0,0,0,0,1,6.2,1,1.2,54,56.9,42.3,6.2,T-0878,I-03-03,T-0743,I-01-03
O0733,D,9594.2,26475.1,26498.6,26510.0,26530.8,27325.1,27337.5,27370.1,17775.9,16880.9,AMR1,AMR3,1,25,1,53.8,53.8,AMR1,42.6,42.6,AMR3,0,0,0.0,0,0,0,0,0.0,0,0.0,56,57.9,42.8,0.0,T-0879,D-01-03,T-0814,D-06-03
O0734,I,9597.5,26794.2,26806.8,26821.9,26854.5,27107.4,27122.0,27149.1,17551.6,17196.7,AMR1,AMR3,1,12,1,51.3,51.3,AMR1,39.3,39.3,AMR3,0,0,0.0,0,1,1,0,0.0,0,0.0,44,48.3,47.4,6.3,T-0887,I-03-01,T-0809,I-06-01
O0735,I,9603.6,26629.3,26652.8,26667.2,26689.9,26783.1,26792.2,26819.1,17215.5,17025.7,AMR1,AMR3,1,25,1,58.7,54.6,AMR3,35.2,35.2,AMR3,1,11,4.1,0,0,0,0,0.0,0,0.0,54,56.8,39.8,0.0,T-0883,I-01-01,T-0788,I-03-01
O0736,H,9608.1,26562.9,26591.0,26606.6,26634.0,26634.1,26646.3,26674.4,17066.3,16954.8,AMR3,AMR3,1,25,1,64.6,64.6,AMR3,39.5,39.5,AMR3,0,0,0.0,0,1,1,0,0.0,0,0.0,54,56.3,50.5,4.6,T-0882,H-04-02,T-0789,H-03-01
O0737,D,9612.5,26674.5,26698.0,26711.6,26733.1,26744.7,26772.3,26805.2,17192.7,17062.0,AMR3,AMR2,1,25,16,56.7,56.7,AMR3,57.2,57.2,AMR2,0,0,0.0,0,0,0,0,0.0,0,0.0,71,73.7,45.4,0.0,T-0884,D-02-03,T-0787,D-05-02
O0738,I,9616.3,27863.5,27887.0,27901.9,27936.2,27936.3,27945.8,27971.5,18355.2,18247.2,AMR3,AMR3,1,25,1,64.1,64.1,AMR3,34.3,34.3,AMR3,0,0,0.0,0,1,1,0,0.0,1,0.1,56,58.5,44.3,5.1,T-0916,I-04-02,T-0863,I-05-02
O0739,C,9619.4,26729.8,26759.3,26770.2,26794.1,26969.1,26982.8,27021.0,17401.6,17110.4,AMR1,AMR2,1,25,2,53.9,47.0,AMR3,41.1,41.1,AMR2,1,13,6.9,0,0,0,3,11.5,2,3.9,55,57.5,41.2,17.5,T-0886,C-05-02,T-0777,C-01-03
O0740,I,9624.8,26733.2,26745.8,26759.3,26783.0,26854.6,26868.2,26894.1,17269.3,17108.4,AMR3,AMR1,1,12,0,48.5,48.5,AMR3,37.2,37.2,AMR1,0,0,0.0,0,0,0,0,0.0,0,0.0,42,46.7,42.6,0.0,T-0885,I-02-01,T-0795,I-04-01
O0741,C,9628.9,26805.3,26828.8,26844.7,26869.3,26869.4,26881.6,26908.8,17279.9,17176.4,AMR2,AMR2,1,25,1,62.1,62.1,AMR2,40.1,40.1,AMR2,0,0,0.0,0,0,0,0,0.0,0,0.0,52,54.3,49.1,0.0,T-0888,C-05-03,T-0774,C-06-02
O0742,B,9635.5,26819.2,26847.1,26859.3,26880.4,26880.5,26891.5,26921.6,17286.1,17183.7,AMR3,AMR3,1,25,2,55.7,55.7,AMR3,40.3,40.3,AMR3,0,0,0.0,0,1,1,0,0.0,0,0.0,58,60.8,38.5,3.0,T-0889,B-06-02,T-0670,B-03-03
O0743,B,9640.6,27021.1,27044.6,27058.8,27081.6,27081.7,27096.2,27124.1,17483.5,17380.5,AMR2,AMR2,1,25,1,57.0,57.0,AMR2,41.7,41.7,AMR2,0,0,0.0,0,0,0,0,0.0,0,0.0,60,61.0,41.9,0.0,T-0894,B-01-03,T-0673,B-06-01
O0744,D,9644.7,27108.6,27132.1,27143.3,27168.2,27168.3,27179.2,27211.8,17567.1,17463.9,AMR1,AMR1,1,25,0,56.9,56.9,AMR1,41.2,41.2,AMR1,0,0,0.0,0,0,0,0,0.0,0,0.0,56,57.9,45.2,0.0,T-0896,D-03-03,T-0812,D-04-03
O0745,H,9648.4,26908.9,26932.4,26943.7,26969.0,27439.1,27467.0,27495.6,17847.2,17260.5,AMR2,AMR1,1,25,14,57.4,57.4,AMR2,53.8,53.8,AMR1,0,0,0.0,0,0,0,1,1.8,0,0.0,68,69.5,45.3,1.8,T-0891,H-03-01,T-0805,H-03-02
O0746,D,9654.5,26921.7,26950.7,26964.1,26985.9,26986.0,26994.7,27035.4,17380.9,17267.2,AMR3,AMR3,1,25,1,55.2,55.2,AMR3,37.3,37.3,AMR3,0,0,0.0,0,0,1,1,9.7,2,5.2,58,59.5,38.9,15.2,T-0892,D-05-02,T-0794,D-06-02
O0747,D,9660.0,27004.7,27028.2,27041.6,27071.1,27071.2,27082.6,27108.5,17448.5,17344.7,AMR1,AMR1,1,25,2,56.6,56.6,AMR1,36.4,36.4,AMR1,0,0,0.0,0,1,1,1,5.5,1,0.5,58,59.5,38.7,5.5,T-0893,D-06-02,T-0810,D-03-03
O0748,I,9663.4,27035.5,27064.0,27079.6,27107.3,27460.0,27487.2,27513.0,17849.6,17372.1,AMR3,AMR2,1,25,14,63.3,63.3,AMR3,53.2,53.2,AMR2,0,0,0.0,0,1,1,0,0.0,0,0.0,67,71.7,50.1,3.0,T-0895,I-05-01,T-0851,I-02-02
O0749,H,9669.8,27124.2,27147.7,27161.7,27188.1,27188.2,27202.6,27229.3,17559.5,17454.4,AMR2,AMR2,1,25,1,62.0,62.0,AMR2,40.3,40.3,AMR2,0,0,0.0,0,0,0,0,0.0,0,0.0,54,56.3,48.7,0.0,T-0897,H-05-03,T-0791,H-03-03
O0750,J,9674.1,27211.9,27235.4,27247.4,27279.4,27279.5,27291.4,27334.1,17660.0,17537.8,AMR1,AMR1,1,25,2,63.2,62.4,AMR3,44.4,44.4,AMR1,1,5,0.8,0,0,0,0,0.0,0,0.0,72,74.0,42.2,5.9,T-0899,J-06-01,T-0723,J-03-01
O0751,D,9677.7,27259.2,27287.1,27298.7,27325.0,29426.9,29441.2,29474.2,19796.5,17581.5,AMR3,AMR3,1,25,1,57.9,57.9,AMR3,45.0,45.0,AMR3,0,0,0.0,0,1,1,0,0.0,0,0.0,58,60.8,49.3,3.0,T-0901,D-04-03,T-0892,D-05-02
O0752,E,9681.9,27149.2,27172.7,27188.4,27214.5,27214.6,27226.7,27259.1,17577.2,17467.3,AMR3,AMR3,1,25,1,61.8,61.8,AMR3,43.7,43.7,AMR3,0,0,0.0,0,0,0,0,0.0,0,0.0,68,68.5,41.3,0.0,T-0898,E-05-03,T-0694,E-02-02
O0753,G,9687.9,27541.1,27554.4,27566.8,27594.1,27723.0,27748.0,27778.0,18090.1,17853.2,AMR3,AMR1,1,13,16,51.7,51.7,AMR3,54.7,54.7,AMR1,0,0,0.0,0,0,0,0,0.0,0,0.0,59,63.0,45.0,0.0,T-0908,G-04-02,T-0714,G-05-02
O0754,I,9692.2,27229.4,27252.9,27263.4,27295.0,27295.1,27309.8,27349.9,17657.7,17537.2,AMR2,AMR2,1,25,2,56.5,56.5,AMR2,40.9,40.9,AMR2,0,0,0.0,0,1,1,1,11.7,1,6.7,58,59.9,42.6,17.9,T-0900,I-06-01,T-0815,I-01-02
O0755,D,9695.6,27370.2,27398.3,27411.6,27437.1,27437.2,27451.6,27480.2,17784.6,17674.6,AMR3,AMR3,1,25,1,58.8,58.8,AMR3,42.2,42.2,AMR3,0,0,0.0,0,1,1,0,0.0,0,0.0,56,57.9,47.4,4.6,T-0904,D-05-03,T-0820,D-01-01
O0756,I,9701.7,27334.2,27357.7,27369.9,27397.0,27397.1,27413.1,27439.0,17737.3,17632.5,AMR1,AMR1,1,25,1,57.5,57.5,AMR1,38.6,38.6,AMR1,0,0,0.0,0,1,1,0,0.0,0,0.0,56,59.7,42.0,3.0,T-0902,I-01-02,T-0845,I-04-03
O0757,J,9705.5,27350.0,27373.5,27387.3,27416.1,27416.2,27428.2,27459.9,17754.4,17644.5,AMR2,AMR2,1,25,0,63.4,63.4,AMR2,42.9,42.9,AMR2,0,0,0.0,0,0,0,0,0.0,0,0.0,66,67.5,42.3,0.0,T-0903,J-03-01,T-0727,J-01-03
O0758,F,9711.8,27611.1,27634.6,27646.9,27675.2,27675.3,27687.5,27722.9,18011.1,17899.3,AMR1,AMR1,1,25,2,63.0,63.0,AMR1,46.8,46.8,AMR1,0,0,0.0,0,0,0,0,0.0,0,0.0,70,70.5,41.2,0.0,T-0909,F-06-01,T-0731,F-03-02
O0759,B,9716.8,27480.3,27503.8,27515.6,27541.0,27594.2,27604.5,27643.4,17926.6,17763.5,AMR3,AMR3,1,25,3,59.6,59.6,AMR3,39.9,39.9,AMR3,0,0,0.0,0,0,0,1,10.0,1,5.0,57,59.6,40.3,10.0,T-0905,B-06-01,T-0681,B-04-03
O0760,F,9722.4,28170.3,28193.8,28207.6,28238.3,28238.4,28252.5,28285.0,18562.6,18447.9,AMR1,AMR1,1,25,1,64.5,64.5,AMR1,45.8,45.8,AMR1,0,0,0.0,0,0,0,0,0.0,0,0.0,72,72.2,42.4,0.0,T-0925,F-02-02,T-0735,F-05-02
O0761,I,9727.2,27643.5,27669.8,27681.0,27707.7,27707.8,27720.9,27747.6,18020.4,17916.3,AMR3,AMR3,1,25,1,59.5,59.5,AMR3,39.0,39.0,AMR3,0,0,0.0,0,0,0,0,0.0,0,0.0,54,56.8,44.4,2.8,T-0911,I-02-02,T-0853,I-03-02
O0762,J,9732.3,27495.7,27519.2,27533.3,27563.0,28497.6,28509.6,28543.7,18811.4,17763.4,AMR1,AMR3,1,25,1,65.4,65.4,AMR1,45.3,45.3,AMR3,0,0,0.0,0,0,0,0,0.0,0,0.0,66,67.4,46.0,0.0,T-0906,J-01-03,T-0741,J-01-02
O0763,E,9737.4,27513.1,27536.6,27551.9,27578.4,29628.5,29638.9,29675.6,19938.2,17775.7,AMR2,AMR2,1,25,1,63.4,63.4,AMR2,48.3,48.3,AMR2,0,0,0.0,0,0,0,0,0.0,0,0.0,64,64.9,47.5,0.0,T-0907,E-02-02,T-0712,E-02-03
O0764,C,9744.0,27630.4,27653.9,27669.9,27689.3,27689.4,27704.5,27734.7,17990.7,17886.4,AMR2,AMR2,1,25,2,57.8,57.8,AMR2,39.9,39.9,AMR2,0,0,0.0,0,0,0,1,5.6,1,0.6,54,54.7,43.9,5.6,T-0910,C-06-02,T-0781,C-01-01
O0765,E,9750.1,27778.1,27806.6,27819.8,27850.3,27850.4,27863.0,27913.8,18163.7,18028.0,AMR1,AMR1,1,25,1,63.7,63.7,AMR1,46.6,46.6,AMR1,0,0,0.0,0,1,1,2,10.6,1,3.5,68,71.8,46.1,17.7,T-0914,E-05-02,T-0706,E-01-03
O0766,I,9755.7,27747.7,27774.2,27786.2,27822.0,27822.1,27835.6,27863.4,18107.7,17992.0,AMR3,AMR3,1,25,0,60.1,60.1,AMR3,39.0,39.0,AMR3,0,0,0.0,0,2,1,1,3.6,0,0.0,56,58.4,45.7,11.5,T-0913,I-03-02,T-0855,I-04-02
O0767,C,9762.5,28017.3,28042.3,28065.3,28086.2,28653.7,28683.2,28718.2,18955.7,18254.8,AMR1,AMR3,1,25,16,65.5,65.5,AMR1,55.5,55.5,AMR3,0,0,0.0,0,1,0,1,7.3,1,2.3,69,71.6,53.0,8.8,T-0921,C-01-01,T-0785,C-04-01
O0768,D,9766.6,27734.8,27758.3,27774.3,27799.0,28143.6,28157.0,28185.1,18418.5,17968.2,AMR2,AMR3,1,25,1,62.3,62.3,AMR2,40.6,40.6,AMR3,0,0,0.0,0,0,0,0,0.0,0,0.0,54,56.4,49.3,0.0,T-0912,D-01-01,T-0831,D-05-01
O0769,D,9771.1,27799.1,27819.7,27831.5,27855.9,27856.0,27871.5,27898.0,18126.9,18028.0,AMR2,AMR2,1,12,2,45.1,45.1,AMR2,41.1,41.1,AMR2,0,0,0.0,0,1,0,0,0.0,1,3.0,45,48.6,42.2,8.0,T-0915,D-06-03,T-0825,D-03-01
O0770,H,9778.1,27913.9,27937.4,27952.8,27977.3,27977.4,27991.8,28017.2,18239.1,18135.8,AMR1,AMR1,1,25,0,60.7,60.7,AMR1,39.0,39.0,AMR1,0,0,0.0,0,0,0,0,0.0,0,0.0,54,56.4,46.8,0.0,T-0918,H-03-02,T-0816,H-01-01
O0771,D,9784.8,28085.5,28109.0,28122.5,28143.5,28579.7,28596.1,28627.8,18843.0,18300.7,AMR3,AMR2,1,25,2,54.5,44.4,AMR1,45.0,45.0,AMR2,1,13,10.1,1,0,0,1,2.3,0,0.0,57,58.6,45.2,2.3,T-0923,D-04-01,T-0837,D-01-02
O0772,D,9789.0,27898.1,27926.0,27937.6,27959.4,27959.5,27973.3,28000.6,18211.6,18109.1,AMR2,AMR2,1,25,0,54.2,54.2,AMR2,38.8,38.8,AMR2,0,0,0.0,0,1,1,0,0.0,0,0.0,56,59.3,40.1,3.0,T-0917,D-03-01,T-0828,D-04-01
O0773,I,9793.9,27971.6,27995.1,28010.5,28045.2,28045.3,28054.8,28085.4,18291.5,18177.7,AMR3,AMR3,1,25,1,60.9,58.5,AMR1,37.7,37.7,AMR3,1,10,2.4,0,2,1,0,0.0,0,0.0,60,63.4,44.5,5.8,T-0919,I-05-02,T-0867,I-06-02
O0774,H,9799.7,28086.3,28098.3,28109.1,28136.0,28136.1,28148.2,28170.2,18370.5,18286.6,AMR1,AMR1,1,12,1,48.4,48.4,AMR1,34.8,34.8,AMR1,0,0,0.0,0,0,0,0,0.0,0,0.0,39,43.3,40.5,0.0,T-0922,H-05-02,T-0827,H-06-02
O0775,H,9806.0,28000.7,28029.3,28042.3,28066.2,28066.3,28077.4,28101.4,18295.4,18194.7,AMR2,AMR2,1,25,1,58.5,58.5,AMR2,35.3,35.3,AMR2,0,0,0.0,0,1,1,0,0.0,1,0.1,54,55.3,40.2,5.1,T-0920,H-01-01,T-0823,H-05-02
O0776,J,9809.4,28589.2,28614.7,28628.3,28660.8,28660.9,28672.7,28704.2,18894.8,18779.8,AMR1,AMR1,1,25,1,67.7,67.7,AMR1,44.5,44.5,AMR1,0,0,0.0,0,0,0,1,2.0,0,0.0,64,65.4,47.5,2.0,T-0937,J-01-02,T-0746,J-02-02
O0777,H,9814.5,28392.2,28415.7,28430.9,28458.4,28458.5,28467.9,28494.9,18680.4,18577.7,AMR1,AMR1,1,25,0,63.5,63.5,AMR1,36.7,36.7,AMR1,0,0,0.0,0,0,0,0,0.0,0,0.0,54,55.3,47.3,0.0,T-0931,H-03-03,T-0841,H-06-01
O0778,I,9819.2,28101.5,28125.0,28140.5,28166.3,28166.4,28177.7,28205.6,18386.4,18282.3,AMR2,AMR2,1,25,2,60.5,60.5,AMR2,38.4,38.4,AMR2,0,0,0.0,0,0,0,0,0.0,0,0.0,58,59.9,44.1,0.0,T-0924,I-06-02,T-0873,I-02-03
O0779,F,9822.9,30279.5,30303.0,30317.4,30350.3,30350.4,30362.9,30397.3,20574.4,20456.6,AMR3,AMR3,1,25,1,68.9,68.9,AMR3,45.6,45.6,AMR3,0,0,0.0,0,0,0,0,0.0,0,0.0,68,68.1,46.6,3.0,T-0983,F-04-02,T-0770,F-06-02
O0780,B,9826.0,28185.2,28208.7,28219.9,28245.0,28245.1,28258.3,28299.4,18473.4,18359.2,AMR3,AMR3,1,25,1,56.3,56.3,AMR3,41.7,41.7,AMR3,0,0,0.0,0,0,0,1,10.5,1,5.5,60,61.1,41.2,11.8,T-0926,B-02-03,T-0684,B-05-03
O0781,D,9831.4,28205.7,28229.2,28243.9,28266.2,28266.3,28276.9,28312.2,18480.8,18374.3,AMR2,AMR2,1,25,1,57.0,57.0,AMR2,37.5,37.5,AMR2,0,0,0.0,0,0,0,1,6.0,1,1.0,58,59.5,40.9,6.0,T-0927,D-05-01,T-0836,D-06-01
O0782,A,9835.5,28299.5,28323.0,28335.8,28365.0,29291.0,29303.8,29338.1,19502.6,18464.0,AMR3,AMR2,1,25,1,61.5,61.5,AMR3,47.8,47.8,AMR2,0,0,0.0,0,0,0,1,2.1,0,0.0,68,68.6,41.9,2.1,T-0929,A-04-01,T-0730,A-06-01
O0783,H,9841.7,28312.3,28335.8,28347.2,28372.8,28372.9,28385.6,28412.9,18571.2,18470.6,AMR2,AMR2,1,25,2,59.4,59.4,AMR2,40.7,40.7,AMR2,0,0,0.0,0,1,0,0,0.0,0,0.0,52,54.7,45.8,0.0,T-0930,H-06-02,T-0839,H-04-03
O0784,I,9845.5,28543.8,28572.3,28586.6,28615.1,28615.2,28627.5,28653.6,18808.1,18698.3,AMR3,AMR3,1,25,0,63.6,62.4,AMR1,37.6,37.6,AMR3,1,12,1.2,0,1,1,0,0.0,0,0.0,54,58.9,47.8,3.0,T-0936,I-03-03,T-0880,I-01-03
O0785,I,9852.4,28413.0,28436.5,28449.6,28477.9,28478.0,28490.9,28517.2,18664.8,18560.6,AMR2,AMR2,1,25,1,61.4,61.4,AMR2,38.3,38.3,AMR2,0,0,0.0,0,0,0,0,0.0,0,0.0,56,58.5,45.6,0.0,T-0932,I-04-03,T-0878,I-03-03
O0786,H,9856.9,28495.0,28518.5,28530.1,28552.1,28552.2,28564.2,28589.1,18732.2,18638.1,AMR1,AMR1,1,25,2,56.0,56.0,AMR1,37.1,37.1,AMR1,0,0,0.0,0,0,0,0,0.0,0,0.0,54,55.2,38.8,0.0,T-0934,H-06-01,T-0846,H-01-03
O0787,J,9862.4,28429.5,28453.0,28466.3,28497.5,28850.3,28882.8,28917.3,19054.9,18567.1,AMR3,AMR2,1,25,20,64.5,64.5,AMR3,65.2,65.2,AMR2,0,0,0.0,0,0,0,0,0.0,0,0.0,87,87.7,47.3,0.0,T-0933,J-04-03,T-0754,J-03-02
O0788,D,9869.1,28517.3,28540.8,28551.8,28579.6,28863.5,28874.1,28902.0,19032.9,18648.2,AMR2,AMR1,1,25,1,52.9,52.9,AMR2,39.7,39.7,AMR1,0,0,0.0,0,1,1,0,0.0,1,0.1,55,56.7,39.0,5.1,T-0935,D-06-01,T-0850,D-02-01
O0789,D,9872.5,28718.3,28741.8,28756.9,28776.4,29089.3,29117.5,29146.7,19274.2,18845.8,AMR3,AMR3,1,25,16,56.2,56.2,AMR3,57.6,57.6,AMR3,0,0,0.0,0,0,0,0,0.0,0,0.0,67,70.2,45.3,0.0,T-0940,D-02-02,T-0879,D-01-03
O0790,I,9878.3,29260.3,29283.8,29299.4,29327.8,29327.9,29342.5,29371.6,19493.3,19382.0,AMR3,AMR3,1,25,0,64.8,64.8,AMR3,41.4,41.4,AMR3,0,0,0.0,0,0,0,0,0.0,0,0.0,56,58.4,52.8,0.0,T-0955,I-03-01,T-0895,I-05-01
O0791,D,9881.9,28627.9,28651.4,28662.0,28684.2,28684.3,28692.8,28732.6,18850.7,18746.0,AMR2,AMR2,1,25,1,54.4,54.4,AMR2,37.7,37.7,AMR2,0,0,0.0,0,0,0,2,11.8,1,4.8,52,54.3,38.5,11.8,T-0938,D-01-02,T-0842,D-02-02
O0792,J,9887.4,28732.7,28756.2,28768.4,28796.8,28796.9,28810.1,28850.2,18962.8,18845.3,AMR2,AMR2,1,25,1,62.2,62.2,AMR2,46.1,46.1,AMR2,0,0,0.0,0,1,1,0,0.0,0,0.0,68,68.9,43.6,4.9,T-0941,J-02-02,T-0748,J-05-01
O0793,D,9892.6,28973.1,29003.8,29018.3,29043.6,29043.7,29054.7,29089.2,19196.6,19080.5,AMR3,AMR3,1,25,0,60.6,54.9,AMR2,40.6,40.6,AMR3,1,11,5.7,0,0,0,1,2.6,1,2.2,56,57.9,48.3,9.8,T-0948,D-03-02,T-0870,D-04-02
O0794,C,9896.9,28704.3,28727.8,28738.3,28758.8,28758.9,28769.3,28795.9,18899.0,18807.4,AMR1,AMR1,1,25,1,52.6,52.6,AMR1,37.7,37.7,AMR1,0,0,0.0,0,0,0,0,0.0,0,0.0,52,54.3,37.2,0.0,T-0939,C-04-01,T-0798,C-05-01
O0795,D,9903.7,28796.0,28825.0,28839.5,28863.4,29675.7,29705.8,29737.9,19834.2,18892.3,AMR1,AMR2,1,25,16,60.0,58.0,AMR2,57.4,57.4,AMR2,1,5,2.0,0,1,1,0,0.0,1,0.5,73,75.2,48.9,5.5,T-0943,D-01-04,T-0893,D-06-02
O0796,I,9910.5,28776.5,28789.1,28801.7,28838.2,28838.3,28851.5,28875.0,18964.5,18866.0,AMR3,AMR3,1,12,1,48.1,48.1,AMR3,37.9,37.9,AMR3,0,0,0.0,0,2,2,1,2.0,0,0.0,43,50.2,42.2,6.0,T-0942,I-01-03,T-0883,I-01-01
O0797,I,9916.3,29073.2,29096.7,29111.2,29139.5,29139.6,29154.0,29180.4,19264.1,19156.9,AMR2,AMR2,1,25,1,62.3,62.3,AMR2,40.0,40.0,AMR2,0,0,0.0,0,0,0,1,2.1,0,0.0,54,56.8,48.2,2.1,T-0950,I-02-01,T-0887,I-03-01
O0798,D,9920.0,28902.1,28925.6,28940.2,28960.0,28960.1,28969.5,28999.9,19079.9,18982.1,AMR1,AMR1,1,25,1,56.0,56.0,AMR1,39.0,39.0,AMR1,0,0,0.0,0,0,0,0,0.0,0,0.0,54,56.3,41.4,0.0,T-0945,D-02-01,T-0860,D-03-02
O0799,H,9923.1,28875.1,28898.6,28910.4,28932.5,28932.6,28944.6,28973.0,19049.9,18952.0,AMR3,AMR3,1,25,1,55.5,55.5,AMR3,41.6,41.6,AMR3,0,0,0.0,0,0,0,0,0.0,0,0.0,52,54.3,43.5,0.0,T-0944,H-01-03,T-0857,H-02-03
O0800,I,9929.2,28917.4,28940.9,28952.9,28975.6,29225.4,29250.2,29281.1,19351.9,18988.2,AMR2,AMR1,1,25,14,56.3,56.3,AMR2,52.4,52.4,AMR1,0,0,0.0,0,0,0,0,0.0,0,0.0,69,71.6,42.3,0.0,T-0946,I-01-01,T-0890,I-04-01
O0801,J,9949.3,29000.0,29027.9,29042.9,29072.9,29073.0,29084.9,29120.8,19171.5,19050.7,AMR1,AMR1,1,25,1,65.0,65.0,AMR1,46.9,46.9,AMR1,0,0,0.0,0,1,1,0,0.0,0,0.0,68,70.5,47.2,3.0,T-0949,J-05-01,T-0762,J-04-02
O0802,I,9967.0,28975.7,28991.5,29003.9,29035.5,29035.6,29049.8,29073.1,19106.1,19008.7,AMR2,AMR2,1,14,1,50.7,50.7,AMR2,36.7,36.7,AMR2,0,0,0.0,0,1,1,0,0.0,0,0.0,45,49.5,41.6,6.2,T-0947,I-05-03,T-0885,I-02-01
O0803,A,9987.4,29237.1,29252.4,29264.8,29290.9,30795.3,30807.0,30845.0,20857.6,19249.7,AMR2,AMR1,1,15,1,51.9,51.9,AMR2,48.9,48.9,AMR1,0,0,0.0,0,1,0,0,0.0,0,0.0,60,61.9,41.6,0.0,T-0954,A-05-02,T-0747,A-04-02
O0804,G,10007.9,29146.8,29178.1,29190.6,29218.1,29218.2,29231.6,29260.2,19252.3,19138.9,AMR3,AMR3,1,25,1,61.6,61.6,AMR3,42.7,42.7,AMR3,0,0,0.0,0,0,1,1,2.2,1,0.6,56,58.5,47.0,7.8,T-0952,G-05-02,T-0719,G-06-02
O0805,D,10030.2,29120.9,29144.4,29156.4,29185.5,29185.6,29199.4,29225.3,19195.1,19090.7,AMR1,AMR1,1,25,1,54.7,54.7,AMR1,38.9,38.9,AMR1,0,0,0.0,0,0,1,0,0.0,0,0.0,58,61.3,40.0,3.0,T-0951,D-04-02,T-0884,D-02-03
O0806,A,10054.0,29599.8,29623.3,29635.8,29663.8,29663.9,29671.9,29707.8,19653.8,19545.8,AMR1,AMR1,1,25,2,62.9,62.9,AMR1,46.6,46.6,AMR1,0,0,0.0,0,0,0,0,0.0,0,0.0,66,66.5,41.4,0.0,T-0965,A-06-01,T-0738,A-06-02
O0807,B,10071.6,29180.5,29204.0,29215.0,29237.0,29794.2,29806.6,29839.2,19767.6,19108.9,AMR2,AMR3,1,25,1,53.8,50.0,AMR1,44.1,44.1,AMR3,1,11,3.8,0,0,0,0,0.0,0,0.0,59,60.4,41.1,0.0,T-0953,B-03-03,T-0724,B-02-01
O0808,B,10095.3,29281.2,29304.7,29319.0,29344.9,29345.0,29357.1,29386.0,19290.7,19185.9,AMR1,AMR1,1,25,1,61.8,61.8,AMR1,38.7,38.7,AMR1,0,0,0.0,0,0,0,0,0.0,0,0.0,60,61.0,43.7,0.0,T-0956,B-04-03,T-0713,B-01-01
O0809,J,10112.4,30179.1,30190.4,30206.2,30237.0,30237.1,30246.5,30279.4,20167.0,20066.7,AMR3,AMR3,1,11,1,55.0,55.0,AMR3,41.4,41.4,AMR3,0,0,0.0,0,0,0,0,0.0,0,0.0,54,56.9,43.3,0.0,T-0980,J-05-02,T-0803,J-05-03
O0810,J,10130.9,29451.3,29474.8,29486.8,29516.5,29516.6,29531.4,29569.0,19438.1,19320.4,AMR2,AMR2,1,25,1,61.7,61.7,AMR2,45.7,45.7,AMR2,0,0,0.0,0,2,1,1,2.0,0,0.0,70,71.9,42.7,3.0,T-0960,J-04-02,T-0782,J-02-03
O0811,J,10150.2,29338.2,29361.7,29373.3,29401.5,29401.6,29414.9,29451.2,19301.0,19188.0,AMR2,AMR2,1,25,0,60.6,58.5,AMR1,47.3,47.3,AMR2,1,11,2.1,0,0,0,0,0.0,0,0.0,68,69.0,43.9,0.0,T-0957,J-03-02,T-0765,J-05-02
O0812,D,10173.0,29371.7,29395.2,29406.5,29426.8,29804.1,29822.8,29854.9,19681.9,19198.7,AMR3,AMR2,1,25,5,53.2,53.2,AMR3,48.1,48.1,AMR2,0,0,0.0,0,0,0,1,2.4,0,0.0,58,59.8,43.7,2.4,T-0958,D-01-03,T-0896,D-03-03
O0813,I,10193.7,29386.1,29409.6,29421.2,29449.8,29449.9,29459.3,29491.7,19298.0,19192.4,AMR1,AMR1,1,25,1,60.2,60.2,AMR1,36.9,36.9,AMR1,0,0,0.0,0,1,0,1,2.5,0,0.0,58,60.0,43.0,2.5,T-0959,I-04-01,T-0900,I-06-01
O0814,C,10214.7,29474.3,29497.8,29513.6,29536.3,29536.4,29549.2,29584.5,19369.8,19259.6,AMR3,AMR3,1,25,1,60.1,60.1,AMR3,42.0,42.0,AMR3,0,0,0.0,0,0,0,1,5.3,1,0.3,54,55.8,49.0,5.3,T-0961,C-05-01,T-0801,C-03-01
O0815,E,10239.5,29569.1,29592.6,29603.7,29628.4,30014.3,30028.9,30064.2,19824.7,19329.6,AMR2,AMR3,1,25,2,57.4,57.4,AMR2,49.0,49.0,AMR3,0,0,0.0,0,0,0,0,0.0,0,0.0,67,67.7,41.5,0.0,T-0963,E-01-03,T-0726,E-03-03
O0816,I,10260.2,29491.8,29515.3,29525.9,29558.2,29558.3,29574.4,29599.7,19339.5,19231.6,AMR1,AMR1,1,25,1,58.0,58.0,AMR1,40.6,40.6,AMR1,0,0,0.0,0,1,1,0,0.0,0,0.0,56,58.4,44.5,4.9,T-0962,I-05-01,T-0902,I-01-02
O0817,C,10283.3,29584.6,29608.1,29619.0,29639.6,29639.7,29653.6,29688.2,19404.9,19301.3,AMR3,AMR3,1,25,0,52.3,52.3,AMR3,38.5,38.5,AMR3,0,0,0.0,0,0,0,1,9.2,1,4.2,54,55.9,38.4,9.2,T-0964,C-03-01,T-0807,C-02-03
O0818,E,10307.5,29738.0,29768.8,29779.7,29804.0,29919.4,29929.5,29966.2,19658.7,19430.5,AMR2,AMR2,1,25,2,56.8,53.2,AMR3,45.8,45.8,AMR2,1,13,3.6,0,0,0,0,0.0,1,2.3,67,67.8,37.7,7.3,T-0969,E-02-03,T-0721,E-06-02
O0819,C,10323.8,29688.3,29711.8,29726.0,29745.2,30064.3,30090.7,30116.6,19792.8,19364.5,AMR3,AMR3,1,25,16,55.0,55.0,AMR3,52.6,52.6,AMR3,0,0,0.0,0,1,0,0,0.0,0,0.0,67,69.6,39.6,0.0,T-0966,C-01-03,T-0818,C-06-01
O0820,F,10340.3,29966.3,29989.8,30001.4,30032.8,30032.9,30044.7,30077.3,19737.0,19626.0,AMR2,AMR2,1,25,1,64.6,64.0,AMR1,43.6,43.6,AMR2,1,9,0.6,0,1,0,0,0.0,0,0.0,70,70.6,40.3,0.0,T-0975,F-05-02,T-0755,F-03-03
O0821,G,10362.9,29707.9,29731.4,29745.8,29769.7,29769.8,29783.7,29816.3,19453.4,19345.0,AMR1,AMR1,1,25,2,60.7,60.7,AMR1,44.2,44.2,AMR1,0,0,0.0,0,0,0,0,0.0,0,0.0,60,61.4,46.9,0.0,T-0967,G-06-02,T-0728,G-01-03
O0822,E,10379.3,29855.0,29878.5,29891.5,29919.3,32573.0,32587.5,32639.5,22260.2,19475.7,AMR2,AMR2,1,25,1,60.0,60.0,AMR2,50.0,50.0,AMR2,0,0,0.0,0,0,0,2,14.2,1,7.4,71,70.8,45.8,14.2,T-0972,E-06-03,T-0790,E-04-02
O0823,H,10398.4,29816.4,29839.9,29852.8,29875.1,29875.2,29887.6,29913.3,19514.9,19418.0,AMR1,AMR1,1,25,1,56.8,56.8,AMR1,39.3,39.3,AMR1,0,0,0.0,0,0,0,0,0.0,0,0.0,52,54.3,42.5,0.0,T-0970,H-02-03,T-0861,H-01-02
O0824,B,10419.8,29745.3,29757.3,29768.8,29794.1,30609.6,30623.1,30653.7,20233.9,19325.5,AMR3,AMR2,1,12,1,45.9,45.9,AMR3,44.8,44.8,AMR2,0,0,0.0,0,0,0,0,0.0,0,0.0,45,48.1,44.8,0.0,T-0968,B-01-01,T-0764,B-05-01
O0825,E,10439.9,29946.8,29970.3,29982.1,30014.2,32315.0,32327.0,32365.5,21925.6,19506.9,AMR3,AMR3,1,25,0,60.9,60.9,AMR3,48.2,48.2,AMR3,0,0,0.0,0,1,0,0,0.0,0,0.0,70,70.1,45.6,2.2,T-0974,E-06-02,T-0776,E-04-01
O0826,F,10464.3,29839.3,29862.8,29873.5,29903.6,29903.7,29914.0,29946.7,19482.4,19375.0,AMR3,AMR3,1,25,0,61.6,61.6,AMR3,40.7,40.7,AMR3,0,0,0.0,0,0,0,0,0.0,0,0.0,72,72.2,35.1,0.0,T-0971,F-03-02,T-0752,F-02-03
O0827,F,10488.8,30077.4,30100.9,30115.3,30145.8,30145.9,30160.1,30192.6,19703.8,19588.6,AMR2,AMR2,1,25,1,64.9,64.9,AMR2,45.9,45.9,AMR2,0,0,0.0,0,0,0,0,0.0,0,0.0,72,72.2,42.9,0.0,T-0977,F-02-03,T-0760,F-04-02
O0828,B,10503.8,29913.4,29936.9,29950.3,29973.1,29973.2,29984.5,30013.9,19510.1,19409.6,AMR1,AMR1,1,25,1,56.2,56.2,AMR1,39.9,39.9,AMR1,0,0,0.0,0,0,0,0,0.0,0,0.0,60,61.1,39.3,0.0,T-0973,B-02-01,T-0745,B-04-01
O0829,F,10528.5,30397.4,30420.9,30437.1,30468.4,30468.5,30479.0,30531.5,20003.0,19868.9,AMR3,AMR3,1,25,2,69.9,69.9,AMR3,46.4,46.4,AMR3,0,0,0.0,0,0,0,1,12.1,1,7.1,72,72.0,47.7,14.3,T-0986,F-06-02,T-0773,F-01-02
O0830,G,10551.5,30014.0,30037.5,30048.4,30075.5,30075.6,30088.2,30132.9,19581.4,19462.5,AMR1,AMR1,1,25,1,58.0,55.5,AMR3,43.2,43.2,AMR1,1,4,2.5,0,1,0,1,10.1,1,5.1,60,61.7,43.9,13.2,T-0976,G-01-03,T-0737,G-02-03
O0831,D,10576.2,30192.7,30216.2,30232.0,30257.2,30257.3,30268.2,30295.8,19719.6,19616.5,AMR2,AMR2,1,25,1,61.0,61.0,AMR2,37.6,37.6,AMR2,0,0,0.0,0,0,0,0,0.0,0,0.0,56,58.0,45.0,0.0,T-0981,D-05-02,T-0901,D-04-03
O0832,E,10593.9,32133.3,32147.9,32174.2,32200.1,32200.2,32210.4,32250.3,21656.4,21539.4,AMR3,AMR3,1,14,0,64.1,64.1,AMR3,45.0,45.0,AMR3,0,0,0.0,0,1,0,0,0.0,0,0.0,55,59.4,54.5,3.0,T-1035,E-03-02,T-0771,E-03-01
O0833,C,10614.3,30116.7,30140.2,30155.0,30179.0,30356.3,30370.0,30410.8,19796.5,19502.4,AMR3,AMR1,1,25,2,61.2,61.2,AMR3,40.8,40.8,AMR1,0,0,0.0,0,0,0,1,11.2,1,6.2,54,55.7,48.2,12.9,T-0978,C-06-01,T-0821,C-03-03
O0834,F,10637.9,31037.0,31060.5,31074.3,31110.1,31110.2,31124.4,31158.1,20520.2,20399.1,AMR2,AMR2,1,25,1,69.6,69.6,AMR2,47.1,47.1,AMR2,0,0,0.0,0,0,0,0,0.0,0,0.0,72,72.2,48.8,0.0,T-1004,F-01-02,T-0802,F-04-01
O0835,A,10660.5,30133.0,30156.5,30172.9,30198.2,30198.3,30208.4,30245.9,19585.4,19472.5,AMR1,AMR1,1,25,2,64.1,64.1,AMR1,45.3,45.3,AMR1,0,0,0.0,0,0,0,0,0.0,0,0.0,72,71.5,41.3,0.0,T-0979,A-06-02,T-0744,A-02-02
O0836,H,10681.8,30410.9,30437.1,30453.0,30477.6,30477.7,30487.3,30514.4,19832.6,19729.1,AMR1,AMR1,1,25,1,62.1,62.1,AMR1,37.9,37.9,AMR1,0,0,0.0,0,0,0,0,0.0,0,0.0,52,54.3,46.4,2.7,T-0987,H-01-02,T-0866,H-02-01
O0837,C,10698.0,30246.0,30271.7,30286.0,30306.9,30488.9,30500.0,30547.5,19849.5,19548.0,AMR1,AMR2,1,25,0,56.8,56.8,AMR1,40.0,40.0,AMR2,0,0,0.0,0,0,0,3,21.0,2,8.8,53,54.1,44.4,21.0,T-0982,C-02-03,T-0826,C-04-03
O0838,G,10717.6,30295.9,30332.4,30346.2,30376.5,30376.6,30388.6,30422.6,19705.0,19578.3,AMR2,AMR2,1,25,1,64.1,62.9,AMR1,36.5,36.5,AMR2,1,13,1.2,0,1,0,1,8.6,2,11.6,60,61.7,43.3,21.6,T-0985,G-02-03,T-0749,G-03-03
O0839,C,10742.5,30307.0,30319.0,30332.5,30356.2,30845.1,30877.3,30907.5,20165.0,19564.5,AMR1,AMR1,1,12,16,48.7,48.7,AMR1,57.1,57.1,AMR1,0,0,0.0,0,2,1,0,0.0,1,0.5,53,57.4,48.7,5.5,T-0984,C-06-03,T-0840,C-01-02
O0840,E,10760.5,30514.5,30538.0,30553.0,30578.8,30578.9,30589.8,30626.0,19865.5,19754.0,AMR1,AMR1,1,25,0,61.6,61.6,AMR1,42.0,42.0,AMR1,0,0,0.0,0,0,0,0,0.0,0,0.0,66,68.3,40.1,3.0,T-0989,E-03-03,T-0736,E-02-01
O0841,E,10782.1,30754.6,30778.1,30793.5,30824.8,30824.9,30838.9,30871.6,20089.5,19972.5,AMR3,AMR3,1,25,2,65.9,65.9,AMR3,45.9,45.9,AMR3,0,0,0.0,0,0,0,0,0.0,0,0.0,70,70.0,46.9,0.0,T-0996,E-06-01,T-0757,E-01-01
O0842,C,10800.8,30422.7,30452.9,30464.2,30488.8,31726.4,31741.0,31769.9,20969.1,19621.9,AMR2,AMR1,1,25,1,56.7,56.7,AMR2,43.7,43.7,AMR1,0,0,0.0,0,0,0,0,0.0,1,1.7,55,55.6,47.3,6.7,T-0988,C-03-03,T-0872,C-04-02
O0843,E,10819.8,30638.7,30662.2,30677.7,30706.1,30706.2,30719.7,30754.5,19934.7,19818.9,AMR3,AMR3,1,25,1,65.5,65.5,AMR3,44.5,44.5,AMR3,0,0,0.0,0,0,0,0,0.0,0,0.0,70,69.9,45.8,0.0,T-0993,E-02-01,T-0742,E-06-01
O0844,D,10841.8,30531.6,30555.1,30567.1,30590.4,30590.5,30605.5,30638.6,19796.8,19689.8,AMR3,AMR3,1,25,2,54.5,54.5,AMR3,41.5,41.5,AMR3,0,0,0.0,0,0,0,1,5.6,1,0.6,58,59.6,41.7,5.6,T-0990,D-06-02,T-0904,D-05-03
O0845,B,10863.3,30547.6,30571.1,30587.4,30609.5,30686.1,30696.1,30727.9,19864.6,19684.3,AMR2,AMR1,1,25,1,60.0,60.0,AMR2,39.5,39.5,AMR1,0,0,0.0,0,0,0,0,0.0,0,0.0,60,61.0,42.7,0.0,T-0991,B-04-01,T-0766,B-01-02
O0846,B,10880.5,30626.1,30649.6,30660.3,30686.0,30833.9,30843.2,30888.5,20008.0,19745.6,AMR1,AMR2,1,25,1,58.0,58.0,AMR1,42.6,42.6,AMR2,0,0,0.0,0,1,1,1,4.7,0,0.0,60,63.0,43.8,7.7,T-0992,B-05-01,T-0769,B-02-02
O0847,I,10901.4,30653.8,30677.3,30693.2,30719.7,30719.8,30736.0,30766.2,19864.8,19752.4,AMR2,AMR2,1,25,2,61.6,61.6,AMR2,38.2,38.2,AMR2,0,0,0.0,0,0,0,1,7.4,1,2.4,58,59.9,45.0,7.4,T-0994,I-06-01,T-0911,I-02-02
O0848,A,10920.8,30728.0,30752.9,30764.3,30795.2,30974.4,30986.8,31022.5,20101.7,19807.2,AMR1,AMR1,1,25,1,62.3,62.3,AMR1,45.8,45.8,AMR1,0,0,0.0,0,0,0,1,1.4,0,0.0,74,73.2,40.7,1.4,T-0995,A-02-02,T-0763,A-01-01
O0849,G,10944.0,30871.7,30895.2,30905.8,30931.3,30931.4,30945.3,30974.4,20030.4,19927.7,AMR3,AMR3,1,25,0,56.9,56.9,AMR3,42.2,42.2,AMR3,0,0,0.0,0,0,0,0,0.0,0,0.0,58,60.1,42.5,0.0,T-0998,G-03-03,T-0775,G-04-03
O0850,B,10960.3,30766.3,30793.5,30805.5,30833.8,31084.9,31101.1,31128.3,20168.0,19806.0,AMR2,AMR1,1,25,1,57.7,57.7,AMR2,42.7,42.7,AMR1,0,0,0.0,0,1,0,1,2.6,0,0.0,60,61.0,43.6,6.3,T-0997,B-01-02,T-0772,B-06-03
O0851,B,10979.2,31022.6,31046.1,31060.9,31084.8,31516.4,31528.9,31560.6,20581.4,20043.4,AMR1,AMR1,1,25,0,58.7,58.7,AMR1,43.4,43.4,AMR1,0,0,0.0,0,0,0,0,0.0,0,0.0,59,60.4,46.0,0.0,T-1003,B-02-02,T-0800,B-04-02
O0852,E,10997.3,31229.0,31252.5,31268.4,31297.2,31297.3,31309.9,31344.2,20346.9,20231.7,AMR1,AMR1,1,25,1,66.3,66.3,AMR1,46.1,46.1,AMR1,0,0,0.0,0,0,0,0,0.0,0,0.0,66,66.9,48.2,0.0,T-1009,E-01-01,T-0758,E-03-02
O0853,C,11016.1,30888.6,30912.1,30922.7,30943.0,31560.8,31574.8,31613.4,20597.3,19872.5,AMR2,AMR3,1,25,0,52.5,52.5,AMR2,42.1,42.1,AMR3,0,0,0.0,0,0,0,1,9.7,1,4.7,53,55.1,42.2,9.7,T-0999,C-01-02,T-0865,C-02-01
O0854,C,11041.0,30943.1,30956.4,30967.5,30989.2,30989.3,31001.0,31036.9,19995.9,19902.1,AMR2,AMR2,1,12,1,43.5,43.5,AMR2,39.1,39.1,AMR2,0,0,0.0,0,0,0,1,8.7,1,3.7,41,43.3,40.4,10.0,T-1001,C-04-03,T-0849,C-02-02
O0855,A,11061.4,30907.6,30931.1,30946.1,30974.3,31774.3,31784.5,31822.1,20760.7,19846.2,AMR1,AMR2,1,25,1,64.8,64.8,AMR1,46.9,46.9,AMR2,0,0,0.0,0,0,0,0,0.0,0,0.0,70,70.2,44.3,0.0,T-1000,A-04-02,T-0792,A-02-03
O0856,D,11080.8,30974.5,30998.0,31011.1,31034.0,31034.1,31044.6,31071.0,19990.2,19893.7,AMR3,AMR3,1,25,1,57.6,57.6,AMR3,38.1,38.1,AMR3,0,0,0.0,0,0,0,0,0.0,0,0.0,52,54.3,42.1,0.0,T-1002,D-02-03,T-0912,D-01-01
O0857,G,11103.2,31128.4,31151.9,31164.4,31190.3,31190.4,31199.3,31228.9,20125.7,20025.2,AMR1,AMR1,1,25,1,60.0,49.2,AMR3,39.2,39.2,AMR1,1,13,10.8,1,0,0,0,0.0,0,0.0,56,58.5,41.9,0.0,T-1006,G-04-03,T-0780,G-05-01
O0858,D,11125.1,31158.2,31181.7,31194.9,31219.0,31219.1,31230.1,31261.1,20136.0,20033.1,AMR2,AMR2,1,25,1,58.9,58.9,AMR2,38.2,38.2,AMR2,0,0,0.0,0,0,0,0,0.0,0,0.0,58,59.3,43.5,0.0,T-1007,D-01-01,T-0915,D-06-03
O0859,C,11149.1,31071.1,31094.6,31107.9,31128.4,31128.5,31141.0,31173.3,20024.2,19922.0,AMR3,AMR3,1,25,1,55.4,55.4,AMR3,41.4,41.4,AMR3,0,0,0.0,0,0,0,1,3.5,0,0.0,54,54.9,43.7,3.5,T-1005,C-02-02,T-0862,C-03-02
O0860,G,11170.0,31486.8,31510.3,31525.0,31553.6,31553.7,31568.4,31597.3,20427.3,20316.8,AMR2,AMR2,1,25,1,63.3,63.3,AMR2,42.7,42.7,AMR2,0,0,0.0,0,0,0,0,0.0,0,0.0,60,61.7,48.7,0.0,T-1016,G-01-01,T-0793,G-03-01
O0861,F,11194.6,31173.4,31196.9,31210.2,31239.2,31239.3,31251.2,31286.5,20091.9,19978.8,AMR3,AMR3,1,25,1,63.9,63.9,AMR3,44.9,44.9,AMR3,0,0,0.0,0,0,0,0,0.0,0,0.0,72,72.1,40.9,0.0,T-1008,F-04-01,T-0808,F-01-03
O0862,B,11212.1,31286.6,31310.1,31322.0,31347.1,31347.2,31359.5,31394.6,20182.5,20074.5,AMR3,AMR3,1,25,1,58.6,58.6,AMR3,38.4,38.4,AMR3,0,0,0.0,0,0,0,1,4.9,0,0.0,58,59.5,40.2,8.2,T-1011,B-05-03,T-0796,B-03-02
O0863,J,11232.6,31344.3,31367.8,31379.0,31410.7,31410.8,31420.4,31453.6,20221.0,20111.7,AMR1,AMR1,1,25,1,64.5,58.5,AMR3,42.0,42.0,AMR1,1,11,6.0,0,0,0,0,0.0,0,0.0,66,67.4,41.8,0.0,T-1012,J-02-03,T-0811,J-03-03
O0864,A,11253.7,31261.2,31284.7,31296.1,31325.3,31909.7,31922.8,31962.1,20708.4,20007.5,AMR2,AMR3,1,25,1,60.6,60.6,AMR2,47.2,47.2,AMR3,0,0,0.0,0,0,0,0,0.0,0,0.0,72,73.1,40.4,3.0,T-1010,A-01-01,T-0797,A-03-03
O0865,J,11270.7,31722.7,31746.2,31759.7,31793.4,31793.5,31809.3,31842.5,20571.8,20452.0,AMR3,AMR3,1,25,2,66.4,59.2,AMR1,48.2,48.2,AMR3,1,13,7.2,0,0,0,0,0.0,0,0.0,70,70.5,49.2,0.0,T-1023,J-06-02,T-0852,J-01-01
O0866,G,11287.6,31381.1,31404.6,31416.9,31443.7,31443.8,31455.9,31486.7,20199.1,20093.5,AMR2,AMR2,1,25,1,60.7,60.7,AMR2,40.6,40.6,AMR2,0,0,0.0,0,0,0,0,0.0,0,0.0,60,61.5,44.0,0.0,T-1013,G-05-01,T-0784,G-01-01
O0867,D,11309.1,31394.7,31418.2,31430.2,31450.5,31450.6,31464.2,31498.2,20189.1,20085.6,AMR3,AMR3,1,25,0,53.1,53.1,AMR3,39.3,39.3,AMR3,0,0,0.0,0,1,0,1,7.5,1,2.5,54,56.4,39.5,7.5,T-1014,D-03-03,T-0917,D-03-01
O0868,D,11327.9,31560.7,31584.2,31597.4,31619.1,31619.2,31633.7,31663.6,20335.7,20232.8,AMR1,AMR1,1,25,0,55.7,45.6,AMR3,42.1,42.1,AMR1,1,12,10.1,1,0,0,0,0.0,0,0.0,56,57.9,44.9,0.0,T-1018,D-03-01,T-0923,D-04-01
O0869,B,11349.3,31453.7,31480.2,31493.6,31516.3,31677.5,31691.6,31722.6,20373.3,20104.4,AMR1,AMR3,1,25,1,56.9,56.9,AMR1,42.5,42.5,AMR3,0,0,0.0,0,1,0,1,1.8,0,0.0,59,60.3,42.6,4.8,T-1015,B-03-02,T-0843,B-03-01
O0870,A,11373.2,31842.6,31866.1,31880.1,31909.6,32061.2,32071.7,32108.3,20735.1,20469.4,AMR3,AMR2,1,25,0,63.5,63.5,AMR3,46.3,46.3,AMR2,0,0,0.0,0,0,0,0,0.0,0,0.0,71,71.0,43.1,0.0,T-1026,A-02-03,T-0799,A-04-03
O0871,C,11397.5,31498.3,31524.9,31537.7,31560.7,32165.8,32177.0,32215.7,20818.2,20100.8,AMR3,AMR2,1,25,1,56.6,56.6,AMR3,42.8,42.8,AMR2,0,0,0.0,0,0,0,1,7.8,1,2.8,53,55.1,46.3,10.9,T-1017,C-03-02,T-0886,C-05-02
O0872,J,11421.2,31597.4,31620.9,31632.6,31661.2,31661.3,31675.3,31710.0,20288.8,20176.2,AMR2,AMR2,1,25,0,61.1,61.1,AMR2,44.9,44.9,AMR2,0,0,0.0,0,0,0,0,0.0,0,0.0,70,70.5,42.0,0.0,T-1019,J-03-03,T-0834,J-06-02
O0873,C,11439.8,31663.7,31687.2,31701.1,31726.3,32275.3,32287.3,32317.4,20877.6,20223.9,AMR1,AMR2,1,25,1,60.7,60.7,AMR1,42.8,42.8,AMR2,0,0,0.0,0,0,0,0,0.0,0,0.0,52,54.3,50.4,0.0,T-1021,C-02-01,T-0888,C-05-03
O0874,B,11464.4,31613.5,31637.0,31650.7,31677.4,32036.1,32047.9,32085.5,20621.1,20149.1,AMR3,AMR1,1,25,1,62.0,58.1,AMR1,44.0,44.0,AMR1,1,12,3.9,0,0,0,1,6.1,1,1.1,56,58.0,49.2,6.1,T-1020,B-04-02,T-0889,B-06-02
O0875,A,11485.2,31710.1,31733.6,31744.2,31774.2,33847.6,33863.5,33903.1,22417.9,20224.9,AMR2,AMR3,1,25,2,60.6,60.6,AMR2,51.7,51.7,AMR3,0,0,0.0,0,0,0,0,0.0,0,0.0,73,72.4,44.2,3.0,T-1022,A-01-03,T-0858,A-03-02
O0876,A,11502.4,31989.4,32013.9,32029.5,32061.1,32497.9,32513.0,32547.4,21045.0,20487.0,AMR2,AMR1,1,14,1,59.1,59.1,AMR2,47.7,47.7,AMR1,0,0,0.0,0,1,0,1,2.5,1,4.9,58,60.5,48.3,12.4,T-1031,A-03-03,T-0806,A-06-03
O0877,I,11522.5,31770.0,31793.5,31808.2,31832.8,31832.9,31844.8,31869.6,20347.1,20247.5,AMR1,AMR1,1,25,1,60.9,60.9,AMR1,35.9,35.9,AMR1,0,0,0.0,0,0,0,0,0.0,0,0.0,54,56.8,42.7,0.0,T-1024,I-01-02,T-0913,I-03-02
O0878,G,11541.7,31822.2,31845.7,31861.8,31888.8,31888.9,31902.8,31927.5,20385.8,20280.5,AMR2,AMR2,1,25,0,63.9,63.9,AMR2,37.8,37.8,AMR2,0,0,0.0,0,0,0,0,0.0,0,0.0,58,60.1,45.1,0.0,T-1025,G-03-01,T-0813,G-04-01
O0879,I,11563.1,31962.2,31985.7,32000.0,32025.3,32025.4,32037.5,32068.0,20504.9,20399.1,AMR3,AMR3,1,25,1,61.2,61.2,AMR3,40.3,40.3,AMR3,0,0,0.0,0,0,0,0,0.0,0,0.0,56,58.3,47.4,0.0,T-1029,I-02-02,T-0916,I-04-02
O0880,B,11579.6,31869.7,31893.2,31906.0,31930.1,31930.2,31943.1,31975.5,20395.9,20290.1,AMR1,AMR1,1,25,0,57.7,57.7,AMR1,40.3,40.3,AMR1,0,0,0.0,0,0,0,1,4.2,0,0.0,58,59.6,41.9,4.2,T-1027,B-03-01,T-0847,B-05-02
O0881,D,11595.4,31927.6,31951.1,31962.6,31989.3,32198.6,32225.3,32265.6,20670.2,20332.2,AMR2,AMR1,1,25,16,58.2,52.6,AMR1,54.4,45.8,AMR3,1,20,14.2,0,1,0,1,9.3,1,4.3,73,75.3,44.1,9.3,T-1028,D-04-01,T-0927,D-05-01
O0882,G,11615.8,32472.2,32495.7,32508.7,32534.3,32547.5,32576.7,32607.4,20991.6,20856.4,AMR3,AMR1,1,25,16,61.0,56.3,AMR2,56.6,56.6,AMR1,1,11,4.7,0,1,0,0,0.0,0,0.0,74,75.4,46.6,0.0,T-1043,G-06-01,T-0854,G-01-02
O0883,B,11637.1,31975.6,31999.1,32014.0,32036.0,33001.1,33015.1,33047.7,21410.6,20338.5,AMR1,AMR1,1,25,2,58.5,58.5,AMR1,44.3,44.3,AMR1,0,0,0.0,0,0,0,0,0.0,0,0.0,61,61.7,45.3,0.0,T-1030,B-05-02,T-0894,B-01-03
O0884,D,11659.1,32068.1,32091.6,32107.2,32133.2,32897.6,32913.6,32944.0,21284.9,20409.0,AMR3,AMR1,1,25,2,61.6,61.6,AMR3,45.6,45.6,AMR1,0,0,0.0,0,1,0,0,0.0,0,0.0,57,58.6,52.9,0.0,T-1032,D-04-03,T-0938,D-01-02
O0885,G,11676.5,32317.5,32341.0,32353.3,32380.0,32380.1,32390.9,32416.0,20739.5,20641.0,AMR2,AMR2,1,25,1,60.6,60.6,AMR2,36.6,36.6,AMR2,0,0,0.0,0,0,0,0,0.0,0,0.0,56,58.5,39.9,0.0,T-1039,G-04-01,T-0829,G-06-01
O0886,J,11696.1,32085.6,32109.1,32122.6,32152.7,32152.8,32165.9,32198.5,20502.4,20389.5,AMR1,AMR1,1,25,1,65.2,65.2,AMR1,46.9,46.9,AMR1,0,0,0.0,0,0,0,0,0.0,0,0.0,64,65.4,47.4,0.0,T-1033,J-01-01,T-0864,J-02-01
O0887,C,11714.2,32108.4,32131.9,32146.4,32165.7,32377.6,32406.4,32434.8,20720.6,20394.2,AMR2,AMR1,1,25,16,55.4,55.4,AMR2,57.5,51.5,AMR2,1,9,6.0,0,0,0,0,0.0,0,0.0,67,69.6,44.9,0.0,T-1034,C-04-02,T-0910,C-06-02
O0888,C,11729.3,32215.8,32241.2,32255.3,32275.2,32583.0,32593.8,32623.2,20893.9,20486.5,AMR2,AMR3,1,25,2,55.6,55.6,AMR2,40.4,40.4,AMR3,0,0,0.0,0,0,0,1,1.9,0,0.0,55,55.5,42.2,1.9,T-1036,C-05-02,T-0921,C-01-01
O0889,H,11744.4,32265.7,32289.2,32304.7,32330.1,32330.2,32342.0,32377.5,20633.1,20521.3,AMR1,AMR1,1,25,1,62.5,61.1,AMR2,34.6,34.6,AMR1,1,13,1.4,0,0,0,1,12.9,1,7.9,54,55.3,43.5,12.9,T-1038,H-02-01,T-0868,H-04-01
O0890,E,11764.6,32250.4,32273.9,32285.3,32314.9,35518.1,35530.8,35569.1,23804.5,20485.8,AMR3,AMR2,1,25,1,61.8,61.8,AMR3,48.7,48.7,AMR2,0,0,0.0,0,0,0,0,0.0,0,0.0,69,69.2,46.3,0.0,T-1037,E-03-01,T-0914,E-05-02
O0891,E,11783.4,32365.6,32389.1,32402.3,32429.5,32429.6,32440.0,32472.1,20688.7,20582.2,AMR3,AMR3,1,25,1,60.4,60.4,AMR3,41.7,41.7,AMR3,0,0,0.0,0,0,0,0,0.0,0,0.0,68,68.5,37.9,0.0,T-1040,E-04-01,T-0783,E-01-02
O0892,A,11807.2,32434.9,32460.1,32471.9,32497.8,36565.7,36606.2,36642.8,24835.6,20627.7,AMR1,AMR1,1,25,24,59.3,59.3,AMR1,74.1,74.1,AMR1,0,0,0.0,0,1,1,0,0.0,0,0.0,89,89.3,44.3,6.4,T-1042,A-04-03,T-0979,A-06-02
O0893,E,11830.3,32509.7,32533.2,32546.4,32572.9,34286.5,34299.2,34339.6,22509.3,20679.4,AMR2,AMR2,1,25,1,61.3,61.3,AMR2,47.9,47.9,AMR2,0,0,0.0,0,0,0,0,0.0,0,0.0,66,68.3,45.0,3.0,T-1044,E-01-02,T-0898,E-05-03
O0894,J,11845.9,32736.5,32760.0,32775.0,32801.9,32802.0,32816.8,32851.0,21005.1,20890.6,AMR3,AMR3,1,25,1,63.5,63.5,AMR3,46.7,46.7,AMR3,0,0,0.0,0,0,0,0,0.0,0,0.0,68,68.9,45.5,0.0,T-1050,J-02-01,T-0869,J-04-01
O0895,H,11861.7,32416.1,32439.6,32452.6,32476.3,32476.4,32484.6,32509.6,20647.9,20554.4,AMR2,AMR2,1,25,1,58.3,58.3,AMR2,33.9,33.9,AMR2,0,0,0.0,0,0,0,0,0.0,0,0.0,52,54.8,38.6,0.0,T-1041,H-04-01,T-0871,H-05-01
O0896,H,11880.3,32851.1,32874.6,32890.9,32915.4,32915.5,32925.6,32959.5,21079.2,20970.8,AMR3,AMR3,1,25,1,62.4,62.4,AMR3,36.5,36.5,AMR3,0,0,0.0,0,0,0,1,7.7,1,2.7,54,55.3,45.3,7.7,T-1053,H-02-02,T-0882,H-04-02
O0897,C,11897.0,32534.4,32549.7,32561.5,32582.9,32696.1,32708.0,32751.1,20854.1,20637.4,AMR3,AMR2,1,15,1,48.0,48.0,AMR3,39.5,39.5,AMR2,0,0,0.0,0,0,0,2,15.7,2,5.7,43,45.8,42.0,15.7,T-1045,C-06-02,T-0939,C-04-01
O0898,J,11919.7,33071.1,33094.6,33109.5,33139.8,33139.9,33153.0,33184.9,21265.2,21151.4,AMR3,AMR3,1,25,1,65.2,65.2,AMR3,42.6,42.6,AMR3,0,0,0.0,0,0,0,0,0.0,0,0.0,70,70.6,43.1,0.0,T-1058,J-04-01,T-0899,J-06-01
O0899,D,11941.9,32723.0,32746.5,32758.5,32791.2,32791.3,32804.0,32833.6,20891.7,20781.1,AMR1,AMR1,1,25,1,58.3,58.3,AMR1,39.9,39.9,AMR1,0,0,0.0,0,0,1,0,0.0,0,0.0,60,62.9,44.6,3.0,T-1049,D-05-01,T-0935,D-06-01
O0900,A,11962.0,32607.5,32631.0,32645.6,32674.2,32674.3,32685.2,32722.9,20760.9,20645.5,AMR1,AMR1,1,25,2,65.6,65.6,AMR1,46.3,46.3,AMR1,0,0,0.0,0,0,0,0,0.0,0,0.0,72,71.5,43.8,0.0,T-1046,A-06-03,T-0817,A-02-01
O0901,H,11979.5,32623.3,32646.8,32659.2,32684.5,32684.6,32699.8,32736.4,20756.9,20643.8,AMR3,AMR3,1,25,1,59.3,59.3,AMR3,39.6,39.6,AMR3,0,0,0.0,0,0,0,1,10.6,1,5.6,54,55.3,45.3,12.4,T-1047,H-05-01,T-0874,H-02-02
O0902,C,11998.3,32639.6,32663.1,32675.9,32696.0,33156.4,33170.4,33200.9,21202.6,20641.3,AMR2,AMR2,1,25,3,54.5,54.5,AMR2,45.2,45.2,AMR2,0,0,0.0,0,0,0,0,0.0,0,0.0,54,56.7,44.2,0.0,T-1048,C-01-01,T-0961,C-05-01
O0903,A,12022.6,32751.2,32780.2,32793.5,32825.7,32825.8,32837.2,32871.5,20848.9,20728.6,AMR2,AMR2,1,25,1,65.5,65.5,AMR2,44.9,44.9,AMR2,0,0,0.0,0,0,1,0,0.0,1,0.5,72,71.7,43.0,5.5,T-1051,A-02-01,T-0819,A-05-03
O0904,D,12039.9,32833.7,32857.2,32872.8,32897.5,32935.7,32953.2,32979.6,20939.7,20793.8,AMR1,AMR2,1,25,2,59.5,59.5,AMR1,42.1,42.1,AMR2,0,0,0.0,0,0,0,0,0.0,0,0.0,58,60.4,47.3,0.0,T-1052,D-06-01,T-0940,D-02-02
O0905,F,12064.0,34099.8,34123.3,34138.1,34170.4,34170.5,34184.5,34219.6,22155.6,22035.8,AMR2,AMR2,1,25,1,67.1,67.1,AMR2,48.2,48.2,AMR2,0,0,0.0,0,0,0,0,0.0,0,0.0,72,72.3,47.4,0.0,T-1086,F-02-01,T-0844,F-03-01
O0906,J,12087.3,33332.7,33356.2,33370.4,33401.5,33401.6,33417.8,33463.5,21376.2,21245.4,AMR3,AMR3,1,25,2,64.5,64.5,AMR3,48.7,48.7,AMR3,0,0,0.0,0,0,0,1,10.5,1,5.5,70,70.6,47.8,12.3,T-1065,J-06-01,T-0903,J-03-01
O0907,A,12103.5,32979.7,33003.2,33018.1,33047.1,33047.2,33060.3,33095.7,20992.2,20876.2,AMR2,AMR2,1,25,1,65.5,65.5,AMR2,47.7,47.7,AMR2,0,0,0.0,0,0,0,0,0.0,0,0.0,70,70.1,45.8,0.0,T-1057,A-05-03,T-0822,A-03-01
O0908,I,12120.7,32871.6,32895.1,32906.5,32935.6,33047.8,33073.6,33112.4,20991.7,20750.9,AMR2,AMR1,1,25,14,58.9,58.9,AMR2,52.8,52.8,AMR1,0,0,0.0,0,1,0,2,10.9,1,3.5,70,72.4,45.3,10.9,T-1054,I-03-02,T-0919,I-05-02
O0909,B,12145.3,32944.1,32967.6,32978.1,33001.0,34181.1,34201.2,34249.6,22104.3,20798.8,AMR1,AMR3,1,25,7,55.8,55.8,AMR1,48.8,48.8,AMR3,0,0,0.0,0,0,0,2,18.7,2,8.7,63,64.3,42.4,18.7,T-1055,B-06-02,T-0973,B-02-01
O0910,E,12168.9,32959.6,32983.1,32993.8,33024.6,33024.7,33033.2,33071.0,20902.1,20790.7,AMR3,AMR3,1,25,1,61.5,61.5,AMR3,45.4,45.4,AMR3,0,0,0.0,0,0,0,0,0.0,0,0.0,68,68.6,42.7,0.0,T-1056,E-04-02,T-0824,E-05-01
O0911,H,12184.8,33095.8,33119.3,33133.0,33156.3,33185.0,33212.1,33235.8,21051.0,20911.0,AMR2,AMR3,1,25,14,58.6,58.6,AMR2,49.9,49.9,AMR3,0,0,0.0,0,0,0,0,0.0,0,0.0,67,68.7,42.6,0.0,T-1059,H-04-02,T-0891,H-03-01
O0912,E,12203.5,33217.6,33241.1,33255.8,33285.1,33285.2,33294.9,33347.2,21143.7,21014.1,AMR1,AMR1,1,25,1,64.0,64.0,AMR1,44.9,44.9,AMR1,0,0,0.0,0,0,0,2,11.9,1,5.7,68,68.6,44.7,16.2,T-1062,E-05-01,T-0832,E-04-03
O0913,J,12226.3,33448.0,33471.5,33483.5,33516.6,33516.7,33527.4,33556.4,21330.1,21221.7,AMR1,AMR1,1,25,0,65.9,65.9,AMR1,38.9,38.9,AMR1,0,0,0.0,0,0,0,0,0.0,0,0.0,66,67.5,40.8,0.0,T-1068,J-03-01,T-0906,J-01-03
O0914,J,12246.0,33645.7,33669.2,33684.0,33715.5,33715.6,33729.1,33765.5,21519.5,21399.7,AMR2,AMR2,1,25,1,67.9,67.9,AMR2,47.6,47.6,AMR2,0,0,0.0,0,0,0,0,0.0,0,0.0,68,68.9,50.8,0.0,T-1074,J-01-03,T-0933,J-04-03
O0915,D,12270.9,33112.5,33136.0,33146.8,33166.0,33166.1,33176.7,33217.5,20946.6,20841.6,AMR1,AMR1,1,25,1,51.6,51.6,AMR1,42.0,42.0,AMR1,0,0,0.0,0,0,0,1,10.6,1,5.6,52,54.3,40.0,10.6,T-1060,D-01-02,T-0943,D-01-04
O0916,D,12294.9,33235.9,33259.4,33272.7,33293.9,33294.0,33304.0,33332.6,21037.7,20941.0,AMR3,AMR3,1,25,1,56.1,56.1,AMR3,39.8,39.8,AMR3,0,0,0.0,0,0,0,0,0.0,0,0.0,52,54.3,42.3,0.0,T-1063,D-02-02,T-0945,D-02-01
O0917,G,12310.0,33201.0,33224.5,33235.7,33262.8,33262.9,33274.1,33301.4,20991.4,20891.0,AMR2,AMR2,1,25,1,58.3,58.3,AMR2,37.6,37.6,AMR2,0,0,0.0,0,0,0,0,0.0,0,0.0,60,61.7,38.6,0.0,T-1061,G-01-02,T-0856,G-02-02
O0918,F,12327.3,33530.6,33554.1,33568.0,33599.9,33600.0,33614.7,33645.6,21318.3,21203.3,AMR2,AMR2,1,25,1,65.8,65.8,AMR2,44.8,44.8,AMR2,0,0,0.0,0,0,0,0,0.0,0,0.0,72,72.2,42.7,0.0,T-1070,F-01-03,T-0830,F-04-03
O0919,A,12350.7,33301.5,33325.0,33338.5,33366.4,33366.5,33376.1,33411.3,21060.6,20950.8,AMR2,AMR2,1,25,0,62.2,62.2,AMR2,44.0,44.0,AMR2,0,0,0.0,0,0,0,0,0.0,0,0.0,70,70.2,39.5,0.0,T-1064,A-03-01,T-0833,A-05-01
O0920,G,12365.7,33765.6,33789.1,33804.7,33830.3,33830.4,33845.5,33870.9,21505.2,21399.9,AMR2,AMR2,1,25,1,61.2,56.1,AMR1,39.6,39.6,AMR2,1,12,5.1,0,0,0,0,0.0,0,0.0,60,61.7,43.5,0.0,T-1077,G-02-02,T-0875,G-03-02
O0921,B,12388.0,33556.5,33580.0,33595.5,33617.9,33963.1,33978.5,34005.1,21617.1,21168.5,AMR1,AMR3,1,25,0,60.3,60.3,AMR1,41.2,41.2,AMR3,0,0,0.0,0,0,0,0,0.0,0,0.0,56,58.0,45.4,0.0,T-1071,B-06-01,T-0956,B-04-03
O0922,D,12408.3,33347.3,33370.8,33381.6,33404.9,33405.0,33418.5,33447.9,21039.6,20939.0,AMR1,AMR1,1,25,1,55.7,55.7,AMR1,42.1,42.1,AMR1,0,0,0.0,0,0,0,0,0.0,0,0.0,54,56.3,44.2,0.0,T-1066,D-02-01,T-0948,D-03-02
O0923,A,12428.2,33411.4,33434.9,33450.6,33480.0,33480.1,33492.1,33530.5,21102.3,20983.2,AMR2,AMR2,1,25,1,66.7,66.7,AMR2,48.1,48.1,AMR2,0,0,0.0,0,0,0,0,0.0,0,0.0,72,71.6,47.4,0.0,T-1067,A-05-01,T-0835,A-01-02
O0924,B,12450.3,33463.6,33487.1,33497.8,33524.3,33524.4,33536.3,33572.6,21122.3,21013.3,AMR3,AMR3,1,25,1,57.2,57.2,AMR3,41.5,41.5,AMR3,0,0,0.0,0,0,0,1,6.0,1,1.0,60,61.0,41.9,6.0,T-1069,B-01-03,T-0905,B-06-01
O0925,I,12474.5,33572.7,33596.2,33608.2,33634.2,33634.3,33646.5,33677.0,21202.5,21098.2,AMR3,AMR3,1,25,1,58.0,58.0,AMR3,40.3,40.3,AMR3,0,0,0.0,0,0,0,0,0.0,0,0.0,58,60.0,44.2,0.0,T-1072,I-04-02,T-0924,I-06-02
O0926,F,12496.6,35633.1,35645.4,35659.5,35694.3,35694.4,35704.2,35738.2,23241.6,23136.5,AMR2,AMR2,1,13,1,58.7,58.7,AMR2,42.9,42.9,AMR2,0,0,0.0,0,0,0,0,0.0,0,0.0,60,61.1,43.9,0.0,T-1129,F-02-02,T-0971,F-03-02
O0927,B,12521.3,33677.1,33700.6,33711.2,33736.8,33736.9,33747.5,33780.8,21259.5,21155.8,AMR3,AMR3,1,25,2,58.6,58.6,AMR3,41.6,41.6,AMR3,0,0,0.0,0,0,0,0,0.0,0,0.0,60,60.9,42.7,0.0,T-1075,B-06-03,T-0926,B-02-03
O0928,C,12537.3,33618.0,33631.3,33647.3,33672.1,33672.2,33681.8,33710.1,21172.8,21080.7,AMR1,AMR1,1,13,1,52.8,52.8,AMR1,37.1,37.1,AMR1,0,0,0.0,0,0,0,0,0.0,0,0.0,42,45.6,46.4,0.0,T-1073,C-04-01,T-0964,C-03-01
O0929,B,12560.5,33812.7,33836.2,33849.9,33872.6,33872.7,33885.3,33914.7,21354.2,21252.2,AMR1,AMR1,1,25,1,56.4,56.4,AMR1,38.9,38.9,AMR1,0,0,0.0,0,0,0,1,2.2,0,0.0,60,61.2,38.5,2.2,T-1079,B-02-03,T-0953,B-03-03
O0930,G,12581.1,33990.0,34013.5,34029.5,34053.9,34054.0,34068.6,34099.7,21518.6,21408.9,AMR2,AMR2,1,25,0,61.2,61.2,AMR2,43.4,43.4,AMR2,0,0,0.0,0,0,0,0,0.0,0,0.0,60,61.6,48.0,0.0,T-1083,G-03-02,T-0881,G-02-01
O0931,D,12605.8,33710.2,33733.7,33744.3,33770.0,33770.1,33782.3,33812.6,21206.8,21104.4,AMR1,AMR1,1,25,0,57.1,57.1,AMR1,40.2,40.2,AMR1,0,0,0.0,0,0,0,0,0.0,0,0.0,56,57.9,44.4,0.0,T-1076,D-03-02,T-0951,D-04-02
O0932,F,12623.4,33871.0,33894.5,33905.0,33936.9,36221.3,36237.4,36273.0,23649.6,21247.6,AMR2,AMR1,1,25,1,64.0,58.2,AMR1,50.9,50.9,AMR1,1,9,5.8,0,0,0,0,0.0,0,0.0,70,70.6,47.0,0.0,T-1080,F-04-03,T-0983,F-04-02
O0933,F,12645.4,33780.9,33804.4,33816.8,33847.5,33937.0,33951.8,33989.9,21344.5,21135.5,AMR3,AMR2,1,25,1,63.9,63.9,AMR3,50.6,50.6,AMR2,0,0,0.0,0,0,0,0,0.0,0,0.0,73,72.9,46.6,0.0,T-1078,F-03-03,T-0838,F-02-01
O0934,D,12664.9,34005.2,34028.7,34044.2,34066.9,34067.0,34082.4,34116.4,21451.5,21340.3,AMR3,AMR3,1,25,1,58.2,58.2,AMR3,44.6,44.6,AMR3,0,0,0.0,0,0,0,1,4.0,0,0.0,56,57.9,49.2,4.0,T-1084,D-04-02,T-0958,D-01-03
O0935,C,12689.4,33914.8,33940.5,33954.8,33977.7,33977.8,33991.0,34021.1,21331.7,21225.4,AMR1,AMR1,1,25,0,58.0,58.0,AMR1,41.1,41.1,AMR1,0,0,0.0,0,0,0,1,1.4,0,0.0,54,55.9,46.7,3.6,T-1082,C-03-01,T-0966,C-01-03
O0936,B,12705.5,33903.2,33926.7,33940.5,33963.0,34864.2,34881.7,34911.3,22205.8,21197.7,AMR3,AMR2,1,25,3,57.1,57.1,AMR3,44.8,44.8,AMR2,0,0,0.0,0,0,0,0,0.0,0,0.0,63,64.2,42.7,0.0,T-1081,B-03-03,T-0997,B-01-02
O0937,F,12725.0,34817.0,34840.5,34855.6,34885.3,34885.4,34895.0,34926.7,22201.7,22092.0,AMR1,AMR1,1,25,1,66.4,66.4,AMR1,42.0,42.0,AMR1,0,0,0.0,0,0,0,0,0.0,0,0.0,68,69.1,40.5,0.0,T-1107,F-05-01,T-0877,F-05-03
O0938,F,12741.2,34354.9,34378.4,34390.1,34424.0,34424.1,34434.3,34483.5,21742.3,21613.7,AMR1,AMR1,1,25,0,66.4,66.4,AMR1,43.8,43.8,AMR1,0,0,0.0,0,0,0,1,12.1,1,7.1,72,72.2,43.0,13.3,T-1093,F-03-01,T-0848,F-01-01
O0939,H,12760.7,34128.6,34152.1,34164.1,34191.8,34191.9,34202.2,34236.4,21475.7,21367.9,AMR1,AMR1,1,25,0,60.5,60.5,AMR1,37.9,37.9,AMR1,0,0,0.0,0,0,0,1,6.8,1,1.8,54,55.4,45.5,6.8,T-1088,H-03-01,T-0897,H-05-03
O0940,B,12784.2,34021.2,34044.7,34055.1,34079.3,34079.4,34090.1,34128.5,21344.3,21237.0,AMR1,AMR1,1,25,1,56.2,56.2,AMR1,37.8,37.8,AMR1,0,0,0.0,0,0,0,1,9.0,1,4.0,60,61.0,37.2,9.0,T-1085,B-04-03,T-0968,B-01-01
O0941,E,12807.3,34219.7,34243.2,34258.7,34286.4,36199.1,36213.3,36246.7,23439.4,21412.4,AMR2,AMR2,1,25,1,63.2,63.2,AMR2,46.8,46.8,AMR2,0,0,0.0,0,0,0,0,0.0,0,0.0,68,68.5,45.8,0.0,T-1089,E-04-03,T-0969,E-02-03
O0942,A,12829.2,34116.5,34140.0,34153.1,34181.0,35655.7,35666.7,35702.4,22873.2,21287.3,AMR3,AMR1,1,25,1,61.0,61.0,AMR3,47.4,47.4,AMR1,0,0,0.0,0,0,0,0,0.0,0,0.0,70,70.2,41.0,0.0,T-1087,A-01-02,T-0954,A-05-02
O0943,F,12852.6,34926.8,34960.2,34975.5,35005.8,35005.9,35019.5,35051.3,22198.7,22074.2,AMR1,AMR1,1,25,1,67.2,63.3,AMR3,46.1,46.1,AMR1,1,13,3.9,0,0,0,0,0.0,1,4.9,68,69.1,45.4,9.9,T-1111,F-05-03,T-0909,F-06-01
O0944,D,12868.5,34236.5,34260.0,34275.8,34299.7,34299.8,34315.0,34354.8,21486.3,21368.0,AMR1,AMR1,1,25,1,61.3,61.3,AMR1,43.8,43.8,AMR1,0,0,0.0,0,0,0,1,8.9,1,3.9,56,57.8,51.5,8.9,T-1090,D-01-03,T-0981,D-05-02
O0945,A,12887.5,34249.7,34275.7,34290.9,34320.1,34320.2,34332.4,34366.3,21478.8,21362.2,AMR3,AMR3,1,25,0,65.2,65.2,AMR3,43.6,43.6,AMR3,0,0,0.0,0,0,0,1,1.7,0,0.0,70,70.2,42.1,4.2,T-1091,A-03-02,T-0929,A-04-01
O0946,C,12905.1,34339.7,34363.2,34374.3,34396.4,34396.5,34406.1,34430.0,21524.9,21434.6,AMR2,AMR2,1,25,1,54.8,54.8,AMR2,34.2,34.2,AMR2,0,0,0.0,0,0,0,0,0.0,0,0.0,52,54.3,35.9,0.0,T-1092,C-05-01,T-0978,C-06-01
O0947,H,12929.6,34672.0,34695.5,34710.7,34737.2,34737.3,34749.9,34776.8,21847.2,21742.4,AMR3,AMR3,1,25,1,63.3,63.3,AMR3,38.7,38.7,AMR3,0,0,0.0,0,0,0,0,0.0,0,0.0,54,56.3,48.4,0.0,T-1102,H-04-03,T-0918,H-03-02
O0948,D,12952.1,34366.4,34389.9,34401.0,34426.0,34426.1,34436.5,34468.6,21516.5,21414.3,AMR3,AMR3,1,25,1,56.1,56.1,AMR3,40.1,40.1,AMR3,0,0,0.0,0,0,0,0,0.0,0,0.0,58,59.5,42.6,0.0,T-1094,D-05-02,T-0990,D-06-02
O0949,C,12971.7,34430.1,34453.6,34469.0,34489.6,35079.1,35091.4,35118.3,22146.6,21458.4,AMR2,AMR3,1,25,1,58.4,58.4,AMR2,39.9,39.9,AMR3,0,0,0.0,0,0,0,0,0.0,0,0.0,51,53.5,45.2,0.0,T-1095,C-06-01,T-0984,C-06-03
O0950,D,12986.8,34468.7,34492.2,34506.7,34529.9,34530.0,34541.9,34567.4,21580.6,21481.9,AMR3,AMR3,1,25,2,56.9,56.9,AMR3,36.6,36.6,AMR3,0,0,0.0,0,0,0,0,0.0,0,0.0,58,59.4,39.2,0.0,T-1096,D-06-02,T-1002,D-02-03
O0951,G,13003.8,34483.6,34519.2,34529.7,34558.5,34558.6,34570.6,34598.0,21594.2,21479.8,AMR1,AMR1,1,25,1,59.3,53.8,AMR2,37.1,37.1,AMR1,1,14,5.5,0,0,0,1,1.5,1,5.1,60,61.6,39.1,13.6,T-1098,G-02-01,T-0908,G-04-02
O0952,B,13025.7,34489.7,34506.7,34519.2,34544.6,34544.7,34555.2,34584.8,21559.1,21464.0,AMR2,AMR2,1,11,1,46.3,46.3,AMR2,39.3,39.3,AMR2,0,0,0.0,0,0,0,0,0.0,1,0.7,46,48.9,40.4,5.7,T-1097,B-01-01,T-0991,B-04-01
O0953,B,13046.5,34567.5,34591.0,34605.6,34632.3,34632.4,34643.6,34671.9,21625.4,21521.0,AMR3,AMR3,1,25,1,61.3,61.3,AMR3,38.7,38.7,AMR3,0,0,0.0,0,0,0,0,0.0,0,0.0,60,61.1,43.2,0.0,T-1099,B-02-01,T-0992,B-05-01
O0954,D,13071.5,34584.9,34608.4,34620.3,34643.6,34643.7,34654.7,34685.2,21613.7,21513.4,AMR2,AMR2,1,25,1,56.8,56.8,AMR2,39.1,39.1,AMR2,0,0,0.0,0,0,0,1,3.6,0,0.0,52,54.3,42.3,3.6,T-1100,D-02-03,T-1007,D-01-01
O0955,C,13090.9,34598.1,34621.6,34634.4,34654.2,34654.3,34664.5,34700.1,21609.2,21507.2,AMR1,AMR1,1,25,1,54.2,54.2,AMR1,39.4,39.4,AMR1,0,0,0.0,0,0,0,1,7.6,1,2.6,52,53.8,40.5,7.6,T-1101,C-01-03,T-0982,C-02-03
O0956,F,13115.0,34685.3,34710.7,34722.1,34754.6,34754.7,34767.1,34800.8,21685.8,21570.3,AMR2,AMR2,1,25,1,63.9,63.9,AMR2,45.3,45.3,AMR2,0,0,0.0,0,0,0,0,0.0,0,0.0,72,72.2,41.3,1.9,T-1103,F-01-01,T-0859,F-05-01
O0957,H,13130.4,34776.9,34803.4,34815.4,34843.3,34843.4,34853.3,34876.7,21746.3,21646.5,AMR3,AMR3,1,25,0,60.7,60.7,AMR3,32.5,32.5,AMR3,0,0,0.0,0,1,0,1,3.0,0,0.0,54,56.4,40.3,3.0,T-1105,H-03-02,T-0920,H-01-01
O0958,J,13147.1,34700.2,34723.7,34734.6,34767.6,34767.7,34780.8,34816.9,21669.8,21553.1,AMR1,AMR1,1,25,1,63.9,63.9,AMR1,45.3,45.3,AMR1,0,0,0.0,0,1,0,1,3.1,0,0.0,68,69.0,44.5,3.1,T-1104,J-04-03,T-0937,J-01-02
O0959,G,13170.3,35138.7,35162.2,35176.4,35203.5,35242.0,35270.3,35300.4,22130.1,21968.4,AMR2,AMR2,1,25,16,62.9,62.9,AMR2,55.1,55.1,AMR2,0,0,0.0,0,0,0,0,0.0,0,0.0,75,76.2,47.0,0.0,T-1115,G-05-02,T-0976,G-01-03
O0960,G,13185.6,34800.9,34824.4,34838.2,34864.1,35203.6,35217.0,35241.9,22056.3,21615.3,AMR2,AMR2,1,25,1,61.3,61.3,AMR2,39.0,39.0,AMR2,0,0,0.0,0,0,0,0,0.0,0,0.0,56,58.5,43.0,0.0,T-1106,G-04-02,T-0967,G-06-02
O0961,C,13204.1,35017.1,35040.6,35055.0,35079.0,35217.5,35231.5,35262.0,22057.9,21813.0,AMR3,AMR1,1,25,4,60.0,60.0,AMR3,44.3,44.3,AMR1,0,0,0.0,0,0,0,0,0.0,0,0.0,57,58.3,48.1,0.0,T-1112,C-05-03,T-0999,C-01-02
O0962,C,13221.9,34876.8,34900.3,34911.2,34933.7,35097.8,35109.8,35138.6,21916.7,21654.9,AMR3,AMR2,1,25,3,55.0,55.0,AMR3,39.0,39.0,AMR2,0,0,0.0,0,0,0,0,0.0,0,0.0,56,59.2,38.5,0.0,T-1108,C-02-03,T-0988,C-03-03
O0963,J,13243.1,34911.4,34934.9,34948.9,34980.2,34980.3,34992.9,35032.6,21789.5,21668.3,AMR2,AMR2,1,25,1,66.9,66.9,AMR2,46.7,46.7,AMR2,0,0,0.0,0,0,0,1,6.8,1,1.8,64,65.4,48.9,6.8,T-1109,J-01-02,T-0941,J-02-02
O0964,H,13264.5,34933.8,34948.8,34960.2,34982.9,34983.0,34992.4,35017.0,21752.5,21669.3,AMR3,AMR3,1,12,1,44.8,44.8,AMR3,34.2,34.2,AMR3,0,0,0.0,0,0,0,0,0.0,0,0.0,41,43.8,36.3,3.0,T-1110,H-01-01,T-0922,H-05-02
O0965,H,13288.4,35032.7,35056.2,35072.4,35097.7,35118.4,35143.7,35166.5,21878.1,21744.3,AMR2,AMR3,1,25,14,63.1,63.1,AMR2,48.4,48.4,AMR3,0,0,0.0,0,0,0,0,0.0,0,0.0,65,67.5,45.6,0.0,T-1113,H-05-02,T-0930,H-06-02
O0966,G,13304.3,35051.4,35074.9,35089.9,35114.7,35114.8,35125.9,35151.8,21847.5,21747.1,AMR1,AMR1,1,25,1,61.4,61.4,AMR1,37.7,37.7,AMR1,0,0,0.0,0,0,0,0,0.0,0,0.0,56,58.5,41.8,0.0,T-1114,G-05-03,T-0952,G-05-02
O0967,I,13323.5,35539.0,35562.5,35576.9,35611.7,35611.8,35626.6,35655.2,22331.7,22215.5,AMR3,AMR3,1,25,2,63.1,63.1,AMR3,42.4,42.4,AMR3,0,0,0.0,0,1,1,0,0.0,1,0.3,58,60.1,50.7,5.3,T-1126,I-06-02,T-0932,I-04-03
O0968,I,13344.8,35166.6,35190.1,35204.7,35228.7,35228.8,35242.0,35277.9,21933.1,21821.8,AMR3,AMR3,1,25,1,58.6,58.6,AMR3,39.5,39.5,AMR3,0,0,0.0,0,0,0,1,8.8,1,3.8,56,58.4,44.0,8.8,T-1117,I-05-02,T-0928,I-02-03
O0969,F,13369.7,35466.9,35490.4,35501.7,35531.4,35531.5,35546.5,35584.8,22215.1,22097.2,AMR1,AMR1,1,25,2,63.4,63.4,AMR1,49.4,49.4,AMR1,0,0,0.0,0,0,0,1,1.6,0,0.0,72,72.0,44.2,1.6,T-1125,F-06-01,T-0925,F-02-02
O0970,H,13390.1,35151.9,35175.4,35190.8,35217.4,35485.0,35511.9,35538.9,22148.8,21761.8,AMR1,AMR3,1,25,14,64.4,64.4,AMR1,54.2,54.2,AMR3,0,0,0.0,0,0,0,0,0.0,0,0.0,64,66.7,52.7,0.0,T-1116,H-06-02,T-0934,H-06-01
O0971,I,13414.2,35655.3,35678.8,35693.8,35721.4,35721.5,35734.9,35763.5,22349.3,22241.1,AMR3,AMR3,1,25,1,64.2,61.1,AMR1,41.2,41.2,AMR3,1,5,3.1,0,0,0,0,0.0,0,0.0,54,56.8,51.3,0.0,T-1130,I-02-03,T-0936,I-03-03
O0972,C,13433.1,35262.1,35285.6,35297.4,35318.0,35318.1,35329.7,35358.2,21925.1,21829.0,AMR1,AMR1,1,25,1,54.0,54.0,AMR1,40.3,40.3,AMR1,0,0,0.0,0,0,0,0,0.0,0,0.0,54,54.8,41.2,0.0,T-1118,C-01-02,T-1001,C-04-03
O0973,D,13451.3,35401.3,35424.8,35439.2,35463.5,35738.3,35766.4,35796.8,22345.5,21950.0,AMR2,AMR2,1,25,16,60.3,60.3,AMR2,56.7,56.7,AMR2,0,0,0.0,0,0,0,0,0.0,0,0.0,69,72.2,48.5,0.0,T-1123,D-01-01,T-1014,D-03-03
O0974,E,13475.3,35278.0,35301.5,35314.0,35344.1,35344.2,35354.8,35385.7,21910.4,21802.7,AMR3,AMR3,1,25,1,62.6,62.6,AMR3,40.7,40.7,AMR3,0,0,0.0,0,0,0,0,0.0,0,0.0,68,68.5,39.1,0.0,T-1119,E-05-03,T-0907,E-02-02
O0975,H,13498.3,35300.5,35324.0,35338.4,35364.9,35365.0,35374.3,35401.2,21902.9,21802.2,AMR2,AMR2,1,25,1,62.5,62.5,AMR2,35.4,35.4,AMR2,0,0,0.0,0,0,0,0,0.0,0,0.0,54,56.3,44.3,0.0,T-1120,H-05-03,T-0931,H-03-03
O0976,J,13516.9,35358.3,35381.8,35397.1,35425.0,35425.1,35434.6,35466.8,21949.9,21841.4,AMR1,AMR1,1,25,1,64.8,62.6,AMR2,39.4,39.4,AMR1,1,11,2.2,0,0,0,0,0.0,0,0.0,68,68.9,39.5,0.0,T-1121,J-02-02,T-0949,J-05-01
O0977,B,13541.7,35385.8,35409.3,35420.1,35441.8,35441.9,35455.1,35484.9,21943.2,21844.1,AMR3,AMR3,1,25,1,54.1,54.1,AMR3,40.7,40.7,AMR3,0,0,0.0,0,0,0,0,0.0,0,0.0,60,61.0,38.0,0.0,T-1122,B-04-01,T-1003,B-02-02
O0978,E,13563.2,35463.6,35476.2,35489.2,35518.0,36035.4,36049.5,36083.3,22520.1,21900.4,AMR2,AMR2,1,12,3,53.1,53.1,AMR2,46.7,46.7,AMR2,0,0,0.0,0,0,0,0,0.0,0,0.0,55,58.8,43.5,0.0,T-1124,E-02-02,T-0963,E-01-03
O0979,A,13586.4,35584.9,35610.3,35625.5,35655.6,36522.8,36557.1,36597.2,23010.8,21998.5,AMR1,AMR3,1,25,24,66.9,66.9,AMR1,70.2,67.4,AMR2,1,17,2.8,0,1,1,1,1.9,0,0.0,91,92.2,48.0,4.9,T-1128,A-04-01,T-0965,A-06-01
O0980,G,13607.1,36385.6,36409.1,36424.9,36451.4,36451.5,36466.1,36494.9,22887.8,22778.5,AMR1,AMR1,1,25,2,64.7,64.7,AMR1,41.1,41.1,AMR1,0,0,0.0,0,0,0,0,0.0,0,0.0,60,61.4,47.8,0.0,T-1149,G-06-02,T-0985,G-02-03
O0981,C,13631.5,35569.2,35597.7,35610.2,35633.0,36398.5,36427.1,36457.8,22826.3,21937.7,AMR2,AMR3,1,25,16,56.1,56.1,AMR2,58.4,58.4,AMR3,0,0,0.0,0,1,1,0,0.0,0,0.0,70,73.6,46.5,3.0,T-1127,C-03-03,T-1017,C-03-02
O0982,F,13648.9,35763.6,35787.1,35800.1,35834.2,35834.3,35844.3,35879.6,22230.7,22114.7,AMR3,AMR3,1,25,0,67.9,67.9,AMR3,44.5,44.5,AMR3,0,0,0.0,0,0,0,0,0.0,0,0.0,70,70.7,45.2,0.0,T-1132,F-03-02,T-0975,F-05-02
O0983,J,13670.8,35702.5,35726.0,35737.1,35770.1,35770.2,35783.5,35815.2,22144.4,22031.7,AMR1,AMR1,1,25,1,64.1,64.1,AMR1,44.1,44.1,AMR1,0,0,0.0,0,0,0,0,0.0,0,0.0,68,69.1,43.5,0.0,T-1131,J-05-01,T-0957,J-03-02
O0984,F,13692.9,36345.0,36368.5,36382.0,36415.4,36415.5,36427.5,36471.7,22778.8,22652.1,AMR2,AMR2,1,25,1,68.5,68.5,AMR2,44.3,44.3,AMR2,0,0,0.0,0,0,0,1,12.6,1,7.6,68,69.1,44.9,12.6,T-1148,F-04-02,T-0986,F-06-02
O0985,J,13713.5,35859.3,35873.2,35889.5,35919.3,35919.4,35931.6,35970.1,22256.6,22145.8,AMR2,AMR2,1,13,0,57.3,57.3,AMR2,42.0,42.0,AMR2,0,0,0.0,0,0,0,0,0.0,0,0.0,58,62.8,44.9,3.0,T-1135,J-03-02,T-0960,J-04-02
O0986,H,13736.9,35815.3,35838.8,35849.9,35875.7,35875.8,35891.1,35918.9,22182.0,22078.4,AMR1,AMR1,1,25,2,59.3,59.3,AMR1,43.3,43.3,AMR1,0,0,0.0,0,0,0,0,0.0,0,0.0,54,55.2,48.3,0.0,T-1134,H-06-01,T-0944,H-01-03
O0987,H,13755.0,35988.1,36011.6,36027.3,36054.5,36054.6,36063.0,36097.9,22342.9,22233.1,AMR3,AMR3,1,25,1,64.5,64.5,AMR3,35.3,35.3,AMR3,0,0,0.0,0,0,0,1,9.2,1,4.2,52,54.3,46.2,9.2,T-1139,H-01-03,T-0970,H-02-03
O0988,D,13770.9,35796.9,35820.4,35834.0,35859.2,35946.0,35958.7,35988.0,22217.1,22026.0,AMR2,AMR3,1,25,2,59.6,59.6,AMR2,40.2,40.2,AMR3,0,0,0.0,0,0,0,0,0.0,0,0.0,56,58.8,45.5,0.0,T-1133,D-03-03,T-1018,D-03-01
O0989,I,13788.1,35879.7,35903.2,35918.9,35945.9,36083.4,36108.1,36132.0,22343.9,22091.6,AMR3,AMR2,1,25,14,60.1,60.1,AMR3,48.8,48.8,AMR2,0,0,0.0,0,2,1,0,0.0,0,0.0,66,69.3,42.5,3.0,T-1136,I-03-03,T-0942,I-01-03
O0990,J,13803.1,35970.2,35993.7,36005.1,36035.3,36457.9,36490.4,36522.7,22719.6,22167.1,AMR2,AMR3,1,25,20,60.5,60.5,AMR2,65.0,65.0,AMR3,0,0,0.0,0,0,0,0,0.0,0,0.0,85,85.7,43.1,1.1,T-1138,J-04-02,T-1012,J-02-03
O0991,F,13826.1,35919.0,35947.4,35960.2,35993.8,35993.9,36005.1,36040.0,22213.9,22092.9,AMR1,AMR1,1,25,1,68.0,66.2,AMR2,43.8,43.8,AMR1,1,4,1.8,0,1,1,0,0.0,0,0.0,72,72.1,43.9,4.9,T-1137,F-05-02,T-0977,F-02-03
O0992,F,13842.9,36153.0,36176.5,36191.3,36221.2,36578.3,36612.8,36660.0,22817.1,22310.1,AMR1,AMR2,1,25,22,64.7,64.4,AMR3,69.5,69.5,AMR2,1,11,0.3,0,1,0,1,8.9,1,3.9,95,93.8,47.2,8.9,T-1143,F-02-03,T-1004,F-01-02
O0993,J,13858.1,36040.1,36063.6,36078.5,36108.1,36108.2,36120.7,36152.9,22294.8,22182.0,AMR1,AMR1,1,25,1,64.5,64.5,AMR1,43.8,43.8,AMR1,0,0,0.0,0,0,0,0,0.0,0,0.0,68,69.1,43.6,0.0,T-1140,J-05-03,T-0980,J-05-02
O0994,B,13882.3,36273.1,36301.6,36315.9,36341.9,36342.0,36353.2,36385.5,22503.2,22390.8,AMR1,AMR1,1,25,1,60.3,60.3,AMR1,42.6,42.6,AMR1,0,0,0.0,0,1,1,0,0.0,0,0.0,60,61.2,46.1,5.0,T-1146,B-01-02,T-1015,B-03-02
O0995,B,13905.9,36098.0,36125.3,36137.3,36161.5,36161.6,36170.6,36198.9,22293.0,22192.1,AMR3,AMR3,1,25,1,57.8,57.8,AMR3,38.0,38.0,AMR3,0,0,0.0,0,1,0,1,3.8,0,0.0,56,58.0,39.0,3.8,T-1141,B-05-01,T-1011,B-05-03
O0996,G,13928.0,36471.8,36495.3,36510.2,36536.5,36536.6,36547.5,36578.2,22650.2,22543.8,AMR2,AMR2,1,25,1,61.2,61.2,AMR2,36.2,36.2,AMR2,0,0,0.0,0,0,0,1,4.5,0,0.0,60,61.7,40.1,4.5,T-1150,G-01-03,T-0998,G-03-03
O0997,E,13944.0,36132.1,36155.6,36169.1,36199.0,36495.0,36530.5,36565.6,22621.6,22188.1,AMR2,AMR1,1,25,22,61.5,61.5,AMR2,65.8,65.8,AMR1,0,0,0.0,0,1,0,0,0.0,0,0.0,93,92.8,42.8,1.9,T-1142,E-05-02,T-0972,E-06-03
O0998,C,13960.3,36199.0,36222.5,36234.3,36256.5,36256.6,36266.9,36294.2,22333.9,22238.7,AMR3,AMR3,1,25,1,55.6,52.2,AMR2,37.8,37.8,AMR3,1,5,3.4,0,0,0,0,0.0,0,0.0,54,54.8,40.3,0.0,T-1144,C-04-03,T-1005,C-02-02
O0999,H,13984.8,36294.3,36317.8,36332.3,36356.9,36357.0,36369.5,36398.4,22413.6,22309.5,AMR3,AMR3,1,25,1,60.7,60.7,AMR3,37.7,37.7,AMR3,0,0,0.0,0,0,0,1,4.9,0,0.0,52,54.3,44.8,4.9,T-1147,H-02-03,T-0987,H-01-02
O1000,I,14003.0,36246.8,36270.3,36282.8,36311.1,36311.2,36321.3,36344.9,22341.9,22243.8,AMR2,AMR2,1,25,1,56.0,54.9,AMR3,34.9,34.9,AMR2,1,13,1.1,0,1,1,0,0.0,0,0.0,54,58.2,36.8,3.0,T-1145,I-01-03,T-0946,I-01-01
